id,variant,baseline_quality,candidate_quality,baseline_value,candidate_value,baseline_price,candidate_price,baseline_buy,candidate_buy,reason,disposition,baseline_matches_live_quality,baseline_value_difference_from_live
RBC.US,sbc_once,PFPFP,PFPFP,125.83531118661965,133.5261720926187,fail,fail,False,False,Charge SBC once,REJECTED — does not ship,True,0
RBC.US,combined,PFPFP,PFPFP,125.83531118661965,133.5261720926187,fail,fail,False,False,Both rejected experiments,REJECTED — does not ship,True,0
ARMK.US,sbc_once,FFPFP,FFPFP,10.064074854087329,12.974044172738008,fail,fail,False,False,Charge SBC once,REJECTED — does not ship,True,0
ARMK.US,combined,FFPFP,FFPFP,10.064074854087329,12.974044172738008,fail,fail,False,False,Both rejected experiments,REJECTED — does not ship,True,0
NVST.US,sbc_once,FFFFP,FFFFP,12.20270070228212,14.96654300725128,fail,fail,False,False,Charge SBC once,REJECTED — does not ship,True,
NVST.US,combined,FFFFP,FFFFP,12.20270070228212,14.96654300725128,fail,fail,False,False,Both rejected experiments,REJECTED — does not ship,True,
KNOS.LSE,sbc_once,PPPPP,PPPPP,546.4131436067439,658.0570123043627,fail,fail,False,False,Charge SBC once,REJECTED — does not ship,True,1.1368683772161603e-13
KNOS.LSE,combined,PPPPP,PPPPP,546.4131436067439,658.0570123043627,fail,fail,False,False,Both rejected experiments,REJECTED — does not ship,True,1.1368683772161603e-13
UPS.US,sbc_once,PPFFP,PPFFP,74.51382986247172,76.12188293967121,fail,fail,False,False,Charge SBC once,REJECTED — does not ship,True,0
UPS.US,combined,PPFFP,PPFFP,74.51382986247172,76.12188293967121,fail,fail,False,False,Both rejected experiments,REJECTED — does not ship,True,0
APO.US,sbc_once,FFFFP,FFFFP,104.89119453133033,122.6498261026302,fail,unclear,False,False,Charge SBC once,REJECTED — does not ship,True,0
APO.US,combined,FFFFP,FFFFP,104.89119453133033,122.6498261026302,fail,unclear,False,False,Both rejected experiments,REJECTED — does not ship,True,0
CRS.US,sbc_once,FFPPP,FFPPP,72.60706530260354,78.99522585179808,fail,fail,False,False,Charge SBC once,REJECTED — does not ship,True,0
CRS.US,combined,FFPPP,FFPPP,72.60706530260354,78.99522585179808,fail,fail,False,False,Both rejected experiments,REJECTED — does not ship,True,0
NEM.XETRA,current_scale,PPPPP,PPPPP,38.54205009463601,52.24030561534633,fail,fail,False,False,Current annual scale,REJECTED — does not ship,True,0
NEM.XETRA,combined,PPPPP,PPPPP,38.54205009463601,52.24030561534633,fail,fail,False,False,Both rejected experiments,REJECTED — does not ship,True,0
ACIW.US,sbc_once,PPPPF,PPPPF,25.491052395239624,30.944450259179565,fail,fail,False,False,Charge SBC once,REJECTED — does not ship,True,0
ACIW.US,combined,PPPPF,PPPPF,25.491052395239624,30.944450259179565,fail,fail,False,False,Both rejected experiments,REJECTED — does not ship,True,0
GPI.US,sbc_once,PFPFP,PFPFP,167.41511333220788,216.206403192232,fail,fail,False,False,Charge SBC once,REJECTED — does not ship,True,0
GPI.US,combined,PFPFP,PFPFP,167.41511333220788,216.206403192232,fail,fail,False,False,Both rejected experiments,REJECTED — does not ship,True,0
6857.JP,sbc_once,PPPFP,PPPFP,3617.1816701401717,3655.641964874217,fail,fail,False,False,Charge SBC once,REJECTED — does not ship,True,0
6857.JP,combined,PPPFP,PPPFP,3617.1816701401717,3655.641964874217,fail,fail,False,False,Both rejected experiments,REJECTED — does not ship,True,0
GEHC.US,sbc_once,PPPFP,PPPFP,56.36928332400219,60.57982916433447,fail,fail,False,False,Charge SBC once,REJECTED — does not ship,True,0
GEHC.US,combined,PPPFP,PPPFP,56.36928332400219,60.57982916433447,fail,fail,False,False,Both rejected experiments,REJECTED — does not ship,True,0
MAS.US,sbc_once,PPPPP,PPPPP,50.773959994142224,53.13572087838647,fail,fail,False,False,Charge SBC once,REJECTED — does not ship,True,0
MAS.US,current_scale,PPPPP,PPPPP,50.773959994142224,49.11465409869117,fail,fail,False,False,Current annual scale,REJECTED — does not ship,True,0
MAS.US,combined,PPPPP,PPPPP,50.773959994142224,51.00789146277766,fail,fail,False,False,Both rejected experiments,REJECTED — does not ship,True,0
ALX.US,sbc_once,PFFFP,PFFFP,170.92603998385542,171.88032884869145,fail,fail,False,False,Charge SBC once,REJECTED — does not ship,True,0
ALX.US,combined,PFFFP,PFFFP,170.92603998385542,171.88032884869145,fail,fail,False,False,Both rejected experiments,REJECTED — does not ship,True,0
REPX.US,sbc_once,UUUUU,UUUUU,19.729333789716193,26.35758682150916,unclear,unclear,False,False,Charge SBC once,REJECTED — does not ship,False,
REPX.US,combined,UUUUU,UUUUU,19.729333789716193,26.35758682150916,unclear,unclear,False,False,Both rejected experiments,REJECTED — does not ship,False,
002916.SHE,sbc_once,PFFFP,PFFFP,28.99950410157556,29.533555454726987,fail,fail,False,False,Charge SBC once,REJECTED — does not ship,True,
002916.SHE,combined,PFFFP,PFFFP,28.99950410157556,29.533555454726987,fail,fail,False,False,Both rejected experiments,REJECTED — does not ship,True,
SIKA.SW,sbc_once,PPPPP,PPPPP,146.66786853846105,144.28097643124002,fail,fail,False,False,Charge SBC once,REJECTED — does not ship,True,0
SIKA.SW,combined,PPPPP,PPPPP,146.66786853846105,144.28097643124002,fail,fail,False,False,Both rejected experiments,REJECTED — does not ship,True,0
0003.HK,sbc_once,PFFFP,PFFFP,3.2762776741158266,3.318868691664178,fail,fail,False,False,Charge SBC once,REJECTED — does not ship,True,0
0003.HK,combined,PFFFP,PFFFP,3.2762776741158266,3.318868691664178,fail,fail,False,False,Both rejected experiments,REJECTED — does not ship,True,0
WGX.AU,sbc_once,FFPFP,FFPFP,0.7978910334597493,0.819264705216163,fail,fail,False,False,Charge SBC once,REJECTED — does not ship,True,0
WGX.AU,combined,FFPFP,FFPFP,0.7978910334597493,0.819264705216163,fail,fail,False,False,Both rejected experiments,REJECTED — does not ship,True,0
HIW.US,sbc_once,PFFFP,PFFFP,28.79037475340983,29.713751045954947,fail,unclear,False,False,Charge SBC once,REJECTED — does not ship,True,0
HIW.US,combined,PFFFP,PFFFP,28.79037475340983,29.713751045954947,fail,unclear,False,False,Both rejected experiments,REJECTED — does not ship,True,0
OMC.US,sbc_once,PPFPP,PPFPP,,18.493088447823098,unclear,fail,False,False,Charge SBC once,REJECTED — does not ship,True,
OMC.US,combined,PPFPP,PPFPP,,18.493088447823098,unclear,fail,False,False,Both rejected experiments,REJECTED — does not ship,True,
HAG.XETRA,sbc_once,PPPPP,PPFPP,,,unclear,unclear,False,False,Charge SBC once,REJECTED — does not ship,True,
HAG.XETRA,combined,PPPPP,PPFPP,,,unclear,unclear,False,False,Both rejected experiments,REJECTED — does not ship,True,
EXPO.US,sbc_once,PFFPP,PFPPP,20.94713025253611,25.889620712741486,fail,fail,False,False,Charge SBC once,REJECTED — does not ship,True,
EXPO.US,combined,PFFPP,PFPPP,20.94713025253611,25.889620712741486,fail,fail,False,False,Both rejected experiments,REJECTED — does not ship,True,
MNRO.US,sbc_once,FFFFP,FFFFP,10.518758946346708,10.789044704722132,fail,fail,False,False,Charge SBC once,REJECTED — does not ship,True,
MNRO.US,combined,FFFFP,FFFFP,10.518758946346708,10.789044704722132,fail,fail,False,False,Both rejected experiments,REJECTED — does not ship,True,
APP.US,sbc_once,FFPPP,FFPPP,26.411060493984376,39.854156387536506,fail,fail,False,False,Charge SBC once,REJECTED — does not ship,True,0
APP.US,combined,FFPPP,FFPPP,26.411060493984376,39.854156387536506,fail,fail,False,False,Both rejected experiments,REJECTED — does not ship,True,0
PRY.MI,sbc_once,PFPPP,PFPPP,29.47632135966887,36.051871826098925,fail,fail,False,False,Charge SBC once,REJECTED — does not ship,True,
PRY.MI,combined,PFPPP,PFPPP,29.47632135966887,36.051871826098925,fail,fail,False,False,Both rejected experiments,REJECTED — does not ship,True,
SFR.AU,sbc_once,FFPPP,FFPPP,6.711509623598484,6.91196874018285,fail,fail,False,False,Charge SBC once,REJECTED — does not ship,True,0
SFR.AU,combined,FFPPP,FFPPP,6.711509623598484,6.91196874018285,fail,fail,False,False,Both rejected experiments,REJECTED — does not ship,True,0
WB.US,sbc_once,PPFFP,PPFFP,23.31654552131459,27.771384719262574,pass,pass,False,False,Charge SBC once,REJECTED — does not ship,True,0
WB.US,combined,PPFFP,PPFFP,23.31654552131459,27.771384719262574,pass,pass,False,False,Both rejected experiments,REJECTED — does not ship,True,0
MEC.US,sbc_once,FFFPP,FFFPP,2.49083990053497,4.184240357683475,fail,fail,False,False,Charge SBC once,REJECTED — does not ship,True,0
MEC.US,combined,FFFPP,FFFPP,2.49083990053497,4.184240357683475,fail,fail,False,False,Both rejected experiments,REJECTED — does not ship,True,0
TTD.US,sbc_once,PPFPP,PPPPP,,11.658134961912848,unclear,fail,False,False,Charge SBC once,REJECTED — does not ship,True,
TTD.US,combined,PPFPP,PPPPP,,17.20068051691762,unclear,pass,False,True,Both rejected experiments,REJECTED — does not ship,True,
CENX.US,sbc_once,FFFPF,FFPPF,,,unclear,unclear,False,False,Charge SBC once,REJECTED — does not ship,True,
CENX.US,combined,FFFPF,FFPPF,,,unclear,unclear,False,False,Both rejected experiments,REJECTED — does not ship,True,
ARCAD.AS,sbc_once,PPPPP,PPPPP,24.125354577253127,25.00116252131266,fail,fail,False,False,Charge SBC once,REJECTED — does not ship,True,0
ARCAD.AS,combined,PPPPP,PPPPP,24.125354577253127,25.00116252131266,fail,fail,False,False,Both rejected experiments,REJECTED — does not ship,True,0
ITSA3.SA,sbc_once,FFFFP,FFFFP,8.08743743719537,8.094845788042798,fail,fail,False,False,Charge SBC once,REJECTED — does not ship,True,0
ITSA3.SA,combined,FFFFP,FFFFP,8.08743743719537,8.094845788042798,fail,fail,False,False,Both rejected experiments,REJECTED — does not ship,True,0
BEI.XETRA,sbc_once,PPPFP,PPPFP,67.15570915091124,57.60933872249577,fail,fail,False,False,Charge SBC once,REJECTED — does not ship,True,0
BEI.XETRA,combined,PPPFP,PPPFP,67.15570915091124,57.60933872249577,fail,fail,False,False,Both rejected experiments,REJECTED — does not ship,True,0
JD.LSE,sbc_once,PPFFP,PPFFP,58.69202685937457,59.3784736619834,fail,fail,False,False,Charge SBC once,REJECTED — does not ship,True,0
JD.LSE,combined,PPFFP,PPFFP,58.69202685937457,59.3784736619834,fail,fail,False,False,Both rejected experiments,REJECTED — does not ship,True,0
GPRK.US,sbc_once,FFFFP,FFFFP,12.440203547971338,13.413978709836977,unclear,unclear,False,False,Charge SBC once,REJECTED — does not ship,True,0
GPRK.US,combined,FFFFP,FFFFP,12.440203547971338,13.413978709836977,unclear,unclear,False,False,Both rejected experiments,REJECTED — does not ship,True,0
MTD.US,sbc_once,PPPPP,PPPPP,901.6096649503816,922.3949550837003,fail,fail,False,False,Charge SBC once,REJECTED — does not ship,True,0
MTD.US,current_scale,PPPPP,PPPPP,901.6096649503816,914.6405121190548,fail,fail,False,False,Current annual scale,REJECTED — does not ship,True,0
MTD.US,combined,PPPPP,PPPPP,901.6096649503816,938.4398331851893,fail,fail,False,False,Both rejected experiments,REJECTED — does not ship,True,0
CCO.TO,sbc_once,FFPPP,FFPPP,10.041283388647829,10.238294569461145,fail,fail,False,False,Charge SBC once,REJECTED — does not ship,True,0
CCO.TO,combined,FFPPP,FFPPP,10.041283388647829,10.238294569461145,fail,fail,False,False,Both rejected experiments,REJECTED — does not ship,True,0
HSY.US,sbc_once,PFPPP,PFPPP,60.39245908533821,65.00823574081429,fail,fail,False,False,Charge SBC once,REJECTED — does not ship,True,0
HSY.US,combined,PFPPP,PFPPP,60.39245908533821,65.00823574081429,fail,fail,False,False,Both rejected experiments,REJECTED — does not ship,True,0
FRES.LSE,sbc_once,FFPPP,FFPPP,1011.3082039184926,1038.442165886238,fail,fail,False,False,Charge SBC once,REJECTED — does not ship,True,0
FRES.LSE,combined,FFPPP,FFPPP,1011.3082039184926,1038.442165886238,fail,fail,False,False,Both rejected experiments,REJECTED — does not ship,True,0
SJM.US,sbc_once,FFPFP,FFPFP,8.99994288490283,11.74766154057821,fail,fail,False,False,Charge SBC once,REJECTED — does not ship,True,0
SJM.US,combined,FFPFP,FFPFP,8.99994288490283,11.74766154057821,fail,fail,False,False,Both rejected experiments,REJECTED — does not ship,True,0
J.US,sbc_once,PPPPP,PPPPP,48.837040808858625,55.31505019927372,fail,fail,False,False,Charge SBC once,REJECTED — does not ship,True,0
J.US,combined,PPPPP,PPPPP,48.837040808858625,55.31505019927372,fail,fail,False,False,Both rejected experiments,REJECTED — does not ship,True,0
HOG.US,sbc_once,FFFFP,FFFFP,32.58764626590781,36.45677294213525,unclear,unclear,False,False,Charge SBC once,REJECTED — does not ship,True,0
HOG.US,combined,FFFFP,FFFFP,32.58764626590781,36.45677294213525,unclear,unclear,False,False,Both rejected experiments,REJECTED — does not ship,True,0
ROP.SW,sbc_once,PPPPP,PPPPP,195.92349256997096,209.3870803517215,fail,fail,False,False,Charge SBC once,REJECTED — does not ship,True,0
ROP.SW,current_scale,PPPPP,PPPPP,195.92349256997096,185.15817723786347,fail,fail,False,False,Current annual scale,REJECTED — does not ship,True,0
ROP.SW,combined,PPPPP,PPPPP,195.92349256997096,196.40999021616676,fail,fail,False,False,Both rejected experiments,REJECTED — does not ship,True,0
002410.SHE,sbc_once,FFFPP,FFFPP,4.895184830111601,6.003738106474414,fail,fail,False,False,Charge SBC once,REJECTED — does not ship,True,0
002410.SHE,combined,FFFPP,FFFPP,4.895184830111601,6.003738106474414,fail,fail,False,False,Both rejected experiments,REJECTED — does not ship,True,0
ECPG.US,sbc_once,FFFFP,FFPFP,102.89796011561639,112.89658916977082,unclear,unclear,False,False,Charge SBC once,REJECTED — does not ship,True,
ECPG.US,combined,FFFFP,FFPFP,102.89796011561639,112.89658916977082,unclear,unclear,False,False,Both rejected experiments,REJECTED — does not ship,True,
MLC.IR,sbc_once,FFPFP,FFPFP,,3.338931752185313,unclear,fail,False,False,Charge SBC once,REJECTED — does not ship,True,
MLC.IR,combined,FFPFP,FFPFP,,3.338931752185313,unclear,fail,False,False,Both rejected experiments,REJECTED — does not ship,True,
POWL.US,sbc_once,FFPPP,FFPPP,39.5768712360171,41.646556288531926,fail,fail,False,False,Charge SBC once,REJECTED — does not ship,True,-7.105427357601002e-15
POWL.US,combined,FFPPP,FFPPP,39.5768712360171,41.646556288531926,fail,fail,False,False,Both rejected experiments,REJECTED — does not ship,True,-7.105427357601002e-15
GSHD.US,sbc_once,FFFPP,FFFPP,,4.615470851775131,unclear,fail,False,False,Charge SBC once,REJECTED — does not ship,True,
GSHD.US,combined,FFFPP,FFFPP,,4.615470851775131,unclear,fail,False,False,Both rejected experiments,REJECTED — does not ship,True,
2020.HK,sbc_once,PPPFP,PPPFP,112.87931352786913,115.53762506039348,pass,pass,False,False,Charge SBC once,REJECTED — does not ship,True,0
2020.HK,combined,PPPFP,PPPFP,112.87931352786913,115.53762506039348,pass,pass,False,False,Both rejected experiments,REJECTED — does not ship,True,0
PSN.LSE,sbc_once,PFFFP,PFFFP,1054.9283048320729,1117.2763071448283,fail,fail,False,False,Charge SBC once,REJECTED — does not ship,True,0
PSN.LSE,combined,PFFFP,PFFFP,1054.9283048320729,1117.2763071448283,fail,fail,False,False,Both rejected experiments,REJECTED — does not ship,True,0
HGV.US,sbc_once,FFFFP,FFFFP,45.47121902629471,61.65183632105906,unclear,unclear,False,False,Charge SBC once,REJECTED — does not ship,True,0
HGV.US,combined,FFFFP,FFFFP,45.47121902629471,61.65183632105906,unclear,unclear,False,False,Both rejected experiments,REJECTED — does not ship,True,0
014680.KO,sbc_once,PFFPP,PFFPP,228033.66040037436,249408.00808614798,fail,fail,False,False,Charge SBC once,REJECTED — does not ship,True,0
014680.KO,combined,PFFPP,PFFPP,228033.66040037436,249408.00808614798,fail,fail,False,False,Both rejected experiments,REJECTED — does not ship,True,0
EWG.LSE,sbc_once,FFPFP,FFPFP,26.559333160852713,33.16262875218494,fail,fail,False,False,Charge SBC once,REJECTED — does not ship,True,0
EWG.LSE,combined,FFPFP,FFPFP,26.559333160852713,33.16262875218494,fail,fail,False,False,Both rejected experiments,REJECTED — does not ship,True,0
MORN.US,sbc_once,PPPPP,PPPPP,125.69557028263074,149.3547260068682,fail,fail,False,False,Charge SBC once,REJECTED — does not ship,True,0
MORN.US,current_scale,PPPPP,PPPPP,125.69557028263074,175.3606751037739,fail,fail,False,False,Current annual scale,REJECTED — does not ship,True,0
MORN.US,combined,PPPPP,PPPPP,125.69557028263074,209.40908640467597,fail,unclear,False,False,Both rejected experiments,REJECTED — does not ship,True,0
TPB.US,sbc_once,PPFPP,PPPPP,32.5377049786779,38.44553701743709,fail,fail,False,False,Charge SBC once,REJECTED — does not ship,True,0
TPB.US,combined,PPFPP,PPPPP,32.5377049786779,38.44553701743709,fail,fail,False,False,Both rejected experiments,REJECTED — does not ship,True,0
NXPI.US,sbc_once,FFPPP,FFPPP,103.17499082141792,125.96184456389636,fail,fail,False,False,Charge SBC once,REJECTED — does not ship,True,0
NXPI.US,combined,FFPPP,FFPPP,103.17499082141792,125.96184456389636,fail,fail,False,False,Both rejected experiments,REJECTED — does not ship,True,0
TOL.US,sbc_once,PFPPP,PFPPP,230.59185402851256,236.70894554236037,pass,pass,False,False,Charge SBC once,REJECTED — does not ship,True,
TOL.US,combined,PFPPP,PFPPP,230.59185402851256,236.70894554236037,pass,pass,False,False,Both rejected experiments,REJECTED — does not ship,True,
OSW.US,sbc_once,FFPPP,FFPPP,7.280588149534794,8.860450411933288,fail,fail,False,False,Charge SBC once,REJECTED — does not ship,True,0
OSW.US,combined,FFPPP,FFPPP,7.280588149534794,8.860450411933288,fail,fail,False,False,Both rejected experiments,REJECTED — does not ship,True,0
HLT.US,sbc_once,FFPPP,FFPPP,67.08951563943265,76.04178207813477,fail,fail,False,False,Charge SBC once,REJECTED — does not ship,True,0
HLT.US,combined,FFPPP,FFPPP,67.08951563943265,76.04178207813477,fail,fail,False,False,Both rejected experiments,REJECTED — does not ship,True,0
FMG.AU,sbc_once,PFPPP,PFPPP,22.918405132303143,22.944469680310895,unclear,unclear,False,False,Charge SBC once,REJECTED — does not ship,True,0
FMG.AU,combined,PFPPP,PFPPP,22.918405132303143,22.944469680310895,unclear,unclear,False,False,Both rejected experiments,REJECTED — does not ship,True,0
AA.US,sbc_once,FFPFP,FFPFP,8.145017212336093,9.841593298898683,fail,fail,False,False,Charge SBC once,REJECTED — does not ship,True,0
AA.US,combined,FFPFP,FFPFP,8.145017212336093,9.841593298898683,fail,fail,False,False,Both rejected experiments,REJECTED — does not ship,True,0
BFAM.US,sbc_once,PFPPP,PFPPP,35.437504765043904,43.875988118705386,fail,fail,False,False,Charge SBC once,REJECTED — does not ship,True,0
BFAM.US,combined,PFPPP,PFPPP,35.437504765043904,43.875988118705386,fail,fail,False,False,Both rejected experiments,REJECTED — does not ship,True,0
KLAC.US,sbc_once,PPPPP,PPPPP,58.912688849357764,59.722758608339085,fail,fail,False,False,Charge SBC once,REJECTED — does not ship,True,0
KLAC.US,current_scale,PPPPP,PPPPP,58.912688849357764,75.0369552568317,fail,fail,False,False,Current annual scale,REJECTED — does not ship,True,0
KLAC.US,combined,PPPPP,PPPPP,58.912688849357764,78.17145259862637,fail,fail,False,False,Both rejected experiments,REJECTED — does not ship,True,0
PNTG.US,sbc_once,FFFPP,FFPPP,,4.711703134324978,unclear,fail,False,False,Charge SBC once,REJECTED — does not ship,True,
PNTG.US,combined,FFFPP,FFPPP,,4.711703134324978,unclear,fail,False,False,Both rejected experiments,REJECTED — does not ship,True,
CYRE3.SA,sbc_once,FFPPP,FFPPP,34.67648342452953,34.335140910491454,unclear,unclear,False,False,Charge SBC once,REJECTED — does not ship,True,0
CYRE3.SA,combined,FFPPP,FFPPP,34.67648342452953,34.335140910491454,unclear,unclear,False,False,Both rejected experiments,REJECTED — does not ship,True,0
VISN.US,sbc_once,FFFFF,FFFFF,1.779785980923022,3.3533735889043776,fail,fail,False,False,Charge SBC once,REJECTED — does not ship,True,0
VISN.US,combined,FFFFF,FFFFF,1.779785980923022,3.3533735889043776,fail,fail,False,False,Both rejected experiments,REJECTED — does not ship,True,0
MRVL.US,sbc_once,FFFFF,FFFFF,6.772488897793044,13.306215217088818,fail,fail,False,False,Charge SBC once,REJECTED — does not ship,True,0
MRVL.US,combined,FFFFF,FFFFF,6.772488897793044,13.306215217088818,fail,fail,False,False,Both rejected experiments,REJECTED — does not ship,True,0
KPN.AS,sbc_once,FFPFP,FFPFP,2.329664886842732,2.336259207670707,fail,fail,False,False,Charge SBC once,REJECTED — does not ship,True,0
KPN.AS,combined,FFPFP,FFPFP,2.329664886842732,2.336259207670707,fail,fail,False,False,Both rejected experiments,REJECTED — does not ship,True,0
CVLT.US,sbc_once,FFFPP,FFFPP,,48.2932700952837,unclear,fail,False,False,Charge SBC once,REJECTED — does not ship,True,
CVLT.US,combined,FFFPP,FFFPP,,48.2932700952837,unclear,fail,False,False,Both rejected experiments,REJECTED — does not ship,True,
KGS.US,sbc_once,PFFUU,PFPUU,,,unclear,unclear,False,False,Charge SBC once,REJECTED — does not ship,False,
KGS.US,combined,PFFUU,PFPUU,,,unclear,unclear,False,False,Both rejected experiments,REJECTED — does not ship,False,
SPB.US,sbc_once,FFFFP,FFFFP,65.8746075692644,83.39831985158592,fail,unclear,False,False,Charge SBC once,REJECTED — does not ship,True,0
SPB.US,combined,FFFFP,FFFFP,65.8746075692644,83.39831985158592,fail,unclear,False,False,Both rejected experiments,REJECTED — does not ship,True,0
ORLY.US,sbc_once,PPPPP,PPPPP,52.92153739917835,53.80697007701814,fail,fail,False,False,Charge SBC once,REJECTED — does not ship,True,0
ORLY.US,combined,PPPPP,PPPPP,52.92153739917835,53.80697007701814,fail,fail,False,False,Both rejected experiments,REJECTED — does not ship,True,0
MOD.US,sbc_once,FFPPP,FFPPP,10.270037675795725,19.810372738468036,fail,fail,False,False,Charge SBC once,REJECTED — does not ship,True,0
MOD.US,combined,FFPPP,FFPPP,10.270037675795725,19.810372738468036,fail,fail,False,False,Both rejected experiments,REJECTED — does not ship,True,0
DCC.LSE,sbc_once,PPPFP,PPPFP,1953.2924491328918,2003.2605062375303,fail,fail,False,False,Charge SBC once,REJECTED — does not ship,True,0
DCC.LSE,combined,PPPFP,PPPFP,1953.2924491328918,2003.2605062375303,fail,fail,False,False,Both rejected experiments,REJECTED — does not ship,True,0
LNTH.US,sbc_once,FFPFP,FFPFP,46.844861153811536,65.00587982351723,fail,fail,False,False,Charge SBC once,REJECTED — does not ship,True,
LNTH.US,combined,FFPFP,FFPFP,46.844861153811536,65.00587982351723,fail,fail,False,False,Both rejected experiments,REJECTED — does not ship,True,
CTRI.US,sbc_once,UUUUU,UUUUU,6.5756000341785565,6.88289938431686,unclear,unclear,False,False,Charge SBC once,REJECTED — does not ship,False,
CTRI.US,combined,UUUUU,UUUUU,6.5756000341785565,6.88289938431686,unclear,unclear,False,False,Both rejected experiments,REJECTED — does not ship,False,
CCSI.US,sbc_once,PPFFP,PPPFP,40.10520995527913,51.41947524641029,unclear,unclear,False,False,Charge SBC once,REJECTED — does not ship,True,
CCSI.US,combined,PPFFP,PPPFP,40.10520995527913,51.41947524641029,unclear,unclear,False,False,Both rejected experiments,REJECTED — does not ship,True,
ABT.US,sbc_once,PPPPP,PPPPP,43.52510191765733,48.685793486975015,fail,fail,False,False,Charge SBC once,REJECTED — does not ship,True,0
ABT.US,combined,PPPPP,PPPPP,43.52510191765733,48.685793486975015,fail,fail,False,False,Both rejected experiments,REJECTED — does not ship,True,0
VLTO.US,sbc_once,PPPUP,PPPUP,52.0980167540204,54.18966083625921,fail,fail,False,False,Charge SBC once,REJECTED — does not ship,True,0
VLTO.US,combined,PPPUP,PPPUP,52.0980167540204,54.18966083625921,fail,fail,False,False,Both rejected experiments,REJECTED — does not ship,True,0
021240.KO,sbc_once,PPPFP,PPPFP,125239.3476203794,125269.47406698272,unclear,unclear,False,False,Charge SBC once,REJECTED — does not ship,True,0
021240.KO,combined,PPPFP,PPPFP,125239.3476203794,125269.47406698272,unclear,unclear,False,False,Both rejected experiments,REJECTED — does not ship,True,0
PANW.US,sbc_once,FFFFP,FFFFP,,21.203436715563296,unclear,fail,False,False,Charge SBC once,REJECTED — does not ship,True,
PANW.US,combined,FFFFP,FFFFP,,21.203436715563296,unclear,fail,False,False,Both rejected experiments,REJECTED — does not ship,True,
APA.AU,sbc_once,PFPFP,PFPFP,3.331274007936664,3.657879957523739,fail,fail,False,False,Charge SBC once,REJECTED — does not ship,True,0
APA.AU,combined,PFPFP,PFPFP,3.331274007936664,3.657879957523739,fail,fail,False,False,Both rejected experiments,REJECTED — does not ship,True,0
AT1.XETRA,sbc_once,FFFFP,FFFFP,7.238752157837128,7.298190658143713,pass,pass,False,False,Charge SBC once,REJECTED — does not ship,True,0
AT1.XETRA,combined,FFFFP,FFFFP,7.238752157837128,7.298190658143713,pass,pass,False,False,Both rejected experiments,REJECTED — does not ship,True,0
BLK.US,sbc_once,PFPPP,PFPPP,636.7176900473934,770.2617910559111,fail,fail,False,False,Charge SBC once,REJECTED — does not ship,True,0
BLK.US,combined,PFPPP,PFPPP,636.7176900473934,770.2617910559111,fail,fail,False,False,Both rejected experiments,REJECTED — does not ship,True,0
CME.US,sbc_once,PFPPP,PFPPP,123.97508375645758,126.83665121744603,fail,fail,False,False,Charge SBC once,REJECTED — does not ship,True,0
CME.US,combined,PFPPP,PFPPP,123.97508375645758,126.83665121744603,fail,fail,False,False,Both rejected experiments,REJECTED — does not ship,True,0
KO.US,sbc_once,PPPPP,PPPPP,46.970984021657344,47.96209063997373,fail,fail,False,False,Charge SBC once,REJECTED — does not ship,True,0
KO.US,current_scale,PPPPP,PPPPP,46.970984021657344,52.65490138781009,fail,fail,False,False,Current annual scale,REJECTED — does not ship,True,0
KO.US,combined,PPPPP,PPPPP,46.970984021657344,53.52063968368083,fail,fail,False,False,Both rejected experiments,REJECTED — does not ship,True,0
SVS.LSE,sbc_once,FFFPP,FFPPP,640.7721010097276,853.2634666522986,fail,fail,False,False,Charge SBC once,REJECTED — does not ship,True,0
SVS.LSE,combined,FFFPP,FFPPP,640.7721010097276,853.2634666522986,fail,fail,False,False,Both rejected experiments,REJECTED — does not ship,True,0
ADSK.US,sbc_once,FFFPP,FFPPP,37.64209237226958,79.47661453384828,fail,fail,False,False,Charge SBC once,REJECTED — does not ship,True,0
ADSK.US,combined,FFFPP,FFPPP,37.64209237226958,79.47661453384828,fail,fail,False,False,Both rejected experiments,REJECTED — does not ship,True,0
IVT.US,sbc_once,FFPPP,FFPPP,13.829429411379362,15.400553515775236,fail,fail,False,False,Charge SBC once,REJECTED — does not ship,True,0
IVT.US,combined,FFPPP,FFPPP,13.829429411379362,15.400553515775236,fail,fail,False,False,Both rejected experiments,REJECTED — does not ship,True,0
COA.LSE,sbc_once,FPPFP,FPPFP,50.38863909184567,52.55156403491245,fail,fail,False,False,Charge SBC once,REJECTED — does not ship,True,0
COA.LSE,combined,FPPFP,FPPFP,50.38863909184567,52.55156403491245,fail,fail,False,False,Both rejected experiments,REJECTED — does not ship,True,0
CVNA.US,sbc_once,FFPFP,FFPFP,12.637537010515437,15.092396824254202,fail,fail,False,False,Charge SBC once,REJECTED — does not ship,True,0
CVNA.US,combined,FFPFP,FFPFP,12.637537010515437,15.092396824254202,fail,fail,False,False,Both rejected experiments,REJECTED — does not ship,True,0
KEP1.F,sbc_once,PFFPP,PFFPP,3.518147831266626,3.7390272855139974,fail,fail,False,False,Charge SBC once,REJECTED — does not ship,False,-4.440892098500626e-16
KEP1.F,combined,PFFPP,PFFPP,3.518147831266626,3.7390272855139974,fail,fail,False,False,Both rejected experiments,REJECTED — does not ship,False,-4.440892098500626e-16
JOYY.US,sbc_once,FFFPF,FFFPF,3.3767661139528315,3.891608681824627,unclear,unclear,False,False,Charge SBC once,REJECTED — does not ship,True,
JOYY.US,combined,FFFPF,FFFPF,3.3767661139528315,3.891608681824627,unclear,unclear,False,False,Both rejected experiments,REJECTED — does not ship,True,
KLBN3.SA,sbc_once,FFPFP,FFPFP,2.3923984414855486,2.4027834572827294,fail,fail,False,False,Charge SBC once,REJECTED — does not ship,True,0
KLBN3.SA,combined,FFPFP,FFPFP,2.3923984414855486,2.4027834572827294,fail,fail,False,False,Both rejected experiments,REJECTED — does not ship,True,0
MOBN.SW,sbc_once,PFFFP,PFFFP,278.7917151360997,281.2671487572932,fail,fail,False,False,Charge SBC once,REJECTED — does not ship,True,0
MOBN.SW,combined,PFFFP,PFFFP,278.7917151360997,281.2671487572932,fail,fail,False,False,Both rejected experiments,REJECTED — does not ship,True,0
HUB.AU,sbc_once,FPPFP,FPPFP,6.583446759119812,8.639804321795012,fail,fail,False,False,Charge SBC once,REJECTED — does not ship,True,0
HUB.AU,combined,FPPFP,FPPFP,6.583446759119812,8.639804321795012,fail,fail,False,False,Both rejected experiments,REJECTED — does not ship,True,0
SWEC-B.ST,sbc_once,PPPPP,PPPPP,71.64425300283632,73.57229753585219,fail,fail,False,False,Charge SBC once,REJECTED — does not ship,True,0
SWEC-B.ST,combined,PPPPP,PPPPP,71.64425300283632,73.57229753585219,fail,fail,False,False,Both rejected experiments,REJECTED — does not ship,True,0
068270.KO,sbc_once,PFFFP,PFFFP,42110.085635550684,43973.98548304623,fail,fail,False,False,Charge SBC once,REJECTED — does not ship,True,0
068270.KO,combined,PFFFP,PFFFP,42110.085635550684,43973.98548304623,fail,fail,False,False,Both rejected experiments,REJECTED — does not ship,True,0
PPL.TO,sbc_once,FFPFP,FFPFP,35.2231813728348,37.019627781649696,fail,fail,False,False,Charge SBC once,REJECTED — does not ship,True,0
PPL.TO,combined,FFPFP,FFPFP,35.2231813728348,37.019627781649696,fail,fail,False,False,Both rejected experiments,REJECTED — does not ship,True,0
WSO.US,sbc_once,PPPFP,PPPFP,191.65792480068967,205.6825475354237,fail,fail,False,False,Charge SBC once,REJECTED — does not ship,True,
WSO.US,combined,PPPFP,PPPFP,191.65792480068967,205.6825475354237,fail,fail,False,False,Both rejected experiments,REJECTED — does not ship,True,
H.US,sbc_once,FFFPP,FFFPP,,11.936836798334108,unclear,fail,False,False,Charge SBC once,REJECTED — does not ship,True,
H.US,combined,FFFPP,FFFPP,,11.936836798334108,unclear,fail,False,False,Both rejected experiments,REJECTED — does not ship,True,
CG.US,sbc_once,FFFPP,FFPPP,,16.44379005319082,unclear,fail,False,False,Charge SBC once,REJECTED — does not ship,True,
CG.US,combined,FFFPP,FFPPP,,16.44379005319082,unclear,fail,False,False,Both rejected experiments,REJECTED — does not ship,True,
CDA.AU,sbc_once,PPFPP,PPFPP,6.578137217233338,6.690489086278119,fail,fail,False,False,Charge SBC once,REJECTED — does not ship,True,0
CDA.AU,combined,PPFPP,PPFPP,6.578137217233338,6.690489086278119,fail,fail,False,False,Both rejected experiments,REJECTED — does not ship,True,0
VK.PA,sbc_once,FFPFP,FFPFP,20.978744946774878,21.212047596983865,unclear,unclear,False,False,Charge SBC once,REJECTED — does not ship,True,0
VK.PA,combined,FFPFP,FFPFP,20.978744946774878,21.212047596983865,unclear,unclear,False,False,Both rejected experiments,REJECTED — does not ship,True,0
ISRG.US,sbc_once,PPFPP,PPPPP,83.99928540990517,116.72946366261114,fail,fail,False,False,Charge SBC once,REJECTED — does not ship,True,0
ISRG.US,combined,PPFPP,PPPPP,83.99928540990517,172.64027574910156,fail,fail,False,False,Both rejected experiments,REJECTED — does not ship,True,0
4502.JP,sbc_once,FFPPP,FFPPP,687.9695973255386,1328.362987626528,fail,fail,False,False,Charge SBC once,REJECTED — does not ship,True,0
4502.JP,combined,FFPPP,FFPPP,687.9695973255386,1328.362987626528,fail,fail,False,False,Both rejected experiments,REJECTED — does not ship,True,0
PTC.US,sbc_once,FPFPF,FPFPF,40.225973603657145,70.62277358489874,fail,fail,False,False,Charge SBC once,REJECTED — does not ship,False,5.485187182080544
PTC.US,combined,FPFPF,FPFPF,40.225973603657145,70.62277358489874,fail,fail,False,False,Both rejected experiments,REJECTED — does not ship,False,5.485187182080544
DT.US,sbc_once,FFFPP,FFPPP,,9.605245307792536,unclear,fail,False,False,Charge SBC once,REJECTED — does not ship,True,
DT.US,combined,FFFPP,FFPPP,,9.605245307792536,unclear,fail,False,False,Both rejected experiments,REJECTED — does not ship,True,
LEG.XETRA,sbc_once,FFFFP,FFFFP,186.26658040898403,186.36368545257443,pass,pass,False,False,Charge SBC once,REJECTED — does not ship,True,0
LEG.XETRA,combined,FFFFP,FFFFP,186.26658040898403,186.36368545257443,pass,pass,False,False,Both rejected experiments,REJECTED — does not ship,True,0
EL.US,sbc_once,FFFFP,FFFFP,,18.855422012661524,unclear,fail,False,False,Charge SBC once,REJECTED — does not ship,True,
EL.US,combined,FFFFP,FFFFP,,18.855422012661524,unclear,fail,False,False,Both rejected experiments,REJECTED — does not ship,True,
AMG.US,sbc_once,FPFFP,FPFFP,307.1718685438451,361.08617105737807,fail,fail,False,False,Charge SBC once,REJECTED — does not ship,True,0
AMG.US,combined,FPFFP,FPFFP,307.1718685438451,361.08617105737807,fail,fail,False,False,Both rejected experiments,REJECTED — does not ship,True,0
BEEF3.SA,sbc_once,FPFFP,FPFFP,15.875288511594334,16.014483124658486,pass,pass,False,False,Charge SBC once,REJECTED — does not ship,True,0
BEEF3.SA,combined,FPFFP,FPFFP,15.875288511594334,16.014483124658486,pass,pass,False,False,Both rejected experiments,REJECTED — does not ship,True,0
0762.HK,sbc_once,FFPFP,FFPFP,12.556194194221286,12.582360776274585,pass,pass,False,False,Charge SBC once,REJECTED — does not ship,True,0
0762.HK,combined,FFPFP,FFPFP,12.556194194221286,12.582360776274585,pass,pass,False,False,Both rejected experiments,REJECTED — does not ship,True,0
MCO.US,sbc_once,PPPPP,PPPPP,211.69779510140324,234.0908445679234,fail,fail,False,False,Charge SBC once,REJECTED — does not ship,True,0
MCO.US,current_scale,PPPPP,PPPPP,211.69779510140324,229.83000926850877,fail,fail,False,False,Current annual scale,REJECTED — does not ship,True,0
MCO.US,combined,PPPPP,PPPPP,211.69779510140324,254.2134116080407,fail,fail,False,False,Both rejected experiments,REJECTED — does not ship,True,0
BEN.US,sbc_once,FFFFP,FFFFP,23.862157801977478,29.120279002531923,fail,fail,False,False,Charge SBC once,REJECTED — does not ship,True,0
BEN.US,combined,FFFFP,FFFFP,23.862157801977478,29.120279002531923,fail,fail,False,False,Both rejected experiments,REJECTED — does not ship,True,0
1928.HK,sbc_once,FFFFP,FFFFP,12.80516802419037,12.913702244738268,unclear,unclear,False,False,Charge SBC once,REJECTED — does not ship,True,0
1928.HK,combined,FFFFP,FFFFP,12.80516802419037,12.913702244738268,unclear,unclear,False,False,Both rejected experiments,REJECTED — does not ship,True,0
DVA.US,sbc_once,PPPFP,PPPFP,151.89744126592237,179.1801387499831,fail,fail,False,False,Charge SBC once,REJECTED — does not ship,True,0
DVA.US,combined,PPPFP,PPPFP,151.89744126592237,179.1801387499831,fail,fail,False,False,Both rejected experiments,REJECTED — does not ship,True,0
TPR.US,sbc_once,FPPPP,FPPPP,57.74603059805012,62.0180209162446,fail,fail,False,False,Charge SBC once,REJECTED — does not ship,True,
TPR.US,combined,FPPPP,FPPPP,57.74603059805012,62.0180209162446,fail,fail,False,False,Both rejected experiments,REJECTED — does not ship,True,
ACN.US,sbc_once,PPPPP,PPPPP,210.941268812845,280.29705881628064,unclear,pass,False,True,Charge SBC once,REJECTED — does not ship,True,-8.910730421437876
ACN.US,current_scale,PPPPP,PPPPP,210.941268812845,238.47273793447917,unclear,pass,False,True,Current annual scale,REJECTED — does not ship,True,-8.910730421437876
ACN.US,combined,PPPPP,PPPPP,210.941268812845,317.7536588973136,unclear,pass,False,True,Both rejected experiments,REJECTED — does not ship,True,-8.910730421437876
HPE.US,sbc_once,PPFPP,PPFPP,,8.777764174414909,unclear,fail,False,False,Charge SBC once,REJECTED — does not ship,True,
HPE.US,combined,PPFPP,PPFPP,,8.777764174414909,unclear,fail,False,False,Both rejected experiments,REJECTED — does not ship,True,
FR.PA,sbc_once,FFFFP,FFFFP,27.00245621062907,28.444246527411686,unclear,unclear,False,False,Charge SBC once,REJECTED — does not ship,True,0
FR.PA,combined,FFFFP,FFFFP,27.00245621062907,28.444246527411686,unclear,unclear,False,False,Both rejected experiments,REJECTED — does not ship,True,0
NATL.US,sbc_once,UUUUU,UUUUU,29.51174783860988,43.00193051762603,unclear,unclear,False,False,Charge SBC once,REJECTED — does not ship,False,
NATL.US,combined,UUUUU,UUUUU,29.51174783860988,43.00193051762603,unclear,unclear,False,False,Both rejected experiments,REJECTED — does not ship,False,
FANG.US,sbc_once,FFPFP,FFPFP,220.7003223855789,220.9083878050648,unclear,unclear,False,False,Charge SBC once,REJECTED — does not ship,True,0
FANG.US,combined,FFPFP,FFPFP,220.7003223855789,220.9083878050648,unclear,unclear,False,False,Both rejected experiments,REJECTED — does not ship,True,0
300454.SHE,sbc_once,FFFFP,FFFFP,,5.221213328498237,unclear,unclear,False,False,Charge SBC once,REJECTED — does not ship,True,
300454.SHE,combined,FFFFP,FFFFP,,5.221213328498237,unclear,unclear,False,False,Both rejected experiments,REJECTED — does not ship,True,
GAP.US,sbc_once,FFFPP,FFFPP,22.64484415395126,25.235946314859856,fail,unclear,False,False,Charge SBC once,REJECTED — does not ship,True,
GAP.US,combined,FFFPP,FFFPP,22.64484415395126,25.235946314859856,fail,unclear,False,False,Both rejected experiments,REJECTED — does not ship,True,
5871.TW,sbc_once,FFFFP,FFFFP,352.46296476359294,352.5365806329956,pass,pass,False,False,Charge SBC once,REJECTED — does not ship,True,0
5871.TW,combined,FFFFP,FFFFP,352.46296476359294,352.5365806329956,pass,pass,False,False,Both rejected experiments,REJECTED — does not ship,True,0
CTAS.US,sbc_once,PPPPP,PPPPP,78.89912040351203,85.10169870184976,fail,fail,False,False,Charge SBC once,REJECTED — does not ship,True,0
CTAS.US,current_scale,PPPPP,PPPPP,78.89912040351203,97.77919224444658,fail,fail,False,False,Current annual scale,REJECTED — does not ship,True,0
CTAS.US,combined,PPPPP,PPPPP,78.89912040351203,106.09101007989968,fail,fail,False,False,Both rejected experiments,REJECTED — does not ship,True,0
FFIV.US,sbc_once,PPFPP,PPFPP,85.49145421198236,149.12812085028753,fail,fail,False,False,Charge SBC once,REJECTED — does not ship,True,0
FFIV.US,combined,PPFPP,PPFPP,85.49145421198236,149.12812085028753,fail,fail,False,False,Both rejected experiments,REJECTED — does not ship,True,0
7741.JP,current_scale,PPPPP,PPPPP,12032.82449317201,15056.261340066716,fail,fail,False,False,Current annual scale,REJECTED — does not ship,True,0
7741.JP,combined,PPPPP,PPPPP,12032.82449317201,15056.261340066716,fail,fail,False,False,Both rejected experiments,REJECTED — does not ship,True,0
UOB.F,sbc_once,PFPPP,PFPPP,47.48602631648725,47.90528494092791,unclear,unclear,False,False,Charge SBC once,REJECTED — does not ship,False,0
UOB.F,combined,PFPPP,PFPPP,47.48602631648725,47.90528494092791,unclear,unclear,False,False,Both rejected experiments,REJECTED — does not ship,False,0
SSNC.US,sbc_once,PPFPP,PPFPP,62.89289860573957,71.82911216404838,fail,fail,False,False,Charge SBC once,REJECTED — does not ship,True,0
SSNC.US,combined,PPFPP,PPFPP,62.89289860573957,71.82911216404838,fail,fail,False,False,Both rejected experiments,REJECTED — does not ship,True,0
LW.US,sbc_once,PPFFP,PPFFP,22.131769476356,28.838006878094788,fail,fail,False,False,Charge SBC once,REJECTED — does not ship,True,0
LW.US,combined,PPFFP,PPFFP,22.131769476356,28.838006878094788,fail,fail,False,False,Both rejected experiments,REJECTED — does not ship,True,0
MMS.US,sbc_once,PPPPP,PPPPP,118.41813975266008,132.71924743937487,pass,pass,True,True,Charge SBC once,REJECTED — does not ship,True,0
MMS.US,current_scale,PPPPP,PPPPP,118.41813975266008,122.84383149003706,pass,pass,True,True,Current annual scale,REJECTED — does not ship,True,0
MMS.US,combined,PPPPP,PPPPP,118.41813975266008,137.30408520955402,pass,pass,True,True,Both rejected experiments,REJECTED — does not ship,True,0
BLMN.US,sbc_once,FFFFP,FFFFP,,0.7843743444653244,unclear,fail,False,False,Charge SBC once,REJECTED — does not ship,True,
BLMN.US,combined,FFFFP,FFFFP,,0.7843743444653244,unclear,fail,False,False,Both rejected experiments,REJECTED — does not ship,True,
RTX.US,sbc_once,FFPFP,FFPFP,62.2725366111763,68.75843279435874,fail,fail,False,False,Charge SBC once,REJECTED — does not ship,True,0
RTX.US,combined,FFPFP,FFPFP,62.2725366111763,68.75843279435874,fail,fail,False,False,Both rejected experiments,REJECTED — does not ship,True,0
3017.TW,sbc_once,FFPFP,FFPFP,366.43439783414317,385.70817153562086,fail,fail,False,False,Charge SBC once,REJECTED — does not ship,True,0
3017.TW,combined,FFPFP,FFPFP,366.43439783414317,385.70817153562086,fail,fail,False,False,Both rejected experiments,REJECTED — does not ship,True,0
SCHP.SW,sbc_once,PPPPP,PPPPP,155.01604347378304,157.20712360941835,fail,fail,False,False,Charge SBC once,REJECTED — does not ship,True,0
SCHP.SW,current_scale,PPPPP,PPPPP,155.01604347378304,149.19178324768856,fail,fail,False,False,Current annual scale,REJECTED — does not ship,True,0
SCHP.SW,combined,PPPPP,PPPPP,155.01604347378304,151.27858977672975,fail,fail,False,False,Both rejected experiments,REJECTED — does not ship,True,0
IEX.US,sbc_once,PPPPP,PPPPP,108.47876772601394,113.08455321390261,fail,fail,False,False,Charge SBC once,REJECTED — does not ship,True,0
IEX.US,combined,PPPPP,PPPPP,108.47876772601394,113.08455321390261,fail,fail,False,False,Both rejected experiments,REJECTED — does not ship,True,0
UHR.SW,sbc_once,FFFFP,FFFFP,26.591420195175296,27.787405499079565,fail,fail,False,False,Charge SBC once,REJECTED — does not ship,True,0
UHR.SW,combined,FFFFP,FFFFP,26.591420195175296,27.787405499079565,fail,fail,False,False,Both rejected experiments,REJECTED — does not ship,True,0
ITRN.US,sbc_once,PPPPP,PPPPP,54.45870892641629,63.525309942346006,unclear,pass,False,True,Charge SBC once,REJECTED — does not ship,True,0
ITRN.US,combined,PPPPP,PPPPP,54.45870892641629,66.7343356761663,unclear,pass,False,True,Both rejected experiments,REJECTED — does not ship,True,0
RRX.US,sbc_once,PFPFP,PFPFP,110.08027902252293,116.57904336123418,fail,fail,False,False,Charge SBC once,REJECTED — does not ship,True,0
RRX.US,combined,PFPFP,PFPFP,110.08027902252293,116.57904336123418,fail,fail,False,False,Both rejected experiments,REJECTED — does not ship,True,0
PLUS.LSE,sbc_once,PPPPP,PPPPP,3422.2288561527084,3764.663262704547,unclear,unclear,False,False,Charge SBC once,REJECTED — does not ship,True,0
PLUS.LSE,combined,PPPPP,PPPPP,3422.2288561527084,3764.663262704547,unclear,unclear,False,False,Both rejected experiments,REJECTED — does not ship,True,0
IDCC.US,sbc_once,FPPPP,FPPPP,144.42580481405614,161.65129790171449,fail,fail,False,False,Charge SBC once,REJECTED — does not ship,True,0
IDCC.US,combined,FPPPP,FPPPP,144.42580481405614,161.65129790171449,fail,fail,False,False,Both rejected experiments,REJECTED — does not ship,True,0
BZ.US,sbc_once,FFFPP,FFPPP,,,unclear,unclear,False,False,Charge SBC once,REJECTED — does not ship,True,
BZ.US,combined,FFFPP,FFPPP,,,unclear,unclear,False,False,Both rejected experiments,REJECTED — does not ship,True,
BBWI.US,sbc_once,FPFFP,FPFFP,40.897030557174084,42.74179611479703,pass,pass,False,False,Charge SBC once,REJECTED — does not ship,True,0
BBWI.US,combined,FPFFP,FPFFP,40.897030557174084,42.74179611479703,pass,pass,False,False,Both rejected experiments,REJECTED — does not ship,True,0
BCG.LSE,sbc_once,PPPPP,PPPPP,1.4588867818402185,1.5243031976343693,fail,fail,False,False,Charge SBC once,REJECTED — does not ship,True,0
BCG.LSE,combined,PPPPP,PPPPP,1.4588867818402185,1.5243031976343693,fail,fail,False,False,Both rejected experiments,REJECTED — does not ship,True,0
GPN.US,sbc_once,PFPFP,PFPFP,43.7167495232973,50.89735202763518,fail,fail,False,False,Charge SBC once,REJECTED — does not ship,True,0
GPN.US,combined,PFPFP,PFPFP,43.7167495232973,50.89735202763518,fail,fail,False,False,Both rejected experiments,REJECTED — does not ship,True,0
IVZ.US,sbc_once,FFFFP,FFFFP,24.038181330070085,26.94112690709154,fail,fail,False,False,Charge SBC once,REJECTED — does not ship,True,
IVZ.US,combined,FFFFP,FFFFP,24.038181330070085,26.94112690709154,fail,fail,False,False,Both rejected experiments,REJECTED — does not ship,True,
LAND.LSE,sbc_once,FFFPP,FFFPP,259.0683954480555,272.57901801515214,fail,fail,False,False,Charge SBC once,REJECTED — does not ship,True,0
LAND.LSE,combined,FFFPP,FFFPP,259.0683954480555,272.57901801515214,fail,fail,False,False,Both rejected experiments,REJECTED — does not ship,True,0
MTRN.US,sbc_once,FFFPP,FFPPP,45.69721429591614,50.21240973486101,fail,fail,False,False,Charge SBC once,REJECTED — does not ship,True,0
MTRN.US,combined,FFFPP,FFPPP,45.69721429591614,50.21240973486101,fail,fail,False,False,Both rejected experiments,REJECTED — does not ship,True,0
TPG.AU,sbc_once,FFPFP,FFPFP,2.6305013713335383,2.648349217615892,fail,fail,False,False,Charge SBC once,REJECTED — does not ship,True,0
TPG.AU,combined,FFPFP,FFPFP,2.6305013713335383,2.648349217615892,fail,fail,False,False,Both rejected experiments,REJECTED — does not ship,True,0
CLILF.US,sbc_once,FFFFP,FFFFP,0.6747565918282095,0.7506687926881777,fail,fail,False,False,Charge SBC once,REJECTED — does not ship,True,0
CLILF.US,combined,FFFFP,FFFFP,0.6747565918282095,0.7506687926881777,fail,fail,False,False,Both rejected experiments,REJECTED — does not ship,True,0
AR.US,sbc_once,FFFFP,FFFFP,29.039098380828932,31.40896877333174,fail,fail,False,False,Charge SBC once,REJECTED — does not ship,True,0
AR.US,combined,FFFFP,FFFFP,29.039098380828932,31.40896877333174,fail,fail,False,False,Both rejected experiments,REJECTED — does not ship,True,0
0101.HK,sbc_once,PFFFP,PFFFP,3.767296564081556,3.977649090084731,fail,fail,False,False,Charge SBC once,REJECTED — does not ship,True,0
0101.HK,combined,PFFFP,PFFFP,3.767296564081556,3.977649090084731,fail,fail,False,False,Both rejected experiments,REJECTED — does not ship,True,0
HUM.US,sbc_once,FFFFP,FFFFP,123.46112673074246,149.0440951053174,fail,fail,False,False,Charge SBC once,REJECTED — does not ship,True,0
HUM.US,combined,FFFFP,FFFFP,123.46112673074246,149.0440951053174,fail,fail,False,False,Both rejected experiments,REJECTED — does not ship,True,0
BXB.AU,sbc_once,PFFFP,PFFFP,9.116457362540421,9.6566564616317,fail,fail,False,False,Charge SBC once,REJECTED — does not ship,True,0
BXB.AU,combined,PFFFP,PFFFP,9.116457362540421,9.6566564616317,fail,fail,False,False,Both rejected experiments,REJECTED — does not ship,True,0
CLS.TO,sbc_once,FFPPP,FFPPP,37.48912849087537,49.69826531155141,fail,fail,False,False,Charge SBC once,REJECTED — does not ship,True,0
CLS.TO,combined,FFPPP,FFPPP,37.48912849087537,49.69826531155141,fail,fail,False,False,Both rejected experiments,REJECTED — does not ship,True,0
035720.KO,sbc_once,PPFFP,PPFFP,34115.641175331,35168.59787887876,unclear,unclear,False,False,Charge SBC once,REJECTED — does not ship,True,0
035720.KO,combined,PPFFP,PPFFP,34115.641175331,35168.59787887876,unclear,unclear,False,False,Both rejected experiments,REJECTED — does not ship,True,0
ALGM.US,sbc_once,FFFFP,FFFFP,,1.7493912184968718,unclear,unclear,False,False,Charge SBC once,REJECTED — does not ship,True,
ALGM.US,combined,FFFFP,FFFFP,,1.7493912184968718,unclear,unclear,False,False,Both rejected experiments,REJECTED — does not ship,True,
BIIB.US,sbc_once,FFFFP,FFFFP,97.91400637043576,109.26930297115129,fail,fail,False,False,Charge SBC once,REJECTED — does not ship,True,0
BIIB.US,combined,FFFFP,FFFFP,97.91400637043576,109.26930297115129,fail,fail,False,False,Both rejected experiments,REJECTED — does not ship,True,0
HALO.US,sbc_once,FFFPP,FFFPP,55.89161416586353,63.97395341205225,fail,fail,False,False,Charge SBC once,REJECTED — does not ship,True,
HALO.US,combined,FFFPP,FFFPP,55.89161416586353,63.97395341205225,fail,fail,False,False,Both rejected experiments,REJECTED — does not ship,True,
BOY.LSE,sbc_once,FFPFP,FFPFP,325.25574103519165,350.22066057201243,fail,fail,False,False,Charge SBC once,REJECTED — does not ship,True,0
BOY.LSE,combined,FFPFP,FFPFP,325.25574103519165,350.22066057201243,fail,fail,False,False,Both rejected experiments,REJECTED — does not ship,True,0
VSTS.US,sbc_once,UUUUU,UUUUU,3.1216961405371126,4.213431786994123,unclear,unclear,False,False,Charge SBC once,REJECTED — does not ship,False,
VSTS.US,combined,UUUUU,UUUUU,3.1216961405371126,4.213431786994123,unclear,unclear,False,False,Both rejected experiments,REJECTED — does not ship,False,
FII.PA,sbc_once,FFFFP,FFFFP,19.57172314569361,15.405886527033735,fail,fail,False,False,Charge SBC once,REJECTED — does not ship,True,0
FII.PA,combined,FFFFP,FFFFP,19.57172314569361,15.405886527033735,fail,fail,False,False,Both rejected experiments,REJECTED — does not ship,True,0
PH.US,sbc_once,PPPPP,PPPPP,317.73302919974765,333.0364910637612,fail,fail,False,False,Charge SBC once,REJECTED — does not ship,True,0
PH.US,combined,PPPPP,PPPPP,317.73302919974765,333.0364910637612,fail,fail,False,False,Both rejected experiments,REJECTED — does not ship,True,0
603799.SHG,sbc_once,FFFFP,FFFFP,46.64566033652354,50.519759185247615,unclear,unclear,False,False,Charge SBC once,REJECTED — does not ship,True,0
603799.SHG,combined,FFFFP,FFFFP,46.64566033652354,50.519759185247615,unclear,unclear,False,False,Both rejected experiments,REJECTED — does not ship,True,0
ABM.US,sbc_once,PPPFP,PPPFP,32.841879293185,40.011738807092016,fail,fail,False,False,Charge SBC once,REJECTED — does not ship,True,0
ABM.US,combined,PPPFP,PPPFP,32.841879293185,40.011738807092016,fail,fail,False,False,Both rejected experiments,REJECTED — does not ship,True,0
WEN.US,sbc_once,PFPFP,PFPFP,14.14423962985431,14.917019236976781,pass,pass,False,False,Charge SBC once,REJECTED — does not ship,True,0
WEN.US,combined,PFPFP,PFPFP,14.14423962985431,14.917019236976781,pass,pass,False,False,Both rejected experiments,REJECTED — does not ship,True,0
TRN.LSE,sbc_once,FFFPP,FFPPP,54.390141665337225,137.8747265669042,fail,fail,False,False,Charge SBC once,REJECTED — does not ship,True,0
TRN.LSE,combined,FFFPP,FFPPP,54.390141665337225,137.8747265669042,fail,fail,False,False,Both rejected experiments,REJECTED — does not ship,True,0
MG.US,sbc_once,FFPFP,FFPFP,6.870139570493642,9.890424851822239,fail,fail,False,False,Charge SBC once,REJECTED — does not ship,True,0
MG.US,combined,FFPFP,FFPFP,6.870139570493642,9.890424851822239,fail,fail,False,False,Both rejected experiments,REJECTED — does not ship,True,0
REL.LSE,sbc_once,PPPPP,PPPPP,2410.699900061777,2477.7742411612776,fail,fail,False,False,Charge SBC once,REJECTED — does not ship,True,0
REL.LSE,current_scale,PPPPP,PPPPP,2410.699900061777,2523.514469645266,fail,fail,False,False,Current annual scale,REJECTED — does not ship,True,0
REL.LSE,combined,PPPPP,PPPPP,2410.699900061777,2593.7298316302263,fail,unclear,False,False,Both rejected experiments,REJECTED — does not ship,True,0
ETSY.US,sbc_once,FPFPP,FPPPP,,29.64179074501308,unclear,fail,False,False,Charge SBC once,REJECTED — does not ship,True,
ETSY.US,combined,FPFPP,FPPPP,,29.64179074501308,unclear,fail,False,False,Both rejected experiments,REJECTED — does not ship,True,
DOX.US,sbc_once,PPPFP,PPPFP,53.90302102368642,67.05582931269541,fail,unclear,False,False,Charge SBC once,REJECTED — does not ship,True,0
DOX.US,combined,PPPFP,PPPFP,53.90302102368642,67.05582931269541,fail,unclear,False,False,Both rejected experiments,REJECTED — does not ship,True,0
YETI.US,sbc_once,PPPPP,PPPPP,21.568040872183857,32.433932546910434,fail,fail,False,False,Charge SBC once,REJECTED — does not ship,True,-3.552713678800501e-15
YETI.US,combined,PPPPP,PPPPP,21.568040872183857,32.433932546910434,fail,fail,False,False,Both rejected experiments,REJECTED — does not ship,True,-3.552713678800501e-15
ALL.AU,current_scale,PPPPP,PPPPP,43.67523859962259,41.68768150078307,fail,fail,False,False,Current annual scale,REJECTED — does not ship,True,0
ALL.AU,combined,PPPPP,PPPPP,43.67523859962259,43.93946485983549,fail,fail,False,False,Both rejected experiments,REJECTED — does not ship,True,0
MGNS.LSE,sbc_once,PPPFP,PPPFP,5295.117918935278,5542.38620386825,unclear,unclear,False,False,Charge SBC once,REJECTED — does not ship,True,0
MGNS.LSE,combined,PPPFP,PPPFP,5295.117918935278,5542.38620386825,unclear,unclear,False,False,Both rejected experiments,REJECTED — does not ship,True,0
MYE.US,sbc_once,FFPPP,FFPPP,14.816116194341863,17.02499924897974,fail,fail,False,False,Charge SBC once,REJECTED — does not ship,True,0
MYE.US,combined,FFPPP,FFPPP,14.816116194341863,17.02499924897974,fail,fail,False,False,Both rejected experiments,REJECTED — does not ship,True,0
SWBI.US,sbc_once,FFFFP,FFFFP,4.567793829022512,6.814826594313691,fail,fail,False,False,Charge SBC once,REJECTED — does not ship,True,0
SWBI.US,combined,FFFFP,FFFFP,4.567793829022512,6.814826594313691,fail,fail,False,False,Both rejected experiments,REJECTED — does not ship,True,0
ADEN.SW,sbc_once,FPFFP,FPFFP,17.538576056099817,18.907008763645578,fail,fail,False,False,Charge SBC once,REJECTED — does not ship,True,0
ADEN.SW,combined,FPFFP,FPFFP,17.538576056099817,18.907008763645578,fail,fail,False,False,Both rejected experiments,REJECTED — does not ship,True,0
603259.SHG,sbc_once,PPPPP,PPPPP,62.54666587449078,64.89461065866007,fail,fail,False,False,Charge SBC once,REJECTED — does not ship,True,0
603259.SHG,combined,PPPPP,PPPPP,62.54666587449078,64.89461065866007,fail,fail,False,False,Both rejected experiments,REJECTED — does not ship,True,0
MGM.US,sbc_once,FFPFP,FFPFP,14.19625041880924,18.594173677916793,fail,fail,False,False,Charge SBC once,REJECTED — does not ship,False,-1.2550224185264103
MGM.US,combined,FFPFP,FFPFP,14.19625041880924,18.594173677916793,fail,fail,False,False,Both rejected experiments,REJECTED — does not ship,False,-1.2550224185264103
TSLA.US,sbc_once,FFFFP,FFPFP,,,unclear,unclear,False,False,Charge SBC once,REJECTED — does not ship,True,
TSLA.US,combined,FFFFP,FFPFP,,,unclear,unclear,False,False,Both rejected experiments,REJECTED — does not ship,True,
RSG.US,sbc_once,PPPPP,PPPPP,85.1653632900962,87.2263439176123,fail,fail,False,False,Charge SBC once,REJECTED — does not ship,True,0
RSG.US,combined,PPPPP,PPPPP,85.1653632900962,87.2263439176123,fail,fail,False,False,Both rejected experiments,REJECTED — does not ship,True,0
CVI.US,sbc_once,FFFPP,FFFPP,30.769452194918703,35.967125783368175,fail,fail,False,False,Charge SBC once,REJECTED — does not ship,True,0
CVI.US,combined,FFFPP,FFFPP,30.769452194918703,35.967125783368175,fail,fail,False,False,Both rejected experiments,REJECTED — does not ship,True,0
WAF.AU,sbc_once,FFFFP,FFFFP,3.1407425652606094,3.1846982663283323,fail,fail,False,False,Charge SBC once,REJECTED — does not ship,True,0
WAF.AU,combined,FFFFP,FFFFP,3.1407425652606094,3.1846982663283323,fail,fail,False,False,Both rejected experiments,REJECTED — does not ship,True,0
ESRT.US,sbc_once,PFFFP,PFFFP,1.7713665949776243,3.5897261149586495,fail,fail,False,False,Charge SBC once,REJECTED — does not ship,True,0
ESRT.US,combined,PFFFP,PFFFP,1.7713665949776243,3.5897261149586495,fail,fail,False,False,Both rejected experiments,REJECTED — does not ship,True,0
CMCSA.US,sbc_once,PFPFP,PFPFP,48.96320447120829,53.78111888403479,pass,pass,False,False,Charge SBC once,REJECTED — does not ship,True,0
CMCSA.US,combined,PFPFP,PFPFP,48.96320447120829,53.78111888403479,pass,pass,False,False,Both rejected experiments,REJECTED — does not ship,True,0
CHWY.US,sbc_once,FFFPP,FFPPP,,1.984368137477824,unclear,fail,False,False,Charge SBC once,REJECTED — does not ship,True,
CHWY.US,combined,FFFPP,FFPPP,,1.984368137477824,unclear,fail,False,False,Both rejected experiments,REJECTED — does not ship,True,
SPOT.US,sbc_once,FFFFP,FFPFP,,,unclear,unclear,False,False,Charge SBC once,REJECTED — does not ship,True,
SPOT.US,combined,FFFFP,FFPFP,,,unclear,unclear,False,False,Both rejected experiments,REJECTED — does not ship,True,
GOOS.US,sbc_once,FFPFP,FFPFP,9.423506508009543,11.812040543544096,unclear,unclear,False,False,Charge SBC once,REJECTED — does not ship,True,0
GOOS.US,combined,FFPFP,FFPFP,9.423506508009543,11.812040543544096,unclear,unclear,False,False,Both rejected experiments,REJECTED — does not ship,True,0
MLM.US,sbc_once,PFPPP,PFPPP,228.6435382083577,239.9350640876021,fail,fail,False,False,Charge SBC once,REJECTED — does not ship,True,0
MLM.US,combined,PFPPP,PFPPP,228.6435382083577,239.9350640876021,fail,fail,False,False,Both rejected experiments,REJECTED — does not ship,True,0
AXTA.US,sbc_once,PFPFP,PFPFP,26.45725652543482,28.004753484207875,fail,fail,False,False,Charge SBC once,REJECTED — does not ship,True,0
AXTA.US,combined,PFPFP,PFPFP,26.45725652543482,28.004753484207875,fail,fail,False,False,Both rejected experiments,REJECTED — does not ship,True,0
HXL.US,sbc_once,FFFFP,FFFFP,22.143187829424857,24.381900096449883,fail,fail,False,False,Charge SBC once,REJECTED — does not ship,True,0
HXL.US,combined,FFFFP,FFFFP,22.143187829424857,24.381900096449883,fail,fail,False,False,Both rejected experiments,REJECTED — does not ship,True,0
SHO.US,sbc_once,FFFFP,FFFFP,0.9766113006210249,1.6736950685319851,fail,fail,False,False,Charge SBC once,REJECTED — does not ship,True,0
SHO.US,combined,FFFFP,FFFFP,0.9766113006210249,1.6736950685319851,fail,fail,False,False,Both rejected experiments,REJECTED — does not ship,True,0
SRG.AU,sbc_once,FFPFP,FFPFP,0.9408461632185097,0.9667667077640195,fail,fail,False,False,Charge SBC once,REJECTED — does not ship,True,0
SRG.AU,combined,FFPFP,FFPFP,0.9408461632185097,0.9667667077640195,fail,fail,False,False,Both rejected experiments,REJECTED — does not ship,True,0
UTZ.US,sbc_once,FFFPP,FFPPP,,,unclear,unclear,False,False,Charge SBC once,REJECTED — does not ship,True,
UTZ.US,combined,FFFPP,FFPPP,,,unclear,unclear,False,False,Both rejected experiments,REJECTED — does not ship,True,
NKE.US,sbc_once,PPFFP,PPFFP,26.01942438562003,31.910419623303596,fail,fail,False,False,Charge SBC once,REJECTED — does not ship,True,0
NKE.US,combined,PPFFP,PPFFP,26.01942438562003,31.910419623303596,fail,fail,False,False,Both rejected experiments,REJECTED — does not ship,True,0
WST.US,sbc_once,PPFPP,PPFPP,115.63478209945787,122.20260187708233,fail,fail,False,False,Charge SBC once,REJECTED — does not ship,True,0
WST.US,combined,PPFPP,PPFPP,115.63478209945787,122.20260187708233,fail,fail,False,False,Both rejected experiments,REJECTED — does not ship,True,0
CTSH.US,sbc_once,PPPPP,PPPPP,83.3230255811798,87.97166944748145,pass,pass,True,True,Charge SBC once,REJECTED — does not ship,True,0
CTSH.US,current_scale,PPPPP,PPPPP,83.3230255811798,84.95176609449028,pass,pass,True,True,Current annual scale,REJECTED — does not ship,True,0
CTSH.US,combined,PPPPP,PPPPP,83.3230255811798,87.97166944748145,pass,pass,True,True,Both rejected experiments,REJECTED — does not ship,True,0
DKS.US,sbc_once,FFPPP,FFPPP,,24.632881188124784,unclear,fail,False,False,Charge SBC once,REJECTED — does not ship,True,
DKS.US,combined,FFPPP,FFPPP,,24.632881188124784,unclear,fail,False,False,Both rejected experiments,REJECTED — does not ship,True,
N91.LSE,sbc_once,PPFFP,PPFFP,217.99847092431907,247.83885730874965,unclear,unclear,False,False,Charge SBC once,REJECTED — does not ship,True,2.842170943040401e-14
N91.LSE,combined,PPFFP,PPFFP,217.99847092431907,247.83885730874965,unclear,unclear,False,False,Both rejected experiments,REJECTED — does not ship,True,2.842170943040401e-14
TROW.US,sbc_once,PPPFP,PPPFP,123.15571794824181,137.11732443523655,unclear,unclear,False,False,Charge SBC once,REJECTED — does not ship,True,-60.1077893586489
TROW.US,combined,PPPFP,PPPFP,123.15571794824181,137.11732443523655,unclear,unclear,False,False,Both rejected experiments,REJECTED — does not ship,True,-60.1077893586489
RXL.PA,sbc_once,FFPPP,FFPPP,17.37101891785566,18.68406778165927,fail,fail,False,False,Charge SBC once,REJECTED — does not ship,True,0
RXL.PA,combined,FFPPP,FFPPP,17.37101891785566,18.68406778165927,fail,fail,False,False,Both rejected experiments,REJECTED — does not ship,True,0
TRS.US,sbc_once,FFFFP,FFFFP,53.69098337742069,56.9845853405383,unclear,unclear,False,False,Charge SBC once,REJECTED — does not ship,True,0
TRS.US,combined,FFFFP,FFFFP,53.69098337742069,56.9845853405383,unclear,unclear,False,False,Both rejected experiments,REJECTED — does not ship,True,0
2382.HK,sbc_once,PPFPP,PPFPP,71.69916365107505,77.90090820318231,unclear,unclear,False,False,Charge SBC once,REJECTED — does not ship,True,0
2382.HK,combined,PPFPP,PPFPP,71.69916365107505,77.90090820318231,unclear,unclear,False,False,Both rejected experiments,REJECTED — does not ship,True,0
SCT.LSE,sbc_once,PPFPP,PPFPP,1072.0094833853555,1102.077054456476,fail,fail,False,False,Charge SBC once,REJECTED — does not ship,True,0
SCT.LSE,combined,PPFPP,PPFPP,1072.0094833853555,1102.077054456476,fail,fail,False,False,Both rejected experiments,REJECTED — does not ship,True,0
TEL2-B.ST,sbc_once,FFPPP,FFPPP,108.08167267841117,109.15763089997535,fail,fail,False,False,Charge SBC once,REJECTED — does not ship,True,0
TEL2-B.ST,combined,FFPPP,FFPPP,108.08167267841117,109.15763089997535,fail,fail,False,False,Both rejected experiments,REJECTED — does not ship,True,0
LAD.US,sbc_once,PFPFP,PFPFP,616.7309828956663,663.553418210765,pass,pass,False,False,Charge SBC once,REJECTED — does not ship,True,-1.1368683772161603e-13
LAD.US,combined,PFPFP,PFPFP,616.7309828956663,663.553418210765,pass,pass,False,False,Both rejected experiments,REJECTED — does not ship,True,-1.1368683772161603e-13
LNW.AU,sbc_once,FFPPF,FFPPF,61.12026091092765,90.00720945468294,fail,fail,False,False,Charge SBC once,REJECTED — does not ship,True,0
LNW.AU,combined,FFPPF,FFPPF,61.12026091092765,90.00720945468294,fail,fail,False,False,Both rejected experiments,REJECTED — does not ship,True,0
PRVA.US,sbc_once,FFFPP,FFFPP,,3199.31895664351,unclear,unclear,False,False,Charge SBC once,REJECTED — does not ship,True,
PRVA.US,combined,FFFPP,FFFPP,,3199.31895664351,unclear,unclear,False,False,Both rejected experiments,REJECTED — does not ship,True,
ATS.TO,sbc_once,PPFFP,PPFFP,16.986983180466247,17.316804248755215,fail,fail,False,False,Charge SBC once,REJECTED — does not ship,True,0
ATS.TO,combined,PPFFP,PPFFP,16.986983180466247,17.316804248755215,fail,fail,False,False,Both rejected experiments,REJECTED — does not ship,True,0
AEM.TO,sbc_once,FFPFP,FFPFP,106.87559478804783,111.10874210729389,fail,fail,False,False,Charge SBC once,REJECTED — does not ship,True,0
AEM.TO,combined,FFPFP,FFPFP,106.87559478804783,111.10874210729389,fail,fail,False,False,Both rejected experiments,REJECTED — does not ship,True,0
AXON.US,sbc_once,FFFFP,FFFFP,,26.486650451645186,unclear,fail,False,False,Charge SBC once,REJECTED — does not ship,True,
AXON.US,combined,FFFFP,FFFFP,,26.486650451645186,unclear,fail,False,False,Both rejected experiments,REJECTED — does not ship,True,
0001.HK,sbc_once,FFPFP,FFFFP,,,unclear,unclear,False,False,Charge SBC once,REJECTED — does not ship,True,
0001.HK,combined,FFPFP,FFFFP,,,unclear,unclear,False,False,Both rejected experiments,REJECTED — does not ship,True,
MSGE.US,sbc_once,FFPPF,FFPPF,37.71046271912234,45.953192576543444,fail,fail,False,False,Charge SBC once,REJECTED — does not ship,True,
MSGE.US,combined,FFPPF,FFPPF,37.71046271912234,45.953192576543444,fail,fail,False,False,Both rejected experiments,REJECTED — does not ship,True,
BSM.US,sbc_once,FPPFP,FPPFP,14.682862477999215,15.307637640591183,unclear,unclear,False,False,Charge SBC once,REJECTED — does not ship,True,0
BSM.US,combined,FPPFP,FPPFP,14.682862477999215,15.307637640591183,unclear,unclear,False,False,Both rejected experiments,REJECTED — does not ship,True,0
CVX.US,sbc_once,FFPPP,FFPPP,99.91725392662924,99.91979007459294,fail,fail,False,False,Charge SBC once,REJECTED — does not ship,True,0
CVX.US,combined,FFPPP,FFPPP,99.91725392662924,99.91979007459294,fail,fail,False,False,Both rejected experiments,REJECTED — does not ship,True,0
2303.TW,sbc_once,FFFPP,FFFPP,59.44584452946578,61.17735401557546,fail,fail,False,False,Charge SBC once,REJECTED — does not ship,True,0
2303.TW,combined,FFFPP,FFFPP,59.44584452946578,61.17735401557546,fail,fail,False,False,Both rejected experiments,REJECTED — does not ship,True,0
DSV.CO,sbc_once,PPPPP,PPPPP,586.371607778071,614.3526104967069,fail,fail,False,False,Charge SBC once,REJECTED — does not ship,True,0
DSV.CO,combined,PPPPP,PPPPP,586.371607778071,614.3526104967069,fail,fail,False,False,Both rejected experiments,REJECTED — does not ship,True,0
UMG.AS,sbc_once,PFPPP,PFPPP,6.520053169582192,8.845374229866646,fail,fail,False,False,Charge SBC once,REJECTED — does not ship,True,0
UMG.AS,combined,PFPPP,PFPPP,6.520053169582192,8.845374229866646,fail,fail,False,False,Both rejected experiments,REJECTED — does not ship,True,0
VAL.US,sbc_once,FFFPP,FFFPP,88.55408879140928,95.08637064385611,unclear,unclear,False,False,Charge SBC once,REJECTED — does not ship,True,0
VAL.US,combined,FFFPP,FFFPP,88.55408879140928,95.08637064385611,unclear,unclear,False,False,Both rejected experiments,REJECTED — does not ship,True,0
FDS.US,sbc_once,PPPPP,PPPPP,288.0639543747451,330.75707412933957,unclear,pass,False,True,Charge SBC once,REJECTED — does not ship,True,-8.32840101529274
FDS.US,current_scale,PPPPP,PPPPP,288.0639543747451,290.25439458927644,unclear,unclear,False,False,Current annual scale,REJECTED — does not ship,True,-8.32840101529274
FDS.US,combined,PPPPP,PPPPP,288.0639543747451,344.0326399398091,unclear,pass,False,True,Both rejected experiments,REJECTED — does not ship,True,-8.32840101529274
ROAD.US,sbc_once,PFFPP,PFPPP,9.041098533760048,11.457754539615426,fail,fail,False,False,Charge SBC once,REJECTED — does not ship,True,
ROAD.US,combined,PFFPP,PFPPP,9.041098533760048,11.457754539615426,fail,fail,False,False,Both rejected experiments,REJECTED — does not ship,True,
ECVT.US,sbc_once,FFFFP,FFPFP,,,unclear,unclear,False,False,Charge SBC once,REJECTED — does not ship,True,
ECVT.US,combined,FFFFP,FFPFP,,,unclear,unclear,False,False,Both rejected experiments,REJECTED — does not ship,True,
BAJAJ-AUTO.NSE,sbc_once,PPPPP,PPPPP,4287.184315266899,4326.603280577006,fail,fail,False,False,Charge SBC once,REJECTED — does not ship,True,
BAJAJ-AUTO.NSE,combined,PPPPP,PPPPP,4287.184315266899,4326.603280577006,fail,fail,False,False,Both rejected experiments,REJECTED — does not ship,True,
V.US,sbc_once,PPPPP,PPPPP,192.7351334071671,201.76497662894752,fail,fail,False,False,Charge SBC once,REJECTED — does not ship,True,0
V.US,current_scale,PPPPP,PPPPP,192.7351334071671,222.60509963733193,fail,fail,False,False,Current annual scale,REJECTED — does not ship,True,0
V.US,combined,PPPPP,PPPPP,192.7351334071671,233.18831799148097,fail,fail,False,False,Both rejected experiments,REJECTED — does not ship,True,0
CI.US,sbc_once,FFFPP,FFFPP,266.23914072565736,278.6503582790538,fail,unclear,False,False,Charge SBC once,REJECTED — does not ship,True,0
CI.US,combined,FFFPP,FFFPP,266.23914072565736,278.6503582790538,fail,unclear,False,False,Both rejected experiments,REJECTED — does not ship,True,0
WBD.US,sbc_once,FFFFP,FFFFP,11.998807489968703,16.600113335237523,fail,fail,False,False,Charge SBC once,REJECTED — does not ship,True,0
WBD.US,combined,FFFFP,FFFFP,11.998807489968703,16.600113335237523,fail,fail,False,False,Both rejected experiments,REJECTED — does not ship,True,0
CR.US,sbc_once,PPPPP,PPPPP,77.12952819760072,82.90246843869672,fail,fail,False,False,Charge SBC once,REJECTED — does not ship,True,0
CR.US,combined,PPPPP,PPPPP,77.12952819760072,82.90246843869672,fail,fail,False,False,Both rejected experiments,REJECTED — does not ship,True,0
SAP.TO,sbc_once,PPFFP,PPFFP,4.911892733518822,6.0712064023574985,fail,fail,False,False,Charge SBC once,REJECTED — does not ship,True,0
SAP.TO,combined,PPFFP,PPFFP,4.911892733518822,6.0712064023574985,fail,fail,False,False,Both rejected experiments,REJECTED — does not ship,True,0
HEXA-B.ST,sbc_once,PPPPP,PPPPP,47.15817568283537,49.0086882369515,fail,fail,False,False,Charge SBC once,REJECTED — does not ship,True,0
HEXA-B.ST,combined,PPPPP,PPPPP,47.15817568283537,49.0086882369515,fail,fail,False,False,Both rejected experiments,REJECTED — does not ship,True,0
278470.KO,sbc_once,FPPUP,FPPUP,32423.39504871172,33453.099748327106,unclear,unclear,False,False,Charge SBC once,REJECTED — does not ship,False,
278470.KO,combined,FPPUP,FPPUP,32423.39504871172,33453.099748327106,unclear,unclear,False,False,Both rejected experiments,REJECTED — does not ship,False,
FOUR.LSE,sbc_once,FPPPP,FPPPP,5625.049776016058,5708.871366319887,unclear,unclear,False,False,Charge SBC once,REJECTED — does not ship,True,0
FOUR.LSE,combined,FPPPP,FPPPP,5625.049776016058,5708.871366319887,unclear,unclear,False,False,Both rejected experiments,REJECTED — does not ship,True,0
KDP.US,sbc_once,PFPFP,PFPFP,19.48239245872045,20.52429720102903,fail,fail,False,False,Charge SBC once,REJECTED — does not ship,True,0
KDP.US,combined,PFPFP,PFPFP,19.48239245872045,20.52429720102903,fail,fail,False,False,Both rejected experiments,REJECTED — does not ship,True,0
PTEN.US,sbc_once,FFPFP,FFPFP,4.6179958140695865,5.302320040704219,fail,fail,False,False,Charge SBC once,REJECTED — does not ship,True,0
PTEN.US,combined,FFPFP,FFPFP,4.6179958140695865,5.302320040704219,fail,fail,False,False,Both rejected experiments,REJECTED — does not ship,True,0
WT.US,sbc_once,PPPFP,PPPFP,,4.505856335408202,unclear,fail,False,False,Charge SBC once,REJECTED — does not ship,True,
WT.US,combined,PPPFP,PPPFP,,4.505856335408202,unclear,fail,False,False,Both rejected experiments,REJECTED — does not ship,True,
MKSI.US,sbc_once,FFPFP,FFPFP,76.0817137151902,84.89988118746999,fail,fail,False,False,Charge SBC once,REJECTED — does not ship,True,0
MKSI.US,combined,FFPFP,FFPFP,76.0817137151902,84.89988118746999,fail,fail,False,False,Both rejected experiments,REJECTED — does not ship,True,0
TGS.US,current_scale,PPPPP,PPPPP,28.229585842069305,32.2181375591507,unclear,unclear,False,False,Current annual scale,REJECTED — does not ship,True,0
WCC.US,sbc_once,PFPPP,PFPPP,291.64774901651754,307.53232635069105,fail,fail,False,False,Charge SBC once,REJECTED — does not ship,True,0
WCC.US,combined,PFPPP,PFPPP,291.64774901651754,307.53232635069105,fail,fail,False,False,Both rejected experiments,REJECTED — does not ship,True,0
CWK.US,sbc_once,FFPFP,FFPFP,3.4840125989531177,7.3736466566067795,fail,fail,False,False,Charge SBC once,REJECTED — does not ship,True,0
CWK.US,combined,FFPFP,FFPFP,3.4840125989531177,7.3736466566067795,fail,fail,False,False,Both rejected experiments,REJECTED — does not ship,True,0
6861.JP,current_scale,PPPPP,PPPPP,38459.46783426739,44626.87001125739,fail,fail,False,False,Current annual scale,REJECTED — does not ship,True,0
6861.JP,combined,PPPPP,PPPPP,38459.46783426739,44626.87001125739,fail,fail,False,False,Both rejected experiments,REJECTED — does not ship,True,0
PAYX.US,sbc_once,PPPPP,PPPPP,87.66763691401215,92.4224934300776,fail,fail,False,False,Charge SBC once,REJECTED — does not ship,True,0
PAYX.US,current_scale,PPPPP,PPPPP,87.66763691401215,104.52428116855019,fail,unclear,False,False,Current annual scale,REJECTED — does not ship,True,0
PAYX.US,combined,PPPPP,PPPPP,87.66763691401215,108.1845973368503,fail,unclear,False,False,Both rejected experiments,REJECTED — does not ship,True,0
USFD.US,sbc_once,FFPPP,FFPPP,28.551692680898825,31.95842873941516,fail,fail,False,False,Charge SBC once,REJECTED — does not ship,True,0
USFD.US,combined,FFPPP,FFPPP,28.551692680898825,31.95842873941516,fail,fail,False,False,Both rejected experiments,REJECTED — does not ship,True,0
TEMN.SW,sbc_once,PPPFP,PPPFP,28.169450926126885,35.05369913392535,fail,fail,False,False,Charge SBC once,REJECTED — does not ship,True,0
TEMN.SW,combined,PPPFP,PPPFP,28.169450926126885,35.05369913392535,fail,fail,False,False,Both rejected experiments,REJECTED — does not ship,True,0
DB1.XETRA,sbc_once,PFPPP,PFPPP,338.3659295670219,344.8399766034073,unclear,unclear,False,False,Charge SBC once,REJECTED — does not ship,True,0
DB1.XETRA,combined,PFPPP,PFPPP,338.3659295670219,344.8399766034073,unclear,unclear,False,False,Both rejected experiments,REJECTED — does not ship,True,0
YUM.US,sbc_once,PPPPP,PPPPP,113.82001838547042,116.32901633418261,fail,fail,False,False,Charge SBC once,REJECTED — does not ship,True,0
YUM.US,current_scale,PPPPP,PPPPP,113.82001838547042,117.40533001158539,fail,fail,False,False,Current annual scale,REJECTED — does not ship,True,0
YUM.US,combined,PPPPP,PPPPP,113.82001838547042,117.90681402880055,fail,fail,False,False,Both rejected experiments,REJECTED — does not ship,True,0
4704.JP,sbc_once,PFPFP,PFPFP,6469.9661527374665,6645.834781289721,fail,fail,False,False,Charge SBC once,REJECTED — does not ship,True,0
4704.JP,combined,PFPFP,PFPFP,6469.9661527374665,6645.834781289721,fail,fail,False,False,Both rejected experiments,REJECTED — does not ship,True,0
ABX.TO,sbc_once,PFPPP,PFPPP,24.927347056720816,25.922186606265083,fail,fail,False,False,Charge SBC once,REJECTED — does not ship,True,0
ABX.TO,combined,PFPPP,PFPPP,24.927347056720816,25.922186606265083,fail,fail,False,False,Both rejected experiments,REJECTED — does not ship,True,0
CARR.US,sbc_once,PFFFP,PFFFP,30.983059426334528,31.933593789939057,fail,fail,False,False,Charge SBC once,REJECTED — does not ship,True,0
CARR.US,combined,PFFFP,PFFFP,30.983059426334528,31.933593789939057,fail,fail,False,False,Both rejected experiments,REJECTED — does not ship,True,0
SUNB.US,sbc_once,UUUUU,UUUUU,84.324003887906,87.45543060179264,unclear,unclear,False,False,Charge SBC once,REJECTED — does not ship,False,
SUNB.US,combined,UUUUU,UUUUU,84.324003887906,87.45543060179264,unclear,unclear,False,False,Both rejected experiments,REJECTED — does not ship,False,
MRO.LSE,sbc_once,FFPPP,FFPPP,98.9870996732908,112.96048954522651,fail,fail,False,False,Charge SBC once,REJECTED — does not ship,True,0
MRO.LSE,combined,FFPPP,FFPPP,98.9870996732908,112.96048954522651,fail,fail,False,False,Both rejected experiments,REJECTED — does not ship,True,0
WCN.TO,sbc_once,PFPPP,PFPPP,45.041992906889575,50.61336119067778,fail,fail,False,False,Charge SBC once,REJECTED — does not ship,True,0
WCN.TO,combined,PFPPP,PFPPP,45.041992906889575,50.61336119067778,fail,fail,False,False,Both rejected experiments,REJECTED — does not ship,True,0
BYD.US,sbc_once,FFPPP,FFPPP,140.58840309304543,148.1522026681865,unclear,pass,False,False,Charge SBC once,REJECTED — does not ship,True,0
BYD.US,combined,FFPPP,FFPPP,140.58840309304543,148.1522026681865,unclear,pass,False,False,Both rejected experiments,REJECTED — does not ship,True,0
9633.HK,sbc_once,PPPPP,PPPPP,12.877741291345258,12.88487841941481,fail,fail,False,False,Charge SBC once,REJECTED — does not ship,True,-1.7763568394002505e-15
9633.HK,combined,PPPPP,PPPPP,12.877741291345258,12.88487841941481,fail,fail,False,False,Both rejected experiments,REJECTED — does not ship,True,-1.7763568394002505e-15
DAC.US,sbc_once,FFPFP,FFPFP,200.28584652581486,212.566028580285,unclear,unclear,False,False,Charge SBC once,REJECTED — does not ship,True,0
DAC.US,combined,FFPFP,FFPFP,200.28584652581486,212.566028580285,unclear,unclear,False,False,Both rejected experiments,REJECTED — does not ship,True,0
600132.SHG,sbc_once,FPPPP,FPPPP,48.110413466084495,48.48156068585698,unclear,unclear,False,False,Charge SBC once,REJECTED — does not ship,True,0
600132.SHG,combined,FPPPP,FPPPP,48.110413466084495,48.48156068585698,unclear,unclear,False,False,Both rejected experiments,REJECTED — does not ship,True,0
ESAB.US,sbc_once,PPPPP,PPPPP,42.53262965070322,46.80950174615548,fail,fail,False,False,Charge SBC once,REJECTED — does not ship,True,0
ESAB.US,combined,PPPPP,PPPPP,42.53262965070322,46.80950174615548,fail,fail,False,False,Both rejected experiments,REJECTED — does not ship,True,0
2308.TW,sbc_once,PPPFP,PPPFP,278.2573132675666,278.58555281674745,fail,fail,False,False,Charge SBC once,REJECTED — does not ship,True,5.684341886080802e-14
2308.TW,combined,PPPFP,PPPFP,278.2573132675666,278.58555281674745,fail,fail,False,False,Both rejected experiments,REJECTED — does not ship,True,5.684341886080802e-14
JHX.US,sbc_once,PPFFP,PPFFP,1.7158157873966133,2.524676020410008,fail,fail,False,False,Charge SBC once,REJECTED — does not ship,True,0
JHX.US,combined,PPFFP,PPFFP,1.7158157873966133,2.524676020410008,fail,fail,False,False,Both rejected experiments,REJECTED — does not ship,True,0
CFR.SW,sbc_once,PFFPP,PFPPP,61.9766276043563,64.09762641971538,fail,fail,False,False,Charge SBC once,REJECTED — does not ship,True,0
CFR.SW,combined,PFFPP,PFPPP,61.9766276043563,64.09762641971538,fail,fail,False,False,Both rejected experiments,REJECTED — does not ship,True,0
ASM.AS,sbc_once,PFPPP,PFPPP,231.10062282886184,247.64074430777825,fail,fail,False,False,Charge SBC once,REJECTED — does not ship,True,0
ASM.AS,combined,PFPPP,PFPPP,231.10062282886184,247.64074430777825,fail,fail,False,False,Both rejected experiments,REJECTED — does not ship,True,0
ROR.LSE,sbc_once,PPPPP,PPPPP,180.6459553944442,192.9427247484132,fail,fail,False,False,Charge SBC once,REJECTED — does not ship,True,0
ROR.LSE,current_scale,PPPPP,PPPPP,180.6459553944442,212.17721450106538,fail,fail,False,False,Current annual scale,REJECTED — does not ship,True,0
ROR.LSE,combined,PPPPP,PPPPP,180.6459553944442,231.02127363962697,fail,fail,False,False,Both rejected experiments,REJECTED — does not ship,True,0
VPG.US,sbc_once,FFFFP,FFFFP,16.68005343225458,18.50720907672687,fail,fail,False,False,Charge SBC once,REJECTED — does not ship,True,0
VPG.US,combined,FFFFP,FFFFP,16.68005343225458,18.50720907672687,fail,fail,False,False,Both rejected experiments,REJECTED — does not ship,True,0
VIVT3.SA,sbc_once,PFPPP,PFPPP,16.642897001394463,16.06554086613405,fail,fail,False,False,Charge SBC once,REJECTED — does not ship,True,0
VIVT3.SA,combined,PFPPP,PFPPP,16.642897001394463,16.06554086613405,fail,fail,False,False,Both rejected experiments,REJECTED — does not ship,True,0
600887.SHG,sbc_once,PPPPP,PPPPP,19.86531997680064,19.984401926803077,fail,fail,False,False,Charge SBC once,REJECTED — does not ship,True,0
600887.SHG,current_scale,PPPPP,PPPPP,19.86531997680064,20.0327602921761,fail,fail,False,False,Current annual scale,REJECTED — does not ship,True,0
600887.SHG,combined,PPPPP,PPPPP,19.86531997680064,20.383021471847766,fail,fail,False,False,Both rejected experiments,REJECTED — does not ship,True,0
TRMD.US,sbc_once,FFFFP,FFFFP,27.196813142836824,32.1503624273305,fail,fail,False,False,Charge SBC once,REJECTED — does not ship,True,
TRMD.US,combined,FFFFP,FFFFP,27.196813142836824,32.1503624273305,fail,fail,False,False,Both rejected experiments,REJECTED — does not ship,True,
LH.US,sbc_once,FPPFP,FPPFP,152.94339936320418,172.23576839949317,fail,fail,False,False,Charge SBC once,REJECTED — does not ship,True,0
LH.US,combined,FPPFP,FPPFP,152.94339936320418,172.23576839949317,fail,fail,False,False,Both rejected experiments,REJECTED — does not ship,True,0
NOVN.SW,sbc_once,PPPPP,PPPPP,80.54907266869623,86.7299626389309,fail,fail,False,False,Charge SBC once,REJECTED — does not ship,True,0
NOVN.SW,combined,PPPPP,PPPPP,80.54907266869623,86.7299626389309,fail,fail,False,False,Both rejected experiments,REJECTED — does not ship,True,0
BAM.TO,sbc_once,FFPFF,FFPFF,7.370115420336694,7.403425497211357,fail,fail,False,False,Charge SBC once,REJECTED — does not ship,True,0
BAM.TO,combined,FFPFF,FFPFF,7.370115420336694,7.403425497211357,fail,fail,False,False,Both rejected experiments,REJECTED — does not ship,True,0
SYY.US,sbc_once,PPPPP,PPPPP,49.86224487826742,52.274139180821585,fail,fail,False,False,Charge SBC once,REJECTED — does not ship,True,0
SYY.US,combined,PPPPP,PPPPP,49.86224487826742,52.274139180821585,fail,fail,False,False,Both rejected experiments,REJECTED — does not ship,True,0
IT.US,sbc_once,FPPPP,FPPPP,224.04592149055608,271.9842742116061,unclear,unclear,False,False,Charge SBC once,REJECTED — does not ship,True,-2.842170943040401e-14
IT.US,combined,FPPPP,FPPPP,224.04592149055608,271.9842742116061,unclear,unclear,False,False,Both rejected experiments,REJECTED — does not ship,True,-2.842170943040401e-14
CUBE.US,sbc_once,PFPFP,PFPFP,27.549227746120327,28.224171641523906,fail,fail,False,False,Charge SBC once,REJECTED — does not ship,True,0
CUBE.US,combined,PFPFP,PFPFP,27.549227746120327,28.224171641523906,fail,fail,False,False,Both rejected experiments,REJECTED — does not ship,True,0
NWH.AU,sbc_once,PFPPP,PFPPP,3.2374759280400984,3.6931008727678765,fail,fail,False,False,Charge SBC once,REJECTED — does not ship,True,0
NWH.AU,combined,PFPPP,PFPPP,3.2374759280400984,3.6931008727678765,fail,fail,False,False,Both rejected experiments,REJECTED — does not ship,True,0
CMG.US,sbc_once,FFPPP,FFPPP,14.76926612476032,16.287287773585607,fail,fail,False,False,Charge SBC once,REJECTED — does not ship,True,0
CMG.US,combined,FFPPP,FFPPP,14.76926612476032,16.287287773585607,fail,fail,False,False,Both rejected experiments,REJECTED — does not ship,True,0
KBR.US,sbc_once,FPPPP,FPPPP,21.95005759734624,25.902994847476553,fail,fail,False,False,Charge SBC once,REJECTED — does not ship,True,0
KBR.US,combined,FPPPP,FPPPP,21.95005759734624,25.902994847476553,fail,fail,False,False,Both rejected experiments,REJECTED — does not ship,True,0
DLO.US,sbc_once,PFPPP,PFPPP,7.4075274453330335,7.804279994798334,fail,fail,False,False,Charge SBC once,REJECTED — does not ship,True,0
DLO.US,combined,PFPPP,PFPPP,7.4075274453330335,7.804279994798334,fail,fail,False,False,Both rejected experiments,REJECTED — does not ship,True,0
0669.HK,sbc_once,PPFPP,PPFPP,54.650345040848855,57.783390455683836,fail,fail,False,False,Charge SBC once,REJECTED — does not ship,True,0
0669.HK,combined,PPFPP,PPFPP,54.650345040848855,57.783390455683836,fail,fail,False,False,Both rejected experiments,REJECTED — does not ship,True,0
RCI-B.TO,sbc_once,PFPFP,PFPFP,28.471683280869243,31.99927972633728,fail,fail,False,False,Charge SBC once,REJECTED — does not ship,True,0
RCI-B.TO,combined,PFPFP,PFPFP,28.471683280869243,31.99927972633728,fail,fail,False,False,Both rejected experiments,REJECTED — does not ship,True,0
2379.TW,sbc_once,PPPPP,PPPPP,713.1353083422453,730.9695189568903,fail,fail,False,False,Charge SBC once,REJECTED — does not ship,True,0
2379.TW,combined,PPPPP,PPPPP,713.1353083422453,730.9695189568903,fail,fail,False,False,Both rejected experiments,REJECTED — does not ship,True,0
BME.LSE,sbc_once,PPFPP,PPFPP,56.64230412732729,60.35157851143854,fail,fail,False,False,Charge SBC once,REJECTED — does not ship,True,-7.105427357601002e-15
BME.LSE,combined,PPFPP,PPFPP,56.64230412732729,60.35157851143854,fail,fail,False,False,Both rejected experiments,REJECTED — does not ship,True,-7.105427357601002e-15
BRBR.US,sbc_once,PPPUP,PPPUP,15.444111722312403,17.65088386620218,unclear,unclear,False,False,Charge SBC once,REJECTED — does not ship,False,
BRBR.US,combined,PPPUP,PPPUP,15.444111722312403,17.65088386620218,unclear,unclear,False,False,Both rejected experiments,REJECTED — does not ship,False,
FSLR.US,sbc_once,FFFPP,FFFPP,82.31289252984718,86.70096623183736,fail,fail,False,False,Charge SBC once,REJECTED — does not ship,True,0
FSLR.US,combined,FFFPP,FFFPP,82.31289252984718,86.70096623183736,fail,fail,False,False,Both rejected experiments,REJECTED — does not ship,True,0
GL9.IR,sbc_once,FFPFP,FFPFP,10.439671347364166,11.44436166255531,fail,fail,False,False,Charge SBC once,REJECTED — does not ship,True,0
GL9.IR,combined,FFPFP,FFPFP,10.439671347364166,11.44436166255531,fail,fail,False,False,Both rejected experiments,REJECTED — does not ship,True,0
MYRG.US,sbc_once,PFPFP,PFPFP,99.37922233512431,108.63463625017314,fail,fail,False,False,Charge SBC once,REJECTED — does not ship,True,0
MYRG.US,combined,PFPFP,PFPFP,99.37922233512431,108.63463625017314,fail,fail,False,False,Both rejected experiments,REJECTED — does not ship,True,0
VRTS.US,sbc_once,PFPFF,PFPFF,235.41494865808207,283.05323506051633,unclear,pass,False,False,Charge SBC once,REJECTED — does not ship,True,
VRTS.US,combined,PFPFF,PFPFF,235.41494865808207,283.05323506051633,unclear,pass,False,False,Both rejected experiments,REJECTED — does not ship,True,
SHW.US,sbc_once,PPPPP,PPPPP,141.65651098288546,148.87987744111788,fail,fail,False,False,Charge SBC once,REJECTED — does not ship,True,0
SHW.US,combined,PPPPP,PPPPP,141.65651098288546,148.87987744111788,fail,fail,False,False,Both rejected experiments,REJECTED — does not ship,True,0
FSV.TO,sbc_once,FFPPP,FFPPP,51.010562183428206,62.13262880523117,fail,fail,False,False,Charge SBC once,REJECTED — does not ship,True,0
FSV.TO,combined,FFPPP,FFPPP,51.010562183428206,62.13262880523117,fail,fail,False,False,Both rejected experiments,REJECTED — does not ship,True,0
ELG.XETRA,sbc_once,PFPFP,PFPFP,93.77163809702424,94.79949057394246,fail,fail,False,False,Charge SBC once,REJECTED — does not ship,True,0
ELG.XETRA,combined,PFPFP,PFPFP,93.77163809702424,94.79949057394246,fail,fail,False,False,Both rejected experiments,REJECTED — does not ship,True,0
INCY.US,sbc_once,FFFFP,FFPFP,61.74501377286982,82.42970182529649,fail,fail,False,False,Charge SBC once,REJECTED — does not ship,True,0
INCY.US,combined,FFFFP,FFPFP,61.74501377286982,82.42970182529649,fail,fail,False,False,Both rejected experiments,REJECTED — does not ship,True,0
TPG.US,sbc_once,FFFUP,FFPUP,,6.621613532270591,unclear,unclear,False,False,Charge SBC once,REJECTED — does not ship,False,
TPG.US,combined,FFFUP,FFPUP,,6.621613532270591,unclear,unclear,False,False,Both rejected experiments,REJECTED — does not ship,False,
EDV.LSE,sbc_once,FFPFP,FFPFP,507.2116631435575,707.15283227199,fail,fail,False,False,Charge SBC once,REJECTED — does not ship,False,0
EDV.LSE,combined,FFPFP,FFPFP,507.2116631435575,707.15283227199,fail,fail,False,False,Both rejected experiments,REJECTED — does not ship,False,0
ICG.LSE,sbc_once,PFPPF,PFPPF,2475.027885883009,2558.4726019130976,unclear,unclear,False,False,Charge SBC once,REJECTED — does not ship,True,0
ICG.LSE,combined,PFPPF,PFPPF,2475.027885883009,2558.4726019130976,unclear,unclear,False,False,Both rejected experiments,REJECTED — does not ship,True,0
MHK.US,sbc_once,FFFFP,FFFFP,120.15469440271762,126.13416092789129,fail,unclear,False,False,Charge SBC once,REJECTED — does not ship,True,
MHK.US,combined,FFFFP,FFFFP,120.15469440271762,126.13416092789129,fail,unclear,False,False,Both rejected experiments,REJECTED — does not ship,True,
DFIB.LSE,sbc_once,FFPPP,FFPPP,0.7456603029551127,0.8596138124035153,fail,fail,False,False,Charge SBC once,REJECTED — does not ship,True,0
DFIB.LSE,combined,FFPPP,FFPPP,0.7456603029551127,0.8596138124035153,fail,fail,False,False,Both rejected experiments,REJECTED — does not ship,True,0
MCD.US,sbc_once,PPPPP,PPPPP,204.24436782818685,207.07349906036814,fail,fail,False,False,Charge SBC once,REJECTED — does not ship,True,0
MCD.US,combined,PPPPP,PPPPP,204.24436782818685,207.07349906036814,fail,fail,False,False,Both rejected experiments,REJECTED — does not ship,True,0
ENX.PA,sbc_once,PFFFP,PFFFP,82.5997287325916,84.39262191033828,fail,fail,False,False,Charge SBC once,REJECTED — does not ship,True,0
ENX.PA,combined,PFFFP,PFFFP,82.5997287325916,84.39262191033828,fail,fail,False,False,Both rejected experiments,REJECTED — does not ship,True,0
BF-A.US,sbc_once,PPFFP,PPFFP,18.573098710538204,19.439601272893828,fail,fail,False,False,Charge SBC once,REJECTED — does not ship,True,0
BF-A.US,combined,PPFFP,PPFFP,18.573098710538204,19.439601272893828,fail,fail,False,False,Both rejected experiments,REJECTED — does not ship,True,0
SPGI.US,sbc_once,PPFFP,PPFFP,179.93682257057586,188.9652490959669,fail,fail,False,False,Charge SBC once,REJECTED — does not ship,True,0
SPGI.US,combined,PPFFP,PPFFP,179.93682257057586,188.9652490959669,fail,fail,False,False,Both rejected experiments,REJECTED — does not ship,True,0
259960.KO,sbc_once,PPPPP,PPPPP,238087.13898876405,245997.98460822523,unclear,unclear,False,False,Charge SBC once,REJECTED — does not ship,True,0
259960.KO,combined,PPPPP,PPPPP,238087.13898876405,245997.98460822523,unclear,unclear,False,False,Both rejected experiments,REJECTED — does not ship,True,0
TKO.US,sbc_once,FFPFP,FFPFP,50.459443373615564,67.99591253354025,fail,fail,False,False,Charge SBC once,REJECTED — does not ship,True,-7.105427357601002e-15
TKO.US,combined,FFPFP,FFPFP,50.459443373615564,67.99591253354025,fail,fail,False,False,Both rejected experiments,REJECTED — does not ship,True,-7.105427357601002e-15
VMC.US,sbc_once,PFPPP,PFPPP,118.47397073185788,126.07074529647926,fail,fail,False,False,Charge SBC once,REJECTED — does not ship,True,0
VMC.US,combined,PFPPP,PFPPP,118.47397073185788,126.07074529647926,fail,fail,False,False,Both rejected experiments,REJECTED — does not ship,True,0
REZI.US,sbc_once,PPFFP,PPPFP,,,unclear,unclear,False,False,Charge SBC once,REJECTED — does not ship,True,
REZI.US,combined,PPFFP,PPPFP,,,unclear,unclear,False,False,Both rejected experiments,REJECTED — does not ship,True,
DFH.US,sbc_once,PFFPF,PFFPF,15.515855223201125,18.090938826471362,pass,pass,False,False,Charge SBC once,REJECTED — does not ship,True,
DFH.US,combined,PFFPF,PFFPF,15.515855223201125,18.090938826471362,pass,pass,False,False,Both rejected experiments,REJECTED — does not ship,True,
SU.PA,sbc_once,PPPPP,PPPPP,91.73271895526761,96.32521111920002,fail,fail,False,False,Charge SBC once,REJECTED — does not ship,True,0
SU.PA,combined,PPPPP,PPPPP,91.73271895526761,96.32521111920002,fail,fail,False,False,Both rejected experiments,REJECTED — does not ship,True,0
SIG.AU,sbc_once,FFFPP,FFFPP,,0.0011998828064075315,unclear,unclear,False,False,Charge SBC once,REJECTED — does not ship,True,
SIG.AU,combined,FFFPP,FFFPP,,0.0011998828064075315,unclear,unclear,False,False,Both rejected experiments,REJECTED — does not ship,True,
GALE.SW,sbc_once,PPPPP,PPPPP,38.613065664414336,40.290279656902335,fail,fail,False,False,Charge SBC once,REJECTED — does not ship,True,0
GALE.SW,combined,PPPPP,PPPPP,38.613065664414336,40.290279656902335,fail,fail,False,False,Both rejected experiments,REJECTED — does not ship,True,0
CURY.LSE,sbc_once,FFFFP,FFPFP,142.683347039052,160.97608383893046,fail,unclear,False,False,Charge SBC once,REJECTED — does not ship,True,2.842170943040401e-14
CURY.LSE,combined,FFFFP,FFPFP,142.683347039052,160.97608383893046,fail,unclear,False,False,Both rejected experiments,REJECTED — does not ship,True,2.842170943040401e-14
JJSF.US,sbc_once,FFFFP,FFFFP,30.23650845523806,34.32373749923483,fail,fail,False,False,Charge SBC once,REJECTED — does not ship,True,0
JJSF.US,combined,FFFFP,FFFFP,30.23650845523806,34.32373749923483,fail,fail,False,False,Both rejected experiments,REJECTED — does not ship,True,0
DLTR.US,sbc_once,FFFPP,FFFPP,52.11341399937718,60.818862766723825,fail,fail,False,False,Charge SBC once,REJECTED — does not ship,False,2.8354628954065006
DLTR.US,combined,FFFPP,FFFPP,52.11341399937718,60.818862766723825,fail,fail,False,False,Both rejected experiments,REJECTED — does not ship,False,2.8354628954065006
MQG.AU,sbc_once,FFFPF,FFFPF,179.07314286851386,204.3806422539714,fail,fail,False,False,Charge SBC once,REJECTED — does not ship,True,0
MQG.AU,combined,FFFPF,FFFPF,179.07314286851386,204.3806422539714,fail,fail,False,False,Both rejected experiments,REJECTED — does not ship,True,0
AME.US,sbc_once,PPPPP,PPPPP,80.94566325373528,83.45193238098784,fail,fail,False,False,Charge SBC once,REJECTED — does not ship,True,0
AME.US,combined,PPPPP,PPPPP,80.94566325373528,83.45193238098784,fail,fail,False,False,Both rejected experiments,REJECTED — does not ship,True,0
FRO.US,sbc_once,FFFFP,FFFFP,42.277996577013994,42.68800749730198,fail,fail,False,False,Charge SBC once,REJECTED — does not ship,True,0
FRO.US,combined,FFFFP,FFFFP,42.277996577013994,42.68800749730198,fail,fail,False,False,Both rejected experiments,REJECTED — does not ship,True,0
GIGNF.US,sbc_once,PFFPP,PFFPP,0.2577412904984891,0.2590145826589368,fail,fail,False,False,Charge SBC once,REJECTED — does not ship,True,0
GIGNF.US,combined,PFFPP,PFFPP,0.2577412904984891,0.2590145826589368,fail,fail,False,False,Both rejected experiments,REJECTED — does not ship,True,0
MITK.US,sbc_once,FFFFF,FFFFF,3.6644128651804393,7.0102841020360875,fail,fail,False,False,Charge SBC once,REJECTED — does not ship,True,
MITK.US,combined,FFFFF,FFFFF,3.6644128651804393,7.0102841020360875,fail,fail,False,False,Both rejected experiments,REJECTED — does not ship,True,
TECH.US,sbc_once,PPPPP,PPPPP,18.10937023514913,21.390037859107014,fail,fail,False,False,Charge SBC once,REJECTED — does not ship,True,0
TECH.US,combined,PPPPP,PPPPP,18.10937023514913,21.390037859107014,fail,fail,False,False,Both rejected experiments,REJECTED — does not ship,True,0
TFII.US,sbc_once,PPPPP,PPPPP,108.3894614505671,110.87365011667255,fail,fail,False,False,Charge SBC once,REJECTED — does not ship,True,0
TFII.US,combined,PPPPP,PPPPP,108.3894614505671,110.87365011667255,fail,fail,False,False,Both rejected experiments,REJECTED — does not ship,True,0
CAMT.US,sbc_once,FFPFP,FFPFP,27.367464646698153,34.397016142026764,fail,fail,False,False,Charge SBC once,REJECTED — does not ship,True,0
CAMT.US,combined,FFPFP,FFPFP,27.367464646698153,34.397016142026764,fail,fail,False,False,Both rejected experiments,REJECTED — does not ship,True,0
TRA.AU,sbc_once,FFFFF,FFFFF,4.40823481567325,4.417636003287656,fail,fail,False,False,Charge SBC once,REJECTED — does not ship,True,0
TRA.AU,combined,FFFFF,FFFFF,4.40823481567325,4.417636003287656,fail,fail,False,False,Both rejected experiments,REJECTED — does not ship,True,0
TXT.US,sbc_once,PFFPP,PFFPP,65.91151531458526,68.91553657363887,fail,fail,False,False,Charge SBC once,REJECTED — does not ship,True,0
TXT.US,combined,PFFPP,PFFPP,65.91151531458526,68.91553657363887,fail,fail,False,False,Both rejected experiments,REJECTED — does not ship,True,0
ZBH.US,sbc_once,FFPFP,FFPFP,78.75380500631918,84.90046782528536,fail,fail,False,False,Charge SBC once,REJECTED — does not ship,True,-16.297510397095706
ZBH.US,combined,FFPFP,FFPFP,78.75380500631918,84.90046782528536,fail,fail,False,False,Both rejected experiments,REJECTED — does not ship,True,-16.297510397095706
HAFN.US,sbc_once,FFPPP,FFPPP,10.561579841614385,10.640652321939724,unclear,unclear,False,False,Charge SBC once,REJECTED — does not ship,True,
HAFN.US,combined,FFPPP,FFPPP,10.561579841614385,10.640652321939724,unclear,unclear,False,False,Both rejected experiments,REJECTED — does not ship,True,
CMM.AU,sbc_once,FFFFP,FFFFP,4.2791060322607315,4.48916740034743,fail,fail,False,False,Charge SBC once,REJECTED — does not ship,True,0
CMM.AU,combined,FFFFP,FFFFP,4.2791060322607315,4.48916740034743,fail,fail,False,False,Both rejected experiments,REJECTED — does not ship,True,0
C5H.IR,sbc_once,PFPFP,PFPFP,1.5975433983399547,1.7131942786067431,fail,fail,False,False,Charge SBC once,REJECTED — does not ship,True,0
C5H.IR,combined,PFPFP,PFPFP,1.5975433983399547,1.7131942786067431,fail,fail,False,False,Both rejected experiments,REJECTED — does not ship,True,0
DOCS.LSE,sbc_once,PPPFP,PPPFP,81.35001390801078,88.10679814623828,unclear,unclear,False,False,Charge SBC once,REJECTED — does not ship,True,1.4210854715202004e-14
DOCS.LSE,combined,PPPFP,PPPFP,81.35001390801078,88.10679814623828,unclear,unclear,False,False,Both rejected experiments,REJECTED — does not ship,True,1.4210854715202004e-14
AMCR.US,sbc_once,PFFFP,PFFFP,26.576032332596302,28.46495273942977,fail,fail,False,False,Charge SBC once,REJECTED — does not ship,False,2.6601118651891547
AMCR.US,combined,PFFFP,PFFFP,26.576032332596302,28.46495273942977,fail,fail,False,False,Both rejected experiments,REJECTED — does not ship,False,2.6601118651891547
BWA.US,sbc_once,PFFFP,PFFFP,38.1487628579344,41.94202147427377,fail,fail,False,False,Charge SBC once,REJECTED — does not ship,True,0
BWA.US,combined,PFFFP,PFFFP,38.1487628579344,41.94202147427377,fail,fail,False,False,Both rejected experiments,REJECTED — does not ship,True,0
RSW.LSE,sbc_once,PPFPP,PPFPP,1837.3010574202099,1854.3647468760348,fail,fail,False,False,Charge SBC once,REJECTED — does not ship,True,2.2737367544323206e-13
RSW.LSE,combined,PPFPP,PPFPP,1837.3010574202099,1854.3647468760348,fail,fail,False,False,Both rejected experiments,REJECTED — does not ship,True,2.2737367544323206e-13
LAGR-B.ST,current_scale,PPPPP,PPPPP,102.3129284256965,132.89616203030153,fail,fail,False,False,Current annual scale,REJECTED — does not ship,True,0
LAGR-B.ST,combined,PPPPP,PPPPP,102.3129284256965,132.89616203030153,fail,fail,False,False,Both rejected experiments,REJECTED — does not ship,True,0
BKE.US,sbc_once,PPPPP,PPPPP,55.897596803946115,52.337914414387534,pass,pass,True,True,Charge SBC once,REJECTED — does not ship,True,0
BKE.US,combined,PPPPP,PPPPP,55.897596803946115,52.337914414387534,pass,pass,True,True,Both rejected experiments,REJECTED — does not ship,True,0
EXPD.US,sbc_once,PPPPP,PPPPP,80.88843058769764,87.8101767822965,fail,fail,False,False,Charge SBC once,REJECTED — does not ship,True,0
EXPD.US,combined,PPPPP,PPPPP,80.88843058769764,87.8101767822965,fail,fail,False,False,Both rejected experiments,REJECTED — does not ship,True,0
ZBRA.US,sbc_once,FPPPF,FPPPF,86.9964797035608,126.58217630484022,fail,fail,False,False,Charge SBC once,REJECTED — does not ship,True,
ZBRA.US,combined,FPPPF,FPPPF,86.9964797035608,126.58217630484022,fail,fail,False,False,Both rejected experiments,REJECTED — does not ship,True,
GGBR3.SA,sbc_once,FFPFP,FFFFP,,,unclear,unclear,False,False,Charge SBC once,REJECTED — does not ship,True,
GGBR3.SA,combined,FFPFP,FFFFP,,,unclear,unclear,False,False,Both rejected experiments,REJECTED — does not ship,True,
T.US,sbc_once,FFPFP,FFPFP,29.136829970698226,30.006229679449444,unclear,unclear,False,False,Charge SBC once,REJECTED — does not ship,True,0
T.US,combined,FFPFP,FFPFP,29.136829970698226,30.006229679449444,unclear,unclear,False,False,Both rejected experiments,REJECTED — does not ship,True,0
LMT.US,sbc_once,PPPPP,PPPPP,338.6788806748575,366.258312304555,fail,fail,False,False,Charge SBC once,REJECTED — does not ship,True,0
LMT.US,combined,PPPPP,PPPPP,338.6788806748575,366.258312304555,fail,fail,False,False,Both rejected experiments,REJECTED — does not ship,True,0
SMIN.LSE,sbc_once,PFFPP,PFFPP,2204.0123866599265,2261.783788045504,fail,fail,False,False,Charge SBC once,REJECTED — does not ship,True,0
SMIN.LSE,combined,PFFPP,PFFPP,2204.0123866599265,2261.783788045504,fail,fail,False,False,Both rejected experiments,REJECTED — does not ship,True,0
GFF.US,sbc_once,FFFPP,FFPPP,11.06060908689538,17.849502105185646,fail,fail,False,False,Charge SBC once,REJECTED — does not ship,True,0
GFF.US,combined,FFFPP,FFPPP,11.06060908689538,17.849502105185646,fail,fail,False,False,Both rejected experiments,REJECTED — does not ship,True,0
DXCM.US,sbc_once,FFFPP,FFFPP,25.003466329019286,32.764364375231224,fail,fail,False,False,Charge SBC once,REJECTED — does not ship,True,0
DXCM.US,combined,FFFPP,FFFPP,25.003466329019286,32.764364375231224,fail,fail,False,False,Both rejected experiments,REJECTED — does not ship,True,0
HQY.US,sbc_once,FFPFP,FFPFP,14.781215811862959,25.750879473999174,fail,fail,False,False,Charge SBC once,REJECTED — does not ship,True,0
HQY.US,combined,FFPFP,FFPFP,14.781215811862959,25.750879473999174,fail,fail,False,False,Both rejected experiments,REJECTED — does not ship,True,0
QLYS.US,sbc_once,PPFPP,PPPPP,64.96853066204687,109.97649157200836,fail,fail,False,False,Charge SBC once,REJECTED — does not ship,True,
QLYS.US,combined,PPFPP,PPPPP,64.96853066204687,126.41006971594267,fail,fail,False,False,Both rejected experiments,REJECTED — does not ship,True,
MEOH.US,sbc_once,FFPFP,FFPFP,60.37210752849274,64.22607253164433,fail,unclear,False,False,Charge SBC once,REJECTED — does not ship,True,0
MEOH.US,combined,FFPFP,FFPFP,60.37210752849274,64.22607253164433,fail,unclear,False,False,Both rejected experiments,REJECTED — does not ship,True,0
INDV.US,sbc_once,FFFPF,FFFPF,,1.7205826622243943,unclear,unclear,False,False,Charge SBC once,REJECTED — does not ship,True,
INDV.US,combined,FFFPF,FFFPF,,1.7205826622243943,unclear,unclear,False,False,Both rejected experiments,REJECTED — does not ship,True,
ATD.TO,sbc_once,PPFPP,PPFPP,59.189655395338185,59.87059502170565,fail,fail,False,False,Charge SBC once,REJECTED — does not ship,True,0
ATD.TO,combined,PPFPP,PPFPP,59.189655395338185,59.87059502170565,fail,fail,False,False,Both rejected experiments,REJECTED — does not ship,True,0
FERG.US,sbc_once,PPFPP,PPFPP,39.47886237653725,41.729051310470105,fail,fail,False,False,Charge SBC once,REJECTED — does not ship,True,0
FERG.US,combined,PPFPP,PPFPP,39.47886237653725,41.729051310470105,fail,fail,False,False,Both rejected experiments,REJECTED — does not ship,True,0
MHID.LSE,sbc_once,PFPPP,PFPPP,19.948525030448565,20.18291602525586,fail,fail,False,False,Charge SBC once,REJECTED — does not ship,True,3.552713678800501e-15
MHID.LSE,combined,PFPPP,PFPPP,19.948525030448565,20.18291602525586,fail,fail,False,False,Both rejected experiments,REJECTED — does not ship,True,3.552713678800501e-15
NFG.US,sbc_once,FFFPP,FFFPP,26.326217832627563,29.168290216774206,fail,fail,False,False,Charge SBC once,REJECTED — does not ship,True,0
NFG.US,combined,FFFPP,FFFPP,26.326217832627563,29.168290216774206,fail,fail,False,False,Both rejected experiments,REJECTED — does not ship,True,0
EXA.PA,sbc_once,FFPFP,FFFFP,27.17739648458476,27.17739648458476,fail,fail,False,False,Charge SBC once,REJECTED — does not ship,True,0
EXA.PA,combined,FFPFP,FFFFP,27.17739648458476,27.17739648458476,fail,fail,False,False,Both rejected experiments,REJECTED — does not ship,True,0
CIPLA.NSE,sbc_once,PPPPP,PPPPP,357.3868634544558,372.8735427691634,fail,fail,False,False,Charge SBC once,REJECTED — does not ship,True,
CIPLA.NSE,combined,PPPPP,PPPPP,357.3868634544558,372.8735427691634,fail,fail,False,False,Both rejected experiments,REJECTED — does not ship,True,
HLMA.LSE,sbc_once,PPPPP,PPPPP,976.5244993432503,1740.851097034793,fail,fail,False,False,Charge SBC once,REJECTED — does not ship,True,0
HLMA.LSE,combined,PPPPP,PPPPP,976.5244993432503,2203.4716558505497,fail,fail,False,False,Both rejected experiments,REJECTED — does not ship,True,0
HAE.US,sbc_once,FFPPP,FFPPP,39.76069344093023,48.28326038971492,fail,fail,False,False,Charge SBC once,REJECTED — does not ship,True,0
HAE.US,combined,FFPPP,FFPPP,39.76069344093023,48.28326038971492,fail,fail,False,False,Both rejected experiments,REJECTED — does not ship,True,0
DORM.US,sbc_once,PPPPP,PPPPP,90.3048372902779,95.4858563787434,fail,fail,False,False,Charge SBC once,REJECTED — does not ship,True,0
DORM.US,combined,PPPPP,PPPPP,90.3048372902779,95.4858563787434,fail,fail,False,False,Both rejected experiments,REJECTED — does not ship,True,0
EBAY.US,sbc_once,PPPFF,PPPFF,44.09262526609531,61.05764831333861,fail,fail,False,False,Charge SBC once,REJECTED — does not ship,True,0
EBAY.US,combined,PPPFF,PPPFF,44.09262526609531,61.05764831333861,fail,fail,False,False,Both rejected experiments,REJECTED — does not ship,True,0
RMD.US,sbc_once,PPPPP,PPPPP,162.42852771420434,174.2029221483151,fail,fail,False,False,Charge SBC once,REJECTED — does not ship,True,0
RMD.US,current_scale,PPPPP,PPPPP,162.42852771420434,194.0492891229133,fail,fail,False,False,Current annual scale,REJECTED — does not ship,True,0
RMD.US,combined,PPPPP,PPPPP,162.42852771420434,208.25668468241838,fail,fail,False,False,Both rejected experiments,REJECTED — does not ship,True,0
FLS.US,sbc_once,PPPPP,PPPPP,22.420930298787706,24.91890118107336,fail,fail,False,False,Charge SBC once,REJECTED — does not ship,True,0
FLS.US,combined,PPPPP,PPPPP,22.420930298787706,24.91890118107336,fail,fail,False,False,Both rejected experiments,REJECTED — does not ship,True,0
CBT.US,sbc_once,FFFPP,FFPPP,32.18484477707593,38.61001323512231,fail,fail,False,False,Charge SBC once,REJECTED — does not ship,True,0
CBT.US,combined,FFFPP,FFPPP,32.18484477707593,38.61001323512231,fail,fail,False,False,Both rejected experiments,REJECTED — does not ship,True,0
CAH.US,sbc_once,FFPPP,FFPPP,49.9512556761462,56.45029001680607,fail,fail,False,False,Charge SBC once,REJECTED — does not ship,True,0
CAH.US,combined,FFPPP,FFPPP,49.9512556761462,56.45029001680607,fail,fail,False,False,Both rejected experiments,REJECTED — does not ship,True,0
AM.US,sbc_once,FFFPP,FFPPP,14.361291944099642,15.890139598391023,fail,fail,False,False,Charge SBC once,REJECTED — does not ship,True,0
AM.US,combined,FFFPP,FFPPP,14.361291944099642,15.890139598391023,fail,fail,False,False,Both rejected experiments,REJECTED — does not ship,True,0
CPAMF.US,sbc_once,PFFFP,PFPFP,0.8110537605975484,0.8110537605975484,fail,fail,False,False,Charge SBC once,REJECTED — does not ship,True,0
CPAMF.US,combined,PFFFP,PFPFP,0.8110537605975484,0.8110537605975484,fail,fail,False,False,Both rejected experiments,REJECTED — does not ship,True,0
CCAP.US,sbc_once,FFFPP,FFFPP,,9.175913363932427,unclear,unclear,False,False,Charge SBC once,REJECTED — does not ship,True,
CCAP.US,combined,FFFPP,FFFPP,,9.175913363932427,unclear,unclear,False,False,Both rejected experiments,REJECTED — does not ship,True,
TJX.US,sbc_once,PPPPP,PPPPP,87.39959742358394,90.48073553611546,fail,fail,False,False,Charge SBC once,REJECTED — does not ship,True,0
TJX.US,current_scale,PPPPP,PPPPP,87.39959742358394,96.83073105400338,fail,fail,False,False,Current annual scale,REJECTED — does not ship,True,0
TJX.US,combined,PPPPP,PPPPP,87.39959742358394,100.26165622746838,fail,fail,False,False,Both rejected experiments,REJECTED — does not ship,True,0
CRDO.US,sbc_once,FFFPP,FFPPP,,,unclear,unclear,False,False,Charge SBC once,REJECTED — does not ship,True,
CRDO.US,combined,FFFPP,FFPPP,,,unclear,unclear,False,False,Both rejected experiments,REJECTED — does not ship,True,
600188.SHG,sbc_once,FFPPP,FFPPP,16.126606401264457,16.231264824589434,fail,fail,False,False,Charge SBC once,REJECTED — does not ship,True,0
600188.SHG,combined,FFPPP,FFPPP,16.126606401264457,16.231264824589434,fail,fail,False,False,Both rejected experiments,REJECTED — does not ship,True,0
SAFE.LSE,sbc_once,FFFFP,FFFFP,491.17208104588724,502.56022613851223,fail,fail,False,False,Charge SBC once,REJECTED — does not ship,True,0
SAFE.LSE,combined,FFFFP,FFFFP,491.17208104588724,502.56022613851223,fail,fail,False,False,Both rejected experiments,REJECTED — does not ship,True,0
FPH.AU,sbc_once,FPFPP,FPFPP,8.184518816408087,8.382659007230444,fail,fail,False,False,Charge SBC once,REJECTED — does not ship,True,0
FPH.AU,combined,FPFPP,FPFPP,8.184518816408087,8.382659007230444,fail,fail,False,False,Both rejected experiments,REJECTED — does not ship,True,0
MTCH.US,sbc_once,FPFPP,FPPPP,19.307113735210514,33.56331754669232,fail,fail,False,False,Charge SBC once,REJECTED — does not ship,True,0
MTCH.US,combined,FPFPP,FPPPP,19.307113735210514,33.56331754669232,fail,fail,False,False,Both rejected experiments,REJECTED — does not ship,True,0
VIST.US,sbc_once,FFFPP,FFPPP,33.28544313361355,35.15898413826772,fail,fail,False,False,Charge SBC once,REJECTED — does not ship,True,0
VIST.US,combined,FFFPP,FFPPP,33.28544313361355,35.15898413826772,fail,fail,False,False,Both rejected experiments,REJECTED — does not ship,True,0
UAN.US,sbc_once,FFPPP,FFPPP,152.8309948944469,164.3681407885814,unclear,unclear,False,False,Charge SBC once,REJECTED — does not ship,True,0
UAN.US,combined,FFPPP,FFPPP,152.8309948944469,164.3681407885814,unclear,unclear,False,False,Both rejected experiments,REJECTED — does not ship,True,0
0941.HK,sbc_once,PFPFP,PFPFP,131.21072567086674,131.81236626012665,pass,pass,False,False,Charge SBC once,REJECTED — does not ship,True,0
0941.HK,combined,PFPFP,PFPFP,131.21072567086674,131.81236626012665,pass,pass,False,False,Both rejected experiments,REJECTED — does not ship,True,0
MRU.TO,sbc_once,PFFPP,PFFPP,49.79248859064471,50.78100373103427,fail,fail,False,False,Charge SBC once,REJECTED — does not ship,True,0
MRU.TO,combined,PFFPP,PFFPP,49.79248859064471,50.78100373103427,fail,fail,False,False,Both rejected experiments,REJECTED — does not ship,True,0
ABB.AU,sbc_once,FFPPP,FFPPP,0.8914235510178877,0.9466761024732261,fail,fail,False,False,Charge SBC once,REJECTED — does not ship,True,0
ABB.AU,combined,FFPPP,FFPPP,0.8914235510178877,0.9466761024732261,fail,fail,False,False,Both rejected experiments,REJECTED — does not ship,True,0
ARM.US,sbc_once,UUUUU,UUUUU,,11.119229763315525,unclear,unclear,False,False,Charge SBC once,REJECTED — does not ship,False,
ARM.US,combined,UUUUU,UUUUU,,11.119229763315525,unclear,unclear,False,False,Both rejected experiments,REJECTED — does not ship,False,
BP.LSE,sbc_once,FFPPP,FFPPP,223.44941840448246,289.02908127490406,fail,fail,False,False,Charge SBC once,REJECTED — does not ship,True,0
BP.LSE,combined,FFPPP,FFPPP,223.44941840448246,289.02908127490406,fail,fail,False,False,Both rejected experiments,REJECTED — does not ship,True,0
DIOD.US,sbc_once,FFFFP,FFFFP,32.49218454706167,41.183871333762,fail,fail,False,False,Charge SBC once,REJECTED — does not ship,True,0
DIOD.US,combined,FFFFP,FFFFP,32.49218454706167,41.183871333762,fail,fail,False,False,Both rejected experiments,REJECTED — does not ship,True,0
UFPI.US,sbc_once,PPPPP,PPPPP,42.95796915316218,51.47895125918023,fail,fail,False,False,Charge SBC once,REJECTED — does not ship,True,0
UFPI.US,combined,PPPPP,PPPPP,42.95796915316218,51.47895125918023,fail,fail,False,False,Both rejected experiments,REJECTED — does not ship,True,0
CKN.LSE,sbc_once,PFFPP,PFFPP,4270.055649793636,4367.199095830346,fail,fail,False,False,Charge SBC once,REJECTED — does not ship,True,0
CKN.LSE,combined,PFFPP,PFFPP,4270.055649793636,4367.199095830346,fail,fail,False,False,Both rejected experiments,REJECTED — does not ship,True,0
STE.US,sbc_once,PFPFP,PFPFP,97.06928467913131,107.09197432926382,fail,fail,False,False,Charge SBC once,REJECTED — does not ship,False,26.60414253636425
STE.US,combined,PFPFP,PFPFP,97.06928467913131,107.09197432926382,fail,fail,False,False,Both rejected experiments,REJECTED — does not ship,False,26.60414253636425
ENSG.US,sbc_once,PFPPP,PFPPP,70.20801416245841,77.70280540383776,fail,fail,False,False,Charge SBC once,REJECTED — does not ship,True,0
ENSG.US,combined,PFPPP,PFPPP,70.20801416245841,77.70280540383776,fail,fail,False,False,Both rejected experiments,REJECTED — does not ship,True,0
DBRG.US,sbc_once,FFFFP,FFFFP,4.665691307310191,7.1226741879694435,fail,fail,False,False,Charge SBC once,REJECTED — does not ship,True,
DBRG.US,combined,FFFFP,FFFFP,4.665691307310191,7.1226741879694435,fail,fail,False,False,Both rejected experiments,REJECTED — does not ship,True,
OPM.PA,sbc_once,FFFFP,FFFFP,24.37692349510733,24.414559619169772,unclear,unclear,False,False,Charge SBC once,REJECTED — does not ship,True,0
OPM.PA,combined,FFFFP,FFFFP,24.37692349510733,24.414559619169772,unclear,unclear,False,False,Both rejected experiments,REJECTED — does not ship,True,0
EVTC.US,sbc_once,PFPFP,PFPFP,31.265739341785522,36.420420257722675,unclear,unclear,False,False,Charge SBC once,REJECTED — does not ship,True,
EVTC.US,combined,PFPFP,PFPFP,31.265739341785522,36.420420257722675,unclear,unclear,False,False,Both rejected experiments,REJECTED — does not ship,True,
GOLD.US,sbc_once,FFFFP,FFFFP,65.74459705243531,67.29637532917354,unclear,unclear,False,False,Charge SBC once,REJECTED — does not ship,True,
GOLD.US,combined,FFFFP,FFFFP,65.74459705243531,67.29637532917354,unclear,unclear,False,False,Both rejected experiments,REJECTED — does not ship,True,
JBTM.US,sbc_once,PPPFP,PPPFP,20.208545239599008,26.822286300624324,fail,fail,False,False,Charge SBC once,REJECTED — does not ship,True,0
JBTM.US,combined,PPPFP,PPPFP,20.208545239599008,26.822286300624324,fail,fail,False,False,Both rejected experiments,REJECTED — does not ship,True,0
CNR.US,sbc_once,FFFPP,FFFPP,45.48629607718519,53.73451520614544,fail,fail,False,False,Charge SBC once,REJECTED — does not ship,True,0
CNR.US,combined,FFFPP,FFFPP,45.48629607718519,53.73451520614544,fail,fail,False,False,Both rejected experiments,REJECTED — does not ship,True,0
LPG.US,sbc_once,FFPPP,FFPPP,61.06042226698315,64.2793101290827,unclear,unclear,False,False,Charge SBC once,REJECTED — does not ship,True,0
LPG.US,combined,FFPPP,FFPPP,61.06042226698315,64.2793101290827,unclear,unclear,False,False,Both rejected experiments,REJECTED — does not ship,True,0
OR.PA,sbc_once,PPPPP,PPPPP,203.72814288478952,213.26329614678414,fail,fail,False,False,Charge SBC once,REJECTED — does not ship,True,0
OR.PA,combined,PPPPP,PPPPP,203.72814288478952,213.26329614678414,fail,fail,False,False,Both rejected experiments,REJECTED — does not ship,True,0
PBYI.US,sbc_once,FFFFF,FFPFF,4.391409710662431,6.907434475445901,fail,fail,False,False,Charge SBC once,REJECTED — does not ship,True,0
PBYI.US,combined,FFFFF,FFPFF,4.391409710662431,6.907434475445901,fail,fail,False,False,Both rejected experiments,REJECTED — does not ship,True,0
ADYEN.AS,sbc_once,PFPPP,PFPPP,769.6561498795517,793.4096201578425,fail,fail,False,False,Charge SBC once,REJECTED — does not ship,True,0
ADYEN.AS,combined,PFPPP,PFPPP,769.6561498795517,793.4096201578425,fail,fail,False,False,Both rejected experiments,REJECTED — does not ship,True,0
PWP.US,sbc_once,FFFFP,FFFFP,,0.2481317996360319,unclear,unclear,False,False,Charge SBC once,REJECTED — does not ship,True,
PWP.US,combined,FFFFP,FFFFP,,0.2481317996360319,unclear,unclear,False,False,Both rejected experiments,REJECTED — does not ship,True,
3659.JP,sbc_once,PPPPP,PPPPP,2613.77635462443,2753.0643614213836,unclear,unclear,False,False,Charge SBC once,REJECTED — does not ship,False,488.3467925899704
3659.JP,combined,PPPPP,PPPPP,2613.77635462443,2753.0643614213836,unclear,unclear,False,False,Both rejected experiments,REJECTED — does not ship,False,488.3467925899704
VRT.US,sbc_once,FFPPP,FFPPP,25.383924184406983,26.50169942287826,fail,fail,False,False,Charge SBC once,REJECTED — does not ship,True,0
VRT.US,combined,FFPPP,FFPPP,25.383924184406983,26.50169942287826,fail,fail,False,False,Both rejected experiments,REJECTED — does not ship,True,0
FLYW.US,sbc_once,FFFPP,FFPPP,,2.4806888675233183,unclear,fail,False,False,Charge SBC once,REJECTED — does not ship,True,
FLYW.US,combined,FFFPP,FFPPP,,2.4806888675233183,unclear,fail,False,False,Both rejected experiments,REJECTED — does not ship,True,
BSX.US,sbc_once,PFPFP,PFPFP,15.152162925133727,17.151769339970297,fail,fail,False,False,Charge SBC once,REJECTED — does not ship,True,0
BSX.US,combined,PFPFP,PFPFP,15.152162925133727,17.151769339970297,fail,fail,False,False,Both rejected experiments,REJECTED — does not ship,True,0
EXR.US,sbc_once,PFFFP,PFFFP,71.1213747594423,72.68523468943022,fail,fail,False,False,Charge SBC once,REJECTED — does not ship,True,
EXR.US,combined,PFFFP,PFFFP,71.1213747594423,72.68523468943022,fail,fail,False,False,Both rejected experiments,REJECTED — does not ship,True,
SGO.PA,sbc_once,PPPPP,PPPPP,75.25253822830378,77.66175879529551,unclear,unclear,False,False,Charge SBC once,REJECTED — does not ship,True,0
SGO.PA,combined,PPPPP,PPPPP,75.25253822830378,77.66175879529551,unclear,unclear,False,False,Both rejected experiments,REJECTED — does not ship,True,0
002352.SHE,sbc_once,PFPFP,PFPFP,16.103941917208907,16.376078080063696,fail,fail,False,False,Charge SBC once,REJECTED — does not ship,True,0
002352.SHE,combined,PFPFP,PFPFP,16.103941917208907,16.376078080063696,fail,fail,False,False,Both rejected experiments,REJECTED — does not ship,True,0
ACKB.BR,sbc_once,PFFPP,PFFPP,321.6433270661892,322.8583729104165,unclear,unclear,False,False,Charge SBC once,REJECTED — does not ship,True,0
ACKB.BR,combined,PFFPP,PFFPP,321.6433270661892,322.8583729104165,unclear,unclear,False,False,Both rejected experiments,REJECTED — does not ship,True,0
WIT.US,sbc_once,PPPPP,PPPPP,2.747099496621104,2.830410270406749,pass,pass,True,True,Charge SBC once,REJECTED — does not ship,False,0.2936306102743753
WIT.US,current_scale,PPPPP,PPPPP,2.747099496621104,2.9535981849529285,pass,pass,True,True,Current annual scale,REJECTED — does not ship,False,0.2936306102743753
WIT.US,combined,PPPPP,PPPPP,2.747099496621104,3.0441171308993256,pass,pass,True,True,Both rejected experiments,REJECTED — does not ship,False,0.2936306102743753
GRBK.US,sbc_once,PFPPP,PFPPP,126.580864358569,130.56415581123733,pass,pass,False,False,Charge SBC once,REJECTED — does not ship,True,0
GRBK.US,combined,PFPPP,PFPPP,126.580864358569,130.56415581123733,pass,pass,False,False,Both rejected experiments,REJECTED — does not ship,True,0
BYIT.LSE,sbc_once,FPPPP,FPPPP,267.0986626293495,297.9153662184063,fail,fail,False,False,Charge SBC once,REJECTED — does not ship,True,0
BYIT.LSE,combined,FPPPP,FPPPP,267.0986626293495,297.9153662184063,fail,fail,False,False,Both rejected experiments,REJECTED — does not ship,True,0
OTIS.US,sbc_once,PPPPP,PPPPP,44.70826142402647,47.322034396661124,fail,fail,False,False,Charge SBC once,REJECTED — does not ship,True,0
OTIS.US,combined,PPPPP,PPPPP,44.70826142402647,47.322034396661124,fail,fail,False,False,Both rejected experiments,REJECTED — does not ship,True,0
PG.US,sbc_once,PPPPP,PPPPP,90.89656351219344,94.65904578503876,fail,fail,False,False,Charge SBC once,REJECTED — does not ship,True,0
PG.US,current_scale,PPPPP,PPPPP,90.89656351219344,95.22271996340105,fail,fail,False,False,Current annual scale,REJECTED — does not ship,True,0
PG.US,combined,PPPPP,PPPPP,90.89656351219344,98.7683352539104,fail,fail,False,False,Both rejected experiments,REJECTED — does not ship,True,0
DOCU.US,sbc_once,FFFFP,FFPFP,,9.344153701561408,unclear,fail,False,False,Charge SBC once,REJECTED — does not ship,True,
DOCU.US,combined,FFFFP,FFPFP,,9.344153701561408,unclear,fail,False,False,Both rejected experiments,REJECTED — does not ship,True,
605499.SHG,current_scale,PPPPP,PPPPP,62.12058822498355,91.33532274657007,fail,fail,False,False,Current annual scale,REJECTED — does not ship,True,0
605499.SHG,combined,PPPPP,PPPPP,62.12058822498355,91.33532274657007,fail,fail,False,False,Both rejected experiments,REJECTED — does not ship,True,0
MGNI.US,sbc_once,FFPFP,FFPFP,,5.988219945335935,unclear,fail,False,False,Charge SBC once,REJECTED — does not ship,True,
MGNI.US,combined,FFPFP,FFPFP,,5.988219945335935,unclear,fail,False,False,Both rejected experiments,REJECTED — does not ship,True,
PLPC.US,sbc_once,PFPPP,PFPPP,93.73760753615353,119.15670844248108,fail,fail,False,False,Charge SBC once,REJECTED — does not ship,True,0
PLPC.US,combined,PFPPP,PFPPP,93.73760753615353,119.15670844248108,fail,fail,False,False,Both rejected experiments,REJECTED — does not ship,True,0
INVP.LSE,sbc_once,PFPFF,PFPFF,653.8809474491894,747.3030026234052,unclear,unclear,False,False,Charge SBC once,REJECTED — does not ship,False,-864.3239124143826
INVP.LSE,combined,PFPFF,PFPFF,653.8809474491894,747.3030026234052,unclear,unclear,False,False,Both rejected experiments,REJECTED — does not ship,False,-864.3239124143826
LISP.SW,sbc_once,PFPFP,PFPFP,37516.68026910195,37891.455491165136,pass,unclear,False,False,Charge SBC once,REJECTED — does not ship,True,
LISP.SW,combined,PFPFP,PFPFP,37516.68026910195,37891.455491165136,pass,unclear,False,False,Both rejected experiments,REJECTED — does not ship,True,
IG.MI,sbc_once,PFFPP,PFFPP,2.875340186330028,2.8585413142281535,fail,fail,False,False,Charge SBC once,REJECTED — does not ship,True,
IG.MI,combined,PFFPP,PFFPP,2.875340186330028,2.8585413142281535,fail,fail,False,False,Both rejected experiments,REJECTED — does not ship,True,
BRO.US,sbc_once,PPFFP,PPFFP,46.83353500972222,50.29029592710648,fail,fail,False,False,Charge SBC once,REJECTED — does not ship,True,0
BRO.US,combined,PPFFP,PPFFP,46.83353500972222,50.29029592710648,fail,fail,False,False,Both rejected experiments,REJECTED — does not ship,True,0
TDW.US,sbc_once,FFPPP,FFPPP,56.91502262219616,59.56736752136228,fail,fail,False,False,Charge SBC once,REJECTED — does not ship,True,0
TDW.US,combined,FFPPP,FFPPP,56.91502262219616,59.56736752136228,fail,fail,False,False,Both rejected experiments,REJECTED — does not ship,True,0
HURN.US,sbc_once,FFFPP,FFPPP,47.39346351736325,80.43178550636982,fail,fail,False,False,Charge SBC once,REJECTED — does not ship,True,-7.105427357601002e-15
HURN.US,combined,FFFPP,FFPPP,47.39346351736325,80.43178550636982,fail,fail,False,False,Both rejected experiments,REJECTED — does not ship,True,-7.105427357601002e-15
HTHT.US,sbc_once,FFPPP,FFPPP,25.77909816524621,27.672901907817945,fail,fail,False,False,Charge SBC once,REJECTED — does not ship,True,-3.552713678800501e-15
HTHT.US,combined,FFPPP,FFPPP,25.77909816524621,27.672901907817945,fail,fail,False,False,Both rejected experiments,REJECTED — does not ship,True,-3.552713678800501e-15
ITGR.US,sbc_once,PFPPP,PFPPP,34.760399119022736,43.414508537808786,fail,fail,False,False,Charge SBC once,REJECTED — does not ship,True,0
ITGR.US,combined,PFPPP,PFPPP,34.760399119022736,43.414508537808786,fail,fail,False,False,Both rejected experiments,REJECTED — does not ship,True,0
EZJ.LSE,sbc_once,FFFFP,FFFFP,613.9711128257827,643.9193918417144,fail,fail,False,False,Charge SBC once,REJECTED — does not ship,True,0
EZJ.LSE,combined,FFFFP,FFFFP,613.9711128257827,643.9193918417144,fail,fail,False,False,Both rejected experiments,REJECTED — does not ship,True,0
VMRK.US,sbc_once,PFPFP,PFPFP,23.495813486437616,23.97512339454655,fail,fail,False,False,Charge SBC once,REJECTED — does not ship,True,3.552713678800501e-15
VMRK.US,combined,PFPFP,PFPFP,23.495813486437616,23.97512339454655,fail,fail,False,False,Both rejected experiments,REJECTED — does not ship,True,3.552713678800501e-15
9992.HK,sbc_once,FPPPP,FPPPP,26.52634736912826,27.637377511623637,fail,fail,False,False,Charge SBC once,REJECTED — does not ship,True,0
9992.HK,combined,FPPPP,FPPPP,26.52634736912826,27.637377511623637,fail,fail,False,False,Both rejected experiments,REJECTED — does not ship,True,0
BPT.LSE,sbc_once,FPFPP,FPPPP,,,unclear,unclear,False,False,Charge SBC once,REJECTED — does not ship,True,
BPT.LSE,combined,FPFPP,FPPPP,,,unclear,unclear,False,False,Both rejected experiments,REJECTED — does not ship,True,
DIRR3.SA,sbc_once,FFPFP,FFPFP,11.284928180342272,11.393532472508902,fail,unclear,False,False,Charge SBC once,REJECTED — does not ship,True,0
DIRR3.SA,combined,FFPFP,FFPFP,11.284928180342272,11.393532472508902,fail,unclear,False,False,Both rejected experiments,REJECTED — does not ship,True,0
272210.KO,sbc_once,FFFPP,FFFPP,8713.619703791626,9289.414436250698,fail,fail,False,False,Charge SBC once,REJECTED — does not ship,True,0
272210.KO,combined,FFFPP,FFFPP,8713.619703791626,9289.414436250698,fail,fail,False,False,Both rejected experiments,REJECTED — does not ship,True,0
GMED.US,sbc_once,PFFFP,PFFFP,25.62745336762755,30.144326529997862,fail,fail,False,False,Charge SBC once,REJECTED — does not ship,True,0
GMED.US,combined,PFFFP,PFFFP,25.62745336762755,30.144326529997862,fail,fail,False,False,Both rejected experiments,REJECTED — does not ship,True,0
COR.US,sbc_once,PPPPP,PPPPP,117.08608984212555,126.72967908355082,fail,fail,False,False,Charge SBC once,REJECTED — does not ship,True,0
COR.US,combined,PPPPP,PPPPP,117.08608984212555,126.72967908355082,fail,fail,False,False,Both rejected experiments,REJECTED — does not ship,True,0
AEIS.US,sbc_once,FFFPP,FFFPP,49.21222767299779,81.97588095216811,fail,fail,False,False,Charge SBC once,REJECTED — does not ship,True,
AEIS.US,combined,FFFPP,FFFPP,49.21222767299779,81.97588095216811,fail,fail,False,False,Both rejected experiments,REJECTED — does not ship,True,
LEVI.US,sbc_once,FFFFP,FFPFP,19.24450355998168,21.497474340794728,fail,unclear,False,False,Charge SBC once,REJECTED — does not ship,True,
LEVI.US,combined,FFFFP,FFPFP,19.24450355998168,21.497474340794728,fail,unclear,False,False,Both rejected experiments,REJECTED — does not ship,True,
2330.TW,sbc_once,PPPPP,PPPPP,938.1760779668896,938.423087209296,fail,fail,False,False,Charge SBC once,REJECTED — does not ship,True,0
2330.TW,current_scale,PPPPP,PPPPP,938.1760779668896,1239.5426269440827,fail,fail,False,False,Current annual scale,REJECTED — does not ship,True,0
2330.TW,combined,PPPPP,PPPPP,938.1760779668896,1240.1008882526585,fail,fail,False,False,Both rejected experiments,REJECTED — does not ship,True,0
QGEN.US,sbc_once,FFPPP,FFPPP,26.194383586245834,29.22999914481629,fail,fail,False,False,Charge SBC once,REJECTED — does not ship,True,0
QGEN.US,combined,FFPPP,FFPPP,26.194383586245834,29.22999914481629,fail,fail,False,False,Both rejected experiments,REJECTED — does not ship,True,0
2688.HK,sbc_once,PFFPP,PFFPP,58.80101053329653,58.75593681500364,unclear,unclear,False,False,Charge SBC once,REJECTED — does not ship,True,0
2688.HK,combined,PFFPP,PFFPP,58.80101053329653,58.75593681500364,unclear,unclear,False,False,Both rejected experiments,REJECTED — does not ship,True,0
NDSN.US,sbc_once,PPPPP,PPPPP,119.50173174624572,126.36755144640827,fail,fail,False,False,Charge SBC once,REJECTED — does not ship,False,7.829869921594536
NDSN.US,combined,PPPPP,PPPPP,119.50173174624572,126.36755144640827,fail,fail,False,False,Both rejected experiments,REJECTED — does not ship,False,7.829869921594536
ITW.US,sbc_once,PPPPP,PPPPP,173.84662060382206,177.7846529576465,fail,fail,False,False,Charge SBC once,REJECTED — does not ship,True,0
ITW.US,current_scale,PPPPP,PPPPP,173.84662060382206,174.94086042437985,fail,fail,False,False,Current annual scale,REJECTED — does not ship,True,0
ITW.US,combined,PPPPP,PPPPP,173.84662060382206,179.02187796214722,fail,fail,False,False,Both rejected experiments,REJECTED — does not ship,True,0
URI.US,sbc_once,PPPPP,PPPPP,,17.13494944972611,unclear,unclear,False,False,Charge SBC once,REJECTED — does not ship,True,
URI.US,combined,PPPPP,PPPPP,,17.13494944972611,unclear,unclear,False,False,Both rejected experiments,REJECTED — does not ship,True,
LGEN.LSE,sbc_once,FFFPP,FFFPP,430.21547301543046,442.7220972452626,unclear,unclear,False,False,Charge SBC once,REJECTED — does not ship,True,0
LGEN.LSE,combined,FFFPP,FFFPP,430.21547301543046,442.7220972452626,unclear,unclear,False,False,Both rejected experiments,REJECTED — does not ship,True,0
241560.KO,sbc_once,PPPFP,PPPFP,79558.06133671818,80675.85393367961,pass,pass,False,False,Charge SBC once,REJECTED — does not ship,True,0
241560.KO,combined,PPPFP,PPPFP,79558.06133671818,80675.85393367961,pass,pass,False,False,Both rejected experiments,REJECTED — does not ship,True,0
AAP.US,sbc_once,FFFFF,FFFFF,51.512575333548796,59.10630047838981,unclear,unclear,False,False,Charge SBC once,REJECTED — does not ship,True,0
AAP.US,combined,FFFFF,FFFFF,51.512575333548796,59.10630047838981,unclear,unclear,False,False,Both rejected experiments,REJECTED — does not ship,True,0
GWW.US,sbc_once,PPPPP,PPPPP,590.3640350834236,612.5990137830374,fail,fail,False,False,Charge SBC once,REJECTED — does not ship,True,0
GWW.US,combined,PPPPP,PPPPP,590.3640350834236,612.5990137830374,fail,fail,False,False,Both rejected experiments,REJECTED — does not ship,True,0
WDAY.US,sbc_once,FFFFP,FFPFP,,53.94634007090392,unclear,fail,False,False,Charge SBC once,REJECTED — does not ship,True,
WDAY.US,combined,FFFFP,FFPFP,,53.94634007090392,unclear,fail,False,False,Both rejected experiments,REJECTED — does not ship,True,
SBGI.US,sbc_once,FFFFP,FFFFP,23.27160756999719,32.448693263889126,unclear,pass,False,False,Charge SBC once,REJECTED — does not ship,True,
SBGI.US,combined,FFFFP,FFFFP,23.27160756999719,32.448693263889126,unclear,pass,False,False,Both rejected experiments,REJECTED — does not ship,True,
BMI.US,sbc_once,PPPPP,PPPPP,82.8350747637913,86.62623915533386,fail,fail,False,False,Charge SBC once,REJECTED — does not ship,True,0
BMI.US,current_scale,PPPPP,PPPPP,82.8350747637913,101.72585939867302,fail,fail,False,False,Current annual scale,REJECTED — does not ship,True,0
BMI.US,combined,PPPPP,PPPPP,82.8350747637913,109.13061436773634,fail,fail,False,False,Both rejected experiments,REJECTED — does not ship,True,0
ABBV.US,sbc_once,PPPPP,PPPPP,104.28160945169762,116.43880438050446,fail,fail,False,False,Charge SBC once,REJECTED — does not ship,True,0
ABBV.US,combined,PPPPP,PPPPP,104.28160945169762,116.43880438050446,fail,fail,False,False,Both rejected experiments,REJECTED — does not ship,True,0
FLEX.US,sbc_once,FFFPP,FFFPP,28.762707750225864,41.906085704361644,fail,fail,False,False,Charge SBC once,REJECTED — does not ship,True,0
FLEX.US,combined,FFFPP,FFFPP,28.762707750225864,41.906085704361644,fail,fail,False,False,Both rejected experiments,REJECTED — does not ship,True,0
ACS.MC,sbc_once,FFPPP,FFPPP,97.59326400171521,97.85447161929127,unclear,unclear,False,False,Charge SBC once,REJECTED — does not ship,True,0
ACS.MC,combined,FFPPP,FFPPP,97.59326400171521,97.85447161929127,unclear,unclear,False,False,Both rejected experiments,REJECTED — does not ship,True,0
IP.MI,sbc_once,PPPPP,PPPPP,27.91133887759424,28.71181907988219,fail,fail,False,False,Charge SBC once,REJECTED — does not ship,True,0
IP.MI,combined,PPPPP,PPPPP,27.91133887759424,28.71181907988219,fail,fail,False,False,Both rejected experiments,REJECTED — does not ship,True,0
PXA.AU,sbc_once,FFPFP,FFPFP,,0.5208182936968984,unclear,fail,False,False,Charge SBC once,REJECTED — does not ship,True,
PXA.AU,combined,FFPFP,FFPFP,,0.5208182936968984,unclear,fail,False,False,Both rejected experiments,REJECTED — does not ship,True,
LEA.US,sbc_once,PFFFP,PFFFP,115.00386809397455,131.6962667165065,fail,unclear,False,False,Charge SBC once,REJECTED — does not ship,True,0
LEA.US,combined,PFFFP,PFFFP,115.00386809397455,131.6962667165065,fail,unclear,False,False,Both rejected experiments,REJECTED — does not ship,True,0
OPCH.US,sbc_once,FFPPP,FFPPP,14.720331356258152,17.69130322594275,fail,fail,False,False,Charge SBC once,REJECTED — does not ship,True,
OPCH.US,combined,FFPPP,FFPPP,14.720331356258152,17.69130322594275,fail,fail,False,False,Both rejected experiments,REJECTED — does not ship,True,
WEYS.US,sbc_once,FFPFP,FFPFP,38.77450973731696,40.962900714492484,fail,fail,False,False,Charge SBC once,REJECTED — does not ship,True,0
WEYS.US,combined,FFPFP,FFPFP,38.77450973731696,40.962900714492484,fail,fail,False,False,Both rejected experiments,REJECTED — does not ship,True,0
300628.SHE,sbc_once,PPPFP,PPPFP,32.125841494903334,32.79400255734259,fail,fail,False,False,Charge SBC once,REJECTED — does not ship,True,0
300628.SHE,combined,PPPFP,PPPFP,32.125841494903334,32.79400255734259,fail,fail,False,False,Both rejected experiments,REJECTED — does not ship,True,0
VYX.US,sbc_once,FFFFF,FFFFF,,2.378366296728099,unclear,fail,False,False,Charge SBC once,REJECTED — does not ship,True,
VYX.US,combined,FFFFF,FFFFF,,2.378366296728099,unclear,fail,False,False,Both rejected experiments,REJECTED — does not ship,True,
WDC.US,sbc_once,FFPPP,FFPPP,45.74824171504001,56.99400098001204,fail,fail,False,False,Charge SBC once,REJECTED — does not ship,True,0
WDC.US,combined,FFPPP,FFPPP,45.74824171504001,56.99400098001204,fail,fail,False,False,Both rejected experiments,REJECTED — does not ship,True,0
ADM.US,sbc_once,FFFFP,FFFFP,40.307490631304184,42.44033174887853,fail,fail,False,False,Charge SBC once,REJECTED — does not ship,True,0
ADM.US,combined,FFFFP,FFFFP,40.307490631304184,42.44033174887853,fail,fail,False,False,Both rejected experiments,REJECTED — does not ship,True,0
PSON.LSE,sbc_once,FFPPP,FFPPP,1338.9857717340549,1421.753571425225,unclear,unclear,False,False,Charge SBC once,REJECTED — does not ship,True,0
PSON.LSE,combined,FFPPP,FFPPP,1338.9857717340549,1421.753571425225,unclear,unclear,False,False,Both rejected experiments,REJECTED — does not ship,True,0
ENG.MC,sbc_once,FFFFP,FFFFP,22.949681962865885,22.9328488624172,unclear,unclear,False,False,Charge SBC once,REJECTED — does not ship,True,0
ENG.MC,combined,FFFFP,FFFFP,22.949681962865885,22.9328488624172,unclear,unclear,False,False,Both rejected experiments,REJECTED — does not ship,True,0
HINDALCO.NSE,sbc_once,PFPPP,PFPPP,786.9741245557234,791.5473018049339,fail,fail,False,False,Charge SBC once,REJECTED — does not ship,True,0
HINDALCO.NSE,combined,PFPPP,PFPPP,786.9741245557234,791.5473018049339,fail,fail,False,False,Both rejected experiments,REJECTED — does not ship,True,0
CSC.AU,sbc_once,FFFFP,FFFFP,5.295320270552153,5.877793096965599,fail,fail,False,False,Charge SBC once,REJECTED — does not ship,True,0
CSC.AU,combined,FFFFP,FFFFP,5.295320270552153,5.877793096965599,fail,fail,False,False,Both rejected experiments,REJECTED — does not ship,True,0
BLDR.US,sbc_once,FPPPP,FPPPP,44.175726739941055,49.06424408398804,fail,fail,False,False,Charge SBC once,REJECTED — does not ship,True,0
BLDR.US,combined,FPPPP,FPPPP,44.175726739941055,49.06424408398804,fail,fail,False,False,Both rejected experiments,REJECTED — does not ship,True,0
QQ.LSE,sbc_once,FPFPP,FPPPP,320.94263750914973,348.98238284098323,fail,fail,False,False,Charge SBC once,REJECTED — does not ship,True,0
QQ.LSE,combined,FPFPP,FPPPP,320.94263750914973,348.98238284098323,fail,fail,False,False,Both rejected experiments,REJECTED — does not ship,True,0
TLS.AU,sbc_once,FFFPP,FFFPP,2.583365660153867,2.604455259436013,fail,fail,False,False,Charge SBC once,REJECTED — does not ship,True,0
TLS.AU,combined,FFFPP,FFFPP,2.583365660153867,2.604455259436013,fail,fail,False,False,Both rejected experiments,REJECTED — does not ship,True,0
ADI.US,sbc_once,PFPFP,PFPFP,91.7767207716755,100.03016717057737,fail,fail,False,False,Charge SBC once,REJECTED — does not ship,True,0
ADI.US,combined,PFPFP,PFPFP,91.7767207716755,100.03016717057737,fail,fail,False,False,Both rejected experiments,REJECTED — does not ship,True,0
SECU-B.ST,sbc_once,PPPFP,PPPFP,82.82612457939645,84.56281975124818,fail,fail,False,False,Charge SBC once,REJECTED — does not ship,True,0
SECU-B.ST,combined,PPPFP,PPPFP,82.82612457939645,84.56281975124818,fail,fail,False,False,Both rejected experiments,REJECTED — does not ship,True,0
UGPA3.SA,sbc_once,PFFFP,PFPFP,20.923609557660104,21.484171217895327,fail,fail,False,False,Charge SBC once,REJECTED — does not ship,True,0
UGPA3.SA,combined,PFFFP,PFPFP,20.923609557660104,21.484171217895327,fail,fail,False,False,Both rejected experiments,REJECTED — does not ship,True,0
377300.KO,sbc_once,FFFPP,FFFPP,46610.181709536824,46922.56572819115,unclear,unclear,False,False,Charge SBC once,REJECTED — does not ship,True,0
377300.KO,combined,FFFPP,FFFPP,46610.181709536824,46922.56572819115,unclear,unclear,False,False,Both rejected experiments,REJECTED — does not ship,True,0
BAMNB.AS,sbc_once,FFPPP,FFPPP,9.982374944100282,10.217240390329785,fail,fail,False,False,Charge SBC once,REJECTED — does not ship,True,0
BAMNB.AS,combined,FFPPP,FFPPP,9.982374944100282,10.217240390329785,fail,fail,False,False,Both rejected experiments,REJECTED — does not ship,True,0
IRE.AU,sbc_once,PFPFP,PFPFP,4.227044358420418,5.386880383207126,fail,unclear,False,False,Charge SBC once,REJECTED — does not ship,True,0
IRE.AU,combined,PFPFP,PFPFP,4.227044358420418,5.386880383207126,fail,unclear,False,False,Both rejected experiments,REJECTED — does not ship,True,0
HUBB.US,sbc_once,PPPPP,PPPPP,200.52787153229207,207.58971036051415,fail,fail,False,False,Charge SBC once,REJECTED — does not ship,True,0
HUBB.US,combined,PPPPP,PPPPP,200.52787153229207,207.58971036051415,fail,fail,False,False,Both rejected experiments,REJECTED — does not ship,True,0
MTZ.US,sbc_once,FFPFP,FFPFP,77.10743880826016,82.27112537960976,fail,fail,False,False,Charge SBC once,REJECTED — does not ship,True,0
MTZ.US,combined,FFPFP,FFPFP,77.10743880826016,82.27112537960976,fail,fail,False,False,Both rejected experiments,REJECTED — does not ship,True,0
IMI.LSE,sbc_once,PPPPP,PPPPP,1329.016838033476,2347.699289478359,fail,fail,False,False,Charge SBC once,REJECTED — does not ship,True,0
IMI.LSE,combined,PPPPP,PPPPP,1329.016838033476,2496.1174474763698,fail,fail,False,False,Both rejected experiments,REJECTED — does not ship,True,0
JEF.US,sbc_once,FFFPF,FFFPF,44.414681213407285,50.712128661073315,fail,unclear,False,False,Charge SBC once,REJECTED — does not ship,True,
JEF.US,combined,FFFPF,FFFPF,44.414681213407285,50.712128661073315,fail,unclear,False,False,Both rejected experiments,REJECTED — does not ship,True,
YMM.US,sbc_once,FFFPP,FFPPP,,,unclear,unclear,False,False,Charge SBC once,REJECTED — does not ship,True,
YMM.US,combined,FFFPP,FFPPP,,,unclear,unclear,False,False,Both rejected experiments,REJECTED — does not ship,True,
ECG.US,sbc_once,UUUUU,UUUUU,31.883666135319228,32.14349099140517,unclear,unclear,False,False,Charge SBC once,REJECTED — does not ship,False,
ECG.US,combined,UUUUU,UUUUU,31.883666135319228,32.14349099140517,unclear,unclear,False,False,Both rejected experiments,REJECTED — does not ship,False,
ATCO-A.ST,sbc_once,PPPPP,PPPPP,121.86076777531494,121.52736863757741,fail,fail,False,False,Charge SBC once,REJECTED — does not ship,True,0
ATCO-A.ST,current_scale,PPPPP,PPPPP,121.86076777531494,121.67640878177865,fail,fail,False,False,Current annual scale,REJECTED — does not ship,True,0
ATCO-A.ST,combined,PPPPP,PPPPP,121.86076777531494,123.01159172335514,fail,fail,False,False,Both rejected experiments,REJECTED — does not ship,True,0
DRREDDY.NSE,sbc_once,FFFPP,FFFPP,447.4797386724549,455.1813063214015,fail,fail,False,False,Charge SBC once,REJECTED — does not ship,True,0
DRREDDY.NSE,combined,FFFPP,FFFPP,447.4797386724549,455.1813063214015,fail,fail,False,False,Both rejected experiments,REJECTED — does not ship,True,0
PR.US,sbc_once,FFFPP,FFFPP,1.2397490050432354,2.284722099995833,fail,fail,False,False,Charge SBC once,REJECTED — does not ship,True,0
PR.US,combined,FFFPP,FFFPP,1.2397490050432354,2.284722099995833,fail,fail,False,False,Both rejected experiments,REJECTED — does not ship,True,0
CPU.AU,sbc_once,PPPPP,PPPPP,18.972834341774583,19.988760652231985,fail,fail,False,False,Charge SBC once,REJECTED — does not ship,True,0
CPU.AU,combined,PPPPP,PPPPP,18.972834341774583,19.988760652231985,fail,fail,False,False,Both rejected experiments,REJECTED — does not ship,True,0
DOLE.US,sbc_once,FFPFP,FFPFP,13.044608995222006,14.432590937992936,unclear,unclear,False,False,Charge SBC once,REJECTED — does not ship,True,0
DOLE.US,combined,FFPFP,FFPFP,13.044608995222006,14.432590937992936,unclear,unclear,False,False,Both rejected experiments,REJECTED — does not ship,True,0
LSCC.US,sbc_once,FFFPF,FFPPF,,1.436936757681405,unclear,unclear,False,False,Charge SBC once,REJECTED — does not ship,True,
LSCC.US,combined,FFFPF,FFPPF,,1.436936757681405,unclear,unclear,False,False,Both rejected experiments,REJECTED — does not ship,True,
688111.SHG,sbc_once,PPPPP,PPPPP,48.20594363191249,57.109802538679666,fail,fail,False,False,Charge SBC once,REJECTED — does not ship,True,0
688111.SHG,combined,PPPPP,PPPPP,48.20594363191249,57.109802538679666,fail,fail,False,False,Both rejected experiments,REJECTED — does not ship,True,0
SLM.US,sbc_once,PFPFP,PFPFP,63.14210217918407,65.78806955010407,pass,pass,False,False,Charge SBC once,REJECTED — does not ship,True,0
SLM.US,combined,PFPFP,PFPFP,63.14210217918407,65.78806955010407,pass,pass,False,False,Both rejected experiments,REJECTED — does not ship,True,0
CNK.US,sbc_once,FFPFP,FFPFP,14.682764164796925,18.599197894471814,fail,fail,False,False,Charge SBC once,REJECTED — does not ship,True,1.7763568394002505e-15
CNK.US,combined,FFPFP,FFPFP,14.682764164796925,18.599197894471814,fail,fail,False,False,Both rejected experiments,REJECTED — does not ship,True,1.7763568394002505e-15
TDY.US,sbc_once,PPPFP,PPPFP,340.0725772148932,352.6237568553869,fail,fail,False,False,Charge SBC once,REJECTED — does not ship,True,0
TDY.US,combined,PPPFP,PPPFP,340.0725772148932,352.6237568553869,fail,fail,False,False,Both rejected experiments,REJECTED — does not ship,True,0
603501.SHG,sbc_once,FFFPP,FFPPP,59.147153635966035,62.938608896558584,fail,fail,False,False,Charge SBC once,REJECTED — does not ship,True,0
603501.SHG,combined,FFFPP,FFPPP,59.147153635966035,62.938608896558584,fail,fail,False,False,Both rejected experiments,REJECTED — does not ship,True,0
BAH.US,sbc_once,PFPPP,PFPPP,93.09596325631225,107.22406435923486,unclear,unclear,False,False,Charge SBC once,REJECTED — does not ship,True,0
BAH.US,combined,PFPPP,PFPPP,93.09596325631225,107.22406435923486,unclear,unclear,False,False,Both rejected experiments,REJECTED — does not ship,True,0
CRI.US,sbc_once,PPFFP,PPFFP,42.458115630601974,49.570976087837025,unclear,unclear,False,False,Charge SBC once,REJECTED — does not ship,True,0
CRI.US,combined,PPFFP,PPFFP,42.458115630601974,49.570976087837025,unclear,unclear,False,False,Both rejected experiments,REJECTED — does not ship,True,0
UTHR.US,sbc_once,FFPPP,FFPPP,315.97513196090586,354.3884360205337,fail,fail,False,False,Charge SBC once,REJECTED — does not ship,True,0
UTHR.US,combined,FFPPP,FFPPP,315.97513196090586,354.3884360205337,fail,fail,False,False,Both rejected experiments,REJECTED — does not ship,True,0
UDR.US,sbc_once,FFPFP,FFPFP,21.837775481912356,22.666244419790303,fail,fail,False,False,Charge SBC once,REJECTED — does not ship,True,0
UDR.US,combined,FFPFP,FFPFP,21.837775481912356,22.666244419790303,fail,fail,False,False,Both rejected experiments,REJECTED — does not ship,True,0
1876.HK,sbc_once,PPFFP,PPFFP,17.437393728911562,17.865281449120044,pass,pass,False,False,Charge SBC once,REJECTED — does not ship,True,0
1876.HK,combined,PPFFP,PPFFP,17.437393728911562,17.865281449120044,pass,pass,False,False,Both rejected experiments,REJECTED — does not ship,True,0
EDEN.PA,sbc_once,PPPFP,PPPFP,50.41186196954191,52.02657309918442,pass,pass,False,False,Charge SBC once,REJECTED — does not ship,True,0
EDEN.PA,combined,PPPFP,PPPFP,50.41186196954191,52.02657309918442,pass,pass,False,False,Both rejected experiments,REJECTED — does not ship,True,0
VIVA3.SA,sbc_once,PFFPP,PFFPP,8.563868533380628,8.708756076178789,fail,fail,False,False,Charge SBC once,REJECTED — does not ship,True,0
VIVA3.SA,combined,PFFPP,PFFPP,8.563868533380628,8.708756076178789,fail,fail,False,False,Both rejected experiments,REJECTED — does not ship,True,0
CBRE.US,sbc_once,PFPFP,PFPFP,75.91587328322618,87.55885117681629,fail,fail,False,False,Charge SBC once,REJECTED — does not ship,True,
CBRE.US,combined,PFPFP,PFPFP,75.91587328322618,87.55885117681629,fail,fail,False,False,Both rejected experiments,REJECTED — does not ship,True,
007340.KO,sbc_once,PFPFP,PFPFP,103345.94384502692,104900.169867571,pass,pass,False,False,Charge SBC once,REJECTED — does not ship,True,0
007340.KO,combined,PFPFP,PFPFP,103345.94384502692,104900.169867571,pass,pass,False,False,Both rejected experiments,REJECTED — does not ship,True,0
GAMA.LSE,sbc_once,PPPPP,PPPPP,1538.2742477753607,1652.151237304927,pass,pass,True,True,Charge SBC once,REJECTED — does not ship,True,0
GAMA.LSE,current_scale,PPPPP,PPPPP,1538.2742477753607,2128.5807018832325,pass,pass,True,True,Current annual scale,REJECTED — does not ship,True,0
GAMA.LSE,combined,PPPPP,PPPPP,1538.2742477753607,2199.977387953277,pass,pass,True,True,Both rejected experiments,REJECTED — does not ship,True,0
KR.US,sbc_once,PFFFP,PFFFP,1.7900269369371689,5.4753765129842815,fail,fail,False,False,Charge SBC once,REJECTED — does not ship,True,0
KR.US,combined,PFFFP,PFFFP,1.7900269369371689,5.4753765129842815,fail,fail,False,False,Both rejected experiments,REJECTED — does not ship,True,0
DLG.MI,current_scale,PPPPP,PPPPP,31.524491249355425,33.869416806444534,fail,fail,False,False,Current annual scale,REJECTED — does not ship,True,0
DLG.MI,combined,PPPPP,PPPPP,31.524491249355425,33.869416806444534,fail,fail,False,False,Both rejected experiments,REJECTED — does not ship,True,0
JUP.LSE,sbc_once,PFFFP,PFFFP,201.4097033638506,244.5768291523668,unclear,unclear,False,False,Charge SBC once,REJECTED — does not ship,True,2.842170943040401e-14
JUP.LSE,combined,PFFFP,PFFFP,201.4097033638506,244.5768291523668,unclear,unclear,False,False,Both rejected experiments,REJECTED — does not ship,True,2.842170943040401e-14
GLEN.LSE,sbc_once,FFPFP,FFPFP,72.04020742503643,127.08748733251952,fail,fail,False,False,Charge SBC once,REJECTED — does not ship,True,0
GLEN.LSE,combined,FFPFP,FFPFP,72.04020742503643,127.08748733251952,fail,fail,False,False,Both rejected experiments,REJECTED — does not ship,True,0
HLN.LSE,sbc_once,PFPPP,PFPPP,181.27479181942755,195.69848124116683,fail,fail,False,False,Charge SBC once,REJECTED — does not ship,True,0
HLN.LSE,combined,PFPPP,PFPPP,181.27479181942755,195.69848124116683,fail,fail,False,False,Both rejected experiments,REJECTED — does not ship,True,0
RMBS.US,sbc_once,FFPPP,FFPPP,23.587570161169975,28.69752202560511,fail,fail,False,False,Charge SBC once,REJECTED — does not ship,True,0
RMBS.US,combined,FFPPP,FFPPP,23.587570161169975,28.69752202560511,fail,fail,False,False,Both rejected experiments,REJECTED — does not ship,True,0
PLOW.US,sbc_once,FFPFP,FFPFP,21.466929696988228,25.583383699195096,fail,fail,False,False,Charge SBC once,REJECTED — does not ship,True,
PLOW.US,combined,FFPFP,FFPFP,21.466929696988228,25.583383699195096,fail,fail,False,False,Both rejected experiments,REJECTED — does not ship,True,
LI.US,sbc_once,FFFPF,FFPPF,,,unclear,unclear,False,False,Charge SBC once,REJECTED — does not ship,True,
LI.US,combined,FFFPF,FFPPF,,,unclear,unclear,False,False,Both rejected experiments,REJECTED — does not ship,True,
WFRD.US,sbc_once,FFPPP,FFPPP,87.32404543561823,95.03310971600743,unclear,unclear,False,False,Charge SBC once,REJECTED — does not ship,True,0
WFRD.US,combined,FFPPP,FFPPP,87.32404543561823,95.03310971600743,unclear,unclear,False,False,Both rejected experiments,REJECTED — does not ship,True,0
ATMU.US,sbc_once,PPPPP,PPPPP,28.51737525711466,28.2887360627316,fail,fail,False,False,Charge SBC once,REJECTED — does not ship,True,0
ATMU.US,combined,PPPPP,PPPPP,28.51737525711466,28.2887360627316,fail,fail,False,False,Both rejected experiments,REJECTED — does not ship,True,0
PHIN.US,sbc_once,UUUUU,UUUUU,52.39668588509672,57.97950949363793,unclear,unclear,False,False,Charge SBC once,REJECTED — does not ship,False,
PHIN.US,combined,UUUUU,UUUUU,52.39668588509672,57.97950949363793,unclear,unclear,False,False,Both rejected experiments,REJECTED — does not ship,False,
ATYM.LSE,sbc_once,FFFPP,FFPPP,411.1353796322466,418.2202072548258,fail,fail,False,False,Charge SBC once,REJECTED — does not ship,True,0
ATYM.LSE,combined,FFFPP,FFPPP,411.1353796322466,418.2202072548258,fail,fail,False,False,Both rejected experiments,REJECTED — does not ship,True,0
ODD.US,sbc_once,UUUUU,UUUUU,,5.114244940808929,unclear,unclear,False,False,Charge SBC once,REJECTED — does not ship,False,
ODD.US,combined,UUUUU,UUUUU,,5.114244940808929,unclear,unclear,False,False,Both rejected experiments,REJECTED — does not ship,False,
CDNS.US,sbc_once,PPFPP,PPPPP,37.1758511178768,88.2138066956132,fail,fail,False,False,Charge SBC once,REJECTED — does not ship,True,0
CDNS.US,combined,PPFPP,PPPPP,37.1758511178768,97.1728349591681,fail,fail,False,False,Both rejected experiments,REJECTED — does not ship,True,0
MRSH.US,sbc_once,PPPPP,PPPPP,96.17040617325267,105.6310721463938,fail,fail,False,False,Charge SBC once,REJECTED — does not ship,True,0
MRSH.US,combined,PPPPP,PPPPP,96.17040617325267,105.6310721463938,fail,fail,False,False,Both rejected experiments,REJECTED — does not ship,True,0
FISV.US,sbc_once,PFPFP,PFPFP,73.38520055778307,81.92592636904024,unclear,unclear,False,False,Charge SBC once,REJECTED — does not ship,True,0
FISV.US,combined,PFPFP,PFPFP,73.38520055778307,81.92592636904024,unclear,unclear,False,False,Both rejected experiments,REJECTED — does not ship,True,0
PSMT.US,sbc_once,PFFPP,PFFPP,25.411248631591775,38.53757585722734,fail,fail,False,False,Charge SBC once,REJECTED — does not ship,True,0
PSMT.US,combined,PFFPP,PFFPP,25.411248631591775,38.53757585722734,fail,fail,False,False,Both rejected experiments,REJECTED — does not ship,True,0
GPT.AU,sbc_once,FFFFP,FFPFP,,3.0971422132500144,unclear,fail,False,False,Charge SBC once,REJECTED — does not ship,True,
GPT.AU,combined,FFFFP,FFPFP,,3.0971422132500144,unclear,fail,False,False,Both rejected experiments,REJECTED — does not ship,True,
TW.LSE,sbc_once,PFFFP,PFFFP,44.668694350220974,47.87581660776679,fail,fail,False,False,Charge SBC once,REJECTED — does not ship,True,0
TW.LSE,combined,PFFFP,PFFFP,44.668694350220974,47.87581660776679,fail,fail,False,False,Both rejected experiments,REJECTED — does not ship,True,0
THRM.US,sbc_once,PFFFP,PFFFP,4.701228029428959,7.509465344615548,fail,fail,False,False,Charge SBC once,REJECTED — does not ship,True,0
THRM.US,combined,PFFFP,PFFFP,4.701228029428959,7.509465344615548,fail,fail,False,False,Both rejected experiments,REJECTED — does not ship,True,0
TRNS.US,sbc_once,PFPFP,PFPFP,12.26631731921908,21.67641517119622,fail,fail,False,False,Charge SBC once,REJECTED — does not ship,True,0
TRNS.US,combined,PFPFP,PFPFP,12.26631731921908,21.67641517119622,fail,fail,False,False,Both rejected experiments,REJECTED — does not ship,True,0
6920.JP,current_scale,PPPPP,PPPPP,15200.127978937779,16331.882853580682,fail,fail,False,False,Current annual scale,REJECTED — does not ship,True,0
6920.JP,combined,PPPPP,PPPPP,15200.127978937779,16331.882853580682,fail,fail,False,False,Both rejected experiments,REJECTED — does not ship,True,0
KIM.US,sbc_once,PFPFP,PFPFP,16.13078304265458,16.429062613050935,fail,fail,False,False,Charge SBC once,REJECTED — does not ship,False,-3.320622217744308
KIM.US,combined,PFPFP,PFPFP,16.13078304265458,16.429062613050935,fail,fail,False,False,Both rejected experiments,REJECTED — does not ship,False,-3.320622217744308
AAPL.US,sbc_once,PPPPP,PPPPP,126.23576887456737,144.96677920635014,fail,fail,False,False,Charge SBC once,REJECTED — does not ship,True,0
AAPL.US,current_scale,PPPPP,PPPPP,126.23576887456737,139.25423500090625,fail,fail,False,False,Current annual scale,REJECTED — does not ship,True,0
AAPL.US,combined,PPPPP,PPPPP,126.23576887456737,157.08933806947712,fail,fail,False,False,Both rejected experiments,REJECTED — does not ship,True,0
BMY.US,sbc_once,PFPPP,PFPPP,60.9574951402785,64.32449579096348,unclear,unclear,False,False,Charge SBC once,REJECTED — does not ship,True,0
BMY.US,combined,PFPPP,PFPPP,60.9574951402785,64.32449579096348,unclear,unclear,False,False,Both rejected experiments,REJECTED — does not ship,True,0
CCH.LSE,sbc_once,PPPPP,PPPPP,3262.255685507449,3367.6504983645464,fail,fail,False,False,Charge SBC once,REJECTED — does not ship,True,0
CCH.LSE,combined,PPPPP,PPPPP,3262.255685507449,3367.6504983645464,fail,fail,False,False,Both rejected experiments,REJECTED — does not ship,True,0
WEX.US,sbc_once,FFPFF,FFPFF,255.43195937429365,289.34869272956286,unclear,unclear,False,False,Charge SBC once,REJECTED — does not ship,True,
WEX.US,combined,FFPFF,FFPFF,255.43195937429365,289.34869272956286,unclear,unclear,False,False,Both rejected experiments,REJECTED — does not ship,True,
0981.HK,sbc_once,FFFPP,FFFPP,17.335104374462873,17.864758462085174,fail,fail,False,False,Charge SBC once,REJECTED — does not ship,True,0
0981.HK,combined,FFFPP,FFFPP,17.335104374462873,17.864758462085174,fail,fail,False,False,Both rejected experiments,REJECTED — does not ship,True,0
FTI.US,sbc_once,FFFPP,FFFPP,7.206570705502726,8.000755556537467,fail,fail,False,False,Charge SBC once,REJECTED — does not ship,True,
FTI.US,combined,FFFPP,FFFPP,7.206570705502726,8.000755556537467,fail,fail,False,False,Both rejected experiments,REJECTED — does not ship,True,
KNIN.SW,sbc_once,PFPPP,PFPPP,110.57702689871984,112.67155074894266,fail,fail,False,False,Charge SBC once,REJECTED — does not ship,True,0
KNIN.SW,combined,PFPPP,PFPPP,110.57702689871984,112.67155074894266,fail,fail,False,False,Both rejected experiments,REJECTED — does not ship,True,0
RI.PA,sbc_once,PFFFP,PFFFP,62.446022604400845,63.236276490558794,unclear,unclear,False,False,Charge SBC once,REJECTED — does not ship,True,0
RI.PA,combined,PFFFP,PFFFP,62.446022604400845,63.236276490558794,unclear,unclear,False,False,Both rejected experiments,REJECTED — does not ship,True,0
BMY.LSE,sbc_once,PPPPP,PPPPP,525.4364334679756,554.6669367322872,fail,fail,False,False,Charge SBC once,REJECTED — does not ship,True,-1.1368683772161603e-13
BMY.LSE,combined,PPPPP,PPPPP,525.4364334679756,554.6669367322872,fail,fail,False,False,Both rejected experiments,REJECTED — does not ship,True,-1.1368683772161603e-13
STGW.US,sbc_once,PPFFP,PPFFP,5.42649363762246,7.489164666740866,fail,fail,False,False,Charge SBC once,REJECTED — does not ship,True,0
STGW.US,combined,PPFFP,PPFFP,5.42649363762246,7.489164666740866,fail,fail,False,False,Both rejected experiments,REJECTED — does not ship,True,0
HHH.US,sbc_once,FFFFP,FFFFP,104.16206369444285,108.32767139285964,unclear,unclear,False,False,Charge SBC once,REJECTED — does not ship,True,0
HHH.US,combined,FFFFP,FFFFP,104.16206369444285,108.32767139285964,unclear,unclear,False,False,Both rejected experiments,REJECTED — does not ship,True,0
DOW.AU,sbc_once,FFFPP,FFFPP,3.9864133446011603,4.047378441805015,fail,fail,False,False,Charge SBC once,REJECTED — does not ship,True,0
DOW.AU,combined,FFFPP,FFFPP,3.9864133446011603,4.047378441805015,fail,fail,False,False,Both rejected experiments,REJECTED — does not ship,True,0
MAN.US,sbc_once,PPFFP,PPFFP,,4.110177505029248,unclear,fail,False,False,Charge SBC once,REJECTED — does not ship,True,
MAN.US,combined,PPFFP,PPFFP,,4.110177505029248,unclear,fail,False,False,Both rejected experiments,REJECTED — does not ship,True,
DOV.US,sbc_once,PPPPP,PPPPP,123.46161552003899,126.52632940500283,fail,fail,False,False,Charge SBC once,REJECTED — does not ship,True,0
DOV.US,combined,PPPPP,PPPPP,123.46161552003899,126.52632940500283,fail,fail,False,False,Both rejected experiments,REJECTED — does not ship,True,0
BIM.PA,sbc_once,PPPPP,PPPPP,58.84609856832209,60.534711210234754,fail,fail,False,False,Charge SBC once,REJECTED — does not ship,True,0
BIM.PA,combined,PPPPP,PPPPP,58.84609856832209,60.534711210234754,fail,fail,False,False,Both rejected experiments,REJECTED — does not ship,True,0
SITE.US,sbc_once,PFPPP,PFPPP,58.41685199128271,66.02075576591999,fail,fail,False,False,Charge SBC once,REJECTED — does not ship,True,0
SITE.US,combined,PFPPP,PFPPP,58.41685199128271,66.02075576591999,fail,fail,False,False,Both rejected experiments,REJECTED — does not ship,True,0
EQT.US,sbc_once,FFPFP,FFPFP,27.806783355850694,28.797645185789886,fail,fail,False,False,Charge SBC once,REJECTED — does not ship,True,0
EQT.US,combined,FFPFP,FFPFP,27.806783355850694,28.797645185789886,fail,fail,False,False,Both rejected experiments,REJECTED — does not ship,True,0
DRR.AU,sbc_once,PPPPP,PPPPP,3.721473076350244,3.7532814971396604,fail,fail,False,False,Charge SBC once,REJECTED — does not ship,True,0
DRR.AU,combined,PPPPP,PPPPP,3.721473076350244,3.7532814971396604,fail,fail,False,False,Both rejected experiments,REJECTED — does not ship,True,0
3692.HK,sbc_once,PPPPP,PPPPP,13.464626601006135,13.87609009796578,fail,fail,False,False,Charge SBC once,REJECTED — does not ship,True,0
3692.HK,combined,PPPPP,PPPPP,13.464626601006135,13.87609009796578,fail,fail,False,False,Both rejected experiments,REJECTED — does not ship,True,0
GHC.US,sbc_once,FFPFP,FFPFP,1362.0004547625945,1378.263072267548,unclear,unclear,False,False,Charge SBC once,REJECTED — does not ship,True,0
GHC.US,combined,FFPFP,FFPFP,1362.0004547625945,1378.263072267548,unclear,unclear,False,False,Both rejected experiments,REJECTED — does not ship,True,0
GNS.LSE,sbc_once,PFPFP,PFPFP,592.8971624204872,712.095682815106,fail,fail,False,False,Charge SBC once,REJECTED — does not ship,True,0
GNS.LSE,combined,PFPFP,PFPFP,592.8971624204872,712.095682815106,fail,fail,False,False,Both rejected experiments,REJECTED — does not ship,True,0
STT.US,sbc_once,PFPFF,PFPFF,121.2106963854426,134.15952125555333,fail,fail,False,False,Charge SBC once,REJECTED — does not ship,True,0
STT.US,combined,PFPFF,PFPFF,121.2106963854426,134.15952125555333,fail,fail,False,False,Both rejected experiments,REJECTED — does not ship,True,0
CCEP.LSE,sbc_once,PFPPP,PFPPP,3843.560073341361,3980.3689893848696,fail,fail,False,False,Charge SBC once,REJECTED — does not ship,True,0
CCEP.LSE,combined,PFPPP,PFPPP,3843.560073341361,3980.3689893848696,fail,fail,False,False,Both rejected experiments,REJECTED — does not ship,True,0
CDR.WAR,sbc_once,FPFPP,FPFPP,54.31796116396533,56.31074917895629,fail,fail,False,False,Charge SBC once,REJECTED — does not ship,True,0
CDR.WAR,combined,FPFPP,FPFPP,54.31796116396533,56.31074917895629,fail,fail,False,False,Both rejected experiments,REJECTED — does not ship,True,0
LKFT.US,sbc_once,FFFFF,FFPFF,,,unclear,unclear,False,False,Charge SBC once,REJECTED — does not ship,True,
LKFT.US,combined,FFFFF,FFPFF,,,unclear,unclear,False,False,Both rejected experiments,REJECTED — does not ship,True,
BKNG.US,sbc_once,FPPPP,FPPPP,89.67611939471608,98.44898999403485,fail,fail,False,False,Charge SBC once,REJECTED — does not ship,True,0
BKNG.US,combined,FPPPP,FPPPP,89.67611939471608,98.44898999403485,fail,fail,False,False,Both rejected experiments,REJECTED — does not ship,True,0
ALGN.US,sbc_once,PPFPP,PPPPP,62.21448730669207,123.95953601201333,fail,fail,False,False,Charge SBC once,REJECTED — does not ship,True,0
ALGN.US,combined,PPFPP,PPPPP,62.21448730669207,123.95953601201333,fail,fail,False,False,Both rejected experiments,REJECTED — does not ship,True,0
CIGI.US,sbc_once,FFPFP,FFPFP,41.97509260906758,48.56997024452703,fail,fail,False,False,Charge SBC once,REJECTED — does not ship,True,0
CIGI.US,combined,FFPFP,FFPFP,41.97509260906758,48.56997024452703,fail,fail,False,False,Both rejected experiments,REJECTED — does not ship,True,0
TER.US,sbc_once,FPFPP,FPFPP,,63.65985404532234,unclear,fail,False,False,Charge SBC once,REJECTED — does not ship,True,
TER.US,combined,FPFPP,FPFPP,,63.65985404532234,unclear,fail,False,False,Both rejected experiments,REJECTED — does not ship,True,
VRSN.US,sbc_once,PPPPP,PPPPP,148.3743440961421,159.81397686114008,fail,fail,False,False,Charge SBC once,REJECTED — does not ship,True,0
VRSN.US,combined,PPPPP,PPPPP,148.3743440961421,159.81397686114008,fail,fail,False,False,Both rejected experiments,REJECTED — does not ship,True,0
T.TO,sbc_once,PFFFP,PFFFP,3.0870133286087134,4.255723788995674,fail,fail,False,False,Charge SBC once,REJECTED — does not ship,True,0
T.TO,combined,PFFFP,PFFFP,3.0870133286087134,4.255723788995674,fail,fail,False,False,Both rejected experiments,REJECTED — does not ship,True,0
FCT.MI,sbc_once,FFFPP,FFFPP,1.614266378244964,1.866475459741381,fail,fail,False,False,Charge SBC once,REJECTED — does not ship,True,
FCT.MI,combined,FFFPP,FFFPP,1.614266378244964,1.866475459741381,fail,fail,False,False,Both rejected experiments,REJECTED — does not ship,True,
FUL.US,sbc_once,PFPFP,PFPFP,38.84749587534497,43.943333300483324,fail,fail,False,False,Charge SBC once,REJECTED — does not ship,True,0
FUL.US,combined,PFPFP,PFPFP,38.84749587534497,43.943333300483324,fail,fail,False,False,Both rejected experiments,REJECTED — does not ship,True,0
FAST.US,sbc_once,PPPPP,PPPPP,19.709380911963127,19.81734788062645,fail,fail,False,False,Charge SBC once,REJECTED — does not ship,True,0
FAST.US,current_scale,PPPPP,PPPPP,19.709380911963127,21.799314871144134,fail,fail,False,False,Current annual scale,REJECTED — does not ship,True,0
FAST.US,combined,PPPPP,PPPPP,19.709380911963127,21.910929582664533,fail,fail,False,False,Both rejected experiments,REJECTED — does not ship,True,0
ELISA.HE,sbc_once,PPPPP,PPPPP,26.239019321380386,26.553661880975305,fail,fail,False,False,Charge SBC once,REJECTED — does not ship,True,0
ELISA.HE,combined,PPPPP,PPPPP,26.239019321380386,26.553661880975305,fail,fail,False,False,Both rejected experiments,REJECTED — does not ship,True,0
CTEC.LSE,sbc_once,PFPFP,PFPFP,81.05232514378444,89.10218607203116,fail,fail,False,False,Charge SBC once,REJECTED — does not ship,True,0
CTEC.LSE,combined,PFPFP,PFPFP,81.05232514378444,89.10218607203116,fail,fail,False,False,Both rejected experiments,REJECTED — does not ship,True,0
PBH.US,sbc_once,FFPFP,FFPFP,47.117566984819995,49.96318430380009,unclear,unclear,False,False,Charge SBC once,REJECTED — does not ship,True,0
PBH.US,combined,FFPFP,FFPFP,47.117566984819995,49.96318430380009,unclear,unclear,False,False,Both rejected experiments,REJECTED — does not ship,True,0
HVT.US,sbc_once,FFFFP,FFFFP,10.729761275013395,16.649287890041926,fail,fail,False,False,Charge SBC once,REJECTED — does not ship,True,0
HVT.US,combined,FFFFP,FFFFP,10.729761275013395,16.649287890041926,fail,fail,False,False,Both rejected experiments,REJECTED — does not ship,True,0
LVS.US,sbc_once,FFPFP,FFPFP,31.49892483129145,32.55504606030539,fail,fail,False,False,Charge SBC once,REJECTED — does not ship,True,0
LVS.US,combined,FFPFP,FFPFP,31.49892483129145,32.55504606030539,fail,fail,False,False,Both rejected experiments,REJECTED — does not ship,True,0
PIPR.US,sbc_once,FFFFF,FFPFF,15.720163444930412,33.91105563693192,fail,fail,False,False,Charge SBC once,REJECTED — does not ship,True,1.7763568394002505e-15
PIPR.US,combined,FFFFF,FFPFF,15.720163444930412,33.91105563693192,fail,fail,False,False,Both rejected experiments,REJECTED — does not ship,True,1.7763568394002505e-15
WAT.US,sbc_once,PPPPP,PPPPP,84.65133312252838,118.95781544716476,fail,fail,False,False,Charge SBC once,REJECTED — does not ship,True,0
WAT.US,combined,PPPPP,PPPPP,84.65133312252838,118.95781544716476,fail,fail,False,False,Both rejected experiments,REJECTED — does not ship,True,0
MSGS.US,sbc_once,FFFPF,FFPPF,,11.44771467184084,unclear,unclear,False,False,Charge SBC once,REJECTED — does not ship,True,
MSGS.US,combined,FFFPF,FFPPF,,11.44771467184084,unclear,unclear,False,False,Both rejected experiments,REJECTED — does not ship,True,
KVUE.US,sbc_once,FPPPP,FPPPP,9.586264847786708,10.466884827030272,fail,fail,False,False,Charge SBC once,REJECTED — does not ship,True,0
KVUE.US,combined,FPPPP,FPPPP,9.586264847786708,10.466884827030272,fail,fail,False,False,Both rejected experiments,REJECTED — does not ship,True,0
WSP.TO,sbc_once,PPPFP,PPPFP,75.7526673801971,81.76758776641675,fail,fail,False,False,Charge SBC once,REJECTED — does not ship,True,0
WSP.TO,combined,PPPFP,PPPFP,75.7526673801971,81.76758776641675,fail,fail,False,False,Both rejected experiments,REJECTED — does not ship,True,0
SGI.US,sbc_once,FPPPP,FPPPP,35.06454097740151,38.13490251595675,fail,fail,False,False,Charge SBC once,REJECTED — does not ship,True,0
SGI.US,combined,FPPPP,FPPPP,35.06454097740151,38.13490251595675,fail,fail,False,False,Both rejected experiments,REJECTED — does not ship,True,0
002074.SHE,sbc_once,FFFFP,FFFFP,,11.876157902674034,unclear,fail,False,False,Charge SBC once,REJECTED — does not ship,True,
002074.SHE,combined,FFFFP,FFFFP,,11.876157902674034,unclear,fail,False,False,Both rejected experiments,REJECTED — does not ship,True,
AAON.US,sbc_once,PPFPF,PPFPF,9.398018318743354,14.048653950365384,fail,fail,False,False,Charge SBC once,REJECTED — does not ship,True,0
AAON.US,combined,PPFPF,PPFPF,9.398018318743354,14.048653950365384,fail,fail,False,False,Both rejected experiments,REJECTED — does not ship,True,0
61L0.F,sbc_once,PFPPP,PFPPP,3.7452928948262074,3.932884144654969,fail,fail,False,False,Charge SBC once,REJECTED — does not ship,True,0
61L0.F,combined,PFPPP,PFPPP,3.7452928948262074,3.932884144654969,fail,fail,False,False,Both rejected experiments,REJECTED — does not ship,True,0
HWDN.LSE,sbc_once,PPFPP,PPFPP,346.6432973786276,370.20569813639395,fail,fail,False,False,Charge SBC once,REJECTED — does not ship,True,0
HWDN.LSE,combined,PPFPP,PPFPP,346.6432973786276,370.20569813639395,fail,fail,False,False,Both rejected experiments,REJECTED — does not ship,True,0
HYPE3.SA,sbc_once,PFFFP,PFFFP,14.721340661268142,14.994097024261876,fail,fail,False,False,Charge SBC once,REJECTED — does not ship,True,0
HYPE3.SA,combined,PFFFP,PFFFP,14.721340661268142,14.994097024261876,fail,fail,False,False,Both rejected experiments,REJECTED — does not ship,True,0
RCO.PA,sbc_once,FFFFP,FFFFP,20.821473726023378,20.72647163901779,fail,fail,False,False,Charge SBC once,REJECTED — does not ship,True,0
RCO.PA,combined,FFFFP,FFFFP,20.821473726023378,20.72647163901779,fail,fail,False,False,Both rejected experiments,REJECTED — does not ship,True,0
600031.SHG,sbc_once,FFFPP,FFFPP,12.08696781908372,12.174760573773446,fail,fail,False,False,Charge SBC once,REJECTED — does not ship,True,0
600031.SHG,combined,FFFPP,FFFPP,12.08696781908372,12.174760573773446,fail,fail,False,False,Both rejected experiments,REJECTED — does not ship,True,0
FPH.US,sbc_once,FFFFP,FFFFP,12.557688476727327,14.039769267397222,pass,pass,False,False,Charge SBC once,REJECTED — does not ship,True,0
FPH.US,combined,FFFFP,FFFFP,12.557688476727327,14.039769267397222,pass,pass,False,False,Both rejected experiments,REJECTED — does not ship,True,0
CHCT.US,sbc_once,PFPFP,PFPFP,7.737301644300472,12.210219352410347,fail,fail,False,False,Charge SBC once,REJECTED — does not ship,True,0
CHCT.US,combined,PFPFP,PFPFP,7.737301644300472,12.210219352410347,fail,fail,False,False,Both rejected experiments,REJECTED — does not ship,True,0
CRH.US,sbc_once,PPPPP,PPPPP,54.30866224969904,56.60810961470831,fail,fail,False,False,Charge SBC once,REJECTED — does not ship,True,0
CRH.US,combined,PPPPP,PPPPP,54.30866224969904,56.60810961470831,fail,fail,False,False,Both rejected experiments,REJECTED — does not ship,True,0
VICI.US,sbc_once,PFPFP,PFPFP,44.25163667577623,44.525660725477614,unclear,unclear,False,False,Charge SBC once,REJECTED — does not ship,True,0
VICI.US,combined,PFPFP,PFPFP,44.25163667577623,44.525660725477614,unclear,unclear,False,False,Both rejected experiments,REJECTED — does not ship,True,0
G24.XETRA,sbc_once,PFPPP,PFPPP,31.272864451172406,31.3219776563056,fail,fail,False,False,Charge SBC once,REJECTED — does not ship,True,0
G24.XETRA,combined,PFPPP,PFPPP,31.272864451172406,31.3219776563056,fail,fail,False,False,Both rejected experiments,REJECTED — does not ship,True,0
0388.HK,sbc_once,PPFPP,PPFPP,440.03328060001536,444.6765289251617,unclear,unclear,False,False,Charge SBC once,REJECTED — does not ship,True,0
0388.HK,combined,PPFPP,PPFPP,440.03328060001536,444.6765289251617,unclear,unclear,False,False,Both rejected experiments,REJECTED — does not ship,True,0
090430.KO,sbc_once,FFFFP,FFFFP,83650.57505106232,86141.1456898714,fail,fail,False,False,Charge SBC once,REJECTED — does not ship,True,
090430.KO,combined,FFFFP,FFFFP,83650.57505106232,86141.1456898714,fail,fail,False,False,Both rejected experiments,REJECTED — does not ship,True,
NVGS.US,sbc_once,FFFFP,FFFFP,21.81163608992762,22.146713023287436,fail,fail,False,False,Charge SBC once,REJECTED — does not ship,True,0
NVGS.US,combined,FFFFP,FFFFP,21.81163608992762,22.146713023287436,fail,fail,False,False,Both rejected experiments,REJECTED — does not ship,True,0
2454.TW,sbc_once,FPPPP,FPPPP,1289.9412349089507,1321.041152787249,fail,fail,False,False,Charge SBC once,REJECTED — does not ship,True,0
2454.TW,combined,FPPPP,FPPPP,1289.9412349089507,1321.041152787249,fail,fail,False,False,Both rejected experiments,REJECTED — does not ship,True,0
EW.US,sbc_once,PPPPP,PPPPP,33.453580867603385,39.627471572409604,fail,fail,False,False,Charge SBC once,REJECTED — does not ship,True,0
EW.US,combined,PPPPP,PPPPP,33.453580867603385,39.627471572409604,fail,fail,False,False,Both rejected experiments,REJECTED — does not ship,True,0
SWKS.US,sbc_once,PFFFF,PFFFF,24.55138117118116,43.76887910067981,fail,fail,False,False,Charge SBC once,REJECTED — does not ship,True,0
SWKS.US,combined,PFFFF,PFFFF,24.55138117118116,43.76887910067981,fail,fail,False,False,Both rejected experiments,REJECTED — does not ship,True,0
ALG.US,sbc_once,PFPPP,PFPPP,152.49062180683805,165.42575413211242,fail,unclear,False,False,Charge SBC once,REJECTED — does not ship,True,0
ALG.US,combined,PFPPP,PFPPP,152.49062180683805,165.42575413211242,fail,unclear,False,False,Both rejected experiments,REJECTED — does not ship,True,0
BA.LSE,sbc_once,PPPPP,PPPPP,751.0509664895432,804.0786121577812,fail,fail,False,False,Charge SBC once,REJECTED — does not ship,True,0
BA.LSE,combined,PPPPP,PPPPP,751.0509664895432,804.0786121577812,fail,fail,False,False,Both rejected experiments,REJECTED — does not ship,True,0
AFYA.US,sbc_once,PPPPP,PPPPP,11.215486122453642,12.102187507538526,fail,fail,False,False,Charge SBC once,REJECTED — does not ship,True,0
AFYA.US,combined,PPPPP,PPPPP,11.215486122453642,12.102187507538526,fail,fail,False,False,Both rejected experiments,REJECTED — does not ship,True,0
NOC.US,sbc_once,PPPPP,PPPPP,463.22157780416063,476.4185103965676,fail,fail,False,False,Charge SBC once,REJECTED — does not ship,True,0
NOC.US,combined,PPPPP,PPPPP,463.22157780416063,476.4185103965676,fail,fail,False,False,Both rejected experiments,REJECTED — does not ship,True,0
INFY.US,sbc_once,PPPPP,PPPPP,15.482485045960704,16.111183227336152,pass,pass,True,True,Charge SBC once,REJECTED — does not ship,True,0
INFY.US,current_scale,PPPPP,PPPPP,15.482485045960704,15.835296103154251,pass,pass,True,True,Current annual scale,REJECTED — does not ship,True,0
INFY.US,combined,PPPPP,PPPPP,15.482485045960704,16.526804878324093,pass,pass,True,True,Both rejected experiments,REJECTED — does not ship,True,0
LKQ.US,sbc_once,PFPFP,PFPFP,37.788657204535845,39.92280734448355,unclear,unclear,False,False,Charge SBC once,REJECTED — does not ship,True,0
LKQ.US,combined,PFPFP,PFPFP,37.788657204535845,39.92280734448355,unclear,unclear,False,False,Both rejected experiments,REJECTED — does not ship,True,0
DIA.MI,sbc_once,PPPFP,PPPFP,31.710612067164877,34.31795158097337,fail,fail,False,False,Charge SBC once,REJECTED — does not ship,True,
DIA.MI,combined,PPPFP,PPPFP,31.710612067164877,34.31795158097337,fail,fail,False,False,Both rejected experiments,REJECTED — does not ship,True,
CL.US,sbc_once,PPPFP,PPPFP,33.177920526878,36.17181934162504,fail,fail,False,False,Charge SBC once,REJECTED — does not ship,True,0
CL.US,combined,PPPFP,PPPFP,33.177920526878,36.17181934162504,fail,fail,False,False,Both rejected experiments,REJECTED — does not ship,True,0
601211.SHG,sbc_once,PFFFP,PFFFP,9.379108019635535,9.41180478741461,fail,fail,False,False,Charge SBC once,REJECTED — does not ship,True,0
601211.SHG,combined,PFFFP,PFFFP,9.379108019635535,9.41180478741461,fail,fail,False,False,Both rejected experiments,REJECTED — does not ship,True,0
BRC.US,sbc_once,PPPPP,PPPPP,56.87862421938797,76.46376166236767,fail,fail,False,False,Charge SBC once,REJECTED — does not ship,True,0
BRC.US,combined,PPPPP,PPPPP,56.87862421938797,83.23339393685706,fail,fail,False,False,Both rejected experiments,REJECTED — does not ship,True,0
PAGE.LSE,sbc_once,FFFFP,FFFFP,104.47587494352864,119.35523484766412,fail,fail,False,False,Charge SBC once,REJECTED — does not ship,True,0
PAGE.LSE,combined,FFFFP,FFFFP,104.47587494352864,119.35523484766412,fail,fail,False,False,Both rejected experiments,REJECTED — does not ship,True,0
HCLTECH.NSE,sbc_once,PPPPP,PPPPP,758.7366454596649,777.4581557964037,fail,fail,False,False,Charge SBC once,REJECTED — does not ship,True,
HCLTECH.NSE,combined,PPPPP,PPPPP,758.7366454596649,777.4581557964037,fail,fail,False,False,Both rejected experiments,REJECTED — does not ship,True,
ALC.US,sbc_once,FFPPP,FFPPP,31.95248757288342,32.205123981015895,fail,fail,False,False,Charge SBC once,REJECTED — does not ship,True,0
ALC.US,combined,FFPPP,FFPPP,31.95248757288342,32.205123981015895,fail,fail,False,False,Both rejected experiments,REJECTED — does not ship,True,0
OLN.US,sbc_once,FFPFP,FFPFP,14.182891233545801,17.004615052755153,fail,unclear,False,False,Charge SBC once,REJECTED — does not ship,True,0
OLN.US,combined,FFPFP,FFPFP,14.182891233545801,17.004615052755153,fail,unclear,False,False,Both rejected experiments,REJECTED — does not ship,True,0
AJG.US,sbc_once,PPFFP,PPFFP,110.35056125589892,119.90871310579874,fail,fail,False,False,Charge SBC once,REJECTED — does not ship,True,0
AJG.US,combined,PPFFP,PPFFP,110.35056125589892,119.90871310579874,fail,fail,False,False,Both rejected experiments,REJECTED — does not ship,True,0
PSA.US,sbc_once,PFPPP,PFPPP,174.38907362112664,177.04503650581026,fail,fail,False,False,Charge SBC once,REJECTED — does not ship,True,0
PSA.US,combined,PFPPP,PFPPP,174.38907362112664,177.04503650581026,fail,fail,False,False,Both rejected experiments,REJECTED — does not ship,True,0
OGN.US,sbc_once,FFPFP,FFPFP,17.510000635513062,18.990662238800258,unclear,unclear,False,False,Charge SBC once,REJECTED — does not ship,True,0
OGN.US,combined,FFPFP,FFPFP,17.510000635513062,18.990662238800258,unclear,unclear,False,False,Both rejected experiments,REJECTED — does not ship,True,0
0992.HK,sbc_once,FPPFP,FPPFP,8.368732302249597,9.140200449523435,fail,fail,False,False,Charge SBC once,REJECTED — does not ship,True,0
0992.HK,combined,FPPFP,FPPFP,8.368732302249597,9.140200449523435,fail,fail,False,False,Both rejected experiments,REJECTED — does not ship,True,0
THC.US,sbc_once,FPPPP,FPPPP,184.49187574163986,193.1418622150465,fail,fail,False,False,Charge SBC once,REJECTED — does not ship,True,2.842170943040401e-14
THC.US,combined,FPPPP,FPPPP,184.49187574163986,193.1418622150465,fail,fail,False,False,Both rejected experiments,REJECTED — does not ship,True,2.842170943040401e-14
LGND.US,sbc_once,FFFFP,FFFFP,72.18463922598586,87.96137944751415,fail,fail,False,False,Charge SBC once,REJECTED — does not ship,True,
LGND.US,combined,FFFFP,FFFFP,72.18463922598586,87.96137944751415,fail,fail,False,False,Both rejected experiments,REJECTED — does not ship,True,
VECO.US,sbc_once,FFFFP,FFFFP,,11.05102829275192,unclear,fail,False,False,Charge SBC once,REJECTED — does not ship,True,
VECO.US,combined,FFFFP,FFFFP,,11.05102829275192,unclear,fail,False,False,Both rejected experiments,REJECTED — does not ship,True,
K.TO,sbc_once,FFPPP,FFPPP,11.860362908735699,12.005222089765448,fail,fail,False,False,Charge SBC once,REJECTED — does not ship,True,0
K.TO,combined,FFPPP,FFPPP,11.860362908735699,12.005222089765448,fail,fail,False,False,Both rejected experiments,REJECTED — does not ship,True,0
PAG.LSE,sbc_once,PFPPP,PFPPP,2171.8183709976647,2235.7578183708815,pass,pass,False,False,Charge SBC once,REJECTED — does not ship,True,-4.547473508864641e-13
PAG.LSE,combined,PFPPP,PFPPP,2171.8183709976647,2235.7578183708815,pass,pass,False,False,Both rejected experiments,REJECTED — does not ship,True,-4.547473508864641e-13
TRGP.US,sbc_once,FFFPP,FFFPP,17.041782843087862,21.399708469180318,fail,fail,False,False,Charge SBC once,REJECTED — does not ship,True,0
TRGP.US,combined,FFFPP,FFFPP,17.041782843087862,21.399708469180318,fail,fail,False,False,Both rejected experiments,REJECTED — does not ship,True,0
TIGO.US,sbc_once,FFPFP,FFPFP,61.93410238148452,63.192637716782976,fail,fail,False,False,Charge SBC once,REJECTED — does not ship,True,0
TIGO.US,combined,FFPFP,FFPFP,61.93410238148452,63.192637716782976,fail,fail,False,False,Both rejected experiments,REJECTED — does not ship,True,0
BBY.LSE,sbc_once,FFPFP,FFPFP,989.1455418336143,1058.1419603734903,unclear,unclear,False,False,Charge SBC once,REJECTED — does not ship,True,0
BBY.LSE,combined,FFPFP,FFPFP,989.1455418336143,1058.1419603734903,unclear,unclear,False,False,Both rejected experiments,REJECTED — does not ship,True,0
COF.US,sbc_once,FFFFP,FFFFP,198.56748196052206,214.29947199939616,unclear,unclear,False,False,Charge SBC once,REJECTED — does not ship,True,0
COF.US,combined,FFFFP,FFFFP,198.56748196052206,214.29947199939616,unclear,unclear,False,False,Both rejected experiments,REJECTED — does not ship,True,0
TSN.US,sbc_once,FFFFP,FFFFP,26.762331856826844,30.297646501057603,fail,fail,False,False,Charge SBC once,REJECTED — does not ship,True,0
TSN.US,combined,FFFFP,FFFFP,26.762331856826844,30.297646501057603,fail,fail,False,False,Both rejected experiments,REJECTED — does not ship,True,0
PBI.US,sbc_once,FPFPP,FPFPP,3.2481699510512763,4.747283440735697,fail,fail,False,False,Charge SBC once,REJECTED — does not ship,True,0
PBI.US,combined,FPFPP,FPFPP,3.2481699510512763,4.747283440735697,fail,fail,False,False,Both rejected experiments,REJECTED — does not ship,True,0
SD.US,sbc_once,FFPFP,FFPFP,19.810661467839736,20.770046037312813,unclear,unclear,False,False,Charge SBC once,REJECTED — does not ship,True,0
SD.US,combined,FFPFP,FFPFP,19.810661467839736,20.770046037312813,unclear,unclear,False,False,Both rejected experiments,REJECTED — does not ship,True,0
UBER.US,sbc_once,FFFPP,FFPPP,5.459738575569399,17.242087904281757,fail,fail,False,False,Charge SBC once,REJECTED — does not ship,True,0
UBER.US,combined,FFFPP,FFPPP,5.459738575569399,17.242087904281757,fail,fail,False,False,Both rejected experiments,REJECTED — does not ship,True,0
AMP.US,sbc_once,PFFPP,PFFPP,733.0374614984919,773.1542718729717,unclear,pass,False,False,Charge SBC once,REJECTED — does not ship,True,-1.1368683772161603e-13
AMP.US,combined,PFFPP,PFFPP,733.0374614984919,773.1542718729717,unclear,pass,False,False,Both rejected experiments,REJECTED — does not ship,True,-1.1368683772161603e-13
COCO.US,sbc_once,FPFPP,FPPPP,12.201389260871034,14.094535130351206,fail,fail,False,False,Charge SBC once,REJECTED — does not ship,True,
COCO.US,combined,FPFPP,FPPPP,12.201389260871034,14.094535130351206,fail,fail,False,False,Both rejected experiments,REJECTED — does not ship,True,
IDXX.US,sbc_once,PPPPP,PPPPP,212.49269837703116,228.55506177354854,fail,fail,False,False,Charge SBC once,REJECTED — does not ship,True,0
IDXX.US,current_scale,PPPPP,PPPPP,212.49269837703116,249.56384435445048,fail,fail,False,False,Current annual scale,REJECTED — does not ship,True,0
IDXX.US,combined,PPPPP,PPPPP,212.49269837703116,268.4462570689317,fail,fail,False,False,Both rejected experiments,REJECTED — does not ship,True,0
GOOGL.US,sbc_once,PPFPP,PPPPP,115.41883768101438,150.7867722294848,fail,fail,False,False,Charge SBC once,REJECTED — does not ship,True,0
GOOGL.US,combined,PPFPP,PPPPP,115.41883768101438,218.66910276597378,fail,fail,False,False,Both rejected experiments,REJECTED — does not ship,True,0
0968.HK,sbc_once,FFFFP,FFFFP,1.0584041514375928,1.0858655017220689,fail,fail,False,False,Charge SBC once,REJECTED — does not ship,True,2.220446049250313e-16
0968.HK,combined,FFFFP,FFFFP,1.0584041514375928,1.0858655017220689,fail,fail,False,False,Both rejected experiments,REJECTED — does not ship,True,2.220446049250313e-16
WOSG.LSE,sbc_once,PFFPP,PFFPP,249.7801347377694,259.45427079747094,fail,fail,False,False,Charge SBC once,REJECTED — does not ship,True,0
WOSG.LSE,combined,PFFPP,PFFPP,249.7801347377694,259.45427079747094,fail,fail,False,False,Both rejected experiments,REJECTED — does not ship,True,0
CLH.US,sbc_once,PFPPP,PFPPP,121.88185624644787,130.44746337635632,fail,fail,False,False,Charge SBC once,REJECTED — does not ship,True,0
CLH.US,combined,PFPPP,PFPPP,121.88185624644787,130.44746337635632,fail,fail,False,False,Both rejected experiments,REJECTED — does not ship,True,0
OXIG.LSE,sbc_once,PPPPP,PPPPP,1043.3054652657177,1111.4140194848624,fail,fail,False,False,Charge SBC once,REJECTED — does not ship,True,0
OXIG.LSE,current_scale,PPPPP,PPPPP,1043.3054652657177,1148.0541641576717,fail,fail,False,False,Current annual scale,REJECTED — does not ship,True,0
OXIG.LSE,combined,PPPPP,PPPPP,1043.3054652657177,1202.986040285849,fail,fail,False,False,Both rejected experiments,REJECTED — does not ship,True,0
PLX.PA,sbc_once,PFPUP,PFPUP,29.452138727080943,29.69903042892833,pass,pass,False,False,Charge SBC once,REJECTED — does not ship,True,
PLX.PA,combined,PFPUP,PFPUP,29.452138727080943,29.69903042892833,pass,pass,False,False,Both rejected experiments,REJECTED — does not ship,True,
NOVO-B.CO,sbc_once,PPFPP,PPFPP,112.80104960325352,112.04922480699946,fail,fail,False,False,Charge SBC once,REJECTED — does not ship,True,0
NOVO-B.CO,combined,PPFPP,PPFPP,112.80104960325352,112.04922480699946,fail,fail,False,False,Both rejected experiments,REJECTED — does not ship,True,0
CFRUY.US,sbc_once,PFPPP,PFPPP,9.502860493276083,9.758406309075468,fail,fail,False,False,Charge SBC once,REJECTED — does not ship,True,0
CFRUY.US,combined,PFPPP,PFPPP,9.502860493276083,9.758406309075468,fail,fail,False,False,Both rejected experiments,REJECTED — does not ship,True,0
SSM.AU,sbc_once,FFPFP,FFPFP,1.6849431994606887,1.7978250121993258,fail,fail,False,False,Charge SBC once,REJECTED — does not ship,True,0
SSM.AU,combined,FFPFP,FFPFP,1.6849431994606887,1.7978250121993258,fail,fail,False,False,Both rejected experiments,REJECTED — does not ship,True,0
RS.US,sbc_once,PFPPP,PFPPP,166.58412153292872,180.12913053736108,fail,fail,False,False,Charge SBC once,REJECTED — does not ship,True,0
RS.US,combined,PFPPP,PFPPP,166.58412153292872,180.12913053736108,fail,fail,False,False,Both rejected experiments,REJECTED — does not ship,True,0
WELL.US,sbc_once,FFFFP,FFFFP,28.005974257967114,32.28255923284472,fail,fail,False,False,Charge SBC once,REJECTED — does not ship,True,0
WELL.US,combined,FFFFP,FFFFP,28.005974257967114,32.28255923284472,fail,fail,False,False,Both rejected experiments,REJECTED — does not ship,True,0
REGN.US,sbc_once,PPFPP,PPFPP,608.0095617680776,785.979832445952,fail,unclear,False,False,Charge SBC once,REJECTED — does not ship,True,0
REGN.US,combined,PPFPP,PPFPP,608.0095617680776,785.979832445952,fail,unclear,False,False,Both rejected experiments,REJECTED — does not ship,True,0
8604.JP,sbc_once,FFFPF,FFFPF,257.865815334525,527.4129736646371,fail,fail,False,False,Charge SBC once,REJECTED — does not ship,True,0
8604.JP,combined,FFFPF,FFFPF,257.865815334525,527.4129736646371,fail,fail,False,False,Both rejected experiments,REJECTED — does not ship,True,0
PRU.AU,sbc_once,FFPPP,FFPPP,4.860900153100483,4.894689504371772,fail,fail,False,False,Charge SBC once,REJECTED — does not ship,True,0
PRU.AU,combined,FFPPP,FFPPP,4.860900153100483,4.894689504371772,fail,fail,False,False,Both rejected experiments,REJECTED — does not ship,True,0
0868.HK,sbc_once,PFFFP,PFFFP,9.610016121417459,9.872868539068012,unclear,unclear,False,False,Charge SBC once,REJECTED — does not ship,True,0
0868.HK,combined,PFFFP,PFFFP,9.610016121417459,9.872868539068012,unclear,unclear,False,False,Both rejected experiments,REJECTED — does not ship,True,0
GIL.TO,sbc_once,FFPPP,FFPPP,7.766413295633084,13.373402511907859,fail,fail,False,False,Charge SBC once,REJECTED — does not ship,True,-0.4697600633931529
GIL.TO,combined,FFPPP,FFPPP,7.766413295633084,13.373402511907859,fail,fail,False,False,Both rejected experiments,REJECTED — does not ship,True,-0.4697600633931529
EMR.US,sbc_once,PPPPP,PPPPP,91.26558583660818,100.90517904404047,fail,fail,False,False,Charge SBC once,REJECTED — does not ship,True,0
EMR.US,combined,PPPPP,PPPPP,91.26558583660818,100.90517904404047,fail,fail,False,False,Both rejected experiments,REJECTED — does not ship,True,0
AZO.US,sbc_once,PPPPP,PPPPP,3189.6458428118253,3258.8710123875157,unclear,unclear,False,False,Charge SBC once,REJECTED — does not ship,True,0
AZO.US,current_scale,PPPPP,PPPPP,3189.6458428118253,3258.8710123875157,unclear,unclear,False,False,Current annual scale,REJECTED — does not ship,True,0
AZO.US,combined,PPPPP,PPPPP,3189.6458428118253,3258.8710123875157,unclear,unclear,False,False,Both rejected experiments,REJECTED — does not ship,True,0
SYK.US,sbc_once,PPPPP,PPPPP,129.19161084838672,138.2854805758053,fail,fail,False,False,Charge SBC once,REJECTED — does not ship,True,0
SYK.US,combined,PPPPP,PPPPP,129.19161084838672,138.2854805758053,fail,fail,False,False,Both rejected experiments,REJECTED — does not ship,True,0
DSY.PA,sbc_once,PPPPP,PPPPP,15.275954014154976,23.129497580366035,fail,unclear,False,False,Charge SBC once,REJECTED — does not ship,True,0
DSY.PA,combined,PPPPP,PPPPP,15.275954014154976,24.12873385119559,fail,unclear,False,False,Both rejected experiments,REJECTED — does not ship,True,0
TKR.US,sbc_once,PFPPP,PFPPP,68.99078693167549,74.70469788202614,fail,fail,False,False,Charge SBC once,REJECTED — does not ship,True,0
TKR.US,combined,PFPPP,PFPPP,68.99078693167549,74.70469788202614,fail,fail,False,False,Both rejected experiments,REJECTED — does not ship,True,0
TEX.US,sbc_once,FFPFP,FFPFP,25.134327977458415,30.79258781440316,fail,fail,False,False,Charge SBC once,REJECTED — does not ship,True,0
TEX.US,combined,FFPFP,FFPFP,25.134327977458415,30.79258781440316,fail,fail,False,False,Both rejected experiments,REJECTED — does not ship,True,0
AN.US,sbc_once,FFPFP,FFPFP,290.41301606421075,312.82291524606563,unclear,unclear,False,False,Charge SBC once,REJECTED — does not ship,True,0
AN.US,combined,FFPFP,FFPFP,290.41301606421075,312.82291524606563,unclear,unclear,False,False,Both rejected experiments,REJECTED — does not ship,True,0
BHE.US,sbc_once,FFFPP,FFFPP,12.593153143739006,18.485619254589377,fail,fail,False,False,Charge SBC once,REJECTED — does not ship,True,0
BHE.US,combined,FFFPP,FFFPP,12.593153143739006,18.485619254589377,fail,fail,False,False,Both rejected experiments,REJECTED — does not ship,True,0
HO.PA,sbc_once,PPFPP,PPFPP,137.33032418892125,140.44219325489655,fail,fail,False,False,Charge SBC once,REJECTED — does not ship,True,0
HO.PA,combined,PPFPP,PPFPP,137.33032418892125,140.44219325489655,fail,fail,False,False,Both rejected experiments,REJECTED — does not ship,True,0
UCB.BR,sbc_once,PFPPP,PFPPP,63.85209263966167,64.63487597727622,fail,fail,False,False,Charge SBC once,REJECTED — does not ship,True,0
UCB.BR,combined,PFPPP,PFPPP,63.85209263966167,64.63487597727622,fail,fail,False,False,Both rejected experiments,REJECTED — does not ship,True,0
IRM.US,sbc_once,PFFFP,PFPFP,,,unclear,unclear,False,False,Charge SBC once,REJECTED — does not ship,True,
IRM.US,combined,PFFFP,PFPFP,,,unclear,unclear,False,False,Both rejected experiments,REJECTED — does not ship,True,
DSFIR.AS,sbc_once,FFFFP,FFFFP,60.16600341326811,61.28485649517791,fail,fail,False,False,Charge SBC once,REJECTED — does not ship,True,0
DSFIR.AS,combined,FFFFP,FFFFP,60.16600341326811,61.28485649517791,fail,fail,False,False,Both rejected experiments,REJECTED — does not ship,True,0
WWD.US,sbc_once,PFPPP,PFPPP,78.03346315126956,83.5499613040436,fail,fail,False,False,Charge SBC once,REJECTED — does not ship,True,
WWD.US,combined,PFPPP,PFPPP,78.03346315126956,83.5499613040436,fail,fail,False,False,Both rejected experiments,REJECTED — does not ship,True,
A.US,sbc_once,PPPPP,PPPPP,66.66864790760506,84.74639807044072,fail,fail,False,False,Charge SBC once,REJECTED — does not ship,True,0
A.US,combined,PPPPP,PPPPP,66.66864790760506,84.74639807044072,fail,fail,False,False,Both rejected experiments,REJECTED — does not ship,True,0
LIFCO-B.ST,current_scale,PPPPP,PPPPP,159.2345678045035,213.74687965816034,fail,fail,False,False,Current annual scale,REJECTED — does not ship,True,0
LIFCO-B.ST,combined,PPPPP,PPPPP,159.2345678045035,213.74687965816034,fail,fail,False,False,Both rejected experiments,REJECTED — does not ship,True,0
JDW.LSE,sbc_once,FFFFP,FFPFP,307.1650648648526,449.3204630277204,fail,fail,False,False,Charge SBC once,REJECTED — does not ship,True,0
JDW.LSE,combined,FFFFP,FFPFP,307.1650648648526,449.3204630277204,fail,fail,False,False,Both rejected experiments,REJECTED — does not ship,True,0
NUE.US,sbc_once,FPFFP,FPFFP,22.846657185895364,30.137697145260788,fail,fail,False,False,Charge SBC once,REJECTED — does not ship,True,0
NUE.US,combined,FPFFP,FPFFP,22.846657185895364,30.137697145260788,fail,fail,False,False,Both rejected experiments,REJECTED — does not ship,True,0
ALE.WAR,sbc_once,FFPPP,FFPPP,16.532702639652793,16.76783383155684,fail,fail,False,False,Charge SBC once,REJECTED — does not ship,True,0.37336202107821137
ALE.WAR,combined,FFPPP,FFPPP,16.532702639652793,16.76783383155684,fail,fail,False,False,Both rejected experiments,REJECTED — does not ship,True,0.37336202107821137
CYH.US,sbc_once,FFFFP,FFFFP,5.527183478636262,7.3695779715150165,pass,pass,False,False,Charge SBC once,REJECTED — does not ship,True,
CYH.US,combined,FFFFP,FFFFP,5.527183478636262,7.3695779715150165,pass,pass,False,False,Both rejected experiments,REJECTED — does not ship,True,
JBL.US,sbc_once,FPPPP,FPPPP,179.3156294616462,194.32783920195956,fail,fail,False,False,Charge SBC once,REJECTED — does not ship,True,34.593473230359194
JBL.US,combined,FPPPP,FPPPP,179.3156294616462,194.32783920195956,fail,fail,False,False,Both rejected experiments,REJECTED — does not ship,True,34.593473230359194
CMC.US,sbc_once,FFFPP,FFPPP,,,unclear,unclear,False,False,Charge SBC once,REJECTED — does not ship,True,
CMC.US,combined,FFFPP,FFPPP,,,unclear,unclear,False,False,Both rejected experiments,REJECTED — does not ship,True,
AXFO.ST,sbc_once,PPFPP,PPFPP,87.60113249677362,88.85614234092664,fail,fail,False,False,Charge SBC once,REJECTED — does not ship,True,0
AXFO.ST,combined,PPFPP,PPFPP,87.60113249677362,88.85614234092664,fail,fail,False,False,Both rejected experiments,REJECTED — does not ship,True,0
EXTR.US,sbc_once,FFFFP,FFPFP,,4.975679765236757,unclear,fail,False,False,Charge SBC once,REJECTED — does not ship,True,
EXTR.US,combined,FFFFP,FFPFP,,4.975679765236757,unclear,fail,False,False,Both rejected experiments,REJECTED — does not ship,True,
NFLX.US,sbc_once,PPPPP,PPPPP,59.53075576849913,60.54441559249114,fail,fail,False,False,Charge SBC once,REJECTED — does not ship,True,0
NFLX.US,combined,PPPPP,PPPPP,59.53075576849913,60.54441559249114,fail,fail,False,False,Both rejected experiments,REJECTED — does not ship,True,0
STO.AU,sbc_once,FFPFP,FFFFP,3.9633878276131416,3.9633878276131416,fail,fail,False,False,Charge SBC once,REJECTED — does not ship,True,4.440892098500626e-16
STO.AU,combined,FFPFP,FFFFP,3.9633878276131416,3.9633878276131416,fail,fail,False,False,Both rejected experiments,REJECTED — does not ship,True,4.440892098500626e-16
RES.US,sbc_once,FFFFP,FFFFP,2.7750355862875007,3.5807060579413155,fail,fail,False,False,Charge SBC once,REJECTED — does not ship,True,0
RES.US,combined,FFFFP,FFFFP,2.7750355862875007,3.5807060579413155,fail,fail,False,False,Both rejected experiments,REJECTED — does not ship,True,0
ICFI.US,sbc_once,PPPFP,PPPFP,72.52012192327183,83.92347245195462,fail,unclear,False,False,Charge SBC once,REJECTED — does not ship,True,0
ICFI.US,combined,PPPFP,PPPFP,72.52012192327183,83.92347245195462,fail,unclear,False,False,Both rejected experiments,REJECTED — does not ship,True,0
SHOP.TO,sbc_once,FFFPP,FFFPP,21.78342283763292,31.44730235060367,fail,fail,False,False,Charge SBC once,REJECTED — does not ship,True,0
SHOP.TO,combined,FFFPP,FFFPP,21.78342283763292,31.44730235060367,fail,fail,False,False,Both rejected experiments,REJECTED — does not ship,True,0
IFX.XETRA,sbc_once,PPFPP,PPFPP,10.17302810051235,13.414290777261579,fail,fail,False,False,Charge SBC once,REJECTED — does not ship,True,0
IFX.XETRA,combined,PPFPP,PPFPP,10.17302810051235,13.414290777261579,fail,fail,False,False,Both rejected experiments,REJECTED — does not ship,True,0
TYL.US,sbc_once,PPPFP,PPPFP,73.02267427294115,102.25791459517299,fail,fail,False,False,Charge SBC once,REJECTED — does not ship,True,
TYL.US,combined,PPPFP,PPPFP,73.02267427294115,102.25791459517299,fail,fail,False,False,Both rejected experiments,REJECTED — does not ship,True,
SUZB3.SA,sbc_once,FFFPP,FFFPP,53.387991441280256,57.182540289237245,unclear,unclear,False,False,Charge SBC once,REJECTED — does not ship,True,0
SUZB3.SA,combined,FFFPP,FFFPP,53.387991441280256,57.182540289237245,unclear,unclear,False,False,Both rejected experiments,REJECTED — does not ship,True,0
HE.US,sbc_once,FFFFP,FFFFP,3.996308286751585,4.242585570577508,fail,fail,False,False,Charge SBC once,REJECTED — does not ship,True,0
HE.US,combined,FFFFP,FFFFP,3.996308286751585,4.242585570577508,fail,fail,False,False,Both rejected experiments,REJECTED — does not ship,True,0
YSHLF.US,sbc_once,PPPPP,PPPPP,2.5398572274892297,2.5434036302480525,fail,fail,False,False,Charge SBC once,REJECTED — does not ship,True,0
YSHLF.US,combined,PPPPP,PPPPP,2.5398572274892297,2.5434036302480525,fail,fail,False,False,Both rejected experiments,REJECTED — does not ship,True,0
BNZL.LSE,sbc_once,PFPFP,PFPFP,2635.502711811192,2649.2817584648747,fail,fail,False,False,Charge SBC once,REJECTED — does not ship,True,0
BNZL.LSE,combined,PFPFP,PFPFP,2635.502711811192,2649.2817584648747,fail,fail,False,False,Both rejected experiments,REJECTED — does not ship,True,0
FOUR.US,sbc_once,FFPPP,FFPPP,19.96232175680354,29.003600662832742,fail,fail,False,False,Charge SBC once,REJECTED — does not ship,True,0
FOUR.US,combined,FFPPP,FFPPP,19.96232175680354,29.003600662832742,fail,fail,False,False,Both rejected experiments,REJECTED — does not ship,True,0
BEKE.US,sbc_once,FFFPF,FFPPF,,,unclear,unclear,False,False,Charge SBC once,REJECTED — does not ship,True,
BEKE.US,combined,FFFPF,FFPPF,,,unclear,unclear,False,False,Both rejected experiments,REJECTED — does not ship,True,
ISS.CO,sbc_once,FFPFP,FFPFP,224.04406456694525,230.5152509146016,fail,fail,False,False,Charge SBC once,REJECTED — does not ship,True,0
ISS.CO,combined,FFPFP,FFPFP,224.04406456694525,230.5152509146016,fail,fail,False,False,Both rejected experiments,REJECTED — does not ship,True,0
PNR.US,sbc_once,PPPPP,PPPPP,48.847519073063246,51.637337339545276,fail,fail,False,False,Charge SBC once,REJECTED — does not ship,True,0
PNR.US,combined,PPPPP,PPPPP,48.847519073063246,51.637337339545276,fail,fail,False,False,Both rejected experiments,REJECTED — does not ship,True,0
MNDI.LSE,sbc_once,PFFFP,PFFFP,112.02642793102282,135.96991646515312,fail,fail,False,False,Charge SBC once,REJECTED — does not ship,True,0
MNDI.LSE,combined,PFFFP,PFFFP,112.02642793102282,135.96991646515312,fail,fail,False,False,Both rejected experiments,REJECTED — does not ship,True,0
GNC.LSE,sbc_once,FFFFP,FFFFP,91.77631400098888,96.90393044968499,fail,fail,False,False,Charge SBC once,REJECTED — does not ship,True,0
GNC.LSE,combined,FFFFP,FFFFP,91.77631400098888,96.90393044968499,fail,fail,False,False,Both rejected experiments,REJECTED — does not ship,True,0
1177.HK,sbc_once,PPPFP,PPPFP,3.758690268003192,4.001847399945089,fail,fail,False,False,Charge SBC once,REJECTED — does not ship,True,0
1177.HK,combined,PPPFP,PPPFP,3.758690268003192,4.001847399945089,fail,fail,False,False,Both rejected experiments,REJECTED — does not ship,True,0
ADEA.US,sbc_once,FFPFP,FFPFP,12.37091235233866,18.78533350808081,fail,fail,False,False,Charge SBC once,REJECTED — does not ship,True,0
ADEA.US,combined,FFPFP,FFPFP,12.37091235233866,18.78533350808081,fail,fail,False,False,Both rejected experiments,REJECTED — does not ship,True,0
9961.HK,sbc_once,FFPPP,FFPPP,334.2000255658197,376.5974412321267,unclear,unclear,False,False,Charge SBC once,REJECTED — does not ship,True,0
9961.HK,combined,FFPPP,FFPPP,334.2000255658197,376.5974412321267,unclear,unclear,False,False,Both rejected experiments,REJECTED — does not ship,True,0
KRX.IR,sbc_once,PPPPP,PPPPP,62.08516103108007,64.48215082964764,fail,fail,False,False,Charge SBC once,REJECTED — does not ship,True,0
KRX.IR,combined,PPPPP,PPPPP,62.08516103108007,64.48215082964764,fail,fail,False,False,Both rejected experiments,REJECTED — does not ship,True,0
CGNX.US,sbc_once,PFFPP,PFFPP,8.719301992173678,12.282097678439893,fail,fail,False,False,Charge SBC once,REJECTED — does not ship,True,0
CGNX.US,combined,PFFPP,PFFPP,8.719301992173678,12.282097678439893,fail,fail,False,False,Both rejected experiments,REJECTED — does not ship,True,0
ICE.US,sbc_once,PPPPP,PPPPP,83.95233674713293,89.06997531064708,fail,fail,False,False,Charge SBC once,REJECTED — does not ship,True,0
ICE.US,combined,PPPPP,PPPPP,83.95233674713293,89.06997531064708,fail,fail,False,False,Both rejected experiments,REJECTED — does not ship,True,0
TMO.US,sbc_once,PPPPP,PPPPP,252.9942673242334,263.7245573872231,fail,fail,False,False,Charge SBC once,REJECTED — does not ship,True,0
TMO.US,combined,PPPPP,PPPPP,252.9942673242334,263.7245573872231,fail,fail,False,False,Both rejected experiments,REJECTED — does not ship,True,0
DWS.XETRA,sbc_once,PFPPP,PFPPP,45.293442739694136,45.92774454868456,fail,fail,False,False,Charge SBC once,REJECTED — does not ship,True,0
DWS.XETRA,combined,PFPPP,PFPPP,45.293442739694136,45.92774454868456,fail,fail,False,False,Both rejected experiments,REJECTED — does not ship,True,0
O.US,sbc_once,PFFFP,PFFFP,27.037558832062043,27.522277309941217,fail,fail,False,False,Charge SBC once,REJECTED — does not ship,True,0
O.US,combined,PFFFP,PFFFP,27.037558832062043,27.522277309941217,fail,fail,False,False,Both rejected experiments,REJECTED — does not ship,True,0
CCI.US,sbc_once,FFPPP,FFPPP,27.18238202959534,29.260007194772385,fail,fail,False,False,Charge SBC once,REJECTED — does not ship,True,0
CCI.US,combined,FFPPP,FFPPP,27.18238202959534,29.260007194772385,fail,fail,False,False,Both rejected experiments,REJECTED — does not ship,True,0
G.US,sbc_once,PPPPP,PPPPP,52.97456632881206,60.29215940621816,pass,pass,True,True,Charge SBC once,REJECTED — does not ship,True,0
G.US,combined,PPPPP,PPPPP,52.97456632881206,60.29215940621816,pass,pass,True,True,Both rejected experiments,REJECTED — does not ship,True,0
IBM.US,sbc_once,PPFPP,PPFPP,123.28226986310244,136.24583352800457,fail,fail,False,False,Charge SBC once,REJECTED — does not ship,True,0
IBM.US,combined,PPFPP,PPFPP,123.28226986310244,136.24583352800457,fail,fail,False,False,Both rejected experiments,REJECTED — does not ship,True,0
688012.SHG,sbc_once,FFFPP,FFFPP,25.036981084692734,28.96859348379874,fail,fail,False,False,Charge SBC once,REJECTED — does not ship,True,0
688012.SHG,combined,FFFPP,FFFPP,25.036981084692734,28.96859348379874,fail,fail,False,False,Both rejected experiments,REJECTED — does not ship,True,0
CPAY.US,sbc_once,PFFFP,PFFFP,356.80267179929854,391.1386165249951,fail,fail,False,False,Charge SBC once,REJECTED — does not ship,True,0
CPAY.US,combined,PFFFP,PFFFP,356.80267179929854,391.1386165249951,fail,fail,False,False,Both rejected experiments,REJECTED — does not ship,True,0
LAZ.US,sbc_once,FFFFP,FFFFP,,3.560960911066581,unclear,fail,False,False,Charge SBC once,REJECTED — does not ship,True,
LAZ.US,combined,FFFFP,FFFFP,,3.560960911066581,unclear,fail,False,False,Both rejected experiments,REJECTED — does not ship,True,
UBI.PA,sbc_once,FFFFP,FFFFP,,12.464204871562087,unclear,pass,False,False,Charge SBC once,REJECTED — does not ship,True,
UBI.PA,combined,FFFFP,FFFFP,,12.464204871562087,unclear,pass,False,False,Both rejected experiments,REJECTED — does not ship,True,
GLW.US,sbc_once,PFPPP,PFPPP,23.374773351581005,30.074778518048365,fail,fail,False,False,Charge SBC once,REJECTED — does not ship,True,0
GLW.US,combined,PFPPP,PFPPP,23.374773351581005,30.074778518048365,fail,fail,False,False,Both rejected experiments,REJECTED — does not ship,True,0
DVN.US,sbc_once,FFFFP,FFFFP,4.528153564271629,6.0997748022336395,fail,fail,False,False,Charge SBC once,REJECTED — does not ship,True,8.881784197001252e-16
DVN.US,combined,FFFFP,FFFFP,4.528153564271629,6.0997748022336395,fail,fail,False,False,Both rejected experiments,REJECTED — does not ship,True,8.881784197001252e-16
POOL.US,sbc_once,PPPPP,PPPPP,100.38300170041103,118.26125400011973,fail,fail,False,False,Charge SBC once,REJECTED — does not ship,True,0
POOL.US,combined,PPPPP,PPPPP,100.38300170041103,118.26125400011973,fail,fail,False,False,Both rejected experiments,REJECTED — does not ship,True,0
TATE.LSE,sbc_once,PFFFP,PFFFP,444.67844081660496,467.16065436971047,fail,fail,False,False,Charge SBC once,REJECTED — does not ship,True,5.684341886080802e-14
TATE.LSE,combined,PFFFP,PFFFP,444.67844081660496,467.16065436971047,fail,fail,False,False,Both rejected experiments,REJECTED — does not ship,True,5.684341886080802e-14
BL.US,sbc_once,FFFFP,FFPFP,,26.337803555398022,unclear,fail,False,False,Charge SBC once,REJECTED — does not ship,True,
BL.US,combined,FFFFP,FFPFP,,26.337803555398022,unclear,fail,False,False,Both rejected experiments,REJECTED — does not ship,True,
SARDF.US,sbc_once,FFFPP,FFFPP,1.2092491828398841,1.2108872274198041,fail,fail,False,False,Charge SBC once,REJECTED — does not ship,True,0
SARDF.US,combined,FFFPP,FFFPP,1.2092491828398841,1.2108872274198041,fail,fail,False,False,Both rejected experiments,REJECTED — does not ship,True,0
ORA.PA,sbc_once,PFFFP,PFFFP,5.1314991117194815,5.215731705762598,fail,fail,False,False,Charge SBC once,REJECTED — does not ship,True,0
ORA.PA,combined,PFFFP,PFFFP,5.1314991117194815,5.215731705762598,fail,fail,False,False,Both rejected experiments,REJECTED — does not ship,True,0
CARL-B.CO,sbc_once,PFFPP,PFFPP,552.7492996136752,564.7875410908213,fail,fail,False,False,Charge SBC once,REJECTED — does not ship,True,0
CARL-B.CO,combined,PFFPP,PFFPP,552.7492996136752,564.7875410908213,fail,fail,False,False,Both rejected experiments,REJECTED — does not ship,True,0
600039.SHG,sbc_once,FFFFP,FFFFP,11.483369685531574,11.539907787052517,unclear,unclear,False,False,Charge SBC once,REJECTED — does not ship,True,0
600039.SHG,combined,FFFFP,FFFFP,11.483369685531574,11.539907787052517,unclear,unclear,False,False,Both rejected experiments,REJECTED — does not ship,True,0
ERIE.US,sbc_once,FFPPP,FFPPP,121.64546229036972,125.06608465546483,fail,fail,False,False,Charge SBC once,REJECTED — does not ship,True,0
ERIE.US,combined,FFPPP,FFPPP,121.64546229036972,125.06608465546483,fail,fail,False,False,Both rejected experiments,REJECTED — does not ship,True,0
SHL.AU,sbc_once,FFPFP,FFPFP,15.652202537812302,16.116564527514015,fail,fail,False,False,Charge SBC once,REJECTED — does not ship,True,0
SHL.AU,combined,FFPFP,FFPFP,15.652202537812302,16.116564527514015,fail,fail,False,False,Both rejected experiments,REJECTED — does not ship,True,0
DIS.US,sbc_once,FFPFP,FFPFP,24.479658273441597,30.40625694173394,fail,fail,False,False,Charge SBC once,REJECTED — does not ship,True,0
DIS.US,combined,FFPFP,FFPFP,24.479658273441597,30.40625694173394,fail,fail,False,False,Both rejected experiments,REJECTED — does not ship,True,0
MLI.US,sbc_once,FPPPP,FPPPP,46.53073351079113,48.4119483531499,fail,fail,False,False,Charge SBC once,REJECTED — does not ship,True,0
MLI.US,combined,FPPPP,FPPPP,46.53073351079113,48.4119483531499,fail,fail,False,False,Both rejected experiments,REJECTED — does not ship,True,0
ABG.US,sbc_once,PFPPP,PFPPP,245.25932127384195,273.76217133157934,unclear,unclear,False,False,Charge SBC once,REJECTED — does not ship,True,
ABG.US,combined,PFPPP,PFPPP,245.25932127384195,273.76217133157934,unclear,unclear,False,False,Both rejected experiments,REJECTED — does not ship,True,
INMD.US,sbc_once,PFPPP,PFPPP,22.732279257781574,25.2398736480551,pass,pass,False,False,Charge SBC once,REJECTED — does not ship,True,0
INMD.US,combined,PFPPP,PFPPP,22.732279257781574,25.2398736480551,pass,pass,False,False,Both rejected experiments,REJECTED — does not ship,True,0
TDG.US,sbc_once,PPPPP,PPPPP,467.9489024317771,520.1112770439602,fail,fail,False,False,Charge SBC once,REJECTED — does not ship,True,0
TDG.US,combined,PPPPP,PPPPP,467.9489024317771,520.1112770439602,fail,fail,False,False,Both rejected experiments,REJECTED — does not ship,True,0
ROL.US,sbc_once,PPPPP,PPPPP,21.09156415650358,22.174794096188457,fail,fail,False,False,Charge SBC once,REJECTED — does not ship,True,0
ROL.US,current_scale,PPPPP,PPPPP,21.09156415650358,25.758940239233592,fail,fail,False,False,Current annual scale,REJECTED — does not ship,True,0
ROL.US,combined,PPPPP,PPPPP,21.09156415650358,27.123078889692877,fail,fail,False,False,Both rejected experiments,REJECTED — does not ship,True,0
XPS.LSE,sbc_once,FFPPP,FFPPP,171.38125539095876,207.80541784455875,fail,fail,False,False,Charge SBC once,REJECTED — does not ship,True,0
XPS.LSE,combined,FFPPP,FFPPP,171.38125539095876,207.80541784455875,fail,fail,False,False,Both rejected experiments,REJECTED — does not ship,True,0
CASY.US,sbc_once,PFPPP,PFPPP,210.29350276584648,235.0023807166552,fail,fail,False,False,Charge SBC once,REJECTED — does not ship,True,0
CASY.US,combined,PFPPP,PFPPP,210.29350276584648,235.0023807166552,fail,fail,False,False,Both rejected experiments,REJECTED — does not ship,True,0
NESR.US,sbc_once,FFPPP,FFPPP,5.138134142160283,6.382421835079089,fail,fail,False,False,Charge SBC once,REJECTED — does not ship,True,
NESR.US,combined,FFPPP,FFPPP,5.138134142160283,6.382421835079089,fail,fail,False,False,Both rejected experiments,REJECTED — does not ship,True,
GMG.AU,sbc_once,PFPFP,PFPFP,9.91103710510985,12.06709158939914,fail,fail,False,False,Charge SBC once,REJECTED — does not ship,True,0
GMG.AU,combined,PFPFP,PFPFP,9.91103710510985,12.06709158939914,fail,fail,False,False,Both rejected experiments,REJECTED — does not ship,True,0
OPLN.US,sbc_once,FFFPP,FFFPP,15.213252649721806,16.710986496430902,fail,fail,False,False,Charge SBC once,REJECTED — does not ship,True,-1.7763568394002505e-15
OPLN.US,combined,FFFPP,FFFPP,15.213252649721806,16.710986496430902,fail,fail,False,False,Both rejected experiments,REJECTED — does not ship,True,-1.7763568394002505e-15
IIIN.US,sbc_once,FFPPP,FFPPP,25.937848216311,28.18073210747155,fail,fail,False,False,Charge SBC once,REJECTED — does not ship,True,0
IIIN.US,combined,FFPPP,FFPPP,25.937848216311,28.18073210747155,fail,fail,False,False,Both rejected experiments,REJECTED — does not ship,True,0
6098.JP,sbc_once,PPPPP,PPPPP,2865.4827587256414,3504.634834188854,fail,fail,False,False,Charge SBC once,REJECTED — does not ship,True,0
6098.JP,current_scale,PPPPP,PPPPP,2865.4827587256414,3383.8582487601675,fail,fail,False,False,Current annual scale,REJECTED — does not ship,True,0
6098.JP,combined,PPPPP,PPPPP,2865.4827587256414,3919.4594462503455,fail,fail,False,False,Both rejected experiments,REJECTED — does not ship,True,0
3231.TW,sbc_once,FFFFF,FFFFF,35.66612468852571,44.563111184700674,fail,fail,False,False,Charge SBC once,REJECTED — does not ship,True,0
3231.TW,combined,FFFFF,FFFFF,35.66612468852571,44.563111184700674,fail,fail,False,False,Both rejected experiments,REJECTED — does not ship,True,0
HCKT.US,sbc_once,PPFFP,PPFFP,,4.872650034077483,unclear,fail,False,False,Charge SBC once,REJECTED — does not ship,True,
HCKT.US,combined,PPFFP,PPFFP,,4.872650034077483,unclear,fail,False,False,Both rejected experiments,REJECTED — does not ship,True,
HL.US,sbc_once,FFPFP,FFPFP,1.4200183765846413,1.6525147084945517,fail,fail,False,False,Charge SBC once,REJECTED — does not ship,True,0
HL.US,combined,FFPFP,FFPFP,1.4200183765846413,1.6525147084945517,fail,fail,False,False,Both rejected experiments,REJECTED — does not ship,True,0
KGF.LSE,sbc_once,PFFFP,PFFFP,40.30335148389546,60.846436306546615,fail,fail,False,False,Charge SBC once,REJECTED — does not ship,True,0
KGF.LSE,combined,PFFFP,PFFFP,40.30335148389546,60.846436306546615,fail,fail,False,False,Both rejected experiments,REJECTED — does not ship,True,0
POMO3.SA,sbc_once,FFPFP,FFPFP,7.084758029391833,7.085121508216377,unclear,unclear,False,False,Charge SBC once,REJECTED — does not ship,True,0
POMO3.SA,combined,FFPFP,FFPFP,7.084758029391833,7.085121508216377,unclear,unclear,False,False,Both rejected experiments,REJECTED — does not ship,True,0
FSG.LSE,sbc_once,PFFPP,PFPPP,321.6889715964311,379.9831125556606,fail,fail,False,False,Charge SBC once,REJECTED — does not ship,True,0
FSG.LSE,combined,PFFPP,PFPPP,321.6889715964311,379.9831125556606,fail,fail,False,False,Both rejected experiments,REJECTED — does not ship,True,0
LIN.US,sbc_once,PFPPP,PFPPP,183.98652940296174,188.37595706217112,fail,fail,False,False,Charge SBC once,REJECTED — does not ship,True,0
LIN.US,combined,PFPPP,PFPPP,183.98652940296174,188.37595706217112,fail,fail,False,False,Both rejected experiments,REJECTED — does not ship,True,0
PLXS.US,sbc_once,PFFPP,PFFPP,41.50039241167269,71.40292623835865,fail,fail,False,False,Charge SBC once,REJECTED — does not ship,True,0
PLXS.US,combined,PFFPP,PFFPP,41.50039241167269,71.40292623835865,fail,fail,False,False,Both rejected experiments,REJECTED — does not ship,True,0
TRNO.US,sbc_once,PFPFP,PFPFP,23.143704842023507,24.37515979305135,fail,fail,False,False,Charge SBC once,REJECTED — does not ship,True,
TRNO.US,combined,PFPFP,PFPFP,23.143704842023507,24.37515979305135,fail,fail,False,False,Both rejected experiments,REJECTED — does not ship,True,
GRMN.US,sbc_once,PPPPP,PPPPP,143.53645634543793,154.67612258728298,fail,fail,False,False,Charge SBC once,REJECTED — does not ship,True,0
GRMN.US,current_scale,PPPPP,PPPPP,143.53645634543793,174.07348421991367,fail,fail,False,False,Current annual scale,REJECTED — does not ship,True,0
GRMN.US,combined,PPPPP,PPPPP,143.53645634543793,191.40818358191035,fail,fail,False,False,Both rejected experiments,REJECTED — does not ship,True,0
ENTG.US,sbc_once,PPPFP,PPPFP,27.371908970377735,34.2494805372592,fail,fail,False,False,Charge SBC once,REJECTED — does not ship,True,0
ENTG.US,combined,PPPFP,PPPFP,27.371908970377735,34.2494805372592,fail,fail,False,False,Both rejected experiments,REJECTED — does not ship,True,0
RYN.US,sbc_once,FFFFP,FFFFP,9.373755753217889,11.119765424741288,fail,fail,False,False,Charge SBC once,REJECTED — does not ship,True,0
RYN.US,combined,FFFFP,FFFFP,9.373755753217889,11.119765424741288,fail,fail,False,False,Both rejected experiments,REJECTED — does not ship,True,0
8697.JP,current_scale,PPPPP,PPPPP,824.7533900567005,1010.7045389856183,fail,fail,False,False,Current annual scale,REJECTED — does not ship,False,0
8697.JP,combined,PPPPP,PPPPP,824.7533900567005,1010.7045389856183,fail,fail,False,False,Both rejected experiments,REJECTED — does not ship,False,0
AD.AS,sbc_once,PFFPP,PFFPP,10.298053807402182,10.981294711168403,fail,fail,False,False,Charge SBC once,REJECTED — does not ship,True,0
AD.AS,combined,PFFPP,PFFPP,10.298053807402182,10.981294711168403,fail,fail,False,False,Both rejected experiments,REJECTED — does not ship,True,0
DGX.US,sbc_once,PPPPP,PPPPP,91.69568699536269,101.61186199237092,fail,fail,False,False,Charge SBC once,REJECTED — does not ship,True,0
DGX.US,combined,PPPPP,PPPPP,91.69568699536269,101.61186199237092,fail,fail,False,False,Both rejected experiments,REJECTED — does not ship,True,0
NICE.US,sbc_once,PPPPP,PPPPP,57.03013437987786,94.52590708829844,fail,fail,False,False,Charge SBC once,REJECTED — does not ship,True,0
NICE.US,combined,PPPPP,PPPPP,57.03013437987786,94.52590708829844,fail,fail,False,False,Both rejected experiments,REJECTED — does not ship,True,0
0700.HK,sbc_once,PPFPP,PPPPP,376.9356607552132,476.4092249844975,fail,unclear,False,False,Charge SBC once,REJECTED — does not ship,True,0
0700.HK,combined,PPFPP,PPPPP,376.9356607552132,476.4092249844975,fail,unclear,False,False,Both rejected experiments,REJECTED — does not ship,True,0
2618.HK,sbc_once,FFPPP,FFPPP,10.55406666173795,12.424137525482976,unclear,unclear,False,False,Charge SBC once,REJECTED — does not ship,True,0
2618.HK,combined,FFPPP,FFPPP,10.55406666173795,12.424137525482976,unclear,unclear,False,False,Both rejected experiments,REJECTED — does not ship,True,0
VIRP.PA,sbc_once,PFPPP,PFPPP,236.09318419567154,237.3881012060671,fail,fail,False,False,Charge SBC once,REJECTED — does not ship,True,0
VIRP.PA,combined,PFPPP,PFPPP,236.09318419567154,237.3881012060671,fail,fail,False,False,Both rejected experiments,REJECTED — does not ship,True,0
PRDO.US,sbc_once,PFPPP,PFPPP,29.300359712904957,31.325241106150706,fail,fail,False,False,Charge SBC once,REJECTED — does not ship,True,0
PRDO.US,combined,PFPPP,PFPPP,29.300359712904957,31.325241106150706,fail,fail,False,False,Both rejected experiments,REJECTED — does not ship,True,0
ZIP.AU,sbc_once,FFFFF,FFFFF,0.9573616465902417,1.0605509270902425,fail,fail,False,False,Charge SBC once,REJECTED — does not ship,True,0
ZIP.AU,combined,FFFFF,FFFFF,0.9573616465902417,1.0605509270902425,fail,fail,False,False,Both rejected experiments,REJECTED — does not ship,True,0
EYE.US,sbc_once,FFFFP,FFPFP,3.7655428787410425,6.184829426102033,fail,fail,False,False,Charge SBC once,REJECTED — does not ship,True,0
EYE.US,combined,FFFFP,FFPFP,3.7655428787410425,6.184829426102033,fail,fail,False,False,Both rejected experiments,REJECTED — does not ship,True,0
000725.SHE,sbc_once,FFFPP,FFFPP,5.050514906980287,5.088052029159565,fail,fail,False,False,Charge SBC once,REJECTED — does not ship,True,0
000725.SHE,combined,FFFPP,FFFPP,5.050514906980287,5.088052029159565,fail,fail,False,False,Both rejected experiments,REJECTED — does not ship,True,0
PUB.PA,sbc_once,PFPPP,PFPPP,73.13090861654659,77.36431048187612,fail,fail,False,False,Charge SBC once,REJECTED — does not ship,True,0
PUB.PA,combined,PFPPP,PFPPP,73.13090861654659,77.36431048187612,fail,fail,False,False,Both rejected experiments,REJECTED — does not ship,True,0
EMG.LSE,sbc_once,FPFPP,FPFPP,55.109883186172375,172.29528418094262,fail,fail,False,False,Charge SBC once,REJECTED — does not ship,True,0
EMG.LSE,combined,FPFPP,FPFPP,55.109883186172375,172.29528418094262,fail,fail,False,False,Both rejected experiments,REJECTED — does not ship,True,0
VRSK.US,sbc_once,PPPPP,PPPPP,129.44263478359,136.80376139928896,fail,fail,False,False,Charge SBC once,REJECTED — does not ship,True,0
VRSK.US,combined,PPPPP,PPPPP,129.44263478359,136.80376139928896,fail,fail,False,False,Both rejected experiments,REJECTED — does not ship,True,0
REYN.US,sbc_once,PPFPP,PPFPP,15.352368071861331,16.59373260522438,fail,fail,False,False,Charge SBC once,REJECTED — does not ship,True,0
REYN.US,combined,PPFPP,PPFPP,15.352368071861331,16.59373260522438,fail,fail,False,False,Both rejected experiments,REJECTED — does not ship,True,0
ATHM.US,sbc_once,FFFFP,FFFFP,40.28553882726789,42.76783698737096,unclear,pass,False,False,Charge SBC once,REJECTED — does not ship,True,0
ATHM.US,combined,FFFFP,FFFFP,40.28553882726789,42.76783698737096,unclear,pass,False,False,Both rejected experiments,REJECTED — does not ship,True,0
AMAT.US,sbc_once,PPFPP,PPFPP,117.17026763033762,133.15039740036747,fail,fail,False,False,Charge SBC once,REJECTED — does not ship,True,0
AMAT.US,combined,PPFPP,PPFPP,117.17026763033762,133.15039740036747,fail,fail,False,False,Both rejected experiments,REJECTED — does not ship,True,0
VTY.LSE,sbc_once,FFFFP,FFFFP,775.1407613493719,799.790935594023,pass,pass,False,False,Charge SBC once,REJECTED — does not ship,True,0
VTY.LSE,combined,FFFFP,FFFFP,775.1407613493719,799.790935594023,pass,pass,False,False,Both rejected experiments,REJECTED — does not ship,True,0
MSCI.US,sbc_once,PPPPP,PPPPP,337.6889963427243,358.56626091197836,fail,fail,False,False,Charge SBC once,REJECTED — does not ship,True,0
MSCI.US,current_scale,PPPPP,PPPPP,337.6889963427243,374.0823868258477,fail,fail,False,False,Current annual scale,REJECTED — does not ship,True,0
MSCI.US,combined,PPPPP,PPPPP,337.6889963427243,406.52397711424396,fail,fail,False,False,Both rejected experiments,REJECTED — does not ship,True,0
VNT.AU,current_scale,PPPPP,PPPPP,4.6238634451178635,4.648265115372444,fail,fail,False,False,Current annual scale,REJECTED — does not ship,True,0
VNT.AU,combined,PPPPP,PPPPP,4.6238634451178635,4.693598243248014,fail,fail,False,False,Both rejected experiments,REJECTED — does not ship,True,0
GRI.LSE,sbc_once,PFPFP,PFPFP,201.51073569198772,204.36175198290826,unclear,unclear,False,False,Charge SBC once,REJECTED — does not ship,True,0
GRI.LSE,combined,PFPFP,PFPFP,201.51073569198772,204.36175198290826,unclear,unclear,False,False,Both rejected experiments,REJECTED — does not ship,True,0
LGIH.US,sbc_once,FFFFF,FFFFF,34.94061761941898,38.375840467276625,fail,fail,False,False,Charge SBC once,REJECTED — does not ship,True,0
LGIH.US,combined,FFFFF,FFFFF,34.94061761941898,38.375840467276625,fail,fail,False,False,Both rejected experiments,REJECTED — does not ship,True,0
APH.US,sbc_once,PPPFP,PPPFP,14.331824055099837,14.989285050996001,fail,fail,False,False,Charge SBC once,REJECTED — does not ship,True,0
APH.US,combined,PPPFP,PPPFP,14.331824055099837,14.989285050996001,fail,fail,False,False,Both rejected experiments,REJECTED — does not ship,True,0
CPB.US,sbc_once,PFFFP,PFFFP,17.20532952857377,19.52695706474787,fail,unclear,False,False,Charge SBC once,REJECTED — does not ship,True,0
CPB.US,combined,PFFFP,PFFFP,17.20532952857377,19.52695706474787,fail,unclear,False,False,Both rejected experiments,REJECTED — does not ship,True,0
MND.AU,sbc_once,PPPPP,PPPPP,10.004303361264972,10.859138457201293,fail,fail,False,False,Charge SBC once,REJECTED — does not ship,True,0
MND.AU,combined,PPPPP,PPPPP,10.004303361264972,10.859138457201293,fail,fail,False,False,Both rejected experiments,REJECTED — does not ship,True,0
MEDP.US,sbc_once,PPPPP,PPPPP,215.07284312103138,230.64256050163127,fail,fail,False,False,Charge SBC once,REJECTED — does not ship,True,0
MEDP.US,current_scale,PPPPP,PPPPP,215.07284312103138,310.5668274043227,fail,fail,False,False,Current annual scale,REJECTED — does not ship,True,0
MEDP.US,combined,PPPPP,PPPPP,215.07284312103138,338.7282308900769,fail,fail,False,False,Both rejected experiments,REJECTED — does not ship,True,0
A2M.AU,sbc_once,FPPPP,FPPPP,4.311942524280768,4.410726453577278,fail,fail,False,False,Charge SBC once,REJECTED — does not ship,True,-8.881784197001252e-16
A2M.AU,combined,FPPPP,FPPPP,4.311942524280768,4.410726453577278,fail,fail,False,False,Both rejected experiments,REJECTED — does not ship,True,-8.881784197001252e-16
GCMG.US,sbc_once,FFFFP,FFPFP,,2.2216185327458415,unclear,fail,False,False,Charge SBC once,REJECTED — does not ship,True,
GCMG.US,combined,FFFFP,FFPFP,,2.2216185327458415,unclear,fail,False,False,Both rejected experiments,REJECTED — does not ship,True,
CEAB3.SA,sbc_once,FFFPP,FFFPP,5.34411556352571,5.608211730133013,fail,fail,False,False,Charge SBC once,REJECTED — does not ship,True,0
CEAB3.SA,combined,FFFPP,FFFPP,5.34411556352571,5.608211730133013,fail,fail,False,False,Both rejected experiments,REJECTED — does not ship,True,0
JBHT.US,sbc_once,PPFPP,PPFPP,67.62306762471196,77.12542055801937,fail,fail,False,False,Charge SBC once,REJECTED — does not ship,True,0
JBHT.US,combined,PPFPP,PPFPP,67.62306762471196,77.12542055801937,fail,fail,False,False,Both rejected experiments,REJECTED — does not ship,True,0
DUOL.US,sbc_once,FFFPP,FFPPP,,31.865344995164907,unclear,fail,False,False,Charge SBC once,REJECTED — does not ship,True,
DUOL.US,combined,FFFPP,FFPPP,,31.865344995164907,unclear,fail,False,False,Both rejected experiments,REJECTED — does not ship,True,
SCSC.US,sbc_once,FFPFP,FFPFP,50.06010848956929,58.74338540773324,fail,fail,False,False,Charge SBC once,REJECTED — does not ship,True,0
SCSC.US,combined,FFPFP,FFPFP,50.06010848956929,58.74338540773324,fail,fail,False,False,Both rejected experiments,REJECTED — does not ship,True,0
ZM.US,sbc_once,FPFPP,FPPPP,26.350751737639577,64.03936144437647,fail,fail,False,False,Charge SBC once,REJECTED — does not ship,True,
ZM.US,combined,FPFPP,FPPPP,26.350751737639577,64.03936144437647,fail,fail,False,False,Both rejected experiments,REJECTED — does not ship,True,
CCK.US,sbc_once,PPFPP,PPPPP,58.2987703676235,63.700889602382645,fail,fail,False,False,Charge SBC once,REJECTED — does not ship,True,0
CCK.US,combined,PPFPP,PPPPP,58.2987703676235,63.700889602382645,fail,fail,False,False,Both rejected experiments,REJECTED — does not ship,True,0
REC.MI,sbc_once,PPFPP,PPFPP,38.11526581848835,38.587141587714314,fail,fail,False,False,Charge SBC once,REJECTED — does not ship,True,0
REC.MI,combined,PPFPP,PPFPP,38.11526581848835,38.587141587714314,fail,fail,False,False,Both rejected experiments,REJECTED — does not ship,True,0
UPR.IR,sbc_once,PPFPP,PPFPP,0.7366697044145977,0.915564059180824,fail,fail,False,False,Charge SBC once,REJECTED — does not ship,True,0
UPR.IR,combined,PPFPP,PPFPP,0.7366697044145977,0.915564059180824,fail,fail,False,False,Both rejected experiments,REJECTED — does not ship,True,0
XPO.US,sbc_once,FFFPP,FFFPP,18.84023930302071,28.584244567588815,fail,fail,False,False,Charge SBC once,REJECTED — does not ship,True,0
XPO.US,combined,FFFPP,FFFPP,18.84023930302071,28.584244567588815,fail,fail,False,False,Both rejected experiments,REJECTED — does not ship,True,0
PAYC.US,sbc_once,PFFPF,PFPPF,94.35267282711467,150.28449769163933,fail,fail,False,False,Charge SBC once,REJECTED — does not ship,True,0
PAYC.US,combined,PFFPF,PFPPF,94.35267282711467,150.28449769163933,fail,fail,False,False,Both rejected experiments,REJECTED — does not ship,True,0
TECHM.NSE,sbc_once,PPPPP,PPPPP,672.1852393790224,682.4872050348395,fail,fail,False,False,Charge SBC once,REJECTED — does not ship,True,
TECHM.NSE,combined,PPPPP,PPPPP,672.1852393790224,682.4872050348395,fail,fail,False,False,Both rejected experiments,REJECTED — does not ship,True,
WLY.US,sbc_once,PPPFP,PPPFP,21.674530959568596,29.41551618372063,fail,fail,False,False,Charge SBC once,REJECTED — does not ship,True,
WLY.US,combined,PPPFP,PPPFP,21.674530959568596,29.41551618372063,fail,fail,False,False,Both rejected experiments,REJECTED — does not ship,True,
AIXA.XETRA,sbc_once,FPFPP,FPFPP,15.944006947734481,16.369837530616522,fail,fail,False,False,Charge SBC once,REJECTED — does not ship,True,0
AIXA.XETRA,combined,FPFPP,FPFPP,15.944006947734481,16.369837530616522,fail,fail,False,False,Both rejected experiments,REJECTED — does not ship,True,0
TNC.US,sbc_once,PFFFF,PFFFF,37.035543027005694,42.524638256191075,fail,fail,False,False,Charge SBC once,REJECTED — does not ship,True,0
TNC.US,combined,PFFFF,PFFFF,37.035543027005694,42.524638256191075,fail,fail,False,False,Both rejected experiments,REJECTED — does not ship,True,0
SUBC.OL,sbc_once,FFPPP,FFPPP,133.04482745697308,134.61234598371303,fail,fail,False,False,Charge SBC once,REJECTED — does not ship,True,0
SUBC.OL,combined,FFPPP,FFPPP,133.04482745697308,134.61234598371303,fail,fail,False,False,Both rejected experiments,REJECTED — does not ship,True,0
BGA.AU,sbc_once,FFFFP,FFFFP,0.3953219290724815,0.40728205430197834,fail,fail,False,False,Charge SBC once,REJECTED — does not ship,True,0
BGA.AU,combined,FFFFP,FFFFP,0.3953219290724815,0.40728205430197834,fail,fail,False,False,Both rejected experiments,REJECTED — does not ship,True,0
9766.JP,current_scale,PPPPP,PPPPP,12632.440506178988,16569.05363558664,fail,fail,False,False,Current annual scale,REJECTED — does not ship,True,0
9766.JP,combined,PPPPP,PPPPP,12632.440506178988,16569.05363558664,fail,fail,False,False,Both rejected experiments,REJECTED — does not ship,True,0
SW.PA,sbc_once,PFPFP,PFPFP,54.70584918477673,57.94771901712924,unclear,unclear,False,False,Charge SBC once,REJECTED — does not ship,True,0
SW.PA,combined,PFPFP,PFPFP,54.70584918477673,57.94771901712924,unclear,unclear,False,False,Both rejected experiments,REJECTED — does not ship,True,0
VTMX.US,sbc_once,UUUUU,UUUUU,3.7961595471570693,3.9800638894415012,unclear,unclear,False,False,Charge SBC once,REJECTED — does not ship,False,
VTMX.US,combined,UUUUU,UUUUU,3.7961595471570693,3.9800638894415012,unclear,unclear,False,False,Both rejected experiments,REJECTED — does not ship,False,
DOCN.US,sbc_once,FFFPP,FFPPP,,9.380776215193787,unclear,fail,False,False,Charge SBC once,REJECTED — does not ship,True,
DOCN.US,combined,FFFPP,FFPPP,,9.380776215193787,unclear,fail,False,False,Both rejected experiments,REJECTED — does not ship,True,
HII.US,sbc_once,FFFPP,FFFPP,157.49958661697943,173.9123691902919,fail,fail,False,False,Charge SBC once,REJECTED — does not ship,True,0
HII.US,combined,FFFPP,FFFPP,157.49958661697943,173.9123691902919,fail,fail,False,False,Both rejected experiments,REJECTED — does not ship,True,0
AZE.BR,sbc_once,PFPPP,PFPPP,9.825612686507943,9.917852622077012,fail,fail,False,False,Charge SBC once,REJECTED — does not ship,True,0
AZE.BR,combined,PFPPP,PFPPP,9.825612686507943,9.917852622077012,fail,fail,False,False,Both rejected experiments,REJECTED — does not ship,True,0
IAG.MC,sbc_once,FFFFP,FFFFP,4.212935960355251,4.361091500949075,fail,fail,False,False,Charge SBC once,REJECTED — does not ship,True,-8.881784197001252e-16
IAG.MC,combined,FFFFP,FFFFP,4.212935960355251,4.361091500949075,fail,fail,False,False,Both rejected experiments,REJECTED — does not ship,True,-8.881784197001252e-16
TOU.TO,sbc_once,FFFFP,FFFFP,6.899279709737009,9.151532827527477,fail,fail,False,False,Charge SBC once,REJECTED — does not ship,True,0
TOU.TO,combined,FFFFP,FFFFP,6.899279709737009,9.151532827527477,fail,fail,False,False,Both rejected experiments,REJECTED — does not ship,True,0
000660.KO,sbc_once,FFFPP,FFFPP,372385.47314539907,372453.52928842104,fail,fail,False,False,Charge SBC once,REJECTED — does not ship,True,0
000660.KO,combined,FFFPP,FFFPP,372385.47314539907,372453.52928842104,fail,fail,False,False,Both rejected experiments,REJECTED — does not ship,True,0
LDOS.US,sbc_once,PPPPP,PPPPP,134.17179497642104,143.85035046724627,unclear,unclear,False,False,Charge SBC once,REJECTED — does not ship,True,0
LDOS.US,combined,PPPPP,PPPPP,134.17179497642104,143.85035046724627,unclear,unclear,False,False,Both rejected experiments,REJECTED — does not ship,True,0
FDR.MC,sbc_once,FFPPP,FFPPP,13.140331272183968,13.759237125619933,fail,fail,False,False,Charge SBC once,REJECTED — does not ship,True,0
FDR.MC,combined,FFPPP,FFPPP,13.140331272183968,13.759237125619933,fail,fail,False,False,Both rejected experiments,REJECTED — does not ship,True,0
DV.US,sbc_once,FFFPP,FFPPP,,6.096190502990652,unclear,fail,False,False,Charge SBC once,REJECTED — does not ship,True,
DV.US,combined,FFFPP,FFPPP,,6.096190502990652,unclear,fail,False,False,Both rejected experiments,REJECTED — does not ship,True,
3092.JP,sbc_once,PPPPP,PPPPP,771.8649199374743,776.975268938672,fail,fail,False,False,Charge SBC once,REJECTED — does not ship,False,24.066154462298755
3092.JP,current_scale,PPPPP,PPPPP,771.8649199374743,919.9103054457066,fail,fail,False,False,Current annual scale,REJECTED — does not ship,False,24.066154462298755
3092.JP,combined,PPPPP,PPPPP,771.8649199374743,920.0070918094568,fail,fail,False,False,Both rejected experiments,REJECTED — does not ship,False,24.066154462298755
AM.PA,sbc_once,PFFPP,PFFPP,266.43355430894826,267.1093466205718,fail,fail,False,False,Charge SBC once,REJECTED — does not ship,True,0
AM.PA,combined,PFFPP,PFFPP,266.43355430894826,267.1093466205718,fail,fail,False,False,Both rejected experiments,REJECTED — does not ship,True,0
URBN.US,sbc_once,FFPPP,FFPPP,65.34201523422998,72.40522668972628,fail,fail,False,False,Charge SBC once,REJECTED — does not ship,True,0
URBN.US,combined,FFPPP,FFPPP,65.34201523422998,72.40522668972628,fail,fail,False,False,Both rejected experiments,REJECTED — does not ship,True,0
ADTN.US,sbc_once,FFFFP,FFFFP,,1.475819980221251,unclear,fail,False,False,Charge SBC once,REJECTED — does not ship,True,
ADTN.US,combined,FFFFP,FFFFP,,1.475819980221251,unclear,fail,False,False,Both rejected experiments,REJECTED — does not ship,True,
RPRX.US,sbc_once,FFFFP,FFFFP,10.934088057182914,22.879549931518373,fail,fail,False,False,Charge SBC once,REJECTED — does not ship,True,0
RPRX.US,combined,FFFFP,FFFFP,10.934088057182914,22.879549931518373,fail,fail,False,False,Both rejected experiments,REJECTED — does not ship,True,0
WALMEX.MX,sbc_once,PPFPP,PPFPP,16.59098300928206,16.739225350328553,fail,fail,False,False,Charge SBC once,REJECTED — does not ship,True,0
WALMEX.MX,combined,PPFPP,PPFPP,16.59098300928206,16.739225350328553,fail,fail,False,False,Both rejected experiments,REJECTED — does not ship,True,0
SWK.US,sbc_once,PPFFP,PPFFP,35.99979878644999,43.435411273927514,fail,fail,False,False,Charge SBC once,REJECTED — does not ship,True,0
SWK.US,combined,PPFFP,PPFFP,35.99979878644999,43.435411273927514,fail,fail,False,False,Both rejected experiments,REJECTED — does not ship,True,0
PAF.LSE,sbc_once,FPFPP,FPFPP,17.915188448555178,20.398852994776792,fail,fail,False,False,Charge SBC once,REJECTED — does not ship,True,0
PAF.LSE,combined,FPFPP,FPFPP,17.915188448555178,20.398852994776792,fail,fail,False,False,Both rejected experiments,REJECTED — does not ship,True,0
SONO.US,sbc_once,FFFFF,FFPFF,,,unclear,unclear,False,False,Charge SBC once,REJECTED — does not ship,True,
SONO.US,combined,FFFFF,FFPFF,,,unclear,unclear,False,False,Both rejected experiments,REJECTED — does not ship,True,
NSSC.US,sbc_once,FPPPP,FPPPP,26.475218852715216,27.160258215659947,fail,fail,False,False,Charge SBC once,REJECTED — does not ship,True,0
NSSC.US,combined,FPPPP,FPPPP,26.475218852715216,27.160258215659947,fail,fail,False,False,Both rejected experiments,REJECTED — does not ship,True,0
MBUU.US,sbc_once,FFFFP,FFFFP,12.763825503373457,16.366121276483753,fail,fail,False,False,Charge SBC once,REJECTED — does not ship,True,0
MBUU.US,combined,FFFFP,FFFFP,12.763825503373457,16.366121276483753,fail,fail,False,False,Both rejected experiments,REJECTED — does not ship,True,0
IQV.US,sbc_once,PFPPP,PFPPP,123.23414304490034,144.01333412873592,fail,fail,False,False,Charge SBC once,REJECTED — does not ship,True,0
IQV.US,combined,PFPPP,PFPPP,123.23414304490034,144.01333412873592,fail,fail,False,False,Both rejected experiments,REJECTED — does not ship,True,0
LACOMERUBC.MX,sbc_once,FFPPP,FFPPP,20.40524349486996,18.438576245847035,fail,fail,False,False,Charge SBC once,REJECTED — does not ship,True,
LACOMERUBC.MX,combined,FFPPP,FFPPP,20.40524349486996,18.438576245847035,fail,fail,False,False,Both rejected experiments,REJECTED — does not ship,True,
HON.US,sbc_once,PPPPP,PPPPP,229.10085544204208,237.13807979957195,unclear,unclear,False,False,Charge SBC once,REJECTED — does not ship,True,-2.842170943040401e-14
HON.US,combined,PPPPP,PPPPP,229.10085544204208,237.13807979957195,unclear,unclear,False,False,Both rejected experiments,REJECTED — does not ship,True,-2.842170943040401e-14
FGP.LSE,sbc_once,FFFFP,FFFFP,692.9344918353972,717.9317055938808,pass,pass,False,False,Charge SBC once,REJECTED — does not ship,True,0
FGP.LSE,combined,FFFFP,FFFFP,692.9344918353972,717.9317055938808,pass,pass,False,False,Both rejected experiments,REJECTED — does not ship,True,0
TILE.US,sbc_once,FFPFP,FFPFP,19.568171843162006,20.932667682480286,fail,fail,False,False,Charge SBC once,REJECTED — does not ship,True,0
TILE.US,combined,FFPFP,FFPFP,19.568171843162006,20.932667682480286,fail,fail,False,False,Both rejected experiments,REJECTED — does not ship,True,0
PINE.LSE,sbc_once,FFFPF,FFFPF,372.64193545000296,430.67796071450493,fail,fail,False,False,Charge SBC once,REJECTED — does not ship,True,0
PINE.LSE,combined,FFFPF,FFFPF,372.64193545000296,430.67796071450493,fail,fail,False,False,Both rejected experiments,REJECTED — does not ship,True,0
HOLN.SW,sbc_once,FFPPP,FFPPP,15.424031142483638,15.59492088324962,fail,fail,False,False,Charge SBC once,REJECTED — does not ship,True,0
HOLN.SW,combined,FFPPP,FFPPP,15.424031142483638,15.59492088324962,fail,fail,False,False,Both rejected experiments,REJECTED — does not ship,True,0
SAAB-B.ST,sbc_once,PFFPP,PFFPP,106.10677733841632,122.51820396162483,fail,fail,False,False,Charge SBC once,REJECTED — does not ship,True,0
SAAB-B.ST,combined,PFFPP,PFFPP,106.10677733841632,122.51820396162483,fail,fail,False,False,Both rejected experiments,REJECTED — does not ship,True,0
HST.US,sbc_once,FFPFP,FFPFP,16.37807479556413,16.843958025187227,fail,fail,False,False,Charge SBC once,REJECTED — does not ship,True,0
HST.US,combined,FFPFP,FFPFP,16.37807479556413,16.843958025187227,fail,fail,False,False,Both rejected experiments,REJECTED — does not ship,True,0
SDR.LSE,sbc_once,PFFFP,PFFFP,638.7309372274906,681.8337484111634,unclear,unclear,False,False,Charge SBC once,REJECTED — does not ship,True,0
SDR.LSE,combined,PFFFP,PFFFP,638.7309372274906,681.8337484111634,unclear,unclear,False,False,Both rejected experiments,REJECTED — does not ship,True,0
000157.SHE,sbc_once,FFFFP,FFFFP,8.977855476146193,9.569383249314086,unclear,unclear,False,False,Charge SBC once,REJECTED — does not ship,True,0
000157.SHE,combined,FFFFP,FFFFP,8.977855476146193,9.569383249314086,unclear,unclear,False,False,Both rejected experiments,REJECTED — does not ship,True,0
MONY.LSE,sbc_once,PFPFP,PFPFP,207.39066926184856,214.68335632382858,unclear,unclear,False,False,Charge SBC once,REJECTED — does not ship,True,0
MONY.LSE,combined,PFPFP,PFPFP,207.39066926184856,214.68335632382858,unclear,unclear,False,False,Both rejected experiments,REJECTED — does not ship,True,0
CLB.US,sbc_once,FFFFP,FFFFP,3.833651904673093,6.073434046138748,fail,fail,False,False,Charge SBC once,REJECTED — does not ship,True,0
CLB.US,combined,FFFFP,FFFFP,3.833651904673093,6.073434046138748,fail,fail,False,False,Both rejected experiments,REJECTED — does not ship,True,0
MOH.US,sbc_once,FFPPF,FFPPF,,20.632502412797354,unclear,fail,False,False,Charge SBC once,REJECTED — does not ship,True,
MOH.US,combined,FFPPF,FFPPF,,20.632502412797354,unclear,fail,False,False,Both rejected experiments,REJECTED — does not ship,True,
TIMS3.SA,sbc_once,PFFPP,PFFPP,9.699294718649755,9.634679671001855,fail,fail,False,False,Charge SBC once,REJECTED — does not ship,True,0
TIMS3.SA,combined,PFFPP,PFFPP,9.699294718649755,9.634679671001855,fail,fail,False,False,Both rejected experiments,REJECTED — does not ship,True,0
GPOR.US,sbc_once,FFFPP,FFFPP,148.0600815690716,153.95565397388773,fail,fail,False,False,Charge SBC once,REJECTED — does not ship,True,0
GPOR.US,combined,FFFPP,FFFPP,148.0600815690716,153.95565397388773,fail,fail,False,False,Both rejected experiments,REJECTED — does not ship,True,0
UNH.US,sbc_once,PFPPP,PFPPP,163.83619163401815,177.29060148488344,fail,fail,False,False,Charge SBC once,REJECTED — does not ship,True,0
UNH.US,combined,PFPPP,PFPPP,163.83619163401815,177.29060148488344,fail,fail,False,False,Both rejected experiments,REJECTED — does not ship,True,0
FOX.US,sbc_once,PFPFP,PFPFP,50.8304108606148,53.42151302152339,fail,fail,False,False,Charge SBC once,REJECTED — does not ship,True,0
FOX.US,combined,PFPFP,PFPFP,50.8304108606148,53.42151302152339,fail,fail,False,False,Both rejected experiments,REJECTED — does not ship,True,0
ALKS.US,sbc_once,FFFFP,FFPFP,12.209100467925715,14.345664200917941,fail,fail,False,False,Charge SBC once,REJECTED — does not ship,True,0
ALKS.US,combined,FFFFP,FFPFP,12.209100467925715,14.345664200917941,fail,fail,False,False,Both rejected experiments,REJECTED — does not ship,True,0
WAB.US,sbc_once,PPPPP,PPPPP,89.59390645044134,93.45712966779139,fail,fail,False,False,Charge SBC once,REJECTED — does not ship,True,0
WAB.US,combined,PPPPP,PPPPP,89.59390645044134,93.45712966779139,fail,fail,False,False,Both rejected experiments,REJECTED — does not ship,True,0
KMB.US,sbc_once,PPPFP,PPPFP,33.29140639580368,38.19034725683089,fail,fail,False,False,Charge SBC once,REJECTED — does not ship,True,0
KMB.US,combined,PPPFP,PPPFP,33.29140639580368,38.19034725683089,fail,fail,False,False,Both rejected experiments,REJECTED — does not ship,True,0
PINS.US,sbc_once,FFFPP,FFPPP,,5.869126429787098,unclear,fail,False,False,Charge SBC once,REJECTED — does not ship,True,
PINS.US,combined,FFFPP,FFPPP,,5.869126429787098,unclear,fail,False,False,Both rejected experiments,REJECTED — does not ship,True,
OBM.AU,sbc_once,FFFFP,FFFFP,0.294913448663736,0.3519649462201213,fail,fail,False,False,Charge SBC once,REJECTED — does not ship,True,0
OBM.AU,combined,FFFFP,FFFFP,0.294913448663736,0.3519649462201213,fail,fail,False,False,Both rejected experiments,REJECTED — does not ship,True,0
CURY3.SA,sbc_once,PPPPP,PPPPP,16.171121554374558,20.676368457178285,fail,fail,False,False,Charge SBC once,REJECTED — does not ship,True,0
CURY3.SA,current_scale,PPPPP,PPPPP,16.171121554374558,34.317009801655026,fail,unclear,False,False,Current annual scale,REJECTED — does not ship,True,0
CURY3.SA,combined,PPPPP,PPPPP,16.171121554374558,34.41011057350056,fail,unclear,False,False,Both rejected experiments,REJECTED — does not ship,True,0
NTRS.US,sbc_once,PFPFP,PFPFP,414.35106833304854,414.84732093978397,pass,pass,False,False,Charge SBC once,REJECTED — does not ship,True,0
NTRS.US,combined,PFPFP,PFPFP,414.35106833304854,414.84732093978397,pass,pass,False,False,Both rejected experiments,REJECTED — does not ship,True,0
PGHN.SW,sbc_once,PPFPP,PPFPP,721.0980331470995,762.9614624824221,unclear,unclear,False,False,Charge SBC once,REJECTED — does not ship,True,0
PGHN.SW,combined,PPFPP,PPFPP,721.0980331470995,762.9614624824221,unclear,unclear,False,False,Both rejected experiments,REJECTED — does not ship,True,0
CRUS.US,sbc_once,PPPPP,PPPPP,130.89527138572572,166.45980974339065,unclear,pass,False,True,Charge SBC once,REJECTED — does not ship,True,0
CRUS.US,current_scale,PPPPP,PPPPP,130.89527138572572,136.9822193050798,unclear,unclear,False,False,Current annual scale,REJECTED — does not ship,True,0
CRUS.US,combined,PPPPP,PPPPP,130.89527138572572,174.44686977037966,unclear,pass,False,True,Both rejected experiments,REJECTED — does not ship,True,0
AO.LSE,sbc_once,FFPFP,FFPFP,30.565601181849765,46.94802658421577,fail,fail,False,False,Charge SBC once,REJECTED — does not ship,True,0
AO.LSE,combined,FFPFP,FFPFP,30.565601181849765,46.94802658421577,fail,fail,False,False,Both rejected experiments,REJECTED — does not ship,True,0
2301.TW,sbc_once,FPPPP,FPPPP,101.32836737174839,101.23793940635798,fail,fail,False,False,Charge SBC once,REJECTED — does not ship,True,0
2301.TW,combined,FPPPP,FPPPP,101.32836737174839,101.23793940635798,fail,fail,False,False,Both rejected experiments,REJECTED — does not ship,True,0
ATE.PA,sbc_once,PFPPP,PFPPP,58.7301641666804,68.3012246991821,fail,fail,False,False,Charge SBC once,REJECTED — does not ship,True,0
ATE.PA,combined,PFPPP,PFPPP,58.7301641666804,68.3012246991821,fail,fail,False,False,Both rejected experiments,REJECTED — does not ship,True,0
TMPV.NSE,sbc_once,FFFFF,FFFFF,307.2323606534992,308.6233786184624,unclear,unclear,False,False,Charge SBC once,REJECTED — does not ship,False,0
TMPV.NSE,combined,FFFFF,FFFFF,307.2323606534992,308.6233786184624,unclear,unclear,False,False,Both rejected experiments,REJECTED — does not ship,False,0
QCOM.US,sbc_once,FPFPP,FPPPP,42.374620723656456,73.69858371576623,fail,fail,False,False,Charge SBC once,REJECTED — does not ship,True,0
QCOM.US,combined,FPFPP,FPPPP,42.374620723656456,73.69858371576623,fail,fail,False,False,Both rejected experiments,REJECTED — does not ship,True,0
VU.PA,sbc_once,FFFFP,FFFFP,17.911130771507256,26.675211482688457,fail,fail,False,False,Charge SBC once,REJECTED — does not ship,True,0
VU.PA,combined,FFFFP,FFFFP,17.911130771507256,26.675211482688457,fail,fail,False,False,Both rejected experiments,REJECTED — does not ship,True,0
PHM.US,sbc_once,FFPPP,FFPPP,193.9195941712997,199.83872724616785,unclear,unclear,False,False,Charge SBC once,REJECTED — does not ship,True,0
PHM.US,combined,FFPPP,FFPPP,193.9195941712997,199.83872724616785,unclear,unclear,False,False,Both rejected experiments,REJECTED — does not ship,True,0
SBAC.US,sbc_once,PFPFP,PFPFP,102.73741822622736,114.45018044361316,fail,fail,False,False,Charge SBC once,REJECTED — does not ship,True,0
SBAC.US,combined,PFPFP,PFPFP,102.73741822622736,114.45018044361316,fail,fail,False,False,Both rejected experiments,REJECTED — does not ship,True,0
EXPE.US,sbc_once,FFFPP,FFPPP,124.63846184939948,194.69158965427445,fail,fail,False,False,Charge SBC once,REJECTED — does not ship,True,0
EXPE.US,combined,FFFPP,FFPPP,124.63846184939948,194.69158965427445,fail,fail,False,False,Both rejected experiments,REJECTED — does not ship,True,0
OUT.US,sbc_once,FFPFP,FFPFP,11.981550417818445,14.466068234519446,fail,fail,False,False,Charge SBC once,REJECTED — does not ship,True,0
OUT.US,combined,FFPFP,FFPFP,11.981550417818445,14.466068234519446,fail,fail,False,False,Both rejected experiments,REJECTED — does not ship,True,0
326030.KO,sbc_once,FFFPP,FFFPP,15552.12426267913,15618.304386514339,fail,fail,False,False,Charge SBC once,REJECTED — does not ship,True,0
326030.KO,combined,FFFPP,FFFPP,15552.12426267913,15618.304386514339,fail,fail,False,False,Both rejected experiments,REJECTED — does not ship,True,0
AMGN.US,sbc_once,PFFPP,PFFPP,223.04486116063765,232.2699040607835,fail,fail,False,False,Charge SBC once,REJECTED — does not ship,True,0
AMGN.US,combined,PFFPP,PFFPP,223.04486116063765,232.2699040607835,fail,fail,False,False,Both rejected experiments,REJECTED — does not ship,True,0
ELV.US,sbc_once,PPPPP,PPPPP,362.3877930712009,381.78297216954996,fail,fail,False,False,Charge SBC once,REJECTED — does not ship,True,0
ELV.US,combined,PPPPP,PPPPP,362.3877930712009,381.78297216954996,fail,fail,False,False,Both rejected experiments,REJECTED — does not ship,True,0
CHD.US,sbc_once,PPPPP,PPPPP,36.83254229734914,40.167275176273336,fail,fail,False,False,Charge SBC once,REJECTED — does not ship,True,0
CHD.US,combined,PPPPP,PPPPP,36.83254229734914,40.167275176273336,fail,fail,False,False,Both rejected experiments,REJECTED — does not ship,True,0
DRI.US,sbc_once,PPPPP,PPPPP,148.08523905655736,158.66165327340042,fail,fail,False,False,Charge SBC once,REJECTED — does not ship,True,0
DRI.US,combined,PPPPP,PPPPP,148.08523905655736,158.66165327340042,fail,fail,False,False,Both rejected experiments,REJECTED — does not ship,True,0
KNF.US,sbc_once,PFUUU,PFPUU,15.819699967783418,18.255131060822816,unclear,unclear,False,False,Charge SBC once,REJECTED — does not ship,False,
KNF.US,combined,PFUUU,PFPUU,15.819699967783418,18.255131060822816,unclear,unclear,False,False,Both rejected experiments,REJECTED — does not ship,False,
KEYS.US,sbc_once,FFPPP,FFPPP,75.23726091769929,87.0722285128666,fail,fail,False,False,Charge SBC once,REJECTED — does not ship,True,0
KEYS.US,combined,FFPPP,FFPPP,75.23726091769929,87.0722285128666,fail,fail,False,False,Both rejected experiments,REJECTED — does not ship,True,0
600196.SHG,sbc_once,FFFFP,FFFFP,12.977765199857767,13.231515003265105,fail,fail,False,False,Charge SBC once,REJECTED — does not ship,True,0
600196.SHG,combined,FFFFP,FFFFP,12.977765199857767,13.231515003265105,fail,fail,False,False,Both rejected experiments,REJECTED — does not ship,True,0
ULTRACEMCO.NSE,sbc_once,PFPPP,PFPPP,3790.7394632794985,3814.743939972536,fail,fail,False,False,Charge SBC once,REJECTED — does not ship,True,0
ULTRACEMCO.NSE,combined,PFPPP,PFPPP,3790.7394632794985,3814.743939972536,fail,fail,False,False,Both rejected experiments,REJECTED — does not ship,True,0
BFH.US,sbc_once,FFFFP,FFFFP,261.0782801193171,279.2068988335579,pass,pass,False,False,Charge SBC once,REJECTED — does not ship,True,0
BFH.US,combined,FFFFP,FFFFP,261.0782801193171,279.2068988335579,pass,pass,False,False,Both rejected experiments,REJECTED — does not ship,True,0
PRTH.US,sbc_once,FFPFP,FFPFP,7.8594413175516395,8.81023726736096,unclear,unclear,False,False,Charge SBC once,REJECTED — does not ship,True,0
PRTH.US,combined,FFPFP,FFPFP,7.8594413175516395,8.81023726736096,unclear,unclear,False,False,Both rejected experiments,REJECTED — does not ship,True,0
WMG.US,sbc_once,FFFPP,FFFPP,13.235707505857329,14.15265951702479,fail,fail,False,False,Charge SBC once,REJECTED — does not ship,True,
WMG.US,combined,FFFPP,FFFPP,13.235707505857329,14.15265951702479,fail,fail,False,False,Both rejected experiments,REJECTED — does not ship,True,
ASHM.LSE,sbc_once,PPFFP,PPFFP,174.09137068867616,216.3257051854159,fail,fail,False,False,Charge SBC once,REJECTED — does not ship,True,0
ASHM.LSE,combined,PPFFP,PPFFP,174.09137068867616,216.3257051854159,fail,fail,False,False,Both rejected experiments,REJECTED — does not ship,True,0
IMB.LSE,sbc_once,PPPFP,PPPFP,3892.8965086809812,3950.8117419564355,pass,pass,False,False,Charge SBC once,REJECTED — does not ship,True,0
IMB.LSE,combined,PPPFP,PPPFP,3892.8965086809812,3950.8117419564355,pass,pass,False,False,Both rejected experiments,REJECTED — does not ship,True,0
SIMO.US,sbc_once,FPFPP,FPFPP,38.23431923698907,49.14254455910996,fail,fail,False,False,Charge SBC once,REJECTED — does not ship,True,-7.105427357601002e-15
SIMO.US,combined,FPFPP,FPFPP,38.23431923698907,49.14254455910996,fail,fail,False,False,Both rejected experiments,REJECTED — does not ship,True,-7.105427357601002e-15
CAKE.US,sbc_once,FFFFP,FFPFP,27.72302608341861,35.89006496044762,fail,fail,False,False,Charge SBC once,REJECTED — does not ship,True,
CAKE.US,combined,FFFFP,FFPFP,27.72302608341861,35.89006496044762,fail,fail,False,False,Both rejected experiments,REJECTED — does not ship,True,
ELIS.PA,sbc_once,PFFFP,PFPFP,11.535740585423154,12.950496106889497,fail,fail,False,False,Charge SBC once,REJECTED — does not ship,True,-1.7763568394002505e-15
ELIS.PA,combined,PFFFP,PFPFP,11.535740585423154,12.950496106889497,fail,fail,False,False,Both rejected experiments,REJECTED — does not ship,True,-1.7763568394002505e-15
L.TO,sbc_once,PFFPP,PFFPP,13.485555502914139,14.22817587777533,fail,fail,False,False,Charge SBC once,REJECTED — does not ship,True,0
L.TO,combined,PFFPP,PFFPP,13.485555502914139,14.22817587777533,fail,fail,False,False,Both rejected experiments,REJECTED — does not ship,True,0
EPI-A.ST,sbc_once,PPPPP,PPPPP,142.3620206765206,139.44153042596903,fail,fail,False,False,Charge SBC once,REJECTED — does not ship,True,0
EPI-A.ST,combined,PPPPP,PPPPP,142.3620206765206,139.44153042596903,fail,fail,False,False,Both rejected experiments,REJECTED — does not ship,True,0
AMS.MC,sbc_once,FFPPP,FFPPP,34.22358205252813,35.11494947345096,fail,fail,False,False,Charge SBC once,REJECTED — does not ship,True,0
AMS.MC,combined,FFPPP,FFPPP,34.22358205252813,35.11494947345096,fail,fail,False,False,Both rejected experiments,REJECTED — does not ship,True,0
INN.US,sbc_once,FFFFP,FFFFP,5.342594386485456,6.243759590629776,fail,unclear,False,False,Charge SBC once,REJECTED — does not ship,True,0
INN.US,combined,FFFFP,FFFFP,5.342594386485456,6.243759590629776,fail,unclear,False,False,Both rejected experiments,REJECTED — does not ship,True,0
ASSA-B.ST,sbc_once,PPPPP,PPPPP,171.81386028923654,172.6200398491208,fail,fail,False,False,Charge SBC once,REJECTED — does not ship,True,0
ASSA-B.ST,combined,PPPPP,PPPPP,171.81386028923654,172.6200398491208,fail,fail,False,False,Both rejected experiments,REJECTED — does not ship,True,0
2395.TW,sbc_once,PPPFP,PPPFP,203.06228182043535,211.16919438062138,fail,fail,False,False,Charge SBC once,REJECTED — does not ship,True,0
2395.TW,combined,PPPFP,PPPFP,203.06228182043535,211.16919438062138,fail,fail,False,False,Both rejected experiments,REJECTED — does not ship,True,0
AIR.US,sbc_once,PFPFP,PFPFP,30.65329777536139,35.89633133437506,fail,fail,False,False,Charge SBC once,REJECTED — does not ship,True,0
AIR.US,combined,PFPFP,PFPFP,30.65329777536139,35.89633133437506,fail,fail,False,False,Both rejected experiments,REJECTED — does not ship,True,0
CPRI.US,sbc_once,FFFFP,FFFFP,12.414067833550956,15.94242541084216,fail,unclear,False,False,Charge SBC once,REJECTED — does not ship,True,0
CPRI.US,combined,FFFFP,FFFFP,12.414067833550956,15.94242541084216,fail,unclear,False,False,Both rejected experiments,REJECTED — does not ship,True,0
VRTX.US,sbc_once,FFFPP,FFPPP,246.87989397610878,284.52453245127964,fail,fail,False,False,Charge SBC once,REJECTED — does not ship,True,0
VRTX.US,combined,FFFPP,FFPPP,246.87989397610878,284.52453245127964,fail,fail,False,False,Both rejected experiments,REJECTED — does not ship,True,0
CHKP.US,sbc_once,PPPFP,PPPFP,121.76679777052345,141.8378489102205,fail,unclear,False,False,Charge SBC once,REJECTED — does not ship,True,0
CHKP.US,combined,PPPFP,PPPFP,121.76679777052345,141.8378489102205,fail,unclear,False,False,Both rejected experiments,REJECTED — does not ship,True,0
BEAN.SW,sbc_once,PFPPP,PFPPP,204.9588603553899,210.14565122113092,fail,fail,False,False,Charge SBC once,REJECTED — does not ship,True,0
BEAN.SW,combined,PFPPP,PFPPP,204.9588603553899,210.14565122113092,fail,fail,False,False,Both rejected experiments,REJECTED — does not ship,True,0
BXP.US,sbc_once,PFFFP,PFFFP,23.270467991813245,27.206723754006788,fail,fail,False,False,Charge SBC once,REJECTED — does not ship,True,0
BXP.US,combined,PFFFP,PFFFP,23.270467991813245,27.206723754006788,fail,fail,False,False,Both rejected experiments,REJECTED — does not ship,True,0
SPIE.PA,sbc_once,PFPFP,PFPFP,27.774077446914205,28.510338501049386,fail,fail,False,False,Charge SBC once,REJECTED — does not ship,True,0
SPIE.PA,combined,PFPFP,PFPFP,27.774077446914205,28.510338501049386,fail,fail,False,False,Both rejected experiments,REJECTED — does not ship,True,0
SLC.AU,sbc_once,FFPFP,FFPFP,0.783732932277949,0.9897261032714885,fail,fail,False,False,Charge SBC once,REJECTED — does not ship,True,
SLC.AU,combined,FFPFP,FFPFP,0.783732932277949,0.9897261032714885,fail,fail,False,False,Both rejected experiments,REJECTED — does not ship,True,
BXC.US,sbc_once,FFPFP,FFPFP,35.09092001890887,52.49910403057806,fail,fail,False,False,Charge SBC once,REJECTED — does not ship,True,0
BXC.US,combined,FFPFP,FFPFP,35.09092001890887,52.49910403057806,fail,fail,False,False,Both rejected experiments,REJECTED — does not ship,True,0
USNA.US,sbc_once,PPFFP,PPFFP,,11.029763365877775,unclear,fail,False,False,Charge SBC once,REJECTED — does not ship,True,
USNA.US,combined,PPFFP,PPFFP,,11.029763365877775,unclear,fail,False,False,Both rejected experiments,REJECTED — does not ship,True,
RAND.AS,sbc_once,PPFFP,PPFFP,28.59609024904455,31.431597462633505,fail,fail,False,False,Charge SBC once,REJECTED — does not ship,True,0
RAND.AS,combined,PPFFP,PPFFP,28.59609024904455,31.431597462633505,fail,fail,False,False,Both rejected experiments,REJECTED — does not ship,True,0
HD.US,sbc_once,PPPPP,PPPPP,264.54312347034556,274.9467812966772,fail,fail,False,False,Charge SBC once,REJECTED — does not ship,True,0
HD.US,combined,PPPPP,PPPPP,264.54312347034556,274.9467812966772,fail,fail,False,False,Both rejected experiments,REJECTED — does not ship,True,0
LAMR.US,sbc_once,PFPFP,PFPFP,77.6047312691131,80.37636080324751,fail,fail,False,False,Charge SBC once,REJECTED — does not ship,True,
LAMR.US,combined,PFPFP,PFPFP,77.6047312691131,80.37636080324751,fail,fail,False,False,Both rejected experiments,REJECTED — does not ship,True,
GMD.AU,sbc_once,FFFFP,FFFFP,1.5567296542779745,1.7319808654212676,fail,fail,False,False,Charge SBC once,REJECTED — does not ship,True,0
GMD.AU,combined,FFFFP,FFFFP,1.5567296542779745,1.7319808654212676,fail,fail,False,False,Both rejected experiments,REJECTED — does not ship,True,0
COST.US,sbc_once,PPPPP,PPPPP,304.5610837850641,343.6507993530456,fail,fail,False,False,Charge SBC once,REJECTED — does not ship,True,0
COST.US,current_scale,PPPPP,PPPPP,304.5610837850641,361.19346172379926,fail,fail,False,False,Current annual scale,REJECTED — does not ship,True,0
COST.US,combined,PPPPP,PPPPP,304.5610837850641,407.4074270717215,fail,fail,False,False,Both rejected experiments,REJECTED — does not ship,True,0
TNE.AU,sbc_once,PPFPP,PPFPP,3.5497199240493886,3.7272794266017795,fail,fail,False,False,Charge SBC once,REJECTED — does not ship,True,0
TNE.AU,combined,PPFPP,PPFPP,3.5497199240493886,3.7272794266017795,fail,fail,False,False,Both rejected experiments,REJECTED — does not ship,True,0
SGM.AU,sbc_once,FFFPP,FFPPP,5.56025918136558,6.642282395227077,fail,fail,False,False,Charge SBC once,REJECTED — does not ship,True,0
SGM.AU,combined,FFFPP,FFPPP,5.56025918136558,6.642282395227077,fail,fail,False,False,Both rejected experiments,REJECTED — does not ship,True,0
BX.US,sbc_once,PPFPP,PPPPP,13.648420928984338,48.91713295004934,fail,fail,False,False,Charge SBC once,REJECTED — does not ship,False,-0.22444066533057772
BX.US,combined,PPFPP,PPPPP,13.648420928984338,48.91713295004934,fail,fail,False,False,Both rejected experiments,REJECTED — does not ship,False,-0.22444066533057772
ALX.AU,sbc_once,FFFFP,FFFFP,3.2833376092968845,2.9653439334955873,fail,fail,False,False,Charge SBC once,REJECTED — does not ship,True,0
ALX.AU,combined,FFFFP,FFFFP,3.2833376092968845,2.9653439334955873,fail,fail,False,False,Both rejected experiments,REJECTED — does not ship,True,0
SIQ.AU,sbc_once,PPPPP,PPPPP,10.666141067056417,10.666073395261545,fail,fail,False,False,Charge SBC once,REJECTED — does not ship,True,0
SIQ.AU,current_scale,PPPPP,PPPPP,10.666141067056417,13.173056014799151,fail,pass,False,True,Current annual scale,REJECTED — does not ship,True,0
SIQ.AU,combined,PPPPP,PPPPP,10.666141067056417,13.172968577834933,fail,pass,False,True,Both rejected experiments,REJECTED — does not ship,True,0
AMT.US,sbc_once,PFPPP,PFPPP,76.33882536157499,80.98852868306086,fail,fail,False,False,Charge SBC once,REJECTED — does not ship,True,0
AMT.US,combined,PFPPP,PFPPP,76.33882536157499,80.98852868306086,fail,fail,False,False,Both rejected experiments,REJECTED — does not ship,True,0
GHM.US,sbc_once,FFFFP,FFFFP,5.501650817436684,7.96417623980456,fail,fail,False,False,Charge SBC once,REJECTED — does not ship,True,0
GHM.US,combined,FFFFP,FFFFP,5.501650817436684,7.96417623980456,fail,fail,False,False,Both rejected experiments,REJECTED — does not ship,True,0
AVGO.US,sbc_once,FPPFF,FPPFF,42.48491326786808,46.47901559252114,fail,fail,False,False,Charge SBC once,REJECTED — does not ship,True,0
AVGO.US,combined,FPPFF,FPPFF,42.48491326786808,46.47901559252114,fail,fail,False,False,Both rejected experiments,REJECTED — does not ship,True,0
AZN.LSE,sbc_once,FPPFP,FPPFP,4121.166252123093,4412.9948843591765,fail,fail,False,False,Charge SBC once,REJECTED — does not ship,True,0
AZN.LSE,combined,FPPFP,FPPFP,4121.166252123093,4412.9948843591765,fail,fail,False,False,Both rejected experiments,REJECTED — does not ship,True,0
UNF.US,sbc_once,PFFFP,PFFFP,78.14860734821526,82.70672164494971,fail,fail,False,False,Charge SBC once,REJECTED — does not ship,True,
UNF.US,combined,PFFFP,PFFFP,78.14860734821526,82.70672164494971,fail,fail,False,False,Both rejected experiments,REJECTED — does not ship,True,
ICLR.US,sbc_once,PPPFP,PPPFP,30.132438380802842,52.176960663995374,fail,fail,False,False,Charge SBC once,REJECTED — does not ship,True,0
ICLR.US,combined,PPPFP,PPPFP,30.132438380802842,52.176960663995374,fail,fail,False,False,Both rejected experiments,REJECTED — does not ship,True,0
600600.SHG,sbc_once,PPPPP,PPPPP,49.17072870442054,50.55667004664867,fail,unclear,False,False,Charge SBC once,REJECTED — does not ship,True,0
600600.SHG,current_scale,PPPPP,PPPPP,49.17072870442054,47.24636197467318,fail,fail,False,False,Current annual scale,REJECTED — does not ship,True,0
600600.SHG,combined,PPPPP,PPPPP,49.17072870442054,48.835742357650645,fail,fail,False,False,Both rejected experiments,REJECTED — does not ship,True,0
PRSU.US,sbc_once,FFFFP,FFPFP,,1.40530700094825,unclear,unclear,False,False,Charge SBC once,REJECTED — does not ship,True,
PRSU.US,combined,FFFFP,FFPFP,,1.40530700094825,unclear,unclear,False,False,Both rejected experiments,REJECTED — does not ship,True,
600519.SHG,current_scale,PPPPP,PPPPP,1305.4874386753997,1419.2303902666047,unclear,unclear,False,False,Current annual scale,REJECTED — does not ship,True,0
600519.SHG,combined,PPPPP,PPPPP,1305.4874386753997,1419.2303902666047,unclear,unclear,False,False,Both rejected experiments,REJECTED — does not ship,True,0
TMUS.US,sbc_once,PFPPP,PFPPP,134.17742491918764,143.3817542268995,fail,fail,False,False,Charge SBC once,REJECTED — does not ship,True,0
TMUS.US,combined,PFPPP,PFPPP,134.17742491918764,143.3817542268995,fail,fail,False,False,Both rejected experiments,REJECTED — does not ship,True,0
WEIR.LSE,sbc_once,PFPPP,PFPPP,1250.0911172356052,1288.4168891758425,fail,fail,False,False,Charge SBC once,REJECTED — does not ship,True,0
WEIR.LSE,combined,PFPPP,PFPPP,1250.0911172356052,1288.4168891758425,fail,fail,False,False,Both rejected experiments,REJECTED — does not ship,True,0
QRVO.US,sbc_once,FFPFF,FFPFF,37.021614060438395,51.05871965991138,unclear,unclear,False,False,Charge SBC once,REJECTED — does not ship,True,
QRVO.US,combined,FFPFF,FFPFF,37.021614060438395,51.05871965991138,unclear,unclear,False,False,Both rejected experiments,REJECTED — does not ship,True,
HILS.LSE,sbc_once,PFPPP,PFPPP,1108.7535334215754,1174.3287290631038,fail,fail,False,False,Charge SBC once,REJECTED — does not ship,True,-2.2737367544323206e-13
HILS.LSE,combined,PFPPP,PFPPP,1108.7535334215754,1174.3287290631038,fail,fail,False,False,Both rejected experiments,REJECTED — does not ship,True,-2.2737367544323206e-13
HLI.US,sbc_once,PPFPP,PPPPP,62.88595278729818,124.2068921391369,fail,fail,False,False,Charge SBC once,REJECTED — does not ship,True,
HLI.US,combined,PPFPP,PPPPP,62.88595278729818,131.75899754456952,fail,unclear,False,False,Both rejected experiments,REJECTED — does not ship,True,
BRG.AU,sbc_once,PPPFP,PPPFP,11.383029718866245,12.886188612419312,fail,fail,False,False,Charge SBC once,REJECTED — does not ship,True,0
BRG.AU,combined,PPPFP,PPPFP,11.383029718866245,12.886188612419312,fail,fail,False,False,Both rejected experiments,REJECTED — does not ship,True,0
603195.SHG,sbc_once,PPPPP,PPPPP,33.29028767800665,33.96826311407161,fail,fail,False,False,Charge SBC once,REJECTED — does not ship,True,0
603195.SHG,current_scale,PPPPP,PPPPP,33.29028767800665,33.034937835804115,fail,fail,False,False,Current annual scale,REJECTED — does not ship,True,0
603195.SHG,combined,PPPPP,PPPPP,33.29028767800665,33.034937835804115,fail,fail,False,False,Both rejected experiments,REJECTED — does not ship,True,0
RH.US,sbc_once,FFFPP,FFPPP,32.7873119509002,60.618310543195435,fail,fail,False,False,Charge SBC once,REJECTED — does not ship,True,0
RH.US,combined,FFFPP,FFPPP,32.7873119509002,60.618310543195435,fail,fail,False,False,Both rejected experiments,REJECTED — does not ship,True,0
PAAS.US,sbc_once,FFPFP,FFPFP,8.452735371008947,8.606559915600519,fail,fail,False,False,Charge SBC once,REJECTED — does not ship,True,0
PAAS.US,combined,FFPFP,FFPFP,8.452735371008947,8.606559915600519,fail,fail,False,False,Both rejected experiments,REJECTED — does not ship,True,0
CLX.US,sbc_once,PPPFP,PPPFP,39.07315210276056,44.36856280071673,fail,fail,False,False,Charge SBC once,REJECTED — does not ship,True,0
CLX.US,combined,PPPFP,PPPFP,39.07315210276056,44.36856280071673,fail,fail,False,False,Both rejected experiments,REJECTED — does not ship,True,0
603486.SHG,sbc_once,FFPPP,FFPPP,55.7288247480094,57.840755326957165,unclear,unclear,False,False,Charge SBC once,REJECTED — does not ship,True,0
603486.SHG,combined,FFPPP,FFPPP,55.7288247480094,57.840755326957165,unclear,unclear,False,False,Both rejected experiments,REJECTED — does not ship,True,0
RGEN.US,sbc_once,FFPFP,FFPFP,20.322896978492018,27.64352905848795,fail,fail,False,False,Charge SBC once,REJECTED — does not ship,True,0
RGEN.US,combined,FFPFP,FFPFP,20.322896978492018,27.64352905848795,fail,fail,False,False,Both rejected experiments,REJECTED — does not ship,True,0
CMI.US,sbc_once,PPPPP,PPPPP,333.1652076533162,335.41973708637727,fail,fail,False,False,Charge SBC once,REJECTED — does not ship,True,0
CMI.US,current_scale,PPPPP,PPPPP,333.1652076533162,395.9845049600695,fail,fail,False,False,Current annual scale,REJECTED — does not ship,True,0
CMI.US,combined,PPPPP,PPPPP,333.1652076533162,392.4162581642438,fail,fail,False,False,Both rejected experiments,REJECTED — does not ship,True,0
002050.SHE,sbc_once,PPFFP,PPFFP,12.733763020073612,13.028196459504152,fail,fail,False,False,Charge SBC once,REJECTED — does not ship,True,0
002050.SHE,combined,PPFFP,PPFFP,12.733763020073612,13.028196459504152,fail,fail,False,False,Both rejected experiments,REJECTED — does not ship,True,0
SOON.SW,sbc_once,PPPPP,PPPPP,102.4834069488269,106.70585491255413,fail,fail,False,False,Charge SBC once,REJECTED — does not ship,True,0
SOON.SW,combined,PPPPP,PPPPP,102.4834069488269,106.70585491255413,fail,fail,False,False,Both rejected experiments,REJECTED — does not ship,True,0
BATS.LSE,sbc_once,FFPFP,FFPFP,4091.337983161106,4221.852433953745,unclear,unclear,False,False,Charge SBC once,REJECTED — does not ship,True,0
BATS.LSE,combined,FFPFP,FFPFP,4091.337983161106,4221.852433953745,unclear,unclear,False,False,Both rejected experiments,REJECTED — does not ship,True,0
ATI.US,sbc_once,FFPFP,FFPFP,31.620636734227894,34.61155070952775,fail,fail,False,False,Charge SBC once,REJECTED — does not ship,True,0
ATI.US,combined,FFPFP,FFPFP,31.620636734227894,34.61155070952775,fail,fail,False,False,Both rejected experiments,REJECTED — does not ship,True,0
CHH.US,sbc_once,PFFFP,PFPFP,67.8380152819138,77.3785224157661,fail,fail,False,False,Charge SBC once,REJECTED — does not ship,True,0
CHH.US,combined,PFFFP,PFPFP,67.8380152819138,77.3785224157661,fail,fail,False,False,Both rejected experiments,REJECTED — does not ship,True,0
KD.US,sbc_once,FFPPP,FFPPP,12.878858708806842,17.932505352837282,unclear,unclear,False,False,Charge SBC once,REJECTED — does not ship,True,
KD.US,combined,FFPPP,FFPPP,12.878858708806842,17.932505352837282,unclear,unclear,False,False,Both rejected experiments,REJECTED — does not ship,True,
BHARTIARTL.NSE,sbc_once,FFPPP,FFPPP,208.2703122266003,209.6106644968574,fail,fail,False,False,Charge SBC once,REJECTED — does not ship,True,0
BHARTIARTL.NSE,combined,FFPPP,FFPPP,208.2703122266003,209.6106644968574,fail,fail,False,False,Both rejected experiments,REJECTED — does not ship,True,0
NTNX.US,sbc_once,FFFFF,FFPFF,,,unclear,unclear,False,False,Charge SBC once,REJECTED — does not ship,True,
NTNX.US,combined,FFFFF,FFPFF,,,unclear,unclear,False,False,Both rejected experiments,REJECTED — does not ship,True,
RDNT.US,sbc_once,PFFFP,PFPFP,,,unclear,unclear,False,False,Charge SBC once,REJECTED — does not ship,True,
RDNT.US,combined,PFFFP,PFPFP,,,unclear,unclear,False,False,Both rejected experiments,REJECTED — does not ship,True,
DEI.US,sbc_once,FFFFP,FFFFP,10.413218226447071,11.99639187506175,unclear,unclear,False,False,Charge SBC once,REJECTED — does not ship,True,0
DEI.US,combined,FFFFP,FFFFP,10.413218226447071,11.99639187506175,unclear,unclear,False,False,Both rejected experiments,REJECTED — does not ship,True,0
MAMA.US,sbc_once,FFPFP,FFPFP,4.2371022322106535,4.282415498677946,fail,fail,False,False,Charge SBC once,REJECTED — does not ship,True,0
MAMA.US,combined,FFPFP,FFPFP,4.2371022322106535,4.282415498677946,fail,fail,False,False,Both rejected experiments,REJECTED — does not ship,True,0
ZAL.XETRA,sbc_once,PFFFP,PFFFP,6.986143255879128,9.904204957694223,fail,fail,False,False,Charge SBC once,REJECTED — does not ship,True,0
ZAL.XETRA,combined,PFFFP,PFFFP,6.986143255879128,9.904204957694223,fail,fail,False,False,Both rejected experiments,REJECTED — does not ship,True,0
AJB.LSE,sbc_once,PPPPP,PPPPP,249.58083080128333,253.0704956167987,fail,fail,False,False,Charge SBC once,REJECTED — does not ship,True,0
AJB.LSE,combined,PPPPP,PPPPP,249.58083080128333,253.0704956167987,fail,fail,False,False,Both rejected experiments,REJECTED — does not ship,True,0
NOW.US,sbc_once,FFFPP,FFPPP,,30.614590988412665,unclear,fail,False,False,Charge SBC once,REJECTED — does not ship,True,
NOW.US,combined,FFFPP,FFPPP,,30.614590988412665,unclear,fail,False,False,Both rejected experiments,REJECTED — does not ship,True,
TEVA.US,sbc_once,FFFFP,FFPFP,,3.5417355032570876,unclear,fail,False,False,Charge SBC once,REJECTED — does not ship,True,
TEVA.US,combined,FFFFP,FFPFP,,3.5417355032570876,unclear,fail,False,False,Both rejected experiments,REJECTED — does not ship,True,
300014.SHE,sbc_once,FFFFP,FFFFP,31.608730473390526,37.191964835550216,fail,fail,False,False,Charge SBC once,REJECTED — does not ship,True,0
300014.SHE,combined,FFFFP,FFFFP,31.608730473390526,37.191964835550216,fail,fail,False,False,Both rejected experiments,REJECTED — does not ship,True,0
PAHC.US,sbc_once,PFPFP,PFPFP,18.030111372794583,19.230792387729384,fail,fail,False,False,Charge SBC once,REJECTED — does not ship,True,
PAHC.US,combined,PFPFP,PFPFP,18.030111372794583,19.230792387729384,fail,fail,False,False,Both rejected experiments,REJECTED — does not ship,True,
NTAP.US,sbc_once,PPFPP,PPPPP,72.85857636747562,97.30017296212,fail,fail,False,False,Charge SBC once,REJECTED — does not ship,True,0
NTAP.US,combined,PPFPP,PPPPP,72.85857636747562,97.30017296212,fail,fail,False,False,Both rejected experiments,REJECTED — does not ship,True,0
SBUX.US,sbc_once,PPFPP,PPFPP,17.716501268685366,21.1897329983946,fail,fail,False,False,Charge SBC once,REJECTED — does not ship,True,0
SBUX.US,combined,PPFPP,PPFPP,17.716501268685366,21.1897329983946,fail,fail,False,False,Both rejected experiments,REJECTED — does not ship,True,0
PENG.US,sbc_once,FFFFP,FFPFP,9.59012539310522,16.935623227072035,fail,fail,False,False,Charge SBC once,REJECTED — does not ship,True,
PENG.US,combined,FFFFP,FFPFP,9.59012539310522,16.935623227072035,fail,fail,False,False,Both rejected experiments,REJECTED — does not ship,True,
HSIC.US,sbc_once,PPPFP,PPPFP,57.58493459705906,61.9372843049763,fail,fail,False,False,Charge SBC once,REJECTED — does not ship,True,0
HSIC.US,combined,PPPFP,PPPFP,57.58493459705906,61.9372843049763,fail,fail,False,False,Both rejected experiments,REJECTED — does not ship,True,0
NOV.US,sbc_once,FFPFP,FFPFP,4.566887577591871,6.158860745254109,fail,fail,False,False,Charge SBC once,REJECTED — does not ship,True,
NOV.US,combined,FFPFP,FFPFP,4.566887577591871,6.158860745254109,fail,fail,False,False,Both rejected experiments,REJECTED — does not ship,True,
BOSS.XETRA,sbc_once,FFFFP,FFFFP,33.87727036477174,35.189007028159864,fail,fail,False,False,Charge SBC once,REJECTED — does not ship,True,0
BOSS.XETRA,combined,FFFFP,FFFFP,33.87727036477174,35.189007028159864,fail,fail,False,False,Both rejected experiments,REJECTED — does not ship,True,0
GFI.US,sbc_once,FFPPP,FFPPP,13.059026666989855,13.235625961423763,fail,fail,False,False,Charge SBC once,REJECTED — does not ship,True,0
GFI.US,combined,FFPPP,FFPPP,13.059026666989855,13.235625961423763,fail,fail,False,False,Both rejected experiments,REJECTED — does not ship,True,0
ENS.US,sbc_once,PPPPP,PPPPP,119.86148135568129,133.31092281455224,fail,fail,False,False,Charge SBC once,REJECTED — does not ship,True,0
ENS.US,combined,PPPPP,PPPPP,119.86148135568129,133.31092281455224,fail,fail,False,False,Both rejected experiments,REJECTED — does not ship,True,0
TCAP.LSE,sbc_once,PFFFP,PFFFP,194.95650271417696,234.88177222140965,fail,fail,False,False,Charge SBC once,REJECTED — does not ship,True,0
TCAP.LSE,combined,PFFFP,PFFFP,194.95650271417696,234.88177222140965,fail,fail,False,False,Both rejected experiments,REJECTED — does not ship,True,0
ZD.US,sbc_once,FFFFP,FFFFP,86.66781787757898,102.96457043203233,unclear,unclear,False,False,Charge SBC once,REJECTED — does not ship,True,1.4210854715202004e-14
ZD.US,combined,FFFFP,FFFFP,86.66781787757898,102.96457043203233,unclear,unclear,False,False,Both rejected experiments,REJECTED — does not ship,True,1.4210854715202004e-14
ST.US,sbc_once,PPPFP,PPPFP,9.472476670810448,12.19067142391066,fail,fail,False,False,Charge SBC once,REJECTED — does not ship,True,0
ST.US,combined,PPPFP,PPPFP,9.472476670810448,12.19067142391066,fail,fail,False,False,Both rejected experiments,REJECTED — does not ship,True,0
FBIN.US,sbc_once,PPPFP,PPPFP,26.24153637140079,27.763702841294716,fail,fail,False,False,Charge SBC once,REJECTED — does not ship,True,0
FBIN.US,combined,PPPFP,PPPFP,26.24153637140079,27.763702841294716,fail,fail,False,False,Both rejected experiments,REJECTED — does not ship,True,0
RJF.US,sbc_once,FFPPP,FFPPP,198.03336876255372,213.37765724901706,unclear,unclear,False,False,Charge SBC once,REJECTED — does not ship,True,0
RJF.US,combined,FFPPP,FFPPP,198.03336876255372,213.37765724901706,unclear,unclear,False,False,Both rejected experiments,REJECTED — does not ship,True,0
ONTO.US,sbc_once,FFPFP,FFPFP,84.56343857866963,93.69944388087677,fail,fail,False,False,Charge SBC once,REJECTED — does not ship,True,0
ONTO.US,combined,FFPFP,FFPFP,84.56343857866963,93.69944388087677,fail,fail,False,False,Both rejected experiments,REJECTED — does not ship,True,0
AIT.US,sbc_once,PPPPP,PPPPP,233.57956182180493,239.05535899297882,fail,fail,False,False,Charge SBC once,REJECTED — does not ship,True,0
AIT.US,current_scale,PPPPP,PPPPP,233.57956182180493,256.7876924818969,fail,fail,False,False,Current annual scale,REJECTED — does not ship,True,0
AIT.US,combined,PPPPP,PPPPP,233.57956182180493,264.22868728990306,fail,fail,False,False,Both rejected experiments,REJECTED — does not ship,True,0
EMR.AU,sbc_once,FFFFP,FFFFP,3.2970036080365164,3.456280296522625,fail,fail,False,False,Charge SBC once,REJECTED — does not ship,True,0
EMR.AU,combined,FFFFP,FFFFP,3.2970036080365164,3.456280296522625,fail,fail,False,False,Both rejected experiments,REJECTED — does not ship,True,0
SPK.AU,sbc_once,FFFPP,FFFPP,2.3347133792905512,2.3421155200448376,unclear,unclear,False,False,Charge SBC once,REJECTED — does not ship,False,0
SPK.AU,combined,FFFPP,FFFPP,2.3347133792905512,2.3421155200448376,unclear,unclear,False,False,Both rejected experiments,REJECTED — does not ship,False,0
TGT.US,sbc_once,PPFPP,PPFPP,84.43123144019894,92.10216777609338,fail,fail,False,False,Charge SBC once,REJECTED — does not ship,True,0
TGT.US,combined,PPFPP,PPFPP,84.43123144019894,92.10216777609338,fail,fail,False,False,Both rejected experiments,REJECTED — does not ship,True,0
NK7.F,sbc_once,PFPPP,PFPPP,14.218203111924359,22.655066625616705,fail,fail,False,False,Charge SBC once,REJECTED — does not ship,True,0
NK7.F,combined,PFPPP,PFPPP,14.218203111924359,22.655066625616705,fail,fail,False,False,Both rejected experiments,REJECTED — does not ship,True,0
RACE.MI,current_scale,PPPPP,PPPPP,157.39666842847268,181.05307808681695,fail,fail,False,False,Current annual scale,REJECTED — does not ship,True,0
RACE.MI,combined,PPPPP,PPPPP,157.39666842847268,181.05307808681695,fail,fail,False,False,Both rejected experiments,REJECTED — does not ship,True,0
COV.PA,sbc_once,PFFFP,PFFFP,32.42992291336827,33.20533258952276,fail,fail,False,False,Charge SBC once,REJECTED — does not ship,True,0
COV.PA,combined,PFFFP,PFFFP,32.42992291336827,33.20533258952276,fail,fail,False,False,Both rejected experiments,REJECTED — does not ship,True,0
FAN.LSE,sbc_once,PPPPP,PPPPP,337.9928557982814,344.9948922445958,fail,fail,False,False,Charge SBC once,REJECTED — does not ship,True,0
FAN.LSE,combined,PPPPP,PPPPP,337.9928557982814,344.9948922445958,fail,fail,False,False,Both rejected experiments,REJECTED — does not ship,True,0
CSCO.US,sbc_once,PPPPP,PPPPP,37.050888685577256,45.64717771012207,fail,fail,False,False,Charge SBC once,REJECTED — does not ship,True,0.6340748968563261
CSCO.US,combined,PPPPP,PPPPP,37.050888685577256,45.64717771012207,fail,fail,False,False,Both rejected experiments,REJECTED — does not ship,True,0.6340748968563261
LII.US,sbc_once,PPPPP,PPPPP,291.31257068522257,304.6738457555735,fail,fail,False,False,Charge SBC once,REJECTED — does not ship,True,0
LII.US,current_scale,PPPPP,PPPPP,291.31257068522257,333.82566788782805,fail,fail,False,False,Current annual scale,REJECTED — does not ship,True,0
LII.US,combined,PPPPP,PPPPP,291.31257068522257,352.27452785979585,fail,fail,False,False,Both rejected experiments,REJECTED — does not ship,True,0
0AAL.LSE,sbc_once,FFPPP,FFPPP,5.060482557908208,5.317105437190876,fail,fail,False,False,Charge SBC once,REJECTED — does not ship,True,
0AAL.LSE,combined,FFPPP,FFPPP,5.060482557908208,5.317105437190876,fail,fail,False,False,Both rejected experiments,REJECTED — does not ship,True,
SCRPF.US,sbc_once,PFFPP,PFFPP,3.2519580203526885,3.39243234112868,fail,fail,False,False,Charge SBC once,REJECTED — does not ship,True,0
SCRPF.US,combined,PFFPP,PFFPP,3.2519580203526885,3.39243234112868,fail,fail,False,False,Both rejected experiments,REJECTED — does not ship,True,0
SBLK.US,sbc_once,FFPFP,FFPFP,20.923005646641602,22.840854955101122,fail,fail,False,False,Charge SBC once,REJECTED — does not ship,True,0
SBLK.US,combined,FFPFP,FFPFP,20.923005646641602,22.840854955101122,fail,fail,False,False,Both rejected experiments,REJECTED — does not ship,True,0
SUPR.LSE,sbc_once,PFFPP,PFFPP,69.58324332269432,69.5978034728277,fail,fail,False,False,Charge SBC once,REJECTED — does not ship,True,0
SUPR.LSE,combined,PFFPP,PFFPP,69.58324332269432,69.5978034728277,fail,fail,False,False,Both rejected experiments,REJECTED — does not ship,True,0
WYNN.US,sbc_once,FFPPP,FFPPP,50.753175933579,64.64380143031333,fail,fail,False,False,Charge SBC once,REJECTED — does not ship,False,6.9371863487034915
WYNN.US,combined,FFPPP,FFPPP,50.753175933579,64.64380143031333,fail,fail,False,False,Both rejected experiments,REJECTED — does not ship,False,6.9371863487034915
ULVR.LSE,sbc_once,PPPFP,PPPFP,2851.4082509531936,2976.380705663032,fail,fail,False,False,Charge SBC once,REJECTED — does not ship,True,0
ULVR.LSE,combined,PPPFP,PPPFP,2851.4082509531936,2976.380705663032,fail,fail,False,False,Both rejected experiments,REJECTED — does not ship,True,0
DDOG.US,sbc_once,FFFPP,FFFPP,,15.737352101399628,unclear,fail,False,False,Charge SBC once,REJECTED — does not ship,True,
DDOG.US,combined,FFFPP,FFFPP,,15.737352101399628,unclear,fail,False,False,Both rejected experiments,REJECTED — does not ship,True,
2319.HK,sbc_once,PFFFP,PFFFP,14.158376515426779,14.324856386998317,fail,fail,False,False,Charge SBC once,REJECTED — does not ship,True,0
2319.HK,combined,PFFFP,PFFFP,14.158376515426779,14.324856386998317,fail,fail,False,False,Both rejected experiments,REJECTED — does not ship,True,0
EVN.AU,sbc_once,PFPFP,PFPFP,4.313928157160695,4.4343922831144384,fail,fail,False,False,Charge SBC once,REJECTED — does not ship,True,0
EVN.AU,combined,PFPFP,PFPFP,4.313928157160695,4.4343922831144384,fail,fail,False,False,Both rejected experiments,REJECTED — does not ship,True,0
CPR.MI,sbc_once,PPFFP,PPFFP,2.0792841917836795,2.308433845983384,fail,fail,False,False,Charge SBC once,REJECTED — does not ship,True,
CPR.MI,combined,PPFFP,PPFFP,2.0792841917836795,2.308433845983384,fail,fail,False,False,Both rejected experiments,REJECTED — does not ship,True,
CPG.LSE,sbc_once,PPPPP,PPPPP,8.209224896932719,8.457923793184905,fail,fail,False,False,Charge SBC once,REJECTED — does not ship,True,0
CPG.LSE,combined,PPPPP,PPPPP,8.209224896932719,8.457923793184905,fail,fail,False,False,Both rejected experiments,REJECTED — does not ship,True,0
VWS.CO,sbc_once,FPFPP,FPFPP,49.60328809306879,51.031048830257554,fail,fail,False,False,Charge SBC once,REJECTED — does not ship,True,0
VWS.CO,combined,FPFPP,FPFPP,49.60328809306879,51.031048830257554,fail,fail,False,False,Both rejected experiments,REJECTED — does not ship,True,0
EHC.US,sbc_once,PFFPP,PFPPP,18.31022632753283,31.17737223009634,fail,fail,False,False,Charge SBC once,REJECTED — does not ship,True,0
EHC.US,combined,PFFPP,PFPPP,18.31022632753283,31.17737223009634,fail,fail,False,False,Both rejected experiments,REJECTED — does not ship,True,0
DKSH.SW,sbc_once,PPPFP,PPPFP,49.19400931885971,49.93984567630597,fail,fail,False,False,Charge SBC once,REJECTED — does not ship,True,0
DKSH.SW,combined,PPPFP,PPPFP,49.19400931885971,49.93984567630597,fail,fail,False,False,Both rejected experiments,REJECTED — does not ship,True,0
PRLB.US,sbc_once,FFFFP,FFFFP,15.971253562169462,25.76659736034731,fail,fail,False,False,Charge SBC once,REJECTED — does not ship,True,0
PRLB.US,combined,FFFFP,FFFFP,15.971253562169462,25.76659736034731,fail,fail,False,False,Both rejected experiments,REJECTED — does not ship,True,0
BKR.US,sbc_once,FFPFP,FFPFP,38.4990502992021,40.96727856760739,fail,fail,False,False,Charge SBC once,REJECTED — does not ship,True,0
BKR.US,combined,FFPFP,FFPFP,38.4990502992021,40.96727856760739,fail,fail,False,False,Both rejected experiments,REJECTED — does not ship,True,0
BGC.US,sbc_once,FFFFP,FFPFP,,3.5264288932483296,unclear,fail,False,False,Charge SBC once,REJECTED — does not ship,True,
BGC.US,combined,FFFFP,FFPFP,,3.5264288932483296,unclear,fail,False,False,Both rejected experiments,REJECTED — does not ship,True,
BCO.US,sbc_once,PPPPP,PPPPP,93.53720302857178,108.18493312067928,fail,unclear,False,False,Charge SBC once,REJECTED — does not ship,True,0
BCO.US,combined,PPPPP,PPPPP,93.53720302857178,108.18493312067928,fail,unclear,False,False,Both rejected experiments,REJECTED — does not ship,True,0
DHT.US,sbc_once,FFFPP,FFFPP,1.1576078589325807,1.4961349029053583,unclear,fail,False,False,Charge SBC once,REJECTED — does not ship,True,
DHT.US,combined,FFFPP,FFFPP,1.1576078589325807,1.4961349029053583,unclear,fail,False,False,Both rejected experiments,REJECTED — does not ship,True,
VEM.F,sbc_once,PPPFP,PPPFP,9.422392078600222,9.4739285908067,fail,fail,False,False,Charge SBC once,REJECTED — does not ship,True,0
VEM.F,combined,PPPFP,PPPFP,9.422392078600222,9.4739285908067,fail,fail,False,False,Both rejected experiments,REJECTED — does not ship,True,0
HFD.LSE,sbc_once,FFFFP,FFFFP,190.99642476856002,212.81802471205157,fail,fail,False,False,Charge SBC once,REJECTED — does not ship,True,0
HFD.LSE,combined,FFFFP,FFFFP,190.99642476856002,212.81802471205157,fail,fail,False,False,Both rejected experiments,REJECTED — does not ship,True,0
STX.US,sbc_once,FPPPP,FPPPP,91.90156395806962,105.37367150240603,fail,fail,False,False,Charge SBC once,REJECTED — does not ship,True,0
STX.US,combined,FPPPP,FPPPP,91.90156395806962,105.37367150240603,fail,fail,False,False,Both rejected experiments,REJECTED — does not ship,True,0
QUAD.US,sbc_once,FFFFP,FFFFP,12.91085453483591,14.65556460711103,unclear,unclear,False,False,Charge SBC once,REJECTED — does not ship,True,
QUAD.US,combined,FFFFP,FFFFP,12.91085453483591,14.65556460711103,unclear,unclear,False,False,Both rejected experiments,REJECTED — does not ship,True,
TXN.US,sbc_once,PFFPP,PFFPP,49.44553421060043,55.15178974883713,fail,fail,False,False,Charge SBC once,REJECTED — does not ship,True,0
TXN.US,combined,PFFPP,PFFPP,49.44553421060043,55.15178974883713,fail,fail,False,False,Both rejected experiments,REJECTED — does not ship,True,0
ET.US,sbc_once,PFPFP,PFPFP,13.578441960374663,14.112061028387261,fail,fail,False,False,Charge SBC once,REJECTED — does not ship,True,0
ET.US,combined,PFPFP,PFPFP,13.578441960374663,14.112061028387261,fail,fail,False,False,Both rejected experiments,REJECTED — does not ship,True,0
HOT.XETRA,sbc_once,FFPPP,FFPPP,198.42451152539033,198.39023085395513,fail,fail,False,False,Charge SBC once,REJECTED — does not ship,True,0
HOT.XETRA,combined,FFPPP,FFPPP,198.42451152539033,198.39023085395513,fail,fail,False,False,Both rejected experiments,REJECTED — does not ship,True,0
ORNBV.HE,sbc_once,PPFPP,PPFPP,40.402893596864644,40.6113939817478,fail,fail,False,False,Charge SBC once,REJECTED — does not ship,True,0
ORNBV.HE,combined,PPFPP,PPFPP,40.402893596864644,40.6113939817478,fail,fail,False,False,Both rejected experiments,REJECTED — does not ship,True,0
NRG.US,sbc_once,FFPPP,FFPPP,90.9971392468166,98.92536854400346,fail,fail,False,False,Charge SBC once,REJECTED — does not ship,True,0
NRG.US,combined,FFPPP,FFPPP,90.9971392468166,98.92536854400346,fail,fail,False,False,Both rejected experiments,REJECTED — does not ship,True,0
SCG.AU,sbc_once,PFFFP,PFFFP,2.070426701343396,2.0977774847501283,fail,fail,False,False,Charge SBC once,REJECTED — does not ship,True,0
SCG.AU,combined,PFFFP,PFFFP,2.070426701343396,2.0977774847501283,fail,fail,False,False,Both rejected experiments,REJECTED — does not ship,True,0
DOCS.US,sbc_once,PPFPP,PPPPP,6.649327925909219,14.585230790086756,fail,fail,False,False,Charge SBC once,REJECTED — does not ship,True,8.881784197001252e-16
DOCS.US,combined,PPFPP,PPPPP,6.649327925909219,14.585230790086756,fail,fail,False,False,Both rejected experiments,REJECTED — does not ship,True,8.881784197001252e-16
MMI.US,sbc_once,FFFFP,FFFFP,,5.8832581412002405,unclear,fail,False,False,Charge SBC once,REJECTED — does not ship,True,
MMI.US,combined,FFFFP,FFFFP,,5.8832581412002405,unclear,fail,False,False,Both rejected experiments,REJECTED — does not ship,True,
ADBE.US,sbc_once,PPPPP,PPPPP,242.69539330983005,331.5002799482648,unclear,pass,False,True,Charge SBC once,REJECTED — does not ship,True,0
ADBE.US,current_scale,PPPPP,PPPPP,242.69539330983005,290.2307757595876,unclear,pass,False,True,Current annual scale,REJECTED — does not ship,True,0
ADBE.US,combined,PPPPP,PPPPP,242.69539330983005,403.0563212375923,unclear,pass,False,True,Both rejected experiments,REJECTED — does not ship,True,0
002415.SHE,sbc_once,PPPPP,PPPPP,28.858435846046834,29.902045297253096,fail,fail,False,False,Charge SBC once,REJECTED — does not ship,True,0
002415.SHE,combined,PPPPP,PPPPP,28.858435846046834,29.902045297253096,fail,fail,False,False,Both rejected experiments,REJECTED — does not ship,True,0
FPE3.XETRA,sbc_once,PPPFP,PPPFP,32.87980197310223,33.034964411624095,fail,fail,False,False,Charge SBC once,REJECTED — does not ship,True,0
FPE3.XETRA,combined,PPPFP,PPPFP,32.87980197310223,33.034964411624095,fail,fail,False,False,Both rejected experiments,REJECTED — does not ship,True,0
DOM.LSE,sbc_once,PPFFP,PPFFP,68.05293694421391,75.23160165218724,fail,fail,False,False,Charge SBC once,REJECTED — does not ship,True,1.4210854715202004e-14
DOM.LSE,combined,PPFFP,PPFFP,68.05293694421391,75.23160165218724,fail,fail,False,False,Both rejected experiments,REJECTED — does not ship,True,1.4210854715202004e-14
SANM.US,sbc_once,PFFPP,PFFPP,48.64420394778822,76.01692801649098,fail,fail,False,False,Charge SBC once,REJECTED — does not ship,True,0
SANM.US,combined,PFFPP,PFFPP,48.64420394778822,76.01692801649098,fail,fail,False,False,Both rejected experiments,REJECTED — does not ship,True,0
AMTM.US,sbc_once,UUUUU,UUUUU,10.254808605047335,10.40772610962555,unclear,unclear,False,False,Charge SBC once,REJECTED — does not ship,False,
AMTM.US,combined,UUUUU,UUUUU,10.254808605047335,10.40772610962555,unclear,unclear,False,False,Both rejected experiments,REJECTED — does not ship,False,
HEI.XETRA,sbc_once,PFPPP,PFPPP,121.76968018193975,121.96069451276466,fail,fail,False,False,Charge SBC once,REJECTED — does not ship,True,0
HEI.XETRA,combined,PFPPP,PFPPP,121.76968018193975,121.96069451276466,fail,fail,False,False,Both rejected experiments,REJECTED — does not ship,True,0
B3SA3.SA,sbc_once,PFPPF,PFPPF,9.336210419430797,9.462543045726294,fail,fail,False,False,Charge SBC once,REJECTED — does not ship,True,0
B3SA3.SA,combined,PFPPF,PFPPF,9.336210419430797,9.462543045726294,fail,fail,False,False,Both rejected experiments,REJECTED — does not ship,True,0
SIA1.F,sbc_once,FFFPP,FFFPP,4.189110753773035,4.309672606933088,fail,fail,False,False,Charge SBC once,REJECTED — does not ship,True,0
SIA1.F,combined,FFFPP,FFFPP,4.189110753773035,4.309672606933088,fail,fail,False,False,Both rejected experiments,REJECTED — does not ship,True,0
SQN.SW,sbc_once,FFPPP,FFPPP,17.762536405306857,18.058942447516095,fail,fail,False,False,Charge SBC once,REJECTED — does not ship,True,0
SQN.SW,combined,FFPPP,FFPPP,17.762536405306857,18.058942447516095,fail,fail,False,False,Both rejected experiments,REJECTED — does not ship,True,0
AMBU-B.CO,sbc_once,FFFFP,FFFFP,4.77238367515426,5.915029081558149,fail,fail,False,False,Charge SBC once,REJECTED — does not ship,True,0
AMBU-B.CO,combined,FFFFP,FFFFP,4.77238367515426,5.915029081558149,fail,fail,False,False,Both rejected experiments,REJECTED — does not ship,True,0
EOG.US,sbc_once,FFPFP,FFPFP,88.72942179122111,93.85107153607728,fail,fail,False,False,Charge SBC once,REJECTED — does not ship,True,0
EOG.US,combined,FFPFP,FFPFP,88.72942179122111,93.85107153607728,fail,fail,False,False,Both rejected experiments,REJECTED — does not ship,True,0
MDLZ.US,sbc_once,PFFFP,PFFFP,24.266080097012765,25.376980474608033,fail,fail,False,False,Charge SBC once,REJECTED — does not ship,True,0
MDLZ.US,combined,PFFFP,PFFFP,24.266080097012765,25.376980474608033,fail,fail,False,False,Both rejected experiments,REJECTED — does not ship,True,0
ARLP.US,sbc_once,FPPPP,FPPPP,34.85914682508027,31.768034130032323,unclear,unclear,False,False,Charge SBC once,REJECTED — does not ship,True,0
ARLP.US,combined,FPPPP,FPPPP,34.85914682508027,31.768034130032323,unclear,unclear,False,False,Both rejected experiments,REJECTED — does not ship,True,0
COHR.US,sbc_once,FFPFP,FFPFP,9.583371512525675,23.501270770364506,fail,fail,False,False,Charge SBC once,REJECTED — does not ship,True,0
COHR.US,combined,FFPFP,FFPFP,9.583371512525675,23.501270770364506,fail,fail,False,False,Both rejected experiments,REJECTED — does not ship,True,0
FN.US,sbc_once,PPPPP,PPPPP,181.01222476544464,197.7843629248098,fail,fail,False,False,Charge SBC once,REJECTED — does not ship,True,49.997806510664134
FN.US,current_scale,PPPPP,PPPPP,181.01222476544464,258.63581796404577,fail,fail,False,False,Current annual scale,REJECTED — does not ship,True,49.997806510664134
FN.US,combined,PPPPP,PPPPP,181.01222476544464,279.10593653946046,fail,fail,False,False,Both rejected experiments,REJECTED — does not ship,True,49.997806510664134
SEIC.US,sbc_once,PPPPP,PPPPP,98.14049514363879,104.74543898989347,fail,unclear,False,False,Charge SBC once,REJECTED — does not ship,True,0
SEIC.US,current_scale,PPPPP,PPPPP,98.14049514363879,105.84288297709742,fail,unclear,False,False,Current annual scale,REJECTED — does not ship,True,0
SEIC.US,combined,PPPPP,PPPPP,98.14049514363879,115.44825885796794,fail,unclear,False,False,Both rejected experiments,REJECTED — does not ship,True,0
PNDORA.CO,sbc_once,PPPFP,PPPFP,781.6831528749584,798.8092235257144,fail,unclear,False,False,Charge SBC once,REJECTED — does not ship,True,0
PNDORA.CO,combined,PPPFP,PPPFP,781.6831528749584,798.8092235257144,fail,unclear,False,False,Both rejected experiments,REJECTED — does not ship,True,0
INOD.US,sbc_once,FFFFP,FFPFP,,,unclear,unclear,False,False,Charge SBC once,REJECTED — does not ship,True,
INOD.US,combined,FFFFP,FFPFP,,,unclear,unclear,False,False,Both rejected experiments,REJECTED — does not ship,True,
LREN3.SA,sbc_once,PFFFP,PFFFP,8.18176908489838,8.67388989659753,fail,fail,False,False,Charge SBC once,REJECTED — does not ship,True,0
LREN3.SA,combined,PFFFP,PFFFP,8.18176908489838,8.67388989659753,fail,fail,False,False,Both rejected experiments,REJECTED — does not ship,True,0
GGG.US,sbc_once,PPPPP,PPPPP,51.416772973040146,53.70553303381514,fail,fail,False,False,Charge SBC once,REJECTED — does not ship,True,0
GGG.US,current_scale,PPPPP,PPPPP,51.416772973040146,57.50042417260947,fail,fail,False,False,Current annual scale,REJECTED — does not ship,True,0
GGG.US,combined,PPPPP,PPPPP,51.416772973040146,60.07590681655618,fail,fail,False,False,Both rejected experiments,REJECTED — does not ship,True,0
AIA.AU,sbc_once,PFFFP,PFFFP,1.1383450333784002,1.1436390672052443,fail,fail,False,False,Charge SBC once,REJECTED — does not ship,True,0
AIA.AU,combined,PFFFP,PFFFP,1.1383450333784002,1.1436390672052443,fail,fail,False,False,Both rejected experiments,REJECTED — does not ship,True,0
BRBY.LSE,sbc_once,FFFFP,FFFFP,416.8460860643326,489.75822052508244,fail,fail,False,False,Charge SBC once,REJECTED — does not ship,True,-5.684341886080802e-14
BRBY.LSE,combined,FFFFP,FFFFP,416.8460860643326,489.75822052508244,fail,fail,False,False,Both rejected experiments,REJECTED — does not ship,True,-5.684341886080802e-14
IIIV.US,sbc_once,FFFPP,FFFPP,,7.012548642503766,unclear,fail,False,False,Charge SBC once,REJECTED — does not ship,True,
IIIV.US,combined,FFFPP,FFFPP,,7.012548642503766,unclear,fail,False,False,Both rejected experiments,REJECTED — does not ship,True,
FND.US,sbc_once,PFFFP,PFFFP,29.823548650688632,35.17515837040276,fail,fail,False,False,Charge SBC once,REJECTED — does not ship,True,0
FND.US,combined,PFFFP,PFFFP,29.823548650688632,35.17515837040276,fail,fail,False,False,Both rejected experiments,REJECTED — does not ship,True,0
FCX.US,sbc_once,FFFPP,FFFPP,5.040971856075442,6.248200308867009,fail,fail,False,False,Charge SBC once,REJECTED — does not ship,True,0
FCX.US,combined,FFFPP,FFFPP,5.040971856075442,6.248200308867009,fail,fail,False,False,Both rejected experiments,REJECTED — does not ship,True,0
ABNB.US,sbc_once,FFFPP,FFPPP,40.63292821584653,74.21611532044635,fail,fail,False,False,Charge SBC once,REJECTED — does not ship,True,0
ABNB.US,combined,FFFPP,FFPPP,40.63292821584653,74.21611532044635,fail,fail,False,False,Both rejected experiments,REJECTED — does not ship,True,0
FLMNF.US,sbc_once,FFPFP,FFPFP,28.083990766247318,28.13948998580907,fail,fail,False,False,Charge SBC once,REJECTED — does not ship,True,0
FLMNF.US,combined,FFPFP,FFPFP,28.083990766247318,28.13948998580907,fail,fail,False,False,Both rejected experiments,REJECTED — does not ship,True,0
LAUR.US,sbc_once,FFPPP,FFPPP,23.091873457304402,24.034508169393877,fail,fail,False,False,Charge SBC once,REJECTED — does not ship,True,
LAUR.US,combined,FFPPP,FFPPP,23.091873457304402,24.034508169393877,fail,fail,False,False,Both rejected experiments,REJECTED — does not ship,True,
TITAN.NSE,sbc_once,PFPPP,PFPPP,555.6573162152117,555.8416703390884,fail,fail,False,False,Charge SBC once,REJECTED — does not ship,True,0
TITAN.NSE,combined,PFPPP,PFPPP,555.6573162152117,555.8416703390884,fail,fail,False,False,Both rejected experiments,REJECTED — does not ship,True,0
WES.AU,sbc_once,PFFPP,PFFPP,20.602417087298914,21.65411975686219,fail,fail,False,False,Charge SBC once,REJECTED — does not ship,True,0
WES.AU,combined,PFFPP,PFFPP,20.602417087298914,21.65411975686219,fail,fail,False,False,Both rejected experiments,REJECTED — does not ship,True,0
GIB-A.TO,sbc_once,PPPPP,PPPPP,103.61869877061548,107.78984531411463,unclear,unclear,False,False,Charge SBC once,REJECTED — does not ship,True,0
GIB-A.TO,combined,PPPPP,PPPPP,103.61869877061548,107.78984531411463,unclear,unclear,False,False,Both rejected experiments,REJECTED — does not ship,True,0
BRKR.US,sbc_once,PFFFP,PFFFP,5.377939242431973,5.869531747268385,fail,fail,False,False,Charge SBC once,REJECTED — does not ship,True,0
BRKR.US,combined,PFFFP,PFFFP,5.377939242431973,5.869531747268385,fail,fail,False,False,Both rejected experiments,REJECTED — does not ship,True,0
CHRD.US,sbc_once,FFPPP,FFPPP,40.92855330092567,46.77294290425066,fail,fail,False,False,Charge SBC once,REJECTED — does not ship,True,0
CHRD.US,combined,FFPPP,FFPPP,40.92855330092567,46.77294290425066,fail,fail,False,False,Both rejected experiments,REJECTED — does not ship,True,0
OCSL.US,sbc_once,FFFFP,FFFFP,12.597609775153995,17.72032820414757,unclear,unclear,False,False,Charge SBC once,REJECTED — does not ship,True,0
OCSL.US,combined,FFFFP,FFFFP,12.597609775153995,17.72032820414757,unclear,unclear,False,False,Both rejected experiments,REJECTED — does not ship,True,0
6146.JP,current_scale,PPPPP,PPPPP,18587.938784276634,26828.867335556242,fail,fail,False,False,Current annual scale,REJECTED — does not ship,True,0
6146.JP,combined,PPPPP,PPPPP,18587.938784276634,26828.867335556242,fail,fail,False,False,Both rejected experiments,REJECTED — does not ship,True,0
HCA.US,sbc_once,PFPPP,PFPPP,415.1726228440602,446.2360174104056,fail,unclear,False,False,Charge SBC once,REJECTED — does not ship,True,0
HCA.US,combined,PFPPP,PFPPP,415.1726228440602,446.2360174104056,fail,unclear,False,False,Both rejected experiments,REJECTED — does not ship,True,0
DATA.LSE,sbc_once,FPPPP,FPPPP,46.74914535641698,79.57335428295558,fail,unclear,False,False,Charge SBC once,REJECTED — does not ship,True,0
DATA.LSE,combined,FPPPP,FPPPP,46.74914535641698,79.57335428295558,fail,unclear,False,False,Both rejected experiments,REJECTED — does not ship,True,0
LR.PA,sbc_once,PPPPP,PPPPP,62.442719670090185,64.06550972026037,fail,fail,False,False,Charge SBC once,REJECTED — does not ship,True,0
LR.PA,combined,PPPPP,PPPPP,62.442719670090185,64.06550972026037,fail,fail,False,False,Both rejected experiments,REJECTED — does not ship,True,0
KLIC.US,sbc_once,FFFFP,FFFFP,,9.58410004561509,unclear,fail,False,False,Charge SBC once,REJECTED — does not ship,True,
KLIC.US,combined,FFFFP,FFFFP,,9.58410004561509,unclear,fail,False,False,Both rejected experiments,REJECTED — does not ship,True,
KALU.US,sbc_once,FFFFF,FFFFF,,12.833059269572976,unclear,fail,False,False,Charge SBC once,REJECTED — does not ship,True,
KALU.US,combined,FFFFF,FFFFF,,12.833059269572976,unclear,fail,False,False,Both rejected experiments,REJECTED — does not ship,True,
BBW.US,sbc_once,FFPPP,FFPPP,29.811609121498844,31.303121641163766,unclear,unclear,False,False,Charge SBC once,REJECTED — does not ship,True,0
BBW.US,combined,FFPPP,FFPPP,29.811609121498844,31.303121641163766,unclear,unclear,False,False,Both rejected experiments,REJECTED — does not ship,True,0
MNST.US,sbc_once,PPPPP,PPPPP,15.449286113864412,16.211386351007047,fail,fail,False,False,Charge SBC once,REJECTED — does not ship,True,0
MNST.US,current_scale,PPPPP,PPPPP,15.449286113864412,19.694878397281826,fail,fail,False,False,Current annual scale,REJECTED — does not ship,True,0
MNST.US,combined,PPPPP,PPPPP,15.449286113864412,20.559498798478007,fail,fail,False,False,Both rejected experiments,REJECTED — does not ship,True,0
WKL.AS,sbc_once,PPPPP,PPPPP,108.38392828319786,111.05032285666387,pass,pass,True,True,Charge SBC once,REJECTED — does not ship,True,0
WKL.AS,current_scale,PPPPP,PPPPP,108.38392828319786,120.9807723037004,pass,pass,True,True,Current annual scale,REJECTED — does not ship,True,0
WKL.AS,combined,PPPPP,PPPPP,108.38392828319786,123.97575978994267,pass,pass,True,True,Both rejected experiments,REJECTED — does not ship,True,0
RBA.US,sbc_once,PFPFP,PFPFP,23.768426640705364,26.54096417989241,fail,fail,False,False,Charge SBC once,REJECTED — does not ship,True,0
RBA.US,combined,PFPFP,PFPFP,23.768426640705364,26.54096417989241,fail,fail,False,False,Both rejected experiments,REJECTED — does not ship,True,0
WSC.US,sbc_once,FFPPP,FFPPP,3.601744439698245,6.10523640030183,fail,fail,False,False,Charge SBC once,REJECTED — does not ship,True,0
WSC.US,combined,FFPPP,FFPPP,3.601744439698245,6.10523640030183,fail,fail,False,False,Both rejected experiments,REJECTED — does not ship,True,0
EMBC.US,sbc_once,PFFFP,PFFFP,24.197874002609893,30.742149680165664,pass,unclear,False,False,Charge SBC once,REJECTED — does not ship,True,
EMBC.US,combined,PFFFP,PFFFP,24.197874002609893,30.742149680165664,pass,unclear,False,False,Both rejected experiments,REJECTED — does not ship,True,
TTWO.US,sbc_once,FFFFP,FFFFP,17.46211985496402,40.30084832454822,fail,fail,False,False,Charge SBC once,REJECTED — does not ship,True,0
TTWO.US,combined,FFFFP,FFFFP,17.46211985496402,40.30084832454822,fail,fail,False,False,Both rejected experiments,REJECTED — does not ship,True,0
TALO.US,sbc_once,FFPFP,FFPFP,15.460252153469357,16.99552634358491,fail,unclear,False,False,Charge SBC once,REJECTED — does not ship,True,0
TALO.US,combined,FFPFP,FFPFP,15.460252153469357,16.99552634358491,fail,unclear,False,False,Both rejected experiments,REJECTED — does not ship,True,0
BYG.LSE,sbc_once,PFFFP,PFFFP,136.5750917459301,148.5899480184819,fail,fail,False,False,Charge SBC once,REJECTED — does not ship,True,-2.842170943040401e-14
BYG.LSE,combined,PFFFP,PFFFP,136.5750917459301,148.5899480184819,fail,fail,False,False,Both rejected experiments,REJECTED — does not ship,True,-2.842170943040401e-14
CENTA.US,sbc_once,PFPFP,PFPFP,42.90249021559842,48.03238633435754,unclear,pass,False,False,Charge SBC once,REJECTED — does not ship,True,0
CENTA.US,combined,PFPFP,PFPFP,42.90249021559842,48.03238633435754,unclear,pass,False,False,Both rejected experiments,REJECTED — does not ship,True,0
251270.KO,sbc_once,FFFFP,FFFFP,27710.35848646105,28292.760021682756,fail,fail,False,False,Charge SBC once,REJECTED — does not ship,True,0
251270.KO,combined,FFFFP,FFFFP,27710.35848646105,28292.760021682756,fail,fail,False,False,Both rejected experiments,REJECTED — does not ship,True,0
SCHW.US,sbc_once,PFPFP,PFPFP,46.172298151334616,48.595984206942056,fail,fail,False,False,Charge SBC once,REJECTED — does not ship,True,-62.19295601733002
SCHW.US,combined,PFPFP,PFPFP,46.172298151334616,48.595984206942056,fail,fail,False,False,Both rejected experiments,REJECTED — does not ship,True,-62.19295601733002
000651.SHE,sbc_once,PPPFP,PPPFP,89.40912781056015,92.54697921853425,pass,pass,False,False,Charge SBC once,REJECTED — does not ship,True,0
000651.SHE,combined,PPPFP,PPPFP,89.40912781056015,92.54697921853425,pass,pass,False,False,Both rejected experiments,REJECTED — does not ship,True,0
UHS.US,sbc_once,PPPPP,PPPPP,260.89027298363254,281.83359674632663,unclear,unclear,False,False,Charge SBC once,REJECTED — does not ship,False,71.06420470890978
UHS.US,combined,PPPPP,PPPPP,260.89027298363254,281.83359674632663,unclear,unclear,False,False,Both rejected experiments,REJECTED — does not ship,False,71.06420470890978
GMAB.CO,sbc_once,PFPPP,PFPPP,1047.7507811397918,1161.4796451534078,fail,fail,False,False,Charge SBC once,REJECTED — does not ship,True,0
GMAB.CO,combined,PFPPP,PFPPP,1047.7507811397918,1161.4796451534078,fail,fail,False,False,Both rejected experiments,REJECTED — does not ship,True,0
SGRO.LSE,sbc_once,FFPFP,FFPFP,484.78471353618556,489.3809093188913,fail,fail,False,False,Charge SBC once,REJECTED — does not ship,True,0
SGRO.LSE,combined,FFPFP,FFPFP,484.78471353618556,489.3809093188913,fail,fail,False,False,Both rejected experiments,REJECTED — does not ship,True,0
RXO.US,sbc_once,FFFFF,FFPFF,,,unclear,unclear,False,False,Charge SBC once,REJECTED — does not ship,True,
RXO.US,combined,FFFFF,FFPFF,,,unclear,unclear,False,False,Both rejected experiments,REJECTED — does not ship,True,
PLTR.US,sbc_once,FFFPP,FFPPP,,4.725754321704167,unclear,unclear,False,False,Charge SBC once,REJECTED — does not ship,True,
PLTR.US,combined,FFFPP,FFPPP,,4.725754321704167,unclear,unclear,False,False,Both rejected experiments,REJECTED — does not ship,True,
PDD.US,sbc_once,FFPPP,FFPPP,116.15119096032053,125.37653186581501,unclear,unclear,False,False,Charge SBC once,REJECTED — does not ship,True,0
PDD.US,combined,FFPPP,FFPPP,116.15119096032053,125.37653186581501,unclear,unclear,False,False,Both rejected experiments,REJECTED — does not ship,True,0
GNRC.US,sbc_once,PPPFP,PPPFP,31.323787448243046,41.841294319878436,fail,fail,False,False,Charge SBC once,REJECTED — does not ship,True,0
GNRC.US,combined,PPPFP,PPPFP,31.323787448243046,41.841294319878436,fail,fail,False,False,Both rejected experiments,REJECTED — does not ship,True,0
LI.PA,sbc_once,PFFFP,PFFFP,17.802498801420782,17.49004720283849,fail,fail,False,False,Charge SBC once,REJECTED — does not ship,True,0
LI.PA,combined,PFFFP,PFFFP,17.802498801420782,17.49004720283849,fail,fail,False,False,Both rejected experiments,REJECTED — does not ship,True,0
DSGX.US,sbc_once,PPPPP,PPPPP,27.74186673648723,48.159358373425874,fail,fail,False,False,Charge SBC once,REJECTED — does not ship,True,0
DSGX.US,combined,PPPPP,PPPPP,27.74186673648723,64.09231273859696,fail,fail,False,False,Both rejected experiments,REJECTED — does not ship,True,0
HRB.US,sbc_once,FPFFP,FPFFP,61.27862194419572,64.22015606466836,unclear,unclear,False,False,Charge SBC once,REJECTED — does not ship,True,
HRB.US,combined,FPFFP,FPFFP,61.27862194419572,64.22015606466836,unclear,unclear,False,False,Both rejected experiments,REJECTED — does not ship,True,
CYD.US,sbc_once,FFFPP,FFFPP,51.78749948895335,52.17458968585476,unclear,unclear,False,False,Charge SBC once,REJECTED — does not ship,True,0
CYD.US,combined,FFFPP,FFFPP,51.78749948895335,52.17458968585476,unclear,unclear,False,False,Both rejected experiments,REJECTED — does not ship,True,0
RYA.IR,sbc_once,FFPPP,FFPPP,26.93822259662251,27.187060184030628,unclear,unclear,False,False,Charge SBC once,REJECTED — does not ship,True,0
RYA.IR,combined,FFPPP,FFPPP,26.93822259662251,27.187060184030628,unclear,unclear,False,False,Both rejected experiments,REJECTED — does not ship,True,0
SPX.LSE,sbc_once,PFPPP,PFPPP,3676.4224338210965,3784.2857146769907,fail,fail,False,False,Charge SBC once,REJECTED — does not ship,True,0
SPX.LSE,combined,PFPPP,PFPPP,3676.4224338210965,3784.2857146769907,fail,fail,False,False,Both rejected experiments,REJECTED — does not ship,True,0
FTNT.US,sbc_once,PPFPP,PPPPP,33.779897822104516,40.37072808079721,fail,fail,False,False,Charge SBC once,REJECTED — does not ship,True,0
FTNT.US,combined,PPFPP,PPPPP,33.779897822104516,40.37072808079721,fail,fail,False,False,Both rejected experiments,REJECTED — does not ship,True,0
010120.KO,sbc_once,PFPPP,PFPPP,29469.787164198387,29618.760769706532,fail,fail,False,False,Charge SBC once,REJECTED — does not ship,True,0
010120.KO,combined,PFPPP,PFPPP,29469.787164198387,29618.760769706532,fail,fail,False,False,Both rejected experiments,REJECTED — does not ship,True,0
REY.MI,current_scale,PPPPP,PPPPP,83.17926919548509,94.02013468627862,fail,fail,False,False,Current annual scale,REJECTED — does not ship,True,
REY.MI,combined,PPPPP,PPPPP,83.17926919548509,94.02013468627862,fail,fail,False,False,Both rejected experiments,REJECTED — does not ship,True,
OSB.LSE,sbc_once,FFPFP,FFPFP,1752.2209768181003,1794.8149122439715,pass,pass,False,False,Charge SBC once,REJECTED — does not ship,True,0
OSB.LSE,combined,FFPFP,FFPFP,1752.2209768181003,1794.8149122439715,pass,pass,False,False,Both rejected experiments,REJECTED — does not ship,True,0
SWIM.US,sbc_once,FFFFP,FFFFP,,0.8036723611976867,unclear,fail,False,False,Charge SBC once,REJECTED — does not ship,True,
SWIM.US,combined,FFFFP,FFFFP,,0.8036723611976867,unclear,fail,False,False,Both rejected experiments,REJECTED — does not ship,True,
OCBA.F,sbc_once,PPPPP,PPPPP,20.48039542515273,20.597974003828536,fail,fail,False,False,Charge SBC once,REJECTED — does not ship,True,-3.552713678800501e-15
OCBA.F,combined,PPPPP,PPPPP,20.48039542515273,20.597974003828536,fail,fail,False,False,Both rejected experiments,REJECTED — does not ship,True,-3.552713678800501e-15
BESI.AS,sbc_once,PPFPP,PPFPP,32.29817453622214,35.55613524773117,fail,fail,False,False,Charge SBC once,REJECTED — does not ship,True,0
BESI.AS,combined,PPFPP,PPFPP,32.29817453622214,35.55613524773117,fail,fail,False,False,Both rejected experiments,REJECTED — does not ship,True,0
VPK.AS,sbc_once,FFFFP,FFFFP,23.712724329585985,24.190017754542506,fail,fail,False,False,Charge SBC once,REJECTED — does not ship,True,0
VPK.AS,combined,FFFFP,FFFFP,23.712724329585985,24.190017754542506,fail,fail,False,False,Both rejected experiments,REJECTED — does not ship,True,0
YOU.US,sbc_once,FFFPP,FFPPP,,13.177624608903578,unclear,fail,False,False,Charge SBC once,REJECTED — does not ship,True,
YOU.US,combined,FFFPP,FFPPP,,13.177624608903578,unclear,fail,False,False,Both rejected experiments,REJECTED — does not ship,True,
NEM.US,sbc_once,FFPFP,FFPFP,50.500863286227194,51.55137762860691,fail,fail,False,False,Charge SBC once,REJECTED — does not ship,True,0
NEM.US,combined,FFPFP,FFPFP,50.500863286227194,51.55137762860691,fail,fail,False,False,Both rejected experiments,REJECTED — does not ship,True,0
012450.KO,sbc_once,FFPPP,FFPPP,305588.56375141785,436303.89337440225,fail,fail,False,False,Charge SBC once,REJECTED — does not ship,True,0
012450.KO,combined,FFPPP,FFPPP,305588.56375141785,436303.89337440225,fail,fail,False,False,Both rejected experiments,REJECTED — does not ship,True,0
YUMC.US,sbc_once,PPPPP,PPPPP,49.22841498815448,51.92007533584651,pass,pass,True,True,Charge SBC once,REJECTED — does not ship,True,0
YUMC.US,combined,PPPPP,PPPPP,49.22841498815448,51.92007533584651,pass,pass,True,True,Both rejected experiments,REJECTED — does not ship,True,0
DCI.US,sbc_once,PPPPP,PPPPP,67.9369563540932,72.32290437008993,fail,fail,False,False,Charge SBC once,REJECTED — does not ship,True,0
DCI.US,current_scale,PPPPP,PPPPP,67.9369563540932,71.52970590150962,fail,fail,False,False,Current annual scale,REJECTED — does not ship,True,0
DCI.US,combined,PPPPP,PPPPP,67.9369563540932,76.05944474540222,fail,fail,False,False,Both rejected experiments,REJECTED — does not ship,True,0
WTW.US,sbc_once,FPPPP,FPPPP,177.46023134671594,193.16388080676802,fail,fail,False,False,Charge SBC once,REJECTED — does not ship,False,-64.69411973691439
WTW.US,combined,FPPPP,FPPPP,177.46023134671594,193.16388080676802,fail,fail,False,False,Both rejected experiments,REJECTED — does not ship,False,-64.69411973691439
BARN.SW,sbc_once,PFFFF,PFFFF,509.03066963773097,526.6050770688586,fail,fail,False,False,Charge SBC once,REJECTED — does not ship,True,0
BARN.SW,combined,PFFFF,PFFFF,509.03066963773097,526.6050770688586,fail,fail,False,False,Both rejected experiments,REJECTED — does not ship,True,0
PKG.US,sbc_once,PPPPP,PPPPP,91.49542385040348,99.51703384550102,fail,fail,False,False,Charge SBC once,REJECTED — does not ship,True,0
PKG.US,combined,PPPPP,PPPPP,91.49542385040348,99.51703384550102,fail,fail,False,False,Both rejected experiments,REJECTED — does not ship,True,0
FIS.US,sbc_once,PFFFP,PFFFP,47.51535635116084,51.88053713189131,unclear,unclear,False,False,Charge SBC once,REJECTED — does not ship,True,0
FIS.US,combined,PFFFP,PFFFP,47.51535635116084,51.88053713189131,unclear,unclear,False,False,Both rejected experiments,REJECTED — does not ship,True,0
RMNI.US,sbc_once,FPFFF,FPFFF,1.3692969885203756,2.793089664547801,fail,fail,False,False,Charge SBC once,REJECTED — does not ship,True,0
RMNI.US,combined,FPFFF,FPFFF,1.3692969885203756,2.793089664547801,fail,fail,False,False,Both rejected experiments,REJECTED — does not ship,True,0
NSRGY.US,sbc_once,PPFPP,PPFPP,46.38387826711026,47.16147792462479,fail,fail,False,False,Charge SBC once,REJECTED — does not ship,True,0
NSRGY.US,combined,PPFPP,PPFPP,46.38387826711026,47.16147792462479,fail,fail,False,False,Both rejected experiments,REJECTED — does not ship,True,0
VOYA.US,sbc_once,FFFFP,FFFFP,146.06586335237597,164.86254281863347,unclear,unclear,False,False,Charge SBC once,REJECTED — does not ship,True,
VOYA.US,combined,FFFFP,FFFFP,146.06586335237597,164.86254281863347,unclear,unclear,False,False,Both rejected experiments,REJECTED — does not ship,True,
MSA.US,sbc_once,FFPPP,FFPPP,65.25851038419567,72.23166799029588,fail,fail,False,False,Charge SBC once,REJECTED — does not ship,True,0
MSA.US,combined,FFPPP,FFPPP,65.25851038419567,72.23166799029588,fail,fail,False,False,Both rejected experiments,REJECTED — does not ship,True,0
ACLS.US,sbc_once,PFPPP,PFPPP,43.15537807353499,51.70650612953541,fail,fail,False,False,Charge SBC once,REJECTED — does not ship,True,0
ACLS.US,combined,PFPPP,PFPPP,43.15537807353499,51.70650612953541,fail,fail,False,False,Both rejected experiments,REJECTED — does not ship,True,0
HDSN.US,sbc_once,FFPFF,FFPFF,2.963309321449242,3.351775182909016,fail,fail,False,False,Charge SBC once,REJECTED — does not ship,True,0
HDSN.US,combined,FFPFF,FFPFF,2.963309321449242,3.351775182909016,fail,fail,False,False,Both rejected experiments,REJECTED — does not ship,True,0
EXE.US,sbc_once,FFPFP,FFPFP,109.45425181999101,111.845750000583,unclear,unclear,False,False,Charge SBC once,REJECTED — does not ship,True,0
EXE.US,combined,FFPFP,FFPFP,109.45425181999101,111.845750000583,unclear,unclear,False,False,Both rejected experiments,REJECTED — does not ship,True,0
FRT.US,sbc_once,PFFFP,PFFFP,48.46296903062511,51.53992731597472,fail,fail,False,False,Charge SBC once,REJECTED — does not ship,True,0
FRT.US,combined,PFFFP,PFFFP,48.46296903062511,51.53992731597472,fail,fail,False,False,Both rejected experiments,REJECTED — does not ship,True,0
VZN.SW,sbc_once,PFPPP,PFPPP,112.47708904977748,114.26420864922557,fail,fail,False,False,Charge SBC once,REJECTED — does not ship,True,0
VZN.SW,combined,PFPPP,PFPPP,112.47708904977748,114.26420864922557,fail,fail,False,False,Both rejected experiments,REJECTED — does not ship,True,0
RBREW.CO,sbc_once,PFPPP,PFPPP,489.0572384337816,496.8631485545152,unclear,unclear,False,False,Charge SBC once,REJECTED — does not ship,True,0
RBREW.CO,combined,PFPPP,PFPPP,489.0572384337816,496.8631485545152,unclear,unclear,False,False,Both rejected experiments,REJECTED — does not ship,True,0
600050.SHG,sbc_once,FFFFP,FFFFP,2.7949463390972884,2.8950096851015967,fail,fail,False,False,Charge SBC once,REJECTED — does not ship,True,0
600050.SHG,combined,FFFFP,FFFFP,2.7949463390972884,2.8950096851015967,fail,fail,False,False,Both rejected experiments,REJECTED — does not ship,True,0
GTES.US,sbc_once,PFPPP,PFPPP,20.250190014615413,21.59634913449109,fail,fail,False,False,Charge SBC once,REJECTED — does not ship,True,0
GTES.US,combined,PFPPP,PFPPP,20.250190014615413,21.59634913449109,fail,fail,False,False,Both rejected experiments,REJECTED — does not ship,True,0
DEC.PA,sbc_once,FFPFP,FFPFP,16.444618293360634,17.192912200401825,fail,fail,False,False,Charge SBC once,REJECTED — does not ship,True,0
DEC.PA,combined,FFPFP,FFPFP,16.444618293360634,17.192912200401825,fail,fail,False,False,Both rejected experiments,REJECTED — does not ship,True,0
SKY.US,sbc_once,FPPPP,FPPPP,53.101792280002485,57.965150983888165,fail,fail,False,False,Charge SBC once,REJECTED — does not ship,True,0
SKY.US,combined,FPPPP,FPPPP,53.101792280002485,57.965150983888165,fail,fail,False,False,Both rejected experiments,REJECTED — does not ship,True,0
TREX.US,sbc_once,PPFFP,PPFFP,3.059602524905297,4.118147438726595,fail,fail,False,False,Charge SBC once,REJECTED — does not ship,True,0
TREX.US,combined,PPFFP,PPFFP,3.059602524905297,4.118147438726595,fail,fail,False,False,Both rejected experiments,REJECTED — does not ship,True,0
PARR.US,sbc_once,FFPPP,FFPPP,123.94995994098596,129.85801689260734,unclear,unclear,False,False,Charge SBC once,REJECTED — does not ship,True,0
PARR.US,combined,FFPPP,FFPPP,123.94995994098596,129.85801689260734,unclear,unclear,False,False,Both rejected experiments,REJECTED — does not ship,True,0
PAX.US,sbc_once,PPPPP,PPPPP,4.579304218376312,7.0931289034356,fail,fail,False,False,Charge SBC once,REJECTED — does not ship,True,
PAX.US,combined,PPPPP,PPPPP,4.579304218376312,7.0931289034356,fail,fail,False,False,Both rejected experiments,REJECTED — does not ship,True,
CRAI.US,sbc_once,PPPPP,PPPPP,183.48640041111815,200.9707807613875,unclear,unclear,False,False,Charge SBC once,REJECTED — does not ship,True,0
CRAI.US,combined,PPPPP,PPPPP,183.48640041111815,200.9707807613875,unclear,unclear,False,False,Both rejected experiments,REJECTED — does not ship,True,0
LOCO.US,sbc_once,FFFFP,FFFFP,5.45611080499604,7.709973335699934,fail,fail,False,False,Charge SBC once,REJECTED — does not ship,True,0
LOCO.US,combined,FFFFP,FFFFP,5.45611080499604,7.709973335699934,fail,fail,False,False,Both rejected experiments,REJECTED — does not ship,True,0
CVS.US,sbc_once,PFPFP,PFPFP,29.24143753145092,34.44402119600902,fail,fail,False,False,Charge SBC once,REJECTED — does not ship,True,0
CVS.US,combined,PFPFP,PFPFP,29.24143753145092,34.44402119600902,fail,fail,False,False,Both rejected experiments,REJECTED — does not ship,True,0
002790.KO,sbc_once,FFFFP,FFFFP,57555.17174732515,59469.65363374094,pass,pass,False,False,Charge SBC once,REJECTED — does not ship,True,0
002790.KO,combined,FFFFP,FFFFP,57555.17174732515,59469.65363374094,pass,pass,False,False,Both rejected experiments,REJECTED — does not ship,True,0
SIE.XETRA,sbc_once,PFPPP,PFPPP,143.83750149643308,144.35076450531716,fail,fail,False,False,Charge SBC once,REJECTED — does not ship,True,0
SIE.XETRA,combined,PFPPP,PFPPP,143.83750149643308,144.35076450531716,fail,fail,False,False,Both rejected experiments,REJECTED — does not ship,True,0
VNA.XETRA,sbc_once,FFFFP,FFFFP,45.34679632183601,45.330671327742515,pass,pass,False,False,Charge SBC once,REJECTED — does not ship,True,0
VNA.XETRA,combined,FFFFP,FFFFP,45.34679632183601,45.330671327742515,pass,pass,False,False,Both rejected experiments,REJECTED — does not ship,True,0
000100.KO,sbc_once,FFFFP,FFFFP,23559.1646217429,23675.64595204398,fail,fail,False,False,Charge SBC once,REJECTED — does not ship,True,0
000100.KO,combined,FFFFP,FFFFP,23559.1646217429,23675.64595204398,fail,fail,False,False,Both rejected experiments,REJECTED — does not ship,True,0
0MNC.LSE,sbc_once,FFFFP,FFFFP,52.6848253995913,53.09084872857063,unclear,unclear,False,False,Charge SBC once,REJECTED — does not ship,True,
0MNC.LSE,combined,FFFFP,FFFFP,52.6848253995913,53.09084872857063,unclear,unclear,False,False,Both rejected experiments,REJECTED — does not ship,True,
INA.AU,sbc_once,PFPFP,PFPFP,2.6897675003262074,2.767732617415468,fail,fail,False,False,Charge SBC once,REJECTED — does not ship,True,0
INA.AU,combined,PFPFP,PFPFP,2.6897675003262074,2.767732617415468,fail,fail,False,False,Both rejected experiments,REJECTED — does not ship,True,0
AIR.PA,sbc_once,FFPPP,FFPPP,80.92981450181574,83.1236463849918,fail,fail,False,False,Charge SBC once,REJECTED — does not ship,True,0
AIR.PA,combined,FFPPP,FFPPP,80.92981450181574,83.1236463849918,fail,fail,False,False,Both rejected experiments,REJECTED — does not ship,True,0
ABEV3.SA,sbc_once,PFPFP,PFPFP,6.873184298870814,7.010616547575251,fail,fail,False,False,Charge SBC once,REJECTED — does not ship,True,0
ABEV3.SA,combined,PFPFP,PFPFP,6.873184298870814,7.010616547575251,fail,fail,False,False,Both rejected experiments,REJECTED — does not ship,True,0
ROP.US,sbc_once,PPPPP,PPPPP,241.94326433786617,257.4740205270037,fail,fail,False,False,Charge SBC once,REJECTED — does not ship,True,0
ROP.US,combined,PPPPP,PPPPP,241.94326433786617,257.4740205270037,fail,fail,False,False,Both rejected experiments,REJECTED — does not ship,True,0
CPLE3.SA,sbc_once,PFPPP,PFPPP,10.651403134354576,9.218425828594658,fail,fail,False,False,Charge SBC once,REJECTED — does not ship,True,0
CPLE3.SA,combined,PFPPP,PFPPP,10.651403134354576,9.218425828594658,fail,fail,False,False,Both rejected experiments,REJECTED — does not ship,True,0
ADMA.US,sbc_once,FFFFF,FFPFF,,,unclear,unclear,False,False,Charge SBC once,REJECTED — does not ship,True,
ADMA.US,combined,FFFFF,FFPFF,,,unclear,unclear,False,False,Both rejected experiments,REJECTED — does not ship,True,
DG.PA,sbc_once,PFPPP,PFPPP,118.11353609304162,123.29237942997081,unclear,unclear,False,False,Charge SBC once,REJECTED — does not ship,True,0
DG.PA,combined,PFPPP,PFPPP,118.11353609304162,123.29237942997081,unclear,unclear,False,False,Both rejected experiments,REJECTED — does not ship,True,0
GLPI.US,sbc_once,PFPFP,PFPFP,33.44428674270237,33.70839961486094,fail,fail,False,False,Charge SBC once,REJECTED — does not ship,True,
GLPI.US,combined,PFPFP,PFPFP,33.44428674270237,33.70839961486094,fail,fail,False,False,Both rejected experiments,REJECTED — does not ship,True,
CCL-B.TO,sbc_once,PPPPP,PPPPP,60.89135156787811,64.83839401159818,fail,fail,False,False,Charge SBC once,REJECTED — does not ship,True,0
CCL-B.TO,combined,PPPPP,PPPPP,60.89135156787811,64.83839401159818,fail,fail,False,False,Both rejected experiments,REJECTED — does not ship,True,0
VAU.AU,sbc_once,FFPFP,FFPFP,1.9831088462005364,2.041127447283258,fail,fail,False,False,Charge SBC once,REJECTED — does not ship,True,0
VAU.AU,combined,FFPFP,FFPFP,1.9831088462005364,2.041127447283258,fail,fail,False,False,Both rejected experiments,REJECTED — does not ship,True,0
HUBG.US,sbc_once,FFPFP,FFPFP,39.52579357566655,43.871029155484024,unclear,unclear,False,False,Charge SBC once,REJECTED — does not ship,True,
HUBG.US,combined,FFPFP,FFPFP,39.52579357566655,43.871029155484024,unclear,unclear,False,False,Both rejected experiments,REJECTED — does not ship,True,
MLKN.US,sbc_once,FFFFP,FFFFP,17.893744194488537,21.912622281395485,fail,unclear,False,False,Charge SBC once,REJECTED — does not ship,True,0
MLKN.US,combined,FFFFP,FFFFP,17.893744194488537,21.912622281395485,fail,unclear,False,False,Both rejected experiments,REJECTED — does not ship,True,0
IFF.US,sbc_once,FFFFP,FFFFP,,1.7832071586192526,unclear,unclear,False,False,Charge SBC once,REJECTED — does not ship,True,
IFF.US,combined,FFFFP,FFFFP,,1.7832071586192526,unclear,unclear,False,False,Both rejected experiments,REJECTED — does not ship,True,
PRG.US,sbc_once,PPPFP,PPPFP,262.0722158593292,271.5419419038016,unclear,unclear,False,False,Charge SBC once,REJECTED — does not ship,True,
PRG.US,combined,PPPFP,PPPFP,262.0722158593292,271.5419419038016,unclear,unclear,False,False,Both rejected experiments,REJECTED — does not ship,True,
009240.KO,sbc_once,FFFFP,FFFFP,45070.85376844489,45470.47850164208,unclear,unclear,False,False,Charge SBC once,REJECTED — does not ship,True,0
009240.KO,combined,FFFFP,FFFFP,45070.85376844489,45470.47850164208,unclear,unclear,False,False,Both rejected experiments,REJECTED — does not ship,True,0
2412.TW,sbc_once,PFFPP,PFFPP,80.43918158858267,80.4519771548094,fail,fail,False,False,Charge SBC once,REJECTED — does not ship,True,0
2412.TW,combined,PFFPP,PFFPP,80.43918158858267,80.4519771548094,fail,fail,False,False,Both rejected experiments,REJECTED — does not ship,True,0
KEX.US,sbc_once,FFPPP,FFPPP,48.68436139848483,52.18154421940641,fail,fail,False,False,Charge SBC once,REJECTED — does not ship,True,0
KEX.US,combined,FFPPP,FFPPP,48.68436139848483,52.18154421940641,fail,fail,False,False,Both rejected experiments,REJECTED — does not ship,True,0
PFD.LSE,sbc_once,PFPPP,PFPPP,242.68314243959622,250.8222774612368,unclear,pass,False,False,Charge SBC once,REJECTED — does not ship,False,40.0368944864002
PFD.LSE,combined,PFPPP,PFPPP,242.68314243959622,250.8222774612368,unclear,pass,False,False,Both rejected experiments,REJECTED — does not ship,False,40.0368944864002
SOLV.US,sbc_once,PPPUP,PPPUP,111.35299480135143,123.11635917900615,unclear,pass,False,False,Charge SBC once,REJECTED — does not ship,True,0
SOLV.US,combined,PPPUP,PPPUP,111.35299480135143,123.11635917900615,unclear,pass,False,False,Both rejected experiments,REJECTED — does not ship,True,0
ERF.PA,sbc_once,PFFPP,PFPPP,26.07583450265908,39.681395140601815,fail,fail,False,False,Charge SBC once,REJECTED — does not ship,True,0
ERF.PA,combined,PFFPP,PFPPP,26.07583450265908,39.681395140601815,fail,fail,False,False,Both rejected experiments,REJECTED — does not ship,True,0
RADL3.SA,sbc_once,PFFPP,PFFPP,1.491395686857155,1.694413347919939,fail,fail,False,False,Charge SBC once,REJECTED — does not ship,True,0
RADL3.SA,combined,PFFPP,PFFPP,1.491395686857155,1.694413347919939,fail,fail,False,False,Both rejected experiments,REJECTED — does not ship,True,0
HLF.US,sbc_once,PPFFP,PPFFP,21.684388294207608,28.09511518498067,unclear,pass,False,False,Charge SBC once,REJECTED — does not ship,True,0
HLF.US,combined,PPFFP,PPFFP,21.684388294207608,28.09511518498067,unclear,pass,False,False,Both rejected experiments,REJECTED — does not ship,True,0
BBY.US,sbc_once,PPPPP,PPPPP,72.22842783595142,80.84205556106247,fail,fail,False,False,Charge SBC once,REJECTED — does not ship,True,0
BBY.US,combined,PPPPP,PPPPP,72.22842783595142,80.84205556106247,fail,fail,False,False,Both rejected experiments,REJECTED — does not ship,True,0
OSK.US,sbc_once,PPPPP,PPPPP,154.3583671232148,163.10731115029768,unclear,unclear,False,False,Charge SBC once,REJECTED — does not ship,True,0
OSK.US,combined,PPPPP,PPPPP,154.3583671232148,163.10731115029768,unclear,unclear,False,False,Both rejected experiments,REJECTED — does not ship,True,0
VCTR.US,sbc_once,PPPPF,PPPPF,54.17411805414452,64.01644871066503,fail,fail,False,False,Charge SBC once,REJECTED — does not ship,True,0
VCTR.US,combined,PPPPF,PPPPF,54.17411805414452,64.01644871066503,fail,fail,False,False,Both rejected experiments,REJECTED — does not ship,True,0
DNLM.LSE,sbc_once,PPPPP,PPPPP,1081.3355702597964,1124.454702061433,pass,pass,True,True,Charge SBC once,REJECTED — does not ship,True,0
DNLM.LSE,combined,PPPPP,PPPPP,1081.3355702597964,1124.454702061433,pass,pass,True,True,Both rejected experiments,REJECTED — does not ship,True,0
IHP.LSE,sbc_once,FFFFP,FFFFP,259.99210525674124,270.1565144364684,fail,fail,False,False,Charge SBC once,REJECTED — does not ship,True,0
IHP.LSE,combined,FFFFP,FFFFP,259.99210525674124,270.1565144364684,fail,fail,False,False,Both rejected experiments,REJECTED — does not ship,True,0
PINFRA.MX,current_scale,PPPPP,PPPPP,310.37017099777773,396.82099885538184,unclear,unclear,False,False,Current annual scale,REJECTED — does not ship,False,-81.02997296511467
PINFRA.MX,combined,PPPPP,PPPPP,310.37017099777773,396.82099885538184,unclear,unclear,False,False,Both rejected experiments,REJECTED — does not ship,False,-81.02997296511467
CSNA3.SA,sbc_once,FFPFP,FFFFP,,,unclear,unclear,False,False,Charge SBC once,REJECTED — does not ship,True,
CSNA3.SA,combined,FFPFP,FFFFP,,,unclear,unclear,False,False,Both rejected experiments,REJECTED — does not ship,True,
WING.US,sbc_once,PPFPP,PPPPP,35.848209445486454,49.64087659215214,fail,fail,False,False,Charge SBC once,REJECTED — does not ship,True,0
WING.US,combined,PPFPP,PPPPP,35.848209445486454,65.96184907920203,fail,fail,False,False,Both rejected experiments,REJECTED — does not ship,True,0
UPWK.US,sbc_once,FFFPP,FFPPP,,8.40074597458448,unclear,unclear,False,False,Charge SBC once,REJECTED — does not ship,True,
UPWK.US,combined,FFFPP,FFPPP,,8.40074597458448,unclear,unclear,False,False,Both rejected experiments,REJECTED — does not ship,True,
IESC.US,sbc_once,FFPFP,FFPFP,63.27865044891826,65.38211978758734,fail,fail,False,False,Charge SBC once,REJECTED — does not ship,True,0
IESC.US,combined,FFPFP,FFPFP,63.27865044891826,65.38211978758734,fail,fail,False,False,Both rejected experiments,REJECTED — does not ship,True,0
600570.SHG,sbc_once,FFFPP,FFFPP,7.597700105301636,8.541888295589777,fail,fail,False,False,Charge SBC once,REJECTED — does not ship,True,0
600570.SHG,combined,FFFPP,FFFPP,7.597700105301636,8.541888295589777,fail,fail,False,False,Both rejected experiments,REJECTED — does not ship,True,0
HEN.XETRA,sbc_once,PPPFP,PPPFP,56.30517270594872,57.34967538503682,fail,fail,False,False,Charge SBC once,REJECTED — does not ship,True,0
HEN.XETRA,combined,PPPFP,PPPFP,56.30517270594872,57.34967538503682,fail,fail,False,False,Both rejected experiments,REJECTED — does not ship,True,0
STJ.LSE,sbc_once,PFPPP,PFPPP,1390.0429094932215,1470.8639420095617,unclear,unclear,False,False,Charge SBC once,REJECTED — does not ship,True,0
STJ.LSE,combined,PFPPP,PFPPP,1390.0429094932215,1470.8639420095617,unclear,unclear,False,False,Both rejected experiments,REJECTED — does not ship,True,0
161890.KO,sbc_once,PPFFP,PPFFP,21438.03745460098,21448.264097413194,fail,fail,False,False,Charge SBC once,REJECTED — does not ship,True,0
161890.KO,combined,PPFFP,PPFFP,21438.03745460098,21448.264097413194,fail,fail,False,False,Both rejected experiments,REJECTED — does not ship,True,0
SOBI.ST,sbc_once,PFPFP,PFPFP,181.52992282669842,188.32785928717917,fail,fail,False,False,Charge SBC once,REJECTED — does not ship,True,0
SOBI.ST,combined,PFPFP,PFPFP,181.52992282669842,188.32785928717917,fail,fail,False,False,Both rejected experiments,REJECTED — does not ship,True,0
SOL.AU,sbc_once,FFFFF,FFFFF,15.454308679338936,15.699833410518064,fail,fail,False,False,Charge SBC once,REJECTED — does not ship,True,0
SOL.AU,combined,FFFFF,FFFFF,15.454308679338936,15.699833410518064,fail,fail,False,False,Both rejected experiments,REJECTED — does not ship,True,0
PWR.US,sbc_once,PPPPP,PPPPP,102.94373924348993,119.31839262823335,fail,fail,False,False,Charge SBC once,REJECTED — does not ship,True,0
PWR.US,combined,PPPPP,PPPPP,102.94373924348993,119.31839262823335,fail,fail,False,False,Both rejected experiments,REJECTED — does not ship,True,0
443060.KO,sbc_once,UUUUU,UUUUU,54108.98318950409,54250.703075194244,unclear,unclear,False,False,Charge SBC once,REJECTED — does not ship,False,
443060.KO,combined,UUUUU,UUUUU,54108.98318950409,54250.703075194244,unclear,unclear,False,False,Both rejected experiments,REJECTED — does not ship,False,
PPLI.US,sbc_once,FFFFP,FFFFP,,14.524907953279074,unclear,fail,False,False,Charge SBC once,REJECTED — does not ship,True,
PPLI.US,combined,FFFFP,FFFFP,,14.524907953279074,unclear,fail,False,False,Both rejected experiments,REJECTED — does not ship,True,
APEI.US,sbc_once,FFFFP,FFFFP,5.6287736974593034,10.739660223464979,fail,fail,False,False,Charge SBC once,REJECTED — does not ship,True,
APEI.US,combined,FFFFP,FFFFP,5.6287736974593034,10.739660223464979,fail,fail,False,False,Both rejected experiments,REJECTED — does not ship,True,
FDX.US,sbc_once,FFPPP,FFPPP,346.60295363913696,362.1940613645288,unclear,unclear,False,False,Charge SBC once,REJECTED — does not ship,True,0
FDX.US,combined,FFPPP,FFPPP,346.60295363913696,362.1940613645288,unclear,unclear,False,False,Both rejected experiments,REJECTED — does not ship,True,0
DINO.US,sbc_once,FFFPP,FFFPP,77.38865159622281,79.63346567606486,fail,fail,False,False,Charge SBC once,REJECTED — does not ship,True,0
DINO.US,combined,FFFPP,FFFPP,77.38865159622281,79.63346567606486,fail,fail,False,False,Both rejected experiments,REJECTED — does not ship,True,0
PRMB.US,sbc_once,FFPFP,FFPFP,5.860825725341585,6.149471695639323,fail,fail,False,False,Charge SBC once,REJECTED — does not ship,True,0
PRMB.US,combined,FFPFP,FFPFP,5.860825725341585,6.149471695639323,fail,fail,False,False,Both rejected experiments,REJECTED — does not ship,True,0
SDRL.US,sbc_once,FFPPP,FFPPP,10.648246177587664,14.475104753698812,fail,fail,False,False,Charge SBC once,REJECTED — does not ship,True,0
SDRL.US,combined,FFPPP,FFPPP,10.648246177587664,14.475104753698812,fail,fail,False,False,Both rejected experiments,REJECTED — does not ship,True,0
EDU.US,sbc_once,FFFFP,FFPFP,21.47527932384814,38.31344050778245,fail,fail,False,False,Charge SBC once,REJECTED — does not ship,True,0
EDU.US,combined,FFFFP,FFPFP,21.47527932384814,38.31344050778245,fail,fail,False,False,Both rejected experiments,REJECTED — does not ship,True,0
TE.PA,sbc_once,PFFPP,PFFPP,47.001103770564846,48.20027242581751,pass,pass,False,False,Charge SBC once,REJECTED — does not ship,True,0
TE.PA,combined,PFFPP,PFFPP,47.001103770564846,48.20027242581751,pass,pass,False,False,Both rejected experiments,REJECTED — does not ship,True,0
BAG.LSE,sbc_once,PPPFP,PPPFP,458.6846467981893,497.1881601597862,fail,fail,False,False,Charge SBC once,REJECTED — does not ship,True,5.684341886080802e-14
BAG.LSE,combined,PPPFP,PPPFP,458.6846467981893,497.1881601597862,fail,fail,False,False,Both rejected experiments,REJECTED — does not ship,True,5.684341886080802e-14
XYL.US,sbc_once,PPPFP,PPPFP,42.71635404343917,45.91241216744864,fail,fail,False,False,Charge SBC once,REJECTED — does not ship,True,0
XYL.US,combined,PPPFP,PPPFP,42.71635404343917,45.91241216744864,fail,fail,False,False,Both rejected experiments,REJECTED — does not ship,True,0
AYI.US,sbc_once,PPPFP,PPPFP,185.63000532774,204.9908585418815,fail,fail,False,False,Charge SBC once,REJECTED — does not ship,True,0
AYI.US,combined,PPPFP,PPPFP,185.63000532774,204.9908585418815,fail,fail,False,False,Both rejected experiments,REJECTED — does not ship,True,0
CVSG.LSE,sbc_once,FFPFP,FFPFP,863.4335188964739,905.8371439309955,fail,fail,False,False,Charge SBC once,REJECTED — does not ship,True,0
CVSG.LSE,combined,FFPFP,FFPFP,863.4335188964739,905.8371439309955,fail,fail,False,False,Both rejected experiments,REJECTED — does not ship,True,0
ASLE.US,sbc_once,FFFFF,FFPFF,1.3902945236713373,2.966556883628253,fail,fail,False,False,Charge SBC once,REJECTED — does not ship,True,0
ASLE.US,combined,FFFFF,FFPFF,1.3902945236713373,2.966556883628253,fail,fail,False,False,Both rejected experiments,REJECTED — does not ship,True,0
ANTO.LSE,sbc_once,PFFPP,PFFPP,1431.6033270509647,1451.126449652613,fail,fail,False,False,Charge SBC once,REJECTED — does not ship,True,0
ANTO.LSE,combined,PFFPP,PFFPP,1431.6033270509647,1451.126449652613,fail,fail,False,False,Both rejected experiments,REJECTED — does not ship,True,0
AMH.US,sbc_once,PFPFP,PFPFP,22.730645273141892,23.58135559228852,fail,fail,False,False,Charge SBC once,REJECTED — does not ship,True,0
AMH.US,combined,PFPFP,PFPFP,22.730645273141892,23.58135559228852,fail,fail,False,False,Both rejected experiments,REJECTED — does not ship,True,0
MC.US,sbc_once,FFFFP,FFPFP,,23.91666375861901,unclear,fail,False,False,Charge SBC once,REJECTED — does not ship,True,
MC.US,combined,FFFFP,FFPFP,,23.91666375861901,unclear,fail,False,False,Both rejected experiments,REJECTED — does not ship,True,
CTEV.US,sbc_once,FFFFP,FFFFP,5.107373679363187,26.16195221058894,fail,unclear,False,False,Charge SBC once,REJECTED — does not ship,True,0
CTEV.US,combined,FFFFP,FFFFP,5.107373679363187,26.16195221058894,fail,unclear,False,False,Both rejected experiments,REJECTED — does not ship,True,0
601899.SHG,sbc_once,FFPPP,FFPPP,18.121957468253374,18.265851942238285,fail,fail,False,False,Charge SBC once,REJECTED — does not ship,True,0
601899.SHG,combined,FFPPP,FFPPP,18.121957468253374,18.265851942238285,fail,fail,False,False,Both rejected experiments,REJECTED — does not ship,True,0
LSEG.LSE,sbc_once,PFFFP,PFFFP,4852.638969689084,5222.350963231925,fail,fail,False,False,Charge SBC once,REJECTED — does not ship,True,0
LSEG.LSE,combined,PFFFP,PFFFP,4852.638969689084,5222.350963231925,fail,fail,False,False,Both rejected experiments,REJECTED — does not ship,True,0
RR.LSE,sbc_once,FFPPP,FFPPP,389.58050280711467,410.133164278179,fail,fail,False,False,Charge SBC once,REJECTED — does not ship,True,0
RR.LSE,combined,FFPPP,FFPPP,389.58050280711467,410.133164278179,fail,fail,False,False,Both rejected experiments,REJECTED — does not ship,True,0
KMX.US,sbc_once,FFFFP,FFFFP,,4.403474671815593,unclear,fail,False,False,Charge SBC once,REJECTED — does not ship,True,
KMX.US,combined,FFFFP,FFFFP,,4.403474671815593,unclear,fail,False,False,Both rejected experiments,REJECTED — does not ship,True,
TEP.PA,sbc_once,PFPFP,PFPFP,172.60477514690112,193.57120087199303,pass,pass,False,False,Charge SBC once,REJECTED — does not ship,True,0
TEP.PA,combined,PFPFP,PFPFP,172.60477514690112,193.57120087199303,pass,pass,False,False,Both rejected experiments,REJECTED — does not ship,True,0
601138.SHG,sbc_once,PPPPP,PPPPP,16.77715925449449,16.950704757571874,fail,fail,False,False,Charge SBC once,REJECTED — does not ship,True,0
601138.SHG,current_scale,PPPPP,PPPPP,16.77715925449449,26.555838561273692,fail,fail,False,False,Current annual scale,REJECTED — does not ship,True,0
601138.SHG,combined,PPPPP,PPPPP,16.77715925449449,27.630480711013288,fail,fail,False,False,Both rejected experiments,REJECTED — does not ship,True,0
TSCO.LSE,sbc_once,PFFPP,PFFPP,,,unclear,unclear,False,False,Charge SBC once,REJECTED — does not ship,True,
TSCO.LSE,combined,PFFPP,PFFPP,,,unclear,unclear,False,False,Both rejected experiments,REJECTED — does not ship,True,
SGU.US,sbc_once,FPPFP,FPPFP,30.71331453459481,19.567795481104103,pass,unclear,False,False,Charge SBC once,REJECTED — does not ship,True,0
SGU.US,combined,FPPFP,FPPFP,30.71331453459481,19.567795481104103,pass,unclear,False,False,Both rejected experiments,REJECTED — does not ship,True,0
REA.AU,sbc_once,PFPPP,PFPPP,50.70138033386196,52.09666275781836,fail,fail,False,False,Charge SBC once,REJECTED — does not ship,True,0
REA.AU,combined,PFPPP,PFPPP,50.70138033386196,52.09666275781836,fail,fail,False,False,Both rejected experiments,REJECTED — does not ship,True,0
ITRK.LSE,sbc_once,PPPPP,PPPPP,2773.4358568972416,2924.1455138168453,fail,fail,False,False,Charge SBC once,REJECTED — does not ship,True,0
ITRK.LSE,current_scale,PPPPP,PPPPP,2773.4358568972416,2778.459512127895,fail,fail,False,False,Current annual scale,REJECTED — does not ship,True,0
ITRK.LSE,combined,PPPPP,PPPPP,2773.4358568972416,2975.3543864906032,fail,fail,False,False,Both rejected experiments,REJECTED — does not ship,True,0
PFG.US,sbc_once,FFFFP,FFFFP,94.46825093101559,100.85231717796117,fail,fail,False,False,Charge SBC once,REJECTED — does not ship,True,0
PFG.US,combined,FFFFP,FFFFP,94.46825093101559,100.85231717796117,fail,fail,False,False,Both rejected experiments,REJECTED — does not ship,True,0
NXST.US,sbc_once,PFPPP,PFPPP,281.225641586105,304.7174461126609,unclear,unclear,False,False,Charge SBC once,REJECTED — does not ship,True,0
NXST.US,combined,PFPPP,PFPPP,281.225641586105,304.7174461126609,unclear,unclear,False,False,Both rejected experiments,REJECTED — does not ship,True,0
AZZA3.SA,sbc_once,PFPFP,PFPFP,17.941507804857896,18.29166468809078,fail,fail,False,False,Charge SBC once,REJECTED — does not ship,True,0
AZZA3.SA,combined,PFPFP,PFPFP,17.941507804857896,18.29166468809078,fail,fail,False,False,Both rejected experiments,REJECTED — does not ship,True,0
AMRZ.US,sbc_once,UUUUU,UUUUU,29.251404877695514,29.94785719262181,unclear,unclear,False,False,Charge SBC once,REJECTED — does not ship,False,
AMRZ.US,combined,UUUUU,UUUUU,29.251404877695514,29.94785719262181,unclear,unclear,False,False,Both rejected experiments,REJECTED — does not ship,False,
300142.SHE,sbc_once,FFFFP,FFFFP,0.7265818942973079,1.0496375685595554,fail,fail,False,False,Charge SBC once,REJECTED — does not ship,True,0
300142.SHE,combined,FFFFP,FFFFP,0.7265818942973079,1.0496375685595554,fail,fail,False,False,Both rejected experiments,REJECTED — does not ship,True,0
TOTS3.SA,sbc_once,PPPPP,PPPPP,10.584253425551065,15.988031083917623,fail,fail,False,False,Charge SBC once,REJECTED — does not ship,True,0
TOTS3.SA,combined,PPPPP,PPPPP,10.584253425551065,18.6744899608656,fail,fail,False,False,Both rejected experiments,REJECTED — does not ship,True,0
QXO.US,sbc_once,FFFFP,FFFFP,,4.231441835379166,unclear,fail,False,False,Charge SBC once,REJECTED — does not ship,True,
QXO.US,combined,FFFFP,FFFFP,,4.231441835379166,unclear,fail,False,False,Both rejected experiments,REJECTED — does not ship,True,
INPST.AS,sbc_once,FFFPP,FFFPP,2.2504041129304753,2.515743315846586,fail,fail,False,False,Charge SBC once,REJECTED — does not ship,True,0
INPST.AS,combined,FFFPP,FFFPP,2.2504041129304753,2.515743315846586,fail,fail,False,False,Both rejected experiments,REJECTED — does not ship,True,0
SLB.US,sbc_once,FFPFP,FFPFP,27.250818071988064,30.033016122267707,fail,fail,False,False,Charge SBC once,REJECTED — does not ship,True,0
SLB.US,combined,FFPFP,FFPFP,27.250818071988064,30.033016122267707,fail,fail,False,False,Both rejected experiments,REJECTED — does not ship,True,0
SRP.LSE,sbc_once,FFPPP,FFPPP,307.0360515967068,324.5863319522574,unclear,unclear,False,False,Charge SBC once,REJECTED — does not ship,True,0
SRP.LSE,combined,FFPPP,FFPPP,307.0360515967068,324.5863319522574,unclear,unclear,False,False,Both rejected experiments,REJECTED — does not ship,True,0
PNI.AU,sbc_once,FFPFP,FFPFP,4.9246393532203925,5.087360828588932,fail,fail,False,False,Charge SBC once,REJECTED — does not ship,True,0
PNI.AU,combined,FFPFP,FFPFP,4.9246393532203925,5.087360828588932,fail,fail,False,False,Both rejected experiments,REJECTED — does not ship,True,0
MOON.LSE,sbc_once,PPPPP,PPPPP,107.15093546431658,139.60615307315047,fail,fail,False,False,Charge SBC once,REJECTED — does not ship,True,0
MOON.LSE,combined,PPPPP,PPPPP,107.15093546431658,139.60615307315047,fail,fail,False,False,Both rejected experiments,REJECTED — does not ship,True,0
P.US,sbc_once,FFFFP,FFFFP,,6.26578640247553,unclear,unclear,False,False,Charge SBC once,REJECTED — does not ship,True,
P.US,combined,FFFFP,FFFFP,,6.26578640247553,unclear,unclear,False,False,Both rejected experiments,REJECTED — does not ship,True,
GIVN.SW,sbc_once,PPPPP,PPPPP,1181.5653135485609,1220.6368155670134,fail,fail,False,False,Charge SBC once,REJECTED — does not ship,True,0
GIVN.SW,combined,PPPPP,PPPPP,1181.5653135485609,1220.6368155670134,fail,fail,False,False,Both rejected experiments,REJECTED — does not ship,True,0
SNA.US,sbc_once,PPPPP,PPPPP,400.8301220330461,395.1731398336556,unclear,unclear,False,False,Charge SBC once,REJECTED — does not ship,True,0
SNA.US,current_scale,PPPPP,PPPPP,400.8301220330461,404.3016532598717,unclear,unclear,False,False,Current annual scale,REJECTED — does not ship,True,0
SNA.US,combined,PPPPP,PPPPP,400.8301220330461,398.59173686532216,unclear,unclear,False,False,Both rejected experiments,REJECTED — does not ship,True,0
ARW.US,sbc_once,FFFFP,FFFFP,138.01786439258365,144.65433874819647,fail,fail,False,False,Charge SBC once,REJECTED — does not ship,True,0
ARW.US,combined,FFFFP,FFFFP,138.01786439258365,144.65433874819647,fail,fail,False,False,Both rejected experiments,REJECTED — does not ship,True,0
LRN.US,sbc_once,PFPFP,PFPFP,100.35923201982621,114.65854211111424,unclear,unclear,False,False,Charge SBC once,REJECTED — does not ship,True,0
LRN.US,combined,PFPFP,PFPFP,100.35923201982621,114.65854211111424,unclear,unclear,False,False,Both rejected experiments,REJECTED — does not ship,True,0
EME.US,sbc_once,PPPPP,PPPPP,303.0282547614413,309.0772942666067,fail,fail,False,False,Charge SBC once,REJECTED — does not ship,True,0
EME.US,current_scale,PPPPP,PPPPP,303.0282547614413,404.7771944942306,fail,fail,False,False,Current annual scale,REJECTED — does not ship,True,0
EME.US,combined,PPPPP,PPPPP,303.0282547614413,412.94489841945966,fail,fail,False,False,Both rejected experiments,REJECTED — does not ship,True,0
1929.HK,sbc_once,PFPPP,PFPPP,9.732605160636519,9.74874057242629,fail,fail,False,False,Charge SBC once,REJECTED — does not ship,True,0
1929.HK,combined,PFPPP,PFPPP,9.732605160636519,9.74874057242629,fail,fail,False,False,Both rejected experiments,REJECTED — does not ship,True,0
SSL.US,sbc_once,PFFFP,PFFFP,16.574809724915852,17.624226314937566,unclear,unclear,False,False,Charge SBC once,REJECTED — does not ship,True,3.552713678800501e-15
SSL.US,combined,PFFFP,PFFFP,16.574809724915852,17.624226314937566,unclear,unclear,False,False,Both rejected experiments,REJECTED — does not ship,True,3.552713678800501e-15
SRE.LSE,sbc_once,FFPFP,FFPFP,123.00569658332506,126.7195847621456,unclear,unclear,False,False,Charge SBC once,REJECTED — does not ship,True,0
SRE.LSE,combined,FFPFP,FFPFP,123.00569658332506,126.7195847621456,unclear,unclear,False,False,Both rejected experiments,REJECTED — does not ship,True,0
600276.SHG,current_scale,PPPPP,PPPPP,18.002536875960523,22.623215229440827,fail,fail,False,False,Current annual scale,REJECTED — does not ship,True,0
600276.SHG,combined,PPPPP,PPPPP,18.002536875960523,22.623215229440827,fail,fail,False,False,Both rejected experiments,REJECTED — does not ship,True,0
MSM.US,sbc_once,PPFPP,PPFPP,40.96847097912634,43.76126504402608,fail,fail,False,False,Charge SBC once,REJECTED — does not ship,True,0
MSM.US,combined,PPFPP,PPFPP,40.96847097912634,43.76126504402608,fail,fail,False,False,Both rejected experiments,REJECTED — does not ship,True,0
KIE.LSE,sbc_once,FFFFP,FFFFP,603.2323259998743,628.8790866174157,pass,pass,False,False,Charge SBC once,REJECTED — does not ship,True,0
KIE.LSE,combined,FFFFP,FFFFP,603.2323259998743,628.8790866174157,pass,pass,False,False,Both rejected experiments,REJECTED — does not ship,True,0
BCC.US,sbc_once,FFFFP,FFFFP,17.069691645077025,21.07637768199044,fail,fail,False,False,Charge SBC once,REJECTED — does not ship,True,0
BCC.US,combined,FFFFP,FFFFP,17.069691645077025,21.07637768199044,fail,fail,False,False,Both rejected experiments,REJECTED — does not ship,True,0
GE.US,sbc_once,FFFPP,FFFPP,88.04320905097235,88.43878095834707,fail,fail,False,False,Charge SBC once,REJECTED — does not ship,True,0
GE.US,combined,FFFPP,FFFPP,88.04320905097235,88.43878095834707,fail,fail,False,False,Both rejected experiments,REJECTED — does not ship,True,0
688008.SHG,sbc_once,PFFPP,PFPPP,26.34970251741372,27.891151587817134,fail,fail,False,False,Charge SBC once,REJECTED — does not ship,True,0
688008.SHG,combined,PFFPP,PFPPP,26.34970251741372,27.891151587817134,fail,fail,False,False,Both rejected experiments,REJECTED — does not ship,True,0
HRL.US,sbc_once,PPFFP,PPFFP,7.42071214033663,7.997163383467722,fail,fail,False,False,Charge SBC once,REJECTED — does not ship,True,0
HRL.US,combined,PPFFP,PPFFP,7.42071214033663,7.997163383467722,fail,fail,False,False,Both rejected experiments,REJECTED — does not ship,True,0
ON.US,sbc_once,FFFPP,FFFPP,19.878661323377663,24.48851284550801,fail,fail,False,False,Charge SBC once,REJECTED — does not ship,True,0
ON.US,combined,FFFPP,FFFPP,19.878661323377663,24.48851284550801,fail,fail,False,False,Both rejected experiments,REJECTED — does not ship,True,0
KRYS.US,sbc_once,FFFPP,FFFPP,,32.47924204035434,unclear,fail,False,False,Charge SBC once,REJECTED — does not ship,True,
KRYS.US,combined,FFFPP,FFFPP,,32.47924204035434,unclear,fail,False,False,Both rejected experiments,REJECTED — does not ship,True,
002555.SHE,sbc_once,PPPPP,PPPPP,18.491306424562165,18.72573981386245,unclear,unclear,False,False,Charge SBC once,REJECTED — does not ship,True,0
002555.SHE,current_scale,PPPPP,PPPPP,18.491306424562165,18.073964630847644,unclear,unclear,False,False,Current annual scale,REJECTED — does not ship,True,0
002555.SHE,combined,PPPPP,PPPPP,18.491306424562165,18.646585821011275,unclear,unclear,False,False,Both rejected experiments,REJECTED — does not ship,True,0
AZZ.US,sbc_once,PFPFP,PFPFP,40.73859519956752,44.94529075260277,fail,fail,False,False,Charge SBC once,REJECTED — does not ship,True,0
AZZ.US,combined,PFPFP,PFPFP,40.73859519956752,44.94529075260277,fail,fail,False,False,Both rejected experiments,REJECTED — does not ship,True,0
ALLN.SW,sbc_once,FFFPP,FFFPP,138.50210786209988,138.65271056912377,fail,fail,False,False,Charge SBC once,REJECTED — does not ship,True,0
ALLN.SW,combined,FFFPP,FFFPP,138.50210786209988,138.65271056912377,fail,fail,False,False,Both rejected experiments,REJECTED — does not ship,True,0
DCH.US,sbc_once,FFFFP,FFFFP,8.123603348147508,9.71487567257741,unclear,unclear,False,False,Charge SBC once,REJECTED — does not ship,True,-1.7763568394002505e-15
DCH.US,combined,FFFFP,FFFFP,8.123603348147508,9.71487567257741,unclear,unclear,False,False,Both rejected experiments,REJECTED — does not ship,True,-1.7763568394002505e-15
COST.LSE,sbc_once,FFPFP,FFPFP,211.4377232250349,221.67862758928752,fail,fail,False,False,Charge SBC once,REJECTED — does not ship,True,0
COST.LSE,combined,FFPFP,FFPFP,211.4377232250349,221.67862758928752,fail,fail,False,False,Both rejected experiments,REJECTED — does not ship,True,0
TATACONSUM.NSE,sbc_once,PPPFP,PPPFP,159.5475246236461,159.98215142733108,fail,fail,False,False,Charge SBC once,REJECTED — does not ship,True,0
TATACONSUM.NSE,combined,PPPFP,PPPFP,159.5475246236461,159.98215142733108,fail,fail,False,False,Both rejected experiments,REJECTED — does not ship,True,0
AMZN.US,sbc_once,FPFFP,FPPFP,42.62332099808064,70.03601006205402,fail,fail,False,False,Charge SBC once,REJECTED — does not ship,True,0
AMZN.US,combined,FPFFP,FPPFP,42.62332099808064,70.03601006205402,fail,fail,False,False,Both rejected experiments,REJECTED — does not ship,True,0
FORM.US,sbc_once,FFFPP,FFFPP,,4.856094714970189,unclear,unclear,False,False,Charge SBC once,REJECTED — does not ship,True,
FORM.US,combined,FFFPP,FFFPP,,4.856094714970189,unclear,unclear,False,False,Both rejected experiments,REJECTED — does not ship,True,
OKE.US,sbc_once,PFPFP,PFPFP,41.95143360320577,43.444620222980895,fail,fail,False,False,Charge SBC once,REJECTED — does not ship,True,0
OKE.US,combined,PFPFP,PFPFP,41.95143360320577,43.444620222980895,fail,fail,False,False,Both rejected experiments,REJECTED — does not ship,True,0
PPG.US,sbc_once,PPFFP,PPFFP,73.61426231240007,76.74736290102909,fail,fail,False,False,Charge SBC once,REJECTED — does not ship,True,0
PPG.US,combined,PPFFP,PPFFP,73.61426231240007,76.74736290102909,fail,fail,False,False,Both rejected experiments,REJECTED — does not ship,True,0
TT.US,sbc_once,PPPPP,PPPPP,196.48056939376002,202.94049796936997,fail,fail,False,False,Charge SBC once,REJECTED — does not ship,True,0
TT.US,current_scale,PPPPP,PPPPP,196.48056939376002,236.1667352005597,fail,fail,False,False,Current annual scale,REJECTED — does not ship,True,0
TT.US,combined,PPPPP,PPPPP,196.48056939376002,243.95840098642967,fail,fail,False,False,Both rejected experiments,REJECTED — does not ship,True,0
FHZN.SW,sbc_once,FFPPP,FFPPP,71.04074261475375,71.52692307908535,fail,fail,False,False,Charge SBC once,REJECTED — does not ship,True,0
FHZN.SW,combined,FFPPP,FFPPP,71.04074261475375,71.52692307908535,fail,fail,False,False,Both rejected experiments,REJECTED — does not ship,True,0
MAT.US,sbc_once,FFFFP,FFFFP,14.67853039540246,17.607366443572186,fail,unclear,False,False,Charge SBC once,REJECTED — does not ship,True,0
MAT.US,combined,FFFFP,FFFFP,14.67853039540246,17.607366443572186,fail,unclear,False,False,Both rejected experiments,REJECTED — does not ship,True,0
NYT.US,sbc_once,PPPPP,PPPPP,23.024620271306567,39.67095754837682,fail,fail,False,False,Charge SBC once,REJECTED — does not ship,True,0
NYT.US,current_scale,PPPPP,PPPPP,23.024620271306567,27.90656916945315,fail,fail,False,False,Current annual scale,REJECTED — does not ship,True,0
NYT.US,combined,PPPPP,PPPPP,23.024620271306567,45.59472916852843,fail,fail,False,False,Both rejected experiments,REJECTED — does not ship,True,0
ACA.US,sbc_once,PFPPP,PFPPP,45.519608108037716,52.68955745117226,fail,fail,False,False,Charge SBC once,REJECTED — does not ship,True,0
ACA.US,combined,PFPPP,PFPPP,45.519608108037716,52.68955745117226,fail,fail,False,False,Both rejected experiments,REJECTED — does not ship,True,0
CVSA.US,sbc_once,PFPPP,PFPPP,75.89275521541764,81.11740210489246,fail,fail,False,False,Charge SBC once,REJECTED — does not ship,True,0
CVSA.US,combined,PFPPP,PFPPP,75.89275521541764,81.11740210489246,fail,fail,False,False,Both rejected experiments,REJECTED — does not ship,True,0
KKR.US,sbc_once,FFFFP,FFFFP,27.796995363855025,37.194940258852306,fail,fail,False,False,Charge SBC once,REJECTED — does not ship,True,
KKR.US,combined,FFFFP,FFFFP,27.796995363855025,37.194940258852306,fail,fail,False,False,Both rejected experiments,REJECTED — does not ship,True,
FLRY3.SA,sbc_once,PFPFP,PFPFP,7.645146953817383,7.859667963592497,fail,fail,False,False,Charge SBC once,REJECTED — does not ship,True,0
FLRY3.SA,combined,PFPFP,PFPFP,7.645146953817383,7.859667963592497,fail,fail,False,False,Both rejected experiments,REJECTED — does not ship,True,0
TEL.US,sbc_once,PPPPP,PPPPP,86.72943066990842,94.10221774162669,fail,fail,False,False,Charge SBC once,REJECTED — does not ship,True,0
TEL.US,combined,PPPPP,PPPPP,86.72943066990842,94.10221774162669,fail,fail,False,False,Both rejected experiments,REJECTED — does not ship,True,0
ARES.US,sbc_once,FFFFP,FFPFP,,37.18704399627304,unclear,fail,False,False,Charge SBC once,REJECTED — does not ship,True,
ARES.US,combined,FFFFP,FFPFP,,37.18704399627304,unclear,fail,False,False,Both rejected experiments,REJECTED — does not ship,True,
APTV.US,sbc_once,PFFFP,PFFFP,23.485448125967803,27.798266797696428,fail,fail,False,False,Charge SBC once,REJECTED — does not ship,True,0
APTV.US,combined,PFFFP,PFFFP,23.485448125967803,27.798266797696428,fail,fail,False,False,Both rejected experiments,REJECTED — does not ship,True,0
LOW.US,sbc_once,PPPPP,PPPPP,151.26362585981192,156.98525050216566,fail,fail,False,False,Charge SBC once,REJECTED — does not ship,True,0
LOW.US,combined,PPPPP,PPPPP,151.26362585981192,156.98525050216566,fail,fail,False,False,Both rejected experiments,REJECTED — does not ship,True,0
KNTK.US,sbc_once,FFPPP,FFPPP,33.39930781817818,45.232645425040886,fail,fail,False,False,Charge SBC once,REJECTED — does not ship,True,-7.105427357601002e-15
KNTK.US,combined,FFPPP,FFPPP,33.39930781817818,45.232645425040886,fail,fail,False,False,Both rejected experiments,REJECTED — does not ship,True,-7.105427357601002e-15
VAMO3.SA,sbc_once,PFFPF,PFFPF,8.179518416315897,8.179586399317225,unclear,unclear,False,False,Charge SBC once,REJECTED — does not ship,True,0
VAMO3.SA,combined,PFFPF,PFFPF,8.179518416315897,8.179586399317225,unclear,unclear,False,False,Both rejected experiments,REJECTED — does not ship,True,0
AMN.US,sbc_once,FFFFP,FFFFP,,15.768736803800417,unclear,fail,False,False,Charge SBC once,REJECTED — does not ship,True,
AMN.US,combined,FFFFP,FFFFP,,15.768736803800417,unclear,fail,False,False,Both rejected experiments,REJECTED — does not ship,True,
MMM.US,sbc_once,FFFFP,FFFFP,78.43212170548858,83.85827779554133,fail,fail,False,False,Charge SBC once,REJECTED — does not ship,True,0
MMM.US,combined,FFFFP,FFFFP,78.43212170548858,83.85827779554133,fail,fail,False,False,Both rejected experiments,REJECTED — does not ship,True,0
SSD.US,sbc_once,PPPPP,PPPPP,151.38440736143252,163.2586953498752,fail,fail,False,False,Charge SBC once,REJECTED — does not ship,True,0
SSD.US,combined,PPPPP,PPPPP,151.38440736143252,163.2586953498752,fail,fail,False,False,Both rejected experiments,REJECTED — does not ship,True,0
DTL.AU,sbc_once,FPPPP,FPPPP,5.549359737512149,5.642489180562377,fail,fail,False,False,Charge SBC once,REJECTED — does not ship,True,0
DTL.AU,combined,FPPPP,FPPPP,5.549359737512149,5.642489180562377,fail,fail,False,False,Both rejected experiments,REJECTED — does not ship,True,0
7832.JP,current_scale,PPPPP,PPPPP,4099.593488258977,5190.648828011601,fail,fail,False,False,Current annual scale,REJECTED — does not ship,True,0
7832.JP,combined,PPPPP,PPPPP,4099.593488258977,5190.648828011601,fail,fail,False,False,Both rejected experiments,REJECTED — does not ship,True,0
NE.US,sbc_once,FFFPP,FFFPP,9.356375865185868,12.088586200103716,fail,fail,False,False,Charge SBC once,REJECTED — does not ship,True,0
NE.US,combined,FFFPP,FFFPP,9.356375865185868,12.088586200103716,fail,fail,False,False,Both rejected experiments,REJECTED — does not ship,True,0
HFG.LSE,sbc_once,PFFFP,PFFFP,53.813099281351754,81.05587923652878,fail,fail,False,False,Charge SBC once,REJECTED — does not ship,True,-20.899174019108713
HFG.LSE,combined,PFFFP,PFFFP,53.813099281351754,81.05587923652878,fail,fail,False,False,Both rejected experiments,REJECTED — does not ship,True,-20.899174019108713
RDOR3.SA,sbc_once,PFPPP,PFPPP,30.47543631599174,30.81223237090471,fail,fail,False,False,Charge SBC once,REJECTED — does not ship,True,0
RDOR3.SA,combined,PFPPP,PFPPP,30.47543631599174,30.81223237090471,fail,fail,False,False,Both rejected experiments,REJECTED — does not ship,True,0
AKAM.US,sbc_once,PFFFP,PFPFP,,54.57462607209374,unclear,fail,False,False,Charge SBC once,REJECTED — does not ship,True,
AKAM.US,combined,PFFFP,PFPFP,,54.57462607209374,unclear,fail,False,False,Both rejected experiments,REJECTED — does not ship,True,
RENT3.SA,sbc_once,PFPFP,PFPFP,41.743656935244786,42.096912761993636,fail,fail,False,False,Charge SBC once,REJECTED — does not ship,True,-0.5009538038266044
RENT3.SA,combined,PFPFP,PFPFP,41.743656935244786,42.096912761993636,fail,fail,False,False,Both rejected experiments,REJECTED — does not ship,True,-0.5009538038266044
2059.TW,current_scale,PPPPP,PPPPP,1176.3227695520795,2262.529921620274,fail,fail,False,False,Current annual scale,REJECTED — does not ship,True,0
2059.TW,combined,PPPPP,PPPPP,1176.3227695520795,2262.529921620274,fail,fail,False,False,Both rejected experiments,REJECTED — does not ship,True,0
SCMN.SW,sbc_once,PFPPP,PFPPP,334.058611328201,334.4497230287133,fail,fail,False,False,Charge SBC once,REJECTED — does not ship,True,0
SCMN.SW,combined,PFPPP,PFPPP,334.058611328201,334.4497230287133,fail,fail,False,False,Both rejected experiments,REJECTED — does not ship,True,0
LMP.LSE,sbc_once,PFPFP,PFPFP,137.0682581490942,139.97529696557345,fail,fail,False,False,Charge SBC once,REJECTED — does not ship,True,0
LMP.LSE,combined,PFPFP,PFPFP,137.0682581490942,139.97529696557345,fail,fail,False,False,Both rejected experiments,REJECTED — does not ship,True,0
MMYT.US,sbc_once,FFFPP,FFPPP,,,unclear,unclear,False,False,Charge SBC once,REJECTED — does not ship,True,
MMYT.US,combined,FFFPP,FFPPP,,,unclear,unclear,False,False,Both rejected experiments,REJECTED — does not ship,True,
TRIP.US,sbc_once,FFFFF,FFFFF,,8.720597393103816,unclear,unclear,False,False,Charge SBC once,REJECTED — does not ship,True,
TRIP.US,combined,FFFFF,FFFFF,,8.720597393103816,unclear,unclear,False,False,Both rejected experiments,REJECTED — does not ship,True,
JCI.US,sbc_once,PPPFP,PPPFP,38.2998977275862,41.85199270701445,fail,fail,False,False,Charge SBC once,REJECTED — does not ship,True,0
JCI.US,combined,PPPFP,PPPFP,38.2998977275862,41.85199270701445,fail,fail,False,False,Both rejected experiments,REJECTED — does not ship,True,0
CAT.US,sbc_once,PFPPP,PFPPP,285.4278675532663,294.70040818081986,fail,fail,False,False,Charge SBC once,REJECTED — does not ship,True,0
CAT.US,combined,PFPPP,PFPPP,285.4278675532663,294.70040818081986,fail,fail,False,False,Both rejected experiments,REJECTED — does not ship,True,0
688271.SHG,sbc_once,UUUUU,UUUUU,33.459928008324894,33.595349391824826,unclear,unclear,False,False,Charge SBC once,REJECTED — does not ship,False,
688271.SHG,combined,UUUUU,UUUUU,33.459928008324894,33.595349391824826,unclear,unclear,False,False,Both rejected experiments,REJECTED — does not ship,False,
KFY.US,sbc_once,PFPPP,PFPPP,81.12424919889726,96.14199131132521,unclear,unclear,False,False,Charge SBC once,REJECTED — does not ship,True,0
KFY.US,combined,PFPPP,PFPPP,81.12424919889726,96.14199131132521,unclear,unclear,False,False,Both rejected experiments,REJECTED — does not ship,True,0
DY.US,sbc_once,FFPPP,FFPPP,83.60788457922699,94.36859739326894,fail,fail,False,False,Charge SBC once,REJECTED — does not ship,True,0
DY.US,combined,FFPPP,FFPPP,83.60788457922699,94.36859739326894,fail,fail,False,False,Both rejected experiments,REJECTED — does not ship,True,0
BAB.LSE,sbc_once,FFFPP,FFFPP,334.7416625362617,366.243326723805,fail,fail,False,False,Charge SBC once,REJECTED — does not ship,True,0
BAB.LSE,combined,FFFPP,FFFPP,334.7416625362617,366.243326723805,fail,fail,False,False,Both rejected experiments,REJECTED — does not ship,True,0
ANN.AU,sbc_once,PPPFP,PPPFP,20.585159272875757,20.03069046848116,fail,fail,False,False,Charge SBC once,REJECTED — does not ship,True,0
ANN.AU,combined,PPPFP,PPPFP,20.585159272875757,20.03069046848116,fail,fail,False,False,Both rejected experiments,REJECTED — does not ship,True,0
CBZ.US,sbc_once,PPPFP,PPPFP,26.015078868463156,29.340338342517537,fail,fail,False,False,Charge SBC once,REJECTED — does not ship,True,3.552713678800501e-15
CBZ.US,combined,PPPFP,PPPFP,26.015078868463156,29.340338342517537,fail,fail,False,False,Both rejected experiments,REJECTED — does not ship,True,3.552713678800501e-15
EXENS.PA,sbc_once,UUUUU,UUUUU,6.318325469403,6.710905847364017,unclear,unclear,False,False,Charge SBC once,REJECTED — does not ship,False,
EXENS.PA,combined,UUUUU,UUUUU,6.318325469403,6.710905847364017,unclear,unclear,False,False,Both rejected experiments,REJECTED — does not ship,False,
AC.PA,sbc_once,FFPFP,FFPFP,28.085020741195148,30.30838329922541,fail,fail,False,False,Charge SBC once,REJECTED — does not ship,True,7.105427357601002e-15
AC.PA,combined,FFPFP,FFPFP,28.085020741195148,30.30838329922541,fail,fail,False,False,Both rejected experiments,REJECTED — does not ship,True,7.105427357601002e-15
CRGY.US,sbc_once,FFFFP,FFFFP,,1.4070390773751231,unclear,fail,False,False,Charge SBC once,REJECTED — does not ship,True,
CRGY.US,combined,FFFFP,FFFFP,,1.4070390773751231,unclear,fail,False,False,Both rejected experiments,REJECTED — does not ship,True,
BB.PA,sbc_once,PPFFP,PPFFP,39.18643116734384,41.043804653320784,fail,fail,False,False,Charge SBC once,REJECTED — does not ship,True,0
BB.PA,combined,PPFFP,PPFFP,39.18643116734384,41.043804653320784,fail,fail,False,False,Both rejected experiments,REJECTED — does not ship,True,0
IHG.LSE,sbc_once,FPPPP,FPPPP,51.2585644960764,56.02468911728957,fail,fail,False,False,Charge SBC once,REJECTED — does not ship,True,0
IHG.LSE,combined,FPPPP,FPPPP,51.2585644960764,56.02468911728957,fail,fail,False,False,Both rejected experiments,REJECTED — does not ship,True,0
STMN.SW,sbc_once,PFPPP,PFPPP,37.77841086559089,40.01104335577493,fail,fail,False,False,Charge SBC once,REJECTED — does not ship,True,0
STMN.SW,combined,PFPPP,PFPPP,37.77841086559089,40.01104335577493,fail,fail,False,False,Both rejected experiments,REJECTED — does not ship,True,0
WPC.US,sbc_once,PFFFP,PFFFP,41.84452458659228,44.02247235013344,fail,fail,False,False,Charge SBC once,REJECTED — does not ship,True,0
WPC.US,combined,PFFFP,PFFFP,41.84452458659228,44.02247235013344,fail,fail,False,False,Both rejected experiments,REJECTED — does not ship,True,0
ELAN.US,sbc_once,FFPFP,FFPFP,3.703453054258558,5.559082790999796,fail,fail,False,False,Charge SBC once,REJECTED — does not ship,True,0
ELAN.US,combined,FFPFP,FFPFP,3.703453054258558,5.559082790999796,fail,fail,False,False,Both rejected experiments,REJECTED — does not ship,True,0
DPLM.LSE,sbc_once,PFPFP,PFPFP,1435.1405857404434,1473.1680675637228,fail,fail,False,False,Charge SBC once,REJECTED — does not ship,True,0
DPLM.LSE,combined,PFPFP,PFPFP,1435.1405857404434,1473.1680675637228,fail,fail,False,False,Both rejected experiments,REJECTED — does not ship,True,0
THL.AU,sbc_once,FFPFP,FFPFP,3.493380921765641,3.550903231519267,unclear,unclear,False,False,Charge SBC once,REJECTED — does not ship,True,4.440892098500626e-16
THL.AU,combined,FFPFP,FFPFP,3.493380921765641,3.550903231519267,unclear,unclear,False,False,Both rejected experiments,REJECTED — does not ship,True,4.440892098500626e-16
DTM.US,sbc_once,PFFPP,PFFPP,33.69872428339597,36.853549158336385,fail,fail,False,False,Charge SBC once,REJECTED — does not ship,True,0
DTM.US,combined,PFFPP,PFFPP,33.69872428339597,36.853549158336385,fail,fail,False,False,Both rejected experiments,REJECTED — does not ship,True,0
MMSI.US,sbc_once,FFPFP,FFPFP,34.63752511395854,39.60750419758816,fail,fail,False,False,Charge SBC once,REJECTED — does not ship,True,0
MMSI.US,combined,FFPFP,FFPFP,34.63752511395854,39.60750419758816,fail,fail,False,False,Both rejected experiments,REJECTED — does not ship,True,0
EXPN.LSE,sbc_once,PPPPP,PPPPP,1196.7521706220657,1345.6548665401838,fail,fail,False,False,Charge SBC once,REJECTED — does not ship,True,0
EXPN.LSE,combined,PPPPP,PPPPP,1196.7521706220657,1345.6548665401838,fail,fail,False,False,Both rejected experiments,REJECTED — does not ship,True,0
ITV.LSE,sbc_once,PFFFP,PFFFP,95.17810625167438,100.60840152961667,unclear,unclear,False,False,Charge SBC once,REJECTED — does not ship,True,0
ITV.LSE,combined,PFFFP,PFFFP,95.17810625167438,100.60840152961667,unclear,unclear,False,False,Both rejected experiments,REJECTED — does not ship,True,0
WSM.US,sbc_once,PPPPP,PPPPP,110.53807567703669,121.77950162412415,fail,fail,False,False,Charge SBC once,REJECTED — does not ship,False,5.956853269709171
WSM.US,current_scale,PPPPP,PPPPP,110.53807567703669,110.07349576216939,fail,fail,False,False,Current annual scale,REJECTED — does not ship,False,5.956853269709171
WSM.US,combined,PPPPP,PPPPP,110.53807567703669,119.58908009317447,fail,fail,False,False,Both rejected experiments,REJECTED — does not ship,False,5.956853269709171
WOR.AU,sbc_once,PPPPP,PPPPP,11.91119783698478,12.074423496764755,unclear,unclear,False,False,Charge SBC once,REJECTED — does not ship,True,0
WOR.AU,combined,PPPPP,PPPPP,11.91119783698478,12.074423496764755,unclear,unclear,False,False,Both rejected experiments,REJECTED — does not ship,True,0
BREE.LSE,sbc_once,PFPFP,PFPFP,541.8627916566866,559.9915962060596,unclear,unclear,False,False,Charge SBC once,REJECTED — does not ship,True,0
BREE.LSE,combined,PFPFP,PFPFP,541.8627916566866,559.9915962060596,unclear,unclear,False,False,Both rejected experiments,REJECTED — does not ship,True,0
NTR.TO,sbc_once,FFPFP,FFPFP,82.4262010129038,87.82108098079506,fail,fail,False,False,Charge SBC once,REJECTED — does not ship,True,0
NTR.TO,combined,FFPFP,FFPFP,82.4262010129038,87.82108098079506,fail,fail,False,False,Both rejected experiments,REJECTED — does not ship,True,0
MA.US,sbc_once,PPPPP,PPPPP,284.50355783173995,295.7103107477721,fail,fail,False,False,Charge SBC once,REJECTED — does not ship,True,0
MA.US,current_scale,PPPPP,PPPPP,284.50355783173995,368.4917399788328,fail,fail,False,False,Current annual scale,REJECTED — does not ship,True,0
MA.US,combined,PPPPP,PPPPP,284.50355783173995,382.5057330209326,fail,fail,False,False,Both rejected experiments,REJECTED — does not ship,True,0
RYAN.US,sbc_once,FFPFP,FFPFP,10.314444767220662,17.19481648331869,fail,fail,False,False,Charge SBC once,REJECTED — does not ship,True,0
RYAN.US,combined,FFPFP,FFPFP,10.314444767220662,17.19481648331869,fail,fail,False,False,Both rejected experiments,REJECTED — does not ship,True,0
LPX.US,sbc_once,FFFPP,FFPPP,,,unclear,unclear,False,False,Charge SBC once,REJECTED — does not ship,True,
LPX.US,combined,FFFPP,FFPPP,,,unclear,unclear,False,False,Both rejected experiments,REJECTED — does not ship,True,
2269.HK,sbc_once,PFFPP,PFFPP,18.42894043623354,21.365481290802716,fail,fail,False,False,Charge SBC once,REJECTED — does not ship,False,0
2269.HK,combined,PFFPP,PFFPP,18.42894043623354,21.365481290802716,fail,fail,False,False,Both rejected experiments,REJECTED — does not ship,False,0
SU.TO,sbc_once,FFPFP,FFPFP,73.53204216819951,73.61630956467577,fail,fail,False,False,Charge SBC once,REJECTED — does not ship,True,0
SU.TO,combined,FFPFP,FFPFP,73.53204216819951,73.61630956467577,fail,fail,False,False,Both rejected experiments,REJECTED — does not ship,True,0
2345.TW,current_scale,PPPPP,PPPPP,365.4538649011675,1027.3911995766891,fail,fail,False,False,Current annual scale,REJECTED — does not ship,True,0
2345.TW,combined,PPPPP,PPPPP,365.4538649011675,1027.3911995766891,fail,fail,False,False,Both rejected experiments,REJECTED — does not ship,True,0
TRU.US,sbc_once,PFPPP,PFPPP,29.346757362897485,35.80579778516647,fail,fail,False,False,Charge SBC once,REJECTED — does not ship,True,0
TRU.US,combined,PFPPP,PFPPP,29.346757362897485,35.80579778516647,fail,fail,False,False,Both rejected experiments,REJECTED — does not ship,True,0
RRC.US,sbc_once,FFFPP,FFPPP,15.105420689442294,18.82788685701776,fail,fail,False,False,Charge SBC once,REJECTED — does not ship,True,0
RRC.US,combined,FFFPP,FFPPP,15.105420689442294,18.82788685701776,fail,fail,False,False,Both rejected experiments,REJECTED — does not ship,True,0
THO.US,sbc_once,FFFFP,FFFFP,68.20094688221496,74.4897882013286,unclear,unclear,False,False,Charge SBC once,REJECTED — does not ship,True,0
THO.US,combined,FFFFP,FFFFP,68.20094688221496,74.4897882013286,unclear,unclear,False,False,Both rejected experiments,REJECTED — does not ship,True,0
META.US,sbc_once,PPFPP,PPFPP,,44.62513572924698,unclear,fail,False,False,Charge SBC once,REJECTED — does not ship,True,
META.US,combined,PPFPP,PPFPP,,44.62513572924698,unclear,fail,False,False,Both rejected experiments,REJECTED — does not ship,True,
CVE.TO,sbc_once,FFPFP,FFPFP,26.40392519716064,27.50317086717459,fail,fail,False,False,Charge SBC once,REJECTED — does not ship,True,0
CVE.TO,combined,FFPFP,FFPFP,26.40392519716064,27.50317086717459,fail,fail,False,False,Both rejected experiments,REJECTED — does not ship,True,0
SDZ.SW,sbc_once,FFPUP,FFPUP,21.645793392724567,21.237611731565806,fail,fail,False,False,Charge SBC once,REJECTED — does not ship,True,0
SDZ.SW,combined,FFPUP,FFPUP,21.645793392724567,21.237611731565806,fail,fail,False,False,Both rejected experiments,REJECTED — does not ship,True,0
ACMR.US,sbc_once,FPFFF,FPFFF,30.809902465481137,37.02444909585405,fail,fail,False,False,Charge SBC once,REJECTED — does not ship,True,
ACMR.US,combined,FPFFF,FPFFF,30.809902465481137,37.02444909585405,fail,fail,False,False,Both rejected experiments,REJECTED — does not ship,True,
RMR.US,sbc_once,FPFFP,FPFFP,14.560384430761557,21.78184406537457,fail,unclear,False,False,Charge SBC once,REJECTED — does not ship,True,0
RMR.US,combined,FPFFP,FPFFP,14.560384430761557,21.78184406537457,fail,unclear,False,False,Both rejected experiments,REJECTED — does not ship,True,0
2317.TW,sbc_once,PFFPP,PFFPP,226.9648112990585,229.69322751483796,fail,fail,False,False,Charge SBC once,REJECTED — does not ship,True,0
2317.TW,combined,PFFPP,PFFPP,226.9648112990585,229.69322751483796,fail,fail,False,False,Both rejected experiments,REJECTED — does not ship,True,0
ERIC-B.ST,sbc_once,FFPPP,FFPPP,86.7431327568815,88.45844596600378,fail,fail,False,False,Charge SBC once,REJECTED — does not ship,True,0
ERIC-B.ST,combined,FFPPP,FFPPP,86.7431327568815,88.45844596600378,fail,fail,False,False,Both rejected experiments,REJECTED — does not ship,True,0
LYFT.US,sbc_once,FFFPF,FFPPF,,,unclear,unclear,False,False,Charge SBC once,REJECTED — does not ship,True,
LYFT.US,combined,FFFPF,FFPPF,,,unclear,unclear,False,False,Both rejected experiments,REJECTED — does not ship,True,
YDUQ3.SA,sbc_once,PPFFP,PPFFP,2.315182736004393,3.3513434142945475,fail,fail,False,False,Charge SBC once,REJECTED — does not ship,True,0
YDUQ3.SA,combined,PPFFP,PPFFP,2.315182736004393,3.3513434142945475,fail,fail,False,False,Both rejected experiments,REJECTED — does not ship,True,0
FICO.US,sbc_once,PPFPP,PPPPP,293.3733327888956,440.60614345462693,fail,fail,False,False,Charge SBC once,REJECTED — does not ship,True,0
FICO.US,combined,PPFPP,PPPPP,293.3733327888956,590.117612929255,fail,fail,False,False,Both rejected experiments,REJECTED — does not ship,True,0
EPAM.US,sbc_once,PFPPP,PFPPP,109.94456278153724,170.9923529071287,unclear,pass,False,False,Charge SBC once,REJECTED — does not ship,True,0
EPAM.US,combined,PFPPP,PFPPP,109.94456278153724,170.9923529071287,unclear,pass,False,False,Both rejected experiments,REJECTED — does not ship,True,0
MSI.US,sbc_once,PPPPP,PPPPP,118.26628038451622,138.1215670990869,fail,fail,False,False,Charge SBC once,REJECTED — does not ship,True,0
MSI.US,current_scale,PPPPP,PPPPP,118.26628038451622,155.96060851856922,fail,fail,False,False,Current annual scale,REJECTED — does not ship,True,0
MSI.US,combined,PPPPP,PPPPP,118.26628038451622,171.030203871879,fail,fail,False,False,Both rejected experiments,REJECTED — does not ship,True,0
INF.LSE,sbc_once,FFPPP,FFPPP,365.17381700830293,407.4842186572444,fail,fail,False,False,Charge SBC once,REJECTED — does not ship,True,0
INF.LSE,combined,FFPPP,FFPPP,365.17381700830293,407.4842186572444,fail,fail,False,False,Both rejected experiments,REJECTED — does not ship,True,0
ORG.AU,sbc_once,FFFPP,FFFPP,7.470373982218802,7.657688843479444,fail,fail,False,False,Charge SBC once,REJECTED — does not ship,True,0
ORG.AU,combined,FFFPP,FFFPP,7.470373982218802,7.657688843479444,fail,fail,False,False,Both rejected experiments,REJECTED — does not ship,True,0
INCH.LSE,sbc_once,PPPFP,PPPFP,1002.2160597329057,1057.0435634919043,unclear,pass,False,False,Charge SBC once,REJECTED — does not ship,True,0
INCH.LSE,combined,PPPFP,PPPFP,1002.2160597329057,1057.0435634919043,unclear,pass,False,False,Both rejected experiments,REJECTED — does not ship,True,0
VLX.LSE,sbc_once,PPPPP,PPPPP,171.66539217715035,194.69693575033284,fail,fail,False,False,Charge SBC once,REJECTED — does not ship,True,0
VLX.LSE,combined,PPPPP,PPPPP,171.66539217715035,194.69693575033284,fail,fail,False,False,Both rejected experiments,REJECTED — does not ship,True,0
192080.KO,sbc_once,PPPFP,PPPFP,144948.6709352821,144116.64667974523,pass,pass,False,False,Charge SBC once,REJECTED — does not ship,True,0
192080.KO,combined,PPPFP,PPPFP,144948.6709352821,144116.64667974523,pass,pass,False,False,Both rejected experiments,REJECTED — does not ship,True,0
LOTB.BR,sbc_once,PFPPP,PFPPP,2904.5987174966604,2915.2050480644975,fail,fail,False,False,Charge SBC once,REJECTED — does not ship,True,0
LOTB.BR,combined,PFPPP,PFPPP,2904.5987174966604,2915.2050480644975,fail,fail,False,False,Both rejected experiments,REJECTED — does not ship,True,0
VC.US,sbc_once,FPPFP,FPPFP,64.30504316889731,85.73625362551206,fail,fail,False,False,Charge SBC once,REJECTED — does not ship,True,0
VC.US,combined,FPPFP,FPPFP,64.30504316889731,85.73625362551206,fail,fail,False,False,Both rejected experiments,REJECTED — does not ship,True,0
VETTF.US,sbc_once,PFFPP,PFFPP,,,unclear,unclear,False,False,Charge SBC once,REJECTED — does not ship,True,
VETTF.US,combined,PFFPP,PFFPP,,,unclear,unclear,False,False,Both rejected experiments,REJECTED — does not ship,True,
EEFT.US,sbc_once,FPPFP,FPPFP,117.60557517237436,135.46167945849442,unclear,pass,False,False,Charge SBC once,REJECTED — does not ship,True,-1.4210854715202004e-14
EEFT.US,combined,FPPFP,FPPFP,117.60557517237436,135.46167945849442,unclear,pass,False,False,Both rejected experiments,REJECTED — does not ship,True,-1.4210854715202004e-14
CNU.AU,sbc_once,PFFFP,PFFFP,,,unclear,unclear,False,False,Charge SBC once,REJECTED — does not ship,False,
CNU.AU,combined,PFFFP,PFFFP,,,unclear,unclear,False,False,Both rejected experiments,REJECTED — does not ship,False,
JSG.LSE,sbc_once,FFPPP,FFPPP,89.70808229140408,98.06484993418091,fail,fail,False,False,Charge SBC once,REJECTED — does not ship,True,0
JSG.LSE,combined,FFPPP,FFPPP,89.70808229140408,98.06484993418091,fail,fail,False,False,Both rejected experiments,REJECTED — does not ship,True,0
SAF.PA,sbc_once,PFPPP,PFPPP,30.560616911415714,31.447587224403243,fail,fail,False,False,Charge SBC once,REJECTED — does not ship,True,0
SAF.PA,combined,PFPPP,PFPPP,30.560616911415714,31.447587224403243,fail,fail,False,False,Both rejected experiments,REJECTED — does not ship,True,0
DG.US,sbc_once,PFFPP,PFFPP,70.38819542869109,78.07139769945852,fail,fail,False,False,Charge SBC once,REJECTED — does not ship,True,0
DG.US,combined,PFFPP,PFFPP,70.38819542869109,78.07139769945852,fail,fail,False,False,Both rejected experiments,REJECTED — does not ship,True,0
ALK-B.CO,sbc_once,FFPPP,FFPPP,38.42787023624504,40.793387109912125,fail,fail,False,False,Charge SBC once,REJECTED — does not ship,True,0
ALK-B.CO,combined,FFPPP,FFPPP,38.42787023624504,40.793387109912125,fail,fail,False,False,Both rejected experiments,REJECTED — does not ship,True,0
WGO.US,sbc_once,FFFFP,FFFFP,3.968678917005339,10.912466474719384,fail,fail,False,False,Charge SBC once,REJECTED — does not ship,True,0
WGO.US,combined,FFFFP,FFFFP,3.968678917005339,10.912466474719384,fail,fail,False,False,Both rejected experiments,REJECTED — does not ship,True,0
IPS.PA,sbc_once,PFPPP,PFPPP,52.94189844163409,58.84711401627834,pass,pass,False,False,Charge SBC once,REJECTED — does not ship,False,0
IPS.PA,combined,PFPPP,PFPPP,52.94189844163409,58.84711401627834,pass,pass,False,False,Both rejected experiments,REJECTED — does not ship,False,0
ACP.WAR,sbc_once,PFPPP,PFPPP,196.1635952731548,204.8511269184124,fail,fail,False,False,Charge SBC once,REJECTED — does not ship,True,0
ACP.WAR,combined,PFPPP,PFPPP,196.1635952731548,204.8511269184124,fail,fail,False,False,Both rejected experiments,REJECTED — does not ship,True,0
MTS.AU,sbc_once,PFFFP,PFFFP,1.0816351358392104,1.1415751841448132,fail,fail,False,False,Charge SBC once,REJECTED — does not ship,True,0
MTS.AU,combined,PFFFP,PFFFP,1.0816351358392104,1.1415751841448132,fail,fail,False,False,Both rejected experiments,REJECTED — does not ship,True,0
SMCI.US,sbc_once,FFFFF,FFFFF,32.46834344942314,41.90901088544029,fail,fail,False,False,Charge SBC once,REJECTED — does not ship,True,0
SMCI.US,combined,FFFFF,FFFFF,32.46834344942314,41.90901088544029,fail,fail,False,False,Both rejected experiments,REJECTED — does not ship,True,0
GTM.US,sbc_once,FFFPP,FFPPP,,,unclear,unclear,False,False,Charge SBC once,REJECTED — does not ship,True,
GTM.US,combined,FFFPP,FFPPP,,,unclear,unclear,False,False,Both rejected experiments,REJECTED — does not ship,True,
ASML.AS,sbc_once,PPPPP,PPPPP,373.5000272713494,383.0185622812737,fail,fail,False,False,Charge SBC once,REJECTED — does not ship,True,0
ASML.AS,current_scale,PPPPP,PPPPP,373.5000272713494,510.57684903098624,fail,fail,False,False,Current annual scale,REJECTED — does not ship,True,0
ASML.AS,combined,PPPPP,PPPPP,373.5000272713494,519.3888975142945,fail,fail,False,False,Both rejected experiments,REJECTED — does not ship,True,0
DHI.US,sbc_once,PPFPP,PPFPP,131.98522560135424,138.09490009618742,fail,unclear,False,False,Charge SBC once,REJECTED — does not ship,True,0
DHI.US,combined,PPFPP,PPFPP,131.98522560135424,138.09490009618742,fail,unclear,False,False,Both rejected experiments,REJECTED — does not ship,True,0
SOU.F,sbc_once,PPPPP,PPPPP,6.22009034122925,6.389842817804762,fail,fail,False,False,Charge SBC once,REJECTED — does not ship,True,-8.881784197001252e-16
SOU.F,current_scale,PPPPP,PPPPP,6.22009034122925,6.805975097306217,fail,fail,False,False,Current annual scale,REJECTED — does not ship,True,-8.881784197001252e-16
SOU.F,combined,PPPPP,PPPPP,6.22009034122925,7.012214079596237,fail,fail,False,False,Both rejected experiments,REJECTED — does not ship,True,-8.881784197001252e-16
CACC.US,sbc_once,FFPPP,FFPPP,479.97111174596307,540.7163323288894,fail,unclear,False,False,Charge SBC once,REJECTED — does not ship,True,-5.684341886080802e-14
CACC.US,combined,FFPPP,FFPPP,479.97111174596307,540.7163323288894,fail,unclear,False,False,Both rejected experiments,REJECTED — does not ship,True,-5.684341886080802e-14
SJX.F,sbc_once,PPFPP,PPFPP,0.8453160414729218,0.9802925399810636,fail,fail,False,False,Charge SBC once,REJECTED — does not ship,True,0
SJX.F,combined,PPFPP,PPFPP,0.8453160414729218,0.9802925399810636,fail,fail,False,False,Both rejected experiments,REJECTED — does not ship,True,0
601633.SHG,sbc_once,FFFPP,FFFPP,17.29073302277208,17.901924532343727,unclear,unclear,False,False,Charge SBC once,REJECTED — does not ship,True,0
601633.SHG,combined,FFFPP,FFFPP,17.29073302277208,17.901924532343727,unclear,unclear,False,False,Both rejected experiments,REJECTED — does not ship,True,0
MAA.US,sbc_once,PFPPP,PFPPP,62.20543862868626,64.07386151973256,fail,fail,False,False,Charge SBC once,REJECTED — does not ship,True,0
MAA.US,combined,PFPPP,PFPPP,62.20543862868626,64.07386151973256,fail,fail,False,False,Both rejected experiments,REJECTED — does not ship,True,0
603899.SHG,sbc_once,PFPPP,PFPPP,35.959172016606004,36.13401314657653,pass,pass,False,False,Charge SBC once,REJECTED — does not ship,True,0
603899.SHG,combined,PFPPP,PFPPP,35.959172016606004,36.13401314657653,pass,pass,False,False,Both rejected experiments,REJECTED — does not ship,True,0
603833.SHG,sbc_once,PPPFP,PPPFP,53.75510818607389,53.73004575901937,pass,pass,False,False,Charge SBC once,REJECTED — does not ship,True,0
603833.SHG,combined,PPPFP,PPPFP,53.75510818607389,53.73004575901937,pass,pass,False,False,Both rejected experiments,REJECTED — does not ship,True,0
PFGC.US,sbc_once,FFPFP,FFPFP,58.87708326359104,63.32123708946829,fail,fail,False,False,Charge SBC once,REJECTED — does not ship,True,0
PFGC.US,combined,FFPFP,FFPFP,58.87708326359104,63.32123708946829,fail,fail,False,False,Both rejected experiments,REJECTED — does not ship,True,0
BELFB.US,sbc_once,FFPPP,FFPPP,79.67313350163174,82.06887243866352,fail,fail,False,False,Charge SBC once,REJECTED — does not ship,True,0
BELFB.US,combined,FFPPP,FFPPP,79.67313350163174,82.06887243866352,fail,fail,False,False,Both rejected experiments,REJECTED — does not ship,True,0
CWK.LSE,sbc_once,PPFFP,PPFFP,3009.4053157102057,3323.107836182247,fail,fail,False,False,Charge SBC once,REJECTED — does not ship,True,4.547473508864641e-13
CWK.LSE,combined,PPFFP,PPFFP,3009.4053157102057,3323.107836182247,fail,fail,False,False,Both rejected experiments,REJECTED — does not ship,True,4.547473508864641e-13
FTK.US,sbc_once,FFFFF,FFFFF,,3.2503583562463008,unclear,fail,False,False,Charge SBC once,REJECTED — does not ship,True,
FTK.US,combined,FFFFF,FFFFF,,3.2503583562463008,unclear,fail,False,False,Both rejected experiments,REJECTED — does not ship,True,
OIZ.IR,sbc_once,PPFFP,PPFFP,2.5700276148971257,2.852243835689887,fail,fail,False,False,Charge SBC once,REJECTED — does not ship,True,0
OIZ.IR,combined,PPFFP,PPFFP,2.5700276148971257,2.852243835689887,fail,fail,False,False,Both rejected experiments,REJECTED — does not ship,True,0
ALLE.US,sbc_once,PPPPP,PPPPP,137.62209642132868,144.1982313701921,fail,fail,False,False,Charge SBC once,REJECTED — does not ship,True,0
ALLE.US,current_scale,PPPPP,PPPPP,137.62209642132868,162.8906088736877,fail,unclear,False,False,Current annual scale,REJECTED — does not ship,True,0
ALLE.US,combined,PPPPP,PPPPP,137.62209642132868,170.46464538266414,fail,unclear,False,False,Both rejected experiments,REJECTED — does not ship,True,0
MTO.LSE,sbc_once,FPPPP,FPPPP,118.46310956980403,133.66326021824747,fail,fail,False,False,Charge SBC once,REJECTED — does not ship,True,0
MTO.LSE,combined,FPPPP,FPPPP,118.46310956980403,133.66326021824747,fail,fail,False,False,Both rejected experiments,REJECTED — does not ship,True,0
GLOB.US,sbc_once,PPPFP,PPPFP,48.265245960736856,79.9536981858736,unclear,pass,False,False,Charge SBC once,REJECTED — does not ship,True,0
GLOB.US,combined,PPPFP,PPPFP,48.265245960736856,79.9536981858736,unclear,pass,False,False,Both rejected experiments,REJECTED — does not ship,True,0
1209.HK,current_scale,PPPPP,PPPPP,18.987252281240053,22.44702074933802,fail,fail,False,False,Current annual scale,REJECTED — does not ship,True,0
1209.HK,combined,PPPPP,PPPPP,18.987252281240053,22.44702074933802,fail,fail,False,False,Both rejected experiments,REJECTED — does not ship,True,0
BSY.US,sbc_once,PPPPP,PPPPP,8.221109078134269,10.999781582428204,fail,fail,False,False,Charge SBC once,REJECTED — does not ship,True,
BSY.US,combined,PPPPP,PPPPP,8.221109078134269,10.999781582428204,fail,fail,False,False,Both rejected experiments,REJECTED — does not ship,True,
SNEX.US,sbc_once,PPPFP,PPPFP,24.025593602414844,27.861439447950605,fail,fail,False,False,Charge SBC once,REJECTED — does not ship,True,0
SNEX.US,combined,PPPFP,PPPFP,24.025593602414844,27.861439447950605,fail,fail,False,False,Both rejected experiments,REJECTED — does not ship,True,0
2331.HK,sbc_once,FPPPP,FPPPP,26.349707479659575,28.4651915271787,pass,pass,False,False,Charge SBC once,REJECTED — does not ship,True,0
2331.HK,combined,FPPPP,FPPPP,26.349707479659575,28.4651915271787,pass,pass,False,False,Both rejected experiments,REJECTED — does not ship,True,0
TNL.US,sbc_once,FFFPP,FFFPP,25.114462695231484,40.91670008911346,fail,fail,False,False,Charge SBC once,REJECTED — does not ship,True,
TNL.US,combined,FFFPP,FFFPP,25.114462695231484,40.91670008911346,fail,fail,False,False,Both rejected experiments,REJECTED — does not ship,True,
DSX.US,sbc_once,FFPFP,FFPFP,5.424053019211804,5.815724491248215,unclear,pass,False,False,Charge SBC once,REJECTED — does not ship,True,8.881784197001252e-16
DSX.US,combined,FFPFP,FFPFP,5.424053019211804,5.815724491248215,unclear,pass,False,False,Both rejected experiments,REJECTED — does not ship,True,8.881784197001252e-16
CW.US,sbc_once,PPPPP,PPPPP,148.7381412281361,154.3963769423866,fail,fail,False,False,Charge SBC once,REJECTED — does not ship,True,0
CW.US,combined,PPPPP,PPPPP,148.7381412281361,154.3963769423866,fail,fail,False,False,Both rejected experiments,REJECTED — does not ship,True,0
UNFI.US,sbc_once,FFPFP,FFPFP,,4.753104600902381,unclear,fail,False,False,Charge SBC once,REJECTED — does not ship,True,
UNFI.US,combined,FFPFP,FFPFP,,4.753104600902381,unclear,fail,False,False,Both rejected experiments,REJECTED — does not ship,True,
CAP.PA,sbc_once,PPPPP,PPPPP,127.04805084952966,146.9774206955202,unclear,unclear,False,False,Charge SBC once,REJECTED — does not ship,True,0
CAP.PA,combined,PPPPP,PPPPP,127.04805084952966,146.9774206955202,unclear,unclear,False,False,Both rejected experiments,REJECTED — does not ship,True,0
GN.CO,sbc_once,PFPFP,PFPFP,81.44174703955281,78.36685757121057,fail,fail,False,False,Charge SBC once,REJECTED — does not ship,True,0
GN.CO,combined,PFPFP,PFPFP,81.44174703955281,78.36685757121057,fail,fail,False,False,Both rejected experiments,REJECTED — does not ship,True,0
SNPS.US,sbc_once,PFFPP,PFPPP,69.1253571431099,109.14098055113472,fail,fail,False,False,Charge SBC once,REJECTED — does not ship,True,0
SNPS.US,combined,PFFPP,PFPPP,69.1253571431099,109.14098055113472,fail,fail,False,False,Both rejected experiments,REJECTED — does not ship,True,0
079550.KO,sbc_once,FFPPF,FFPPF,73449.01402522779,94917.93305464298,fail,fail,False,False,Charge SBC once,REJECTED — does not ship,True,0
079550.KO,combined,FFPPF,FFPPF,73449.01402522779,94917.93305464298,fail,fail,False,False,Both rejected experiments,REJECTED — does not ship,True,0
JKHY.US,sbc_once,PPPFP,PPPFP,85.40855084640977,90.39310014226345,fail,fail,False,False,Charge SBC once,REJECTED — does not ship,True,
JKHY.US,combined,PPPFP,PPPFP,85.40855084640977,90.39310014226345,fail,fail,False,False,Both rejected experiments,REJECTED — does not ship,True,
CNS.US,sbc_once,PFFFF,PFFFF,29.623833199575024,48.22874262840626,fail,fail,False,False,Charge SBC once,REJECTED — does not ship,True,0
CNS.US,combined,PFFFF,PFFFF,29.623833199575024,48.22874262840626,fail,fail,False,False,Both rejected experiments,REJECTED — does not ship,True,0
LHX.US,sbc_once,PPPPP,PPPPP,140.4592580213438,163.12658319520094,fail,fail,False,False,Charge SBC once,REJECTED — does not ship,False,2.2883103081827585
LHX.US,combined,PPPPP,PPPPP,140.4592580213438,163.12658319520094,fail,fail,False,False,Both rejected experiments,REJECTED — does not ship,False,2.2883103081827585
AMXB.MX,sbc_once,PFPFP,PFPFP,8.430327714306264,8.940229014737902,fail,fail,False,False,Charge SBC once,REJECTED — does not ship,True,0
AMXB.MX,combined,PFPFP,PFPFP,8.430327714306264,8.940229014737902,fail,fail,False,False,Both rejected experiments,REJECTED — does not ship,True,0
LPLA.US,sbc_once,PPPPF,PPPPF,207.14124262126361,226.64532755844593,fail,fail,False,False,Charge SBC once,REJECTED — does not ship,True,0
LPLA.US,combined,PPPPF,PPPPF,207.14124262126361,226.64532755844593,fail,fail,False,False,Both rejected experiments,REJECTED — does not ship,True,0
BCE.TO,sbc_once,PFPFP,PFPFP,28.574525170661,29.86276543794118,unclear,unclear,False,False,Charge SBC once,REJECTED — does not ship,True,0
BCE.TO,combined,PFPFP,PFPFP,28.574525170661,29.86276543794118,unclear,unclear,False,False,Both rejected experiments,REJECTED — does not ship,True,0
LSTR.US,sbc_once,PFFPP,PFFPP,60.63809797484273,62.83626023183633,fail,fail,False,False,Charge SBC once,REJECTED — does not ship,True,0
LSTR.US,combined,PFFPP,PFFPP,60.63809797484273,62.83626023183633,fail,fail,False,False,Both rejected experiments,REJECTED — does not ship,True,0
TDC.US,sbc_once,FFFFP,FFPFP,13.315624039708872,29.230006344128082,fail,fail,False,False,Charge SBC once,REJECTED — does not ship,True,0
TDC.US,combined,FFFFP,FFPFP,13.315624039708872,29.230006344128082,fail,fail,False,False,Both rejected experiments,REJECTED — does not ship,True,0
VZ.US,sbc_once,PFFFP,PFFFP,51.70990605249442,51.50721714992047,unclear,unclear,False,False,Charge SBC once,REJECTED — does not ship,True,0
VZ.US,combined,PFFFP,PFFFP,51.70990605249442,51.50721714992047,unclear,unclear,False,False,Both rejected experiments,REJECTED — does not ship,True,0
PRX.AS,sbc_once,FFPPP,FFPPP,65.18398054951736,66.4089549682656,unclear,unclear,False,False,Charge SBC once,REJECTED — does not ship,True,0
PRX.AS,combined,FFPPP,FFPPP,65.18398054951736,66.4089549682656,unclear,unclear,False,False,Both rejected experiments,REJECTED — does not ship,True,0
GTK.AU,sbc_once,FFPFP,FFPFP,1.2674121630716655,1.730273967611981,fail,fail,False,False,Charge SBC once,REJECTED — does not ship,True,0
GTK.AU,combined,FFPFP,FFPFP,1.2674121630716655,1.730273967611981,fail,fail,False,False,Both rejected experiments,REJECTED — does not ship,True,0
EFOR.US,sbc_once,PPPFP,PPPFP,42.25645241146145,50.23451916251268,unclear,unclear,False,False,Charge SBC once,REJECTED — does not ship,True,0
EFOR.US,combined,PPPFP,PPPFP,42.25645241146145,50.23451916251268,unclear,unclear,False,False,Both rejected experiments,REJECTED — does not ship,True,0
CIEN.US,sbc_once,PFFPP,PFFPP,,28.961140047138876,unclear,fail,False,False,Charge SBC once,REJECTED — does not ship,True,
CIEN.US,combined,PFFPP,PFFPP,,28.961140047138876,unclear,fail,False,False,Both rejected experiments,REJECTED — does not ship,True,
FNV.TO,sbc_once,FFPPP,FFPPP,108.80634671027062,109.95497701137194,fail,fail,False,False,Charge SBC once,REJECTED — does not ship,True,0
FNV.TO,combined,FFPPP,FFPPP,108.80634671027062,109.95497701137194,fail,fail,False,False,Both rejected experiments,REJECTED — does not ship,True,0
KNEBV.HE,sbc_once,PPPPP,PPPPP,13.446213586041779,13.447002588100862,fail,fail,False,False,Charge SBC once,REJECTED — does not ship,True,0
KNEBV.HE,combined,PPPPP,PPPPP,13.446213586041779,13.447002588100862,fail,fail,False,False,Both rejected experiments,REJECTED — does not ship,True,0
EFX.US,sbc_once,FFPPP,FFPPP,73.56554174866042,81.31470514117723,fail,fail,False,False,Charge SBC once,REJECTED — does not ship,True,0
EFX.US,combined,FFPPP,FFPPP,73.56554174866042,81.31470514117723,fail,fail,False,False,Both rejected experiments,REJECTED — does not ship,True,0
RTHA.F,sbc_once,PFFFP,PFFFP,4.495590432967959,4.567125098696528,unclear,unclear,False,False,Charge SBC once,REJECTED — does not ship,True,0
RTHA.F,combined,PFFFP,PFFFP,4.495590432967959,4.567125098696528,unclear,unclear,False,False,Both rejected experiments,REJECTED — does not ship,True,0
BR.US,sbc_once,PPPPP,PPPPP,188.43839958604175,201.68438472398813,unclear,pass,False,True,Charge SBC once,REJECTED — does not ship,True,0
BR.US,current_scale,PPPPP,PPPPP,188.43839958604175,216.1981376942682,unclear,pass,False,True,Current annual scale,REJECTED — does not ship,True,0
BR.US,combined,PPPPP,PPPPP,188.43839958604175,231.41896917485943,unclear,pass,False,True,Both rejected experiments,REJECTED — does not ship,True,0
RAA.XETRA,current_scale,PPPPP,PPPPP,427.23406026339904,473.7343417657765,fail,fail,False,False,Current annual scale,REJECTED — does not ship,True,0
RAA.XETRA,combined,PPPPP,PPPPP,427.23406026339904,473.7343417657765,fail,fail,False,False,Both rejected experiments,REJECTED — does not ship,True,0
ODFL.US,sbc_once,PPFPP,PPFPP,58.268109565261604,59.03682741079161,fail,fail,False,False,Charge SBC once,REJECTED — does not ship,True,0
ODFL.US,combined,PPFPP,PPFPP,58.268109565261604,59.03682741079161,fail,fail,False,False,Both rejected experiments,REJECTED — does not ship,True,0
CF.US,sbc_once,FFPPP,FFPPP,131.24121082393006,134.9394068222304,unclear,unclear,False,False,Charge SBC once,REJECTED — does not ship,True,0
CF.US,combined,FFPPP,FFPPP,131.24121082393006,134.9394068222304,unclear,unclear,False,False,Both rejected experiments,REJECTED — does not ship,True,0
STRL.US,sbc_once,PPPFP,PPPFP,77.81399249293725,85.4800381656399,fail,fail,False,False,Charge SBC once,REJECTED — does not ship,True,0
STRL.US,combined,PPPFP,PPPFP,77.81399249293725,85.4800381656399,fail,fail,False,False,Both rejected experiments,REJECTED — does not ship,True,0
NPO.US,sbc_once,FFPPP,FFPPP,49.17605253018652,58.56268677347802,fail,fail,False,False,Charge SBC once,REJECTED — does not ship,True,0
NPO.US,combined,FFPPP,FFPPP,49.17605253018652,58.56268677347802,fail,fail,False,False,Both rejected experiments,REJECTED — does not ship,True,0
GNTX.US,sbc_once,PPPFP,PPPFP,24.360398067301784,26.8294501223182,unclear,unclear,False,False,Charge SBC once,REJECTED — does not ship,True,0
GNTX.US,combined,PPPFP,PPPFP,24.360398067301784,26.8294501223182,unclear,unclear,False,False,Both rejected experiments,REJECTED — does not ship,True,0
DOL.TO,sbc_once,PFFPP,PFFPP,42.95267994038473,43.8899862330749,fail,fail,False,False,Charge SBC once,REJECTED — does not ship,True,0
DOL.TO,combined,PFFPP,PFFPP,42.95267994038473,43.8899862330749,fail,fail,False,False,Both rejected experiments,REJECTED — does not ship,True,0
HOC.LSE,sbc_once,FFFPP,FFFPP,254.0907442765428,259.18279627016443,fail,fail,False,False,Charge SBC once,REJECTED — does not ship,True,0
HOC.LSE,combined,FFFPP,FFFPP,254.0907442765428,259.18279627016443,fail,fail,False,False,Both rejected experiments,REJECTED — does not ship,True,0
PATK.US,sbc_once,PPPFP,PPPFP,71.34861663188352,78.19474586476855,unclear,unclear,False,False,Charge SBC once,REJECTED — does not ship,True,
PATK.US,combined,PPPFP,PPPFP,71.34861663188352,78.19474586476855,unclear,unclear,False,False,Both rejected experiments,REJECTED — does not ship,True,
STLD.US,sbc_once,FPFPP,FPFPP,83.35729358006283,89.3432912566424,fail,fail,False,False,Charge SBC once,REJECTED — does not ship,True,0
STLD.US,combined,FPFPP,FPFPP,83.35729358006283,89.3432912566424,fail,fail,False,False,Both rejected experiments,REJECTED — does not ship,True,0
VIE.PA,sbc_once,PPFFP,PPFFP,17.550572263170036,18.54613738166389,fail,fail,False,False,Charge SBC once,REJECTED — does not ship,True,0
VIE.PA,combined,PPFFP,PPFFP,17.550572263170036,18.54613738166389,fail,fail,False,False,Both rejected experiments,REJECTED — does not ship,True,0
SGE.LSE,sbc_once,PFPPP,PFPPP,411.0202414305481,460.73911710881913,fail,fail,False,False,Charge SBC once,REJECTED — does not ship,True,0
SGE.LSE,combined,PFPPP,PFPPP,411.0202414305481,460.73911710881913,fail,fail,False,False,Both rejected experiments,REJECTED — does not ship,True,0
APG.US,sbc_once,FFPPP,FFPPP,11.843249526151356,12.710877227913121,fail,fail,False,False,Charge SBC once,REJECTED — does not ship,True,0
APG.US,combined,FFPPP,FFPPP,11.843249526151356,12.710877227913121,fail,fail,False,False,Both rejected experiments,REJECTED — does not ship,True,0
SGSN.SW,sbc_once,PPPPP,PPPPP,59.76741833464157,61.17871788668226,fail,fail,False,False,Charge SBC once,REJECTED — does not ship,True,0
SGSN.SW,current_scale,PPPPP,PPPPP,59.76741833464157,64.06438174381965,fail,fail,False,False,Current annual scale,REJECTED — does not ship,True,0
SGSN.SW,combined,PPPPP,PPPPP,59.76741833464157,65.8412403276728,fail,fail,False,False,Both rejected experiments,REJECTED — does not ship,True,0
002252.SHE,sbc_once,FFFFF,FFFFF,2.889733700135563,2.927081428411808,fail,fail,False,False,Charge SBC once,REJECTED — does not ship,True,0
002252.SHE,combined,FFFFF,FFFFF,2.889733700135563,2.927081428411808,fail,fail,False,False,Both rejected experiments,REJECTED — does not ship,True,0
BDC.US,sbc_once,PPPPP,PPPPP,65.64479343655329,76.34333155125064,fail,fail,False,False,Charge SBC once,REJECTED — does not ship,True,0
BDC.US,combined,PPPPP,PPPPP,65.64479343655329,76.34333155125064,fail,fail,False,False,Both rejected experiments,REJECTED — does not ship,True,0
GRASIM.NSE,sbc_once,PFPPF,PFPPF,803.5831898559742,840.3112148073734,fail,fail,False,False,Charge SBC once,REJECTED — does not ship,True,0
GRASIM.NSE,combined,PFPPF,PFPPF,803.5831898559742,840.3112148073734,fail,fail,False,False,Both rejected experiments,REJECTED — does not ship,True,0
MRK.US,sbc_once,PPPPP,PPPPP,27.612114097077576,32.108786659809994,fail,fail,False,False,Charge SBC once,REJECTED — does not ship,True,0
MRK.US,combined,PPPPP,PPPPP,27.612114097077576,32.108786659809994,fail,fail,False,False,Both rejected experiments,REJECTED — does not ship,True,0
NTES.US,sbc_once,PPPPP,PPPPP,156.46621627946226,167.89784472189191,unclear,pass,False,True,Charge SBC once,REJECTED — does not ship,True,0
NTES.US,current_scale,PPPPP,PPPPP,156.46621627946226,166.6537707450417,unclear,unclear,False,False,Current annual scale,REJECTED — does not ship,True,0
NTES.US,combined,PPPPP,PPPPP,156.46621627946226,179.0971774036331,unclear,pass,False,True,Both rejected experiments,REJECTED — does not ship,True,0
VEEV.US,sbc_once,PPFPP,PPPPP,70.15717234232534,113.92634760640209,fail,fail,False,False,Charge SBC once,REJECTED — does not ship,True,0
VEEV.US,combined,PPFPP,PPPPP,70.15717234232534,145.98172718872368,fail,fail,False,False,Both rejected experiments,REJECTED — does not ship,True,0
CART.US,sbc_once,FFUUU,FFUUU,8.669948321206359,22.725343866126625,unclear,unclear,False,False,Charge SBC once,REJECTED — does not ship,False,
CART.US,combined,FFUUU,FFUUU,8.669948321206359,22.725343866126625,unclear,unclear,False,False,Both rejected experiments,REJECTED — does not ship,False,
PTEC.LSE,sbc_once,FFFFF,FFFFF,330.936481835612,362.4645705798418,fail,fail,False,False,Charge SBC once,REJECTED — does not ship,True,0
PTEC.LSE,combined,FFFFF,FFFFF,330.936481835612,362.4645705798418,fail,fail,False,False,Both rejected experiments,REJECTED — does not ship,True,0
6532.JP,sbc_once,PPPPP,PPPPP,2393.7929806985812,2450.1332899165573,fail,fail,False,False,Charge SBC once,REJECTED — does not ship,True,0
6532.JP,current_scale,PPPPP,PPPPP,2393.7929806985812,3346.8366331427856,fail,fail,False,False,Current annual scale,REJECTED — does not ship,True,0
6532.JP,combined,PPPPP,PPPPP,2393.7929806985812,3429.9780025631267,fail,fail,False,False,Both rejected experiments,REJECTED — does not ship,True,0
PM.US,sbc_once,PPPPP,PPPPP,95.31804574509184,96.20598557521974,fail,fail,False,False,Charge SBC once,REJECTED — does not ship,True,0
PM.US,current_scale,PPPPP,PPPPP,95.31804574509184,109.63800824786314,fail,fail,False,False,Current annual scale,REJECTED — does not ship,True,0
PM.US,combined,PPPPP,PPPPP,95.31804574509184,110.66413488159945,fail,fail,False,False,Both rejected experiments,REJECTED — does not ship,True,0
MCK.US,current_scale,PPPPP,PPPPP,351.4945036832097,394.9395145004952,fail,fail,False,False,Current annual scale,REJECTED — does not ship,True,0
MCK.US,combined,PPPPP,PPPPP,351.4945036832097,418.16953733040987,fail,fail,False,False,Both rejected experiments,REJECTED — does not ship,True,0
INTT.US,sbc_once,FFFFP,FFFFP,2.6474190508080606,4.288152215564646,fail,fail,False,False,Charge SBC once,REJECTED — does not ship,True,0
INTT.US,combined,FFFFP,FFFFP,2.6474190508080606,4.288152215564646,fail,fail,False,False,Both rejected experiments,REJECTED — does not ship,True,0
AMD.US,sbc_once,FFFFP,FFFFP,36.092358186059656,47.251517629943415,fail,fail,False,False,Charge SBC once,REJECTED — does not ship,True,0
AMD.US,combined,FFFFP,FFFFP,36.092358186059656,47.251517629943415,fail,fail,False,False,Both rejected experiments,REJECTED — does not ship,True,0
MO.US,sbc_once,FPFFP,FPPFP,42.71784384109906,43.090274912076374,fail,fail,False,False,Charge SBC once,REJECTED — does not ship,True,0
MO.US,combined,FPFFP,FPPFP,42.71784384109906,43.090274912076374,fail,fail,False,False,Both rejected experiments,REJECTED — does not ship,True,0
UU.LSE,sbc_once,PFFPP,PFFPP,473.4014338690664,477.8428726550835,fail,fail,False,False,Charge SBC once,REJECTED — does not ship,True,0
UU.LSE,combined,PFFPP,PFFPP,473.4014338690664,477.8428726550835,fail,fail,False,False,Both rejected experiments,REJECTED — does not ship,True,0
BVI.PA,sbc_once,PPPPP,PPPPP,16.545998366935684,17.270363480086335,fail,fail,False,False,Charge SBC once,REJECTED — does not ship,True,0
BVI.PA,combined,PPPPP,PPPPP,16.545998366935684,17.270363480086335,fail,fail,False,False,Both rejected experiments,REJECTED — does not ship,True,0
FIVE.US,sbc_once,PFPPP,PFPPP,108.15054457512974,117.18430772209801,fail,fail,False,False,Charge SBC once,REJECTED — does not ship,True,0
FIVE.US,combined,PFPPP,PFPPP,108.15054457512974,117.18430772209801,fail,fail,False,False,Both rejected experiments,REJECTED — does not ship,True,0
LEGH.US,sbc_once,PFFFP,PFFFP,18.79682384907519,19.03433612451612,fail,fail,False,False,Charge SBC once,REJECTED — does not ship,True,0
LEGH.US,combined,PFFFP,PFFFP,18.79682384907519,19.03433612451612,fail,fail,False,False,Both rejected experiments,REJECTED — does not ship,True,0
OPTU.US,sbc_once,FFFFP,FFPFP,,,unclear,unclear,False,False,Charge SBC once,REJECTED — does not ship,True,
OPTU.US,combined,FFFFP,FFPFP,,,unclear,unclear,False,False,Both rejected experiments,REJECTED — does not ship,True,
LLY.US,sbc_once,PPFPP,PPPPP,122.34530588869178,129.81098399915038,fail,fail,False,False,Charge SBC once,REJECTED — does not ship,True,0
LLY.US,combined,PPFPP,PPPPP,122.34530588869178,274.95143198049715,fail,fail,False,False,Both rejected experiments,REJECTED — does not ship,True,0
ACI.US,sbc_once,FFPFP,FFPFP,16.269748864726612,18.636442472019446,unclear,unclear,False,False,Charge SBC once,REJECTED — does not ship,True,0
ACI.US,combined,FFPFP,FFPFP,16.269748864726612,18.636442472019446,unclear,unclear,False,False,Both rejected experiments,REJECTED — does not ship,True,0
MSFT.US,sbc_once,PPFPP,PPPPP,193.45712659942757,240.6570610801532,fail,fail,False,False,Charge SBC once,REJECTED — does not ship,True,0
MSFT.US,combined,PPFPP,PPPPP,193.45712659942757,267.0414877042076,fail,fail,False,False,Both rejected experiments,REJECTED — does not ship,True,0
AGCO.US,sbc_once,PPPPP,PPPPP,107.4381386370439,114.2577896312193,fail,fail,False,False,Charge SBC once,REJECTED — does not ship,True,0
AGCO.US,combined,PPPPP,PPPPP,107.4381386370439,114.2577896312193,fail,fail,False,False,Both rejected experiments,REJECTED — does not ship,True,0
SFM.US,sbc_once,PPPPP,PPPPP,52.83734126027882,56.14531563795545,fail,fail,False,False,Charge SBC once,REJECTED — does not ship,True,0
SFM.US,combined,PPPPP,PPPPP,52.83734126027882,56.14531563795545,fail,fail,False,False,Both rejected experiments,REJECTED — does not ship,True,0
ALFA.LSE,sbc_once,PFPFP,PFPFP,93.3386814628248,99.39277651498432,fail,fail,False,False,Charge SBC once,REJECTED — does not ship,True,0
ALFA.LSE,combined,PFPFP,PFPFP,93.3386814628248,99.39277651498432,fail,fail,False,False,Both rejected experiments,REJECTED — does not ship,True,0
LTOD.LSE,sbc_once,PFPPP,PFPPP,14.516607852858872,14.750500366194487,fail,fail,False,False,Charge SBC once,REJECTED — does not ship,True,1.7763568394002505e-15
LTOD.LSE,combined,PFPPP,PFPPP,14.516607852858872,14.750500366194487,fail,fail,False,False,Both rejected experiments,REJECTED — does not ship,True,1.7763568394002505e-15
3661.TW,sbc_once,PFFFP,PFFFP,1270.644884741014,1347.8100218006743,fail,fail,False,False,Charge SBC once,REJECTED — does not ship,True,0
3661.TW,combined,PFFFP,PFFFP,1270.644884741014,1347.8100218006743,fail,fail,False,False,Both rejected experiments,REJECTED — does not ship,True,0
ARDT.US,sbc_once,UUUUU,UUUUU,,7.133698141487006,unclear,unclear,False,False,Charge SBC once,REJECTED — does not ship,False,
ARDT.US,combined,UUUUU,UUUUU,,7.133698141487006,unclear,unclear,False,False,Both rejected experiments,REJECTED — does not ship,False,
DBX.US,sbc_once,FFFPP,FFPPP,17.207757097138444,32.81224111922757,fail,fail,False,False,Charge SBC once,REJECTED — does not ship,True,0
DBX.US,combined,FFFPP,FFPPP,17.207757097138444,32.81224111922757,fail,fail,False,False,Both rejected experiments,REJECTED — does not ship,True,0
NCK.AU,sbc_once,PFFPP,PFFPP,8.292247510500543,8.38313074393145,fail,fail,False,False,Charge SBC once,REJECTED — does not ship,True,0
NCK.AU,combined,PFFPP,PFFPP,8.292247510500543,8.38313074393145,fail,fail,False,False,Both rejected experiments,REJECTED — does not ship,True,0
ZTS.US,sbc_once,PPPPP,PPPPP,116.90051374005269,119.97618389696618,pass,pass,True,True,Charge SBC once,REJECTED — does not ship,True,0
ZTS.US,current_scale,PPPPP,PPPPP,116.90051374005269,129.14076638198307,pass,pass,True,True,Current annual scale,REJECTED — does not ship,True,0
ZTS.US,combined,PPPPP,PPPPP,116.90051374005269,132.54869819091326,pass,pass,True,True,Both rejected experiments,REJECTED — does not ship,True,0
PSPN.SW,sbc_once,PFPPP,PFPPP,92.91817946728862,93.13239161395492,fail,fail,False,False,Charge SBC once,REJECTED — does not ship,True,0
PSPN.SW,combined,PFPPP,PFPPP,92.91817946728862,93.13239161395492,fail,fail,False,False,Both rejected experiments,REJECTED — does not ship,True,0
NOVT.US,sbc_once,PPPPF,PPPPF,38.004066908497585,51.38990623048422,fail,fail,False,False,Charge SBC once,REJECTED — does not ship,True,0
NOVT.US,combined,PPPPF,PPPPF,38.004066908497585,51.38990623048422,fail,fail,False,False,Both rejected experiments,REJECTED — does not ship,True,0
WHR.US,sbc_once,FFFFF,FFFFF,23.39182817819179,42.6583666965268,fail,unclear,False,False,Charge SBC once,REJECTED — does not ship,True,0
WHR.US,combined,FFFFF,FFFFF,23.39182817819179,42.6583666965268,fail,unclear,False,False,Both rejected experiments,REJECTED — does not ship,True,0
NSIS-B.CO,sbc_once,PFPFP,PFPFP,95.49700225388834,99.83395010118164,fail,fail,False,False,Charge SBC once,REJECTED — does not ship,True,0
NSIS-B.CO,combined,PFPFP,PFPFP,95.49700225388834,99.83395010118164,fail,fail,False,False,Both rejected experiments,REJECTED — does not ship,True,0
COLL.US,sbc_once,FFFFP,FFFFP,68.35469101110614,78.72151505292018,pass,pass,False,False,Charge SBC once,REJECTED — does not ship,True,0
COLL.US,combined,FFFFP,FFFFP,68.35469101110614,78.72151505292018,pass,pass,False,False,Both rejected experiments,REJECTED — does not ship,True,0
GD.US,sbc_once,PPPPP,PPPPP,187.42215770882987,197.5604948035378,fail,fail,False,False,Charge SBC once,REJECTED — does not ship,True,0
GD.US,combined,PPPPP,PPPPP,187.42215770882987,197.5604948035378,fail,fail,False,False,Both rejected experiments,REJECTED — does not ship,True,0
IBP.US,sbc_once,PPPPP,PPPPP,233.12871317295924,253.69007161327454,pass,pass,True,True,Charge SBC once,REJECTED — does not ship,True,0
IBP.US,combined,PPPPP,PPPPP,233.12871317295924,264.4489219599511,pass,pass,True,True,Both rejected experiments,REJECTED — does not ship,True,0
NXT.US,sbc_once,FPFPP,FPPPP,27.01165968386955,31.636284833507144,fail,fail,False,False,Charge SBC once,REJECTED — does not ship,True,0
NXT.US,combined,FPFPP,FPPPP,27.01165968386955,31.636284833507144,fail,fail,False,False,Both rejected experiments,REJECTED — does not ship,True,0
DIE.BR,sbc_once,FFPPP,FFPPP,77.07715215349138,89.14583319783168,fail,fail,False,False,Charge SBC once,REJECTED — does not ship,True,0
DIE.BR,combined,FFPPP,FFPPP,77.07715215349138,89.14583319783168,fail,fail,False,False,Both rejected experiments,REJECTED — does not ship,True,0
HWKN.US,sbc_once,FFPPP,FFPPP,47.72789329326424,51.47637835435909,fail,fail,False,False,Charge SBC once,REJECTED — does not ship,True,0
HWKN.US,combined,FFPPP,FFPPP,47.72789329326424,51.47637835435909,fail,fail,False,False,Both rejected experiments,REJECTED — does not ship,True,0
BALL.US,sbc_once,PPPFP,PPPFP,35.347524183405355,37.15021291593782,fail,fail,False,False,Charge SBC once,REJECTED — does not ship,True,0
BALL.US,combined,PPPFP,PPPFP,35.347524183405355,37.15021291593782,fail,fail,False,False,Both rejected experiments,REJECTED — does not ship,True,0
ADT.US,sbc_once,FFPFP,FFPFP,14.33927713583909,15.286207198280225,pass,pass,False,False,Charge SBC once,REJECTED — does not ship,True,
ADT.US,combined,FFPFP,FFPFP,14.33927713583909,15.286207198280225,pass,pass,False,False,Both rejected experiments,REJECTED — does not ship,True,
VNT.US,sbc_once,PPPPP,PPPPP,32.88128719979638,36.386174409483296,unclear,unclear,False,False,Charge SBC once,REJECTED — does not ship,True,0
VNT.US,combined,PPPPP,PPPPP,32.88128719979638,36.386174409483296,unclear,unclear,False,False,Both rejected experiments,REJECTED — does not ship,True,0
MIR.US,sbc_once,UUUUU,UUUUU,1.8786589658565156,2.9216323040198633,unclear,unclear,False,False,Charge SBC once,REJECTED — does not ship,False,
MIR.US,combined,UUUUU,UUUUU,1.8786589658565156,2.9216323040198633,unclear,unclear,False,False,Both rejected experiments,REJECTED — does not ship,False,
PKOH.US,sbc_once,FFFFP,FFFFP,5.360647227254741,11.146209685212284,fail,fail,False,False,Charge SBC once,REJECTED — does not ship,True,
PKOH.US,combined,FFFFP,FFFFP,5.360647227254741,11.146209685212284,fail,fail,False,False,Both rejected experiments,REJECTED — does not ship,True,
QSR.TO,sbc_once,PPPPP,PPPPP,35.33350669093126,43.01197547185327,fail,fail,False,False,Charge SBC once,REJECTED — does not ship,True,0
QSR.TO,combined,PPPPP,PPPPP,35.33350669093126,43.01197547185327,fail,fail,False,False,Both rejected experiments,REJECTED — does not ship,True,0
GAW.LSE,sbc_once,PPPPP,PPPPP,9914.568323684885,9991.489205539357,fail,fail,False,False,Charge SBC once,REJECTED — does not ship,True,1.8189894035458565e-12
GAW.LSE,current_scale,PPPPP,PPPPP,9914.568323684885,12687.96141270601,fail,fail,False,False,Current annual scale,REJECTED — does not ship,True,1.8189894035458565e-12
GAW.LSE,combined,PPPPP,PPPPP,9914.568323684885,12851.075220997225,fail,fail,False,False,Both rejected experiments,REJECTED — does not ship,True,1.8189894035458565e-12
UMI.BR,sbc_once,FFPFP,FFPFP,25.244186357795332,25.63487460144691,unclear,unclear,False,False,Charge SBC once,REJECTED — does not ship,True,0
UMI.BR,combined,FFPFP,FFPFP,25.244186357795332,25.63487460144691,unclear,unclear,False,False,Both rejected experiments,REJECTED — does not ship,True,0
APOLLOHOSP.NSE,sbc_once,PFFPP,PFPPP,1174.720715934742,1177.639314126931,fail,fail,False,False,Charge SBC once,REJECTED — does not ship,True,0
APOLLOHOSP.NSE,combined,PFFPP,PFPPP,1174.720715934742,1177.639314126931,fail,fail,False,False,Both rejected experiments,REJECTED — does not ship,True,0
NEX.PA,sbc_once,PFFPP,PFFPP,71.08730227283756,82.20768957758573,fail,fail,False,False,Charge SBC once,REJECTED — does not ship,True,0
NEX.PA,combined,PFFPP,PFFPP,71.08730227283756,82.20768957758573,fail,fail,False,False,Both rejected experiments,REJECTED — does not ship,True,0
ITC.NSE,sbc_once,PPPFP,PPPFP,235.24090946225732,235.9823907625053,fail,fail,False,False,Charge SBC once,REJECTED — does not ship,False,
ITC.NSE,combined,PPPFP,PPPFP,235.24090946225732,235.9823907625053,fail,fail,False,False,Both rejected experiments,REJECTED — does not ship,False,
ITX.MC,current_scale,PPPPP,PPPPP,38.254159866925356,39.3721071690503,fail,fail,False,False,Current annual scale,REJECTED — does not ship,True,0
ITX.MC,combined,PPPPP,PPPPP,38.254159866925356,39.3721071690503,fail,fail,False,False,Both rejected experiments,REJECTED — does not ship,True,0
IMCD.AS,sbc_once,PFPPP,PFPPP,92.13906559347015,93.00598117474614,fail,fail,False,False,Charge SBC once,REJECTED — does not ship,True,0
IMCD.AS,combined,PFPPP,PFPPP,92.13906559347015,93.00598117474614,fail,fail,False,False,Both rejected experiments,REJECTED — does not ship,True,0
HWM.US,sbc_once,PPPPP,PPPPP,24.905878040747353,26.465211885055318,fail,fail,False,False,Charge SBC once,REJECTED — does not ship,True,0
HWM.US,combined,PPPPP,PPPPP,24.905878040747353,26.465211885055318,fail,fail,False,False,Both rejected experiments,REJECTED — does not ship,True,0
SHC.US,sbc_once,FFFPP,FFPPP,1.4914693054202204,3.0884409940335864,fail,fail,False,False,Charge SBC once,REJECTED — does not ship,True,0
SHC.US,combined,FFFPP,FFPPP,1.4914693054202204,3.0884409940335864,fail,fail,False,False,Both rejected experiments,REJECTED — does not ship,True,0
GIII.US,sbc_once,PFFFP,PFFFP,19.623820862622217,27.698669595747454,fail,unclear,False,False,Charge SBC once,REJECTED — does not ship,True,
GIII.US,combined,PFFFP,PFFFP,19.623820862622217,27.698669595747454,fail,unclear,False,False,Both rejected experiments,REJECTED — does not ship,True,
TDAY.US,sbc_once,FFFFP,FFFFP,3.889015376311662,4.635370375125751,fail,fail,False,False,Charge SBC once,REJECTED — does not ship,True,
TDAY.US,combined,FFFFP,FFFFP,3.889015376311662,4.635370375125751,fail,fail,False,False,Both rejected experiments,REJECTED — does not ship,True,
GNE.US,sbc_once,FFPPP,FFPPP,17.76023438336555,19.487727779885727,unclear,unclear,False,False,Charge SBC once,REJECTED — does not ship,True,0
GNE.US,combined,FFPPP,FFPPP,17.76023438336555,19.487727779885727,unclear,unclear,False,False,Both rejected experiments,REJECTED — does not ship,True,0
1093.HK,sbc_once,PFPPP,PFPPP,5.693660747376989,5.609512505920032,fail,fail,False,False,Charge SBC once,REJECTED — does not ship,False,0.9867912455937935
1093.HK,combined,PFPPP,PFPPP,5.693660747376989,5.609512505920032,fail,fail,False,False,Both rejected experiments,REJECTED — does not ship,False,0.9867912455937935
GVR.IR,sbc_once,FFPFP,FFPFP,1.2447840422181522,1.2870278407727027,fail,fail,False,False,Charge SBC once,REJECTED — does not ship,True,0
GVR.IR,combined,FFPFP,FFPFP,1.2447840422181522,1.2870278407727027,fail,fail,False,False,Both rejected experiments,REJECTED — does not ship,True,0
MU.US,sbc_once,FFPPP,FFPPP,152.56224797548091,161.40088602746596,fail,fail,False,False,Charge SBC once,REJECTED — does not ship,False,49.813483158393254
MU.US,combined,FFPPP,FFPPP,152.56224797548091,161.40088602746596,fail,fail,False,False,Both rejected experiments,REJECTED — does not ship,False,49.813483158393254
CPT.US,sbc_once,PFPFP,PFPFP,48.88987201343868,50.97245742321807,fail,fail,False,False,Charge SBC once,REJECTED — does not ship,True,0
CPT.US,combined,PFPFP,PFPFP,48.88987201343868,50.97245742321807,fail,fail,False,False,Both rejected experiments,REJECTED — does not ship,True,0
IGG.LSE,sbc_once,PFPPP,PFPPP,1923.9999414000845,1990.8194505410413,pass,pass,False,False,Charge SBC once,REJECTED — does not ship,True,0
IGG.LSE,combined,PFPPP,PFPPP,1923.9999414000845,1990.8194505410413,pass,pass,False,False,Both rejected experiments,REJECTED — does not ship,True,0
GEN.US,sbc_once,FFPFP,FFPFP,20.178935663586827,23.046264856555133,fail,unclear,False,False,Charge SBC once,REJECTED — does not ship,True,0
GEN.US,combined,FFPFP,FFPFP,20.178935663586827,23.046264856555133,fail,unclear,False,False,Both rejected experiments,REJECTED — does not ship,True,0
REG.US,sbc_once,FFPFP,FFPFP,32.978301986832996,34.34339523235974,fail,fail,False,False,Charge SBC once,REJECTED — does not ship,True,
REG.US,combined,FFPFP,FFPFP,32.978301986832996,34.34339523235974,fail,fail,False,False,Both rejected experiments,REJECTED — does not ship,True,
GDDY.US,sbc_once,FFFPP,FFPPP,72.14037621240699,103.34955534080558,fail,unclear,False,False,Charge SBC once,REJECTED — does not ship,True,0
GDDY.US,combined,FFFPP,FFPPP,72.14037621240699,103.34955534080558,fail,unclear,False,False,Both rejected experiments,REJECTED — does not ship,True,0
LULU.US,sbc_once,PPPPP,PPPPP,259.54492947721025,277.84600266345495,pass,pass,True,True,Charge SBC once,REJECTED — does not ship,True,0
LULU.US,combined,PPPPP,PPPPP,259.54492947721025,277.84600266345495,pass,pass,True,True,Both rejected experiments,REJECTED — does not ship,True,0
PETS.LSE,sbc_once,PPFFP,PPFFP,148.70798648831737,161.68657662097885,fail,fail,False,False,Charge SBC once,REJECTED — does not ship,True,0
PETS.LSE,combined,PPFFP,PPFFP,148.70798648831737,161.68657662097885,fail,fail,False,False,Both rejected experiments,REJECTED — does not ship,True,0
DAR.US,sbc_once,FFPPP,FFPPP,13.310897356331505,15.003428707852905,fail,fail,False,False,Charge SBC once,REJECTED — does not ship,True,0
DAR.US,combined,FFPPP,FFPPP,13.310897356331505,15.003428707852905,fail,fail,False,False,Both rejected experiments,REJECTED — does not ship,True,0
SOP.PA,sbc_once,PPPPP,PPPPP,175.43805886733315,179.23515887266976,unclear,unclear,False,False,Charge SBC once,REJECTED — does not ship,True,0
SOP.PA,combined,PPPPP,PPPPP,175.43805886733315,179.23515887266976,unclear,unclear,False,False,Both rejected experiments,REJECTED — does not ship,True,0
000338.SHE,sbc_once,PPPFP,PPPFP,29.085982646338035,29.48532854703678,unclear,unclear,False,False,Charge SBC once,REJECTED — does not ship,True,0
000338.SHE,combined,PPPFP,PPPFP,29.085982646338035,29.48532854703678,unclear,unclear,False,False,Both rejected experiments,REJECTED — does not ship,True,0
GLBE.US,sbc_once,FFFFP,FFFFP,,5.511738297259592,unclear,fail,False,False,Charge SBC once,REJECTED — does not ship,True,
GLBE.US,combined,FFFFP,FFFFP,,5.511738297259592,unclear,fail,False,False,Both rejected experiments,REJECTED — does not ship,True,
NRP.US,sbc_once,FFPPP,FFPPP,75.03052469498344,85.52901426179668,fail,fail,False,False,Charge SBC once,REJECTED — does not ship,True,0
NRP.US,combined,FFPPP,FFPPP,75.03052469498344,85.52901426179668,fail,fail,False,False,Both rejected experiments,REJECTED — does not ship,True,0
DELL.US,sbc_once,FFPPP,FFPPP,97.12260128939117,112.47818033731615,fail,fail,False,False,Charge SBC once,REJECTED — does not ship,True,0
DELL.US,combined,FFPPP,FFPPP,97.12260128939117,112.47818033731615,fail,fail,False,False,Both rejected experiments,REJECTED — does not ship,True,0
DHR.US,sbc_once,PPPPP,PPPPP,86.00512831082185,92.25043499430764,fail,fail,False,False,Charge SBC once,REJECTED — does not ship,True,0
DHR.US,combined,PPPPP,PPPPP,86.00512831082185,92.25043499430764,fail,fail,False,False,Both rejected experiments,REJECTED — does not ship,True,0
MCHP.US,sbc_once,FFFPP,FFFPP,12.79570174123948,18.645486493765766,fail,fail,False,False,Charge SBC once,REJECTED — does not ship,True,0
MCHP.US,combined,FFFPP,FFFPP,12.79570174123948,18.645486493765766,fail,fail,False,False,Both rejected experiments,REJECTED — does not ship,True,0
600809.SHG,current_scale,PPPPP,PPPPP,186.76623039576768,216.16042219979747,pass,pass,True,True,Current annual scale,REJECTED — does not ship,True,0
600809.SHG,combined,PPPPP,PPPPP,186.76623039576768,216.16042219979747,pass,pass,True,True,Both rejected experiments,REJECTED — does not ship,True,0
NBIX.US,sbc_once,FFFPP,FFFPP,13.64131683242719,50.45559720671824,fail,fail,False,False,Charge SBC once,REJECTED — does not ship,True,0
NBIX.US,combined,FFFPP,FFFPP,13.64131683242719,50.45559720671824,fail,fail,False,False,Both rejected experiments,REJECTED — does not ship,True,0
MONC.MI,sbc_once,PPPPP,PPPPP,26.631579949896842,28.159278923389476,fail,fail,False,False,Charge SBC once,REJECTED — does not ship,True,
MONC.MI,combined,PPPPP,PPPPP,26.631579949896842,28.159278923389476,fail,fail,False,False,Both rejected experiments,REJECTED — does not ship,True,
SYF.US,sbc_once,PFFFP,PFPFP,197.1064558109245,200.73782789508027,pass,pass,False,False,Charge SBC once,REJECTED — does not ship,True,2.842170943040401e-14
SYF.US,combined,PFFFP,PFPFP,197.1064558109245,200.73782789508027,pass,pass,False,False,Both rejected experiments,REJECTED — does not ship,True,2.842170943040401e-14
MKTX.US,sbc_once,PFFFP,PFFFP,127.53815118938401,142.2629971639758,fail,fail,False,False,Charge SBC once,REJECTED — does not ship,True,0
MKTX.US,combined,PFFFP,PFFFP,127.53815118938401,142.2629971639758,fail,fail,False,False,Both rejected experiments,REJECTED — does not ship,True,0
HBR.LSE,sbc_once,FFPFP,FFPFP,524.4838364036196,529.7623498192553,unclear,unclear,False,False,Charge SBC once,REJECTED — does not ship,True,0
HBR.LSE,combined,FFPFP,FFPFP,524.4838364036196,529.7623498192553,unclear,unclear,False,False,Both rejected experiments,REJECTED — does not ship,True,0
KOP.US,sbc_once,PFFFP,PFPFP,,,unclear,unclear,False,False,Charge SBC once,REJECTED — does not ship,True,
KOP.US,combined,PFFFP,PFPFP,,,unclear,unclear,False,False,Both rejected experiments,REJECTED — does not ship,True,
MTX.XETRA,sbc_once,FFFPP,FFFPP,135.76223240637418,139.29641763828928,fail,fail,False,False,Charge SBC once,REJECTED — does not ship,True,0
MTX.XETRA,combined,FFFPP,FFFPP,135.76223240637418,139.29641763828928,fail,fail,False,False,Both rejected experiments,REJECTED — does not ship,True,0
SNX.US,sbc_once,PFPFP,PFPFP,195.70796852832504,211.5979465059724,fail,fail,False,False,Charge SBC once,REJECTED — does not ship,True,0
SNX.US,combined,PFPFP,PFPFP,195.70796852832504,211.5979465059724,fail,fail,False,False,Both rejected experiments,REJECTED — does not ship,True,0
ALO.PA,sbc_once,FFFFP,FFFFP,7.756545694473571,9.530935516681376,fail,fail,False,False,Charge SBC once,REJECTED — does not ship,True,0
ALO.PA,combined,FFFFP,FFFFP,7.756545694473571,9.530935516681376,fail,fail,False,False,Both rejected experiments,REJECTED — does not ship,True,0
BTG.US,sbc_once,FFFFP,FFFFP,4.836295196782586,5.103467739186732,fail,fail,False,False,Charge SBC once,REJECTED — does not ship,True,0
BTG.US,combined,FFFFP,FFFFP,4.836295196782586,5.103467739186732,fail,fail,False,False,Both rejected experiments,REJECTED — does not ship,True,0
RS1.LSE,sbc_once,PPPFP,PPPFP,572.156484643473,600.4065439319353,fail,fail,False,False,Charge SBC once,REJECTED — does not ship,True,0
RS1.LSE,combined,PPPFP,PPPFP,572.156484643473,600.4065439319353,fail,fail,False,False,Both rejected experiments,REJECTED — does not ship,True,0
RNK.LSE,sbc_once,FFFFP,FFFFP,33.11131905120296,37.758980623841154,fail,fail,False,False,Charge SBC once,REJECTED — does not ship,True,0
RNK.LSE,combined,FFFFP,FFFFP,33.11131905120296,37.758980623841154,fail,fail,False,False,Both rejected experiments,REJECTED — does not ship,True,0
SHOE.US,sbc_once,FFPFP,FFPFP,13.53696158789078,17.66495856312264,unclear,unclear,False,False,Charge SBC once,REJECTED — does not ship,True,0
SHOE.US,combined,FFPFP,FFPFP,13.53696158789078,17.66495856312264,unclear,unclear,False,False,Both rejected experiments,REJECTED — does not ship,True,0
ROST.US,sbc_once,PPPPP,PPPPP,108.33680277204601,132.19083533132817,fail,fail,False,False,Charge SBC once,REJECTED — does not ship,True,0
ROST.US,current_scale,PPPPP,PPPPP,108.33680277204601,119.56959354023692,fail,fail,False,False,Current annual scale,REJECTED — does not ship,True,0
ROST.US,combined,PPPPP,PPPPP,108.33680277204601,146.20227482089967,fail,fail,False,False,Both rejected experiments,REJECTED — does not ship,True,0
SUN.US,sbc_once,PFPFP,PFPFP,39.25230815485091,40.702739864960876,fail,fail,False,False,Charge SBC once,REJECTED — does not ship,True,
SUN.US,combined,PFPFP,PFPFP,39.25230815485091,40.702739864960876,fail,fail,False,False,Both rejected experiments,REJECTED — does not ship,True,
DECK.US,sbc_once,FPPPP,FPPPP,113.95945411255698,119.27707312165786,unclear,unclear,False,False,Charge SBC once,REJECTED — does not ship,True,0
DECK.US,combined,FPPPP,FPPPP,113.95945411255698,119.27707312165786,unclear,unclear,False,False,Both rejected experiments,REJECTED — does not ship,True,0
EGP.US,sbc_once,PFPFP,PFPFP,96.97355935236689,99.9932284018803,fail,fail,False,False,Charge SBC once,REJECTED — does not ship,True,0
EGP.US,combined,PFPFP,PFPFP,96.97355935236689,99.9932284018803,fail,fail,False,False,Both rejected experiments,REJECTED — does not ship,True,0
CAE.TO,sbc_once,FFFFP,FFFFP,6.93121872801425,6.53354530452383,fail,fail,False,False,Charge SBC once,REJECTED — does not ship,True,0
CAE.TO,combined,FFFFP,FFFFP,6.93121872801425,6.53354530452383,fail,fail,False,False,Both rejected experiments,REJECTED — does not ship,True,0
KWR.US,sbc_once,PFPFP,PFPFP,21.917525711378293,31.60589406692489,fail,fail,False,False,Charge SBC once,REJECTED — does not ship,True,0
KWR.US,combined,PFPFP,PFPFP,21.917525711378293,31.60589406692489,fail,fail,False,False,Both rejected experiments,REJECTED — does not ship,True,0
BRAV3.SA,sbc_once,UUUUU,UUUUU,10.152681587538147,10.351888918430728,unclear,unclear,False,False,Charge SBC once,REJECTED — does not ship,False,
BRAV3.SA,combined,UUUUU,UUUUU,10.152681587538147,10.351888918430728,unclear,unclear,False,False,Both rejected experiments,REJECTED — does not ship,False,
IPI.US,sbc_once,FFFFP,FFPFP,31.56396053538719,36.36459942583944,fail,unclear,False,False,Charge SBC once,REJECTED — does not ship,True,0
IPI.US,combined,FFFFP,FFPFP,31.56396053538719,36.36459942583944,fail,unclear,False,False,Both rejected experiments,REJECTED — does not ship,True,0
RMV.LSE,sbc_once,PPPPP,PPPPP,552.0010769303104,553.2499389475063,pass,pass,False,False,Charge SBC once,REJECTED — does not ship,True,0
RMV.LSE,current_scale,PPPPP,PPPPP,552.0010769303104,611.6823949000177,pass,pass,False,False,Current annual scale,REJECTED — does not ship,True,0
RMV.LSE,combined,PPPPP,PPPPP,552.0010769303104,624.1657477011673,pass,pass,False,False,Both rejected experiments,REJECTED — does not ship,True,0
AU.US,sbc_once,FFFFP,FFFFP,12.816663001774117,13.468324578196219,fail,fail,False,False,Charge SBC once,REJECTED — does not ship,True,0
AU.US,combined,FFFFP,FFFFP,12.816663001774117,13.468324578196219,fail,fail,False,False,Both rejected experiments,REJECTED — does not ship,True,0
CON.US,sbc_once,UUUUU,UUUUU,15.99093659436323,17.007859772062215,unclear,unclear,False,False,Charge SBC once,REJECTED — does not ship,False,
CON.US,combined,UUUUU,UUUUU,15.99093659436323,17.007859772062215,unclear,unclear,False,False,Both rejected experiments,REJECTED — does not ship,False,
BFT.WAR,sbc_once,FFFFP,FFFFP,601.6808591911557,909.0273723286838,fail,fail,False,False,Charge SBC once,REJECTED — does not ship,True,0
BFT.WAR,combined,FFFFP,FFFFP,601.6808591911557,909.0273723286838,fail,fail,False,False,Both rejected experiments,REJECTED — does not ship,True,0
OSIS.US,sbc_once,PFFPP,PFFPP,125.84468537438231,155.91632586699194,fail,fail,False,False,Charge SBC once,REJECTED — does not ship,True,
OSIS.US,combined,PFFPP,PFFPP,125.84468537438231,155.91632586699194,fail,fail,False,False,Both rejected experiments,REJECTED — does not ship,True,
BAJAJFINSV.NSE,sbc_once,PFPPF,PFPPF,837.27644633534,877.359804517389,fail,fail,False,False,Charge SBC once,REJECTED — does not ship,True,0
BAJAJFINSV.NSE,combined,PFPPF,PFPPF,837.27644633534,877.359804517389,fail,fail,False,False,Both rejected experiments,REJECTED — does not ship,True,0
MAXHEALTH.NSE,sbc_once,FPPPP,FPPPP,108.99957275053968,114.40748851551245,fail,fail,False,False,Charge SBC once,REJECTED — does not ship,True,0
MAXHEALTH.NSE,combined,FPPPP,FPPPP,108.99957275053968,114.40748851551245,fail,fail,False,False,Both rejected experiments,REJECTED — does not ship,True,0
ULTA.US,sbc_once,PPPPP,PPPPP,527.0197743798847,550.8671525180768,fail,unclear,False,False,Charge SBC once,REJECTED — does not ship,True,-21.832966851009246
ULTA.US,combined,PPPPP,PPPPP,527.0197743798847,550.8671525180768,fail,unclear,False,False,Both rejected experiments,REJECTED — does not ship,True,-21.832966851009246
PFE.US,sbc_once,PPPFP,PPPFP,16.425171343390815,18.49162546549302,fail,fail,False,False,Charge SBC once,REJECTED — does not ship,True,0
PFE.US,combined,PPPFP,PPPFP,16.425171343390815,18.49162546549302,fail,fail,False,False,Both rejected experiments,REJECTED — does not ship,True,0
GTX.US,sbc_once,PPPFP,PPPFP,19.34192459688362,20.991076186834004,fail,fail,False,False,Charge SBC once,REJECTED — does not ship,True,0
GTX.US,combined,PPPFP,PPPFP,19.34192459688362,20.991076186834004,fail,fail,False,False,Both rejected experiments,REJECTED — does not ship,True,0
EL.PA,sbc_once,PFPFP,PFPFP,79.88552095033188,85.850276389045,fail,fail,False,False,Charge SBC once,REJECTED — does not ship,True,0
EL.PA,combined,PFPFP,PFPFP,79.88552095033188,85.850276389045,fail,fail,False,False,Both rejected experiments,REJECTED — does not ship,True,0
BDX.US,sbc_once,PFPPP,PFPPP,98.37512604686344,117.00456944104914,fail,fail,False,False,Charge SBC once,REJECTED — does not ship,True,0
BDX.US,combined,PFPPP,PFPPP,98.37512604686344,117.00456944104914,fail,fail,False,False,Both rejected experiments,REJECTED — does not ship,True,0
NOKIA.HE,sbc_once,FFFPP,FFFPP,2.1878796663846645,2.936519231214876,fail,fail,False,False,Charge SBC once,REJECTED — does not ship,True,0
NOKIA.HE,combined,FFFPP,FFFPP,2.1878796663846645,2.936519231214876,fail,fail,False,False,Both rejected experiments,REJECTED — does not ship,True,0
SVT.LSE,sbc_once,PFFFP,PFFFP,715.2893198971904,759.7576178744494,fail,fail,False,False,Charge SBC once,REJECTED — does not ship,True,0
SVT.LSE,combined,PFFFP,PFFFP,715.2893198971904,759.7576178744494,fail,fail,False,False,Both rejected experiments,REJECTED — does not ship,True,0
M.US,sbc_once,FFFFP,FFFFP,45.44922657550482,48.21119956445632,pass,pass,False,False,Charge SBC once,REJECTED — does not ship,True,0
M.US,combined,FFFFP,FFFFP,45.44922657550482,48.21119956445632,pass,pass,False,False,Both rejected experiments,REJECTED — does not ship,True,0
2382.TW,sbc_once,PFPPF,PFPPF,255.80138522020607,255.802134946338,fail,fail,False,False,Charge SBC once,REJECTED — does not ship,True,0
2382.TW,combined,PFPPF,PFPPF,255.80138522020607,255.802134946338,fail,fail,False,False,Both rejected experiments,REJECTED — does not ship,True,0
IPN.PA,sbc_once,PFPPP,PFPPP,132.45791905960857,137.2907460133365,fail,fail,False,False,Charge SBC once,REJECTED — does not ship,True,0
IPN.PA,combined,PFPPP,PFPPP,132.45791905960857,137.2907460133365,fail,fail,False,False,Both rejected experiments,REJECTED — does not ship,True,0
GXO.US,sbc_once,FFPPP,FFPPP,15.965024667795545,20.9911430611386,fail,fail,False,False,Charge SBC once,REJECTED — does not ship,True,0
GXO.US,combined,FFPPP,FFPPP,15.965024667795545,20.9911430611386,fail,fail,False,False,Both rejected experiments,REJECTED — does not ship,True,0
DSCV.LSE,sbc_once,PFPPP,PFPPP,595.1891125270184,623.6536358477282,fail,fail,False,False,Charge SBC once,REJECTED — does not ship,True,0
DSCV.LSE,combined,PFPPP,PFPPP,595.1891125270184,623.6536358477282,fail,fail,False,False,Both rejected experiments,REJECTED — does not ship,True,0
AOS.US,sbc_once,PPPFP,PPPFP,56.13362438147691,57.81872640887213,fail,unclear,False,False,Charge SBC once,REJECTED — does not ship,True,0
AOS.US,combined,PPPFP,PPPFP,56.13362438147691,57.81872640887213,fail,unclear,False,False,Both rejected experiments,REJECTED — does not ship,True,0
CDP.US,sbc_once,PFPPP,PFPPP,14.42376473068172,14.957619637895434,fail,fail,False,False,Charge SBC once,REJECTED — does not ship,True,0
CDP.US,combined,PFPPP,PFPPP,14.42376473068172,14.957619637895434,fail,fail,False,False,Both rejected experiments,REJECTED — does not ship,True,0
UPBD.US,sbc_once,FFPFP,FFPFP,18.7245715502945,26.37936601034635,unclear,unclear,False,False,Charge SBC once,REJECTED — does not ship,True,0
UPBD.US,combined,FFPFP,FFPFP,18.7245715502945,26.37936601034635,unclear,unclear,False,False,Both rejected experiments,REJECTED — does not ship,True,0
GEV.US,sbc_once,UUUUU,UUUUU,177.33816930198753,,unclear,unclear,False,False,Charge SBC once,REJECTED — does not ship,False,
GEV.US,combined,UUUUU,UUUUU,177.33816930198753,,unclear,unclear,False,False,Both rejected experiments,REJECTED — does not ship,False,
AON.US,sbc_once,PPPPP,PPPPP,225.67805108307778,265.32149633970687,fail,fail,False,False,Charge SBC once,REJECTED — does not ship,True,0
AON.US,current_scale,PPPPP,PPPPP,225.67805108307778,289.40296574907046,fail,unclear,False,False,Current annual scale,REJECTED — does not ship,True,0
AON.US,combined,PPPPP,PPPPP,225.67805108307778,341.2069709473558,fail,unclear,False,False,Both rejected experiments,REJECTED — does not ship,True,0
DOC.US,sbc_once,PFFFP,PFFFP,8.341166585457588,8.742048167029472,fail,fail,False,False,Charge SBC once,REJECTED — does not ship,True,0
DOC.US,combined,PFFFP,PFFFP,8.341166585457588,8.742048167029472,fail,fail,False,False,Both rejected experiments,REJECTED — does not ship,True,0
BTSG.US,sbc_once,FFPFP,FFPFP,5.520195001772344,7.167227403226571,fail,fail,False,False,Charge SBC once,REJECTED — does not ship,True,
BTSG.US,combined,FFPFP,FFPFP,5.520195001772344,7.167227403226571,fail,fail,False,False,Both rejected experiments,REJECTED — does not ship,True,
ALSN.US,sbc_once,PPPPP,PPPPP,137.57981670597013,145.27520116644678,unclear,unclear,False,False,Charge SBC once,REJECTED — does not ship,True,0
ALSN.US,combined,PPPPP,PPPPP,137.57981670597013,145.27520116644678,unclear,unclear,False,False,Both rejected experiments,REJECTED — does not ship,True,0
ARCO.US,sbc_once,FFPFP,FFPFP,10.981722116214973,11.443111102989052,unclear,unclear,False,False,Charge SBC once,REJECTED — does not ship,True,0
ARCO.US,combined,FFPFP,FFPFP,10.981722116214973,11.443111102989052,unclear,unclear,False,False,Both rejected experiments,REJECTED — does not ship,True,0
RL.US,sbc_once,FFPPP,FFPPP,152.91485183544393,173.10262332076107,fail,fail,False,False,Charge SBC once,REJECTED — does not ship,True,0
RL.US,combined,FFPPP,FFPPP,152.91485183544393,173.10262332076107,fail,fail,False,False,Both rejected experiments,REJECTED — does not ship,True,0
NOMD.US,sbc_once,PFPFP,PFPFP,15.838156628524194,15.968191728756874,unclear,unclear,False,False,Charge SBC once,REJECTED — does not ship,True,0
NOMD.US,combined,PFPFP,PFPFP,15.838156628524194,15.968191728756874,unclear,unclear,False,False,Both rejected experiments,REJECTED — does not ship,True,0
DE.US,sbc_once,PFFPP,PFFPP,167.29300130390993,174.2583345501195,fail,fail,False,False,Charge SBC once,REJECTED — does not ship,True,0
DE.US,combined,PFFPP,PFFPP,167.29300130390993,174.2583345501195,fail,fail,False,False,Both rejected experiments,REJECTED — does not ship,True,0
PEP.US,sbc_once,PPPPP,PPPPP,94.13048248254262,87.0728520788069,fail,fail,False,False,Charge SBC once,REJECTED — does not ship,True,0
PEP.US,combined,PPPPP,PPPPP,94.13048248254262,87.0728520788069,fail,fail,False,False,Both rejected experiments,REJECTED — does not ship,True,0
TSCO.US,sbc_once,PPPPP,PPPPP,17.447631247280523,19.79227484246514,fail,fail,False,False,Charge SBC once,REJECTED — does not ship,False,0.07669494551608125
TSCO.US,combined,PPPPP,PPPPP,17.447631247280523,19.79227484246514,fail,fail,False,False,Both rejected experiments,REJECTED — does not ship,False,0.07669494551608125
JNJ.US,sbc_once,PPPPP,PPPPP,160.2502033121591,170.17399371271708,fail,fail,False,False,Charge SBC once,REJECTED — does not ship,True,0
JNJ.US,combined,PPPPP,PPPPP,160.2502033121591,170.17399371271708,fail,fail,False,False,Both rejected experiments,REJECTED — does not ship,True,0
INTU.US,sbc_once,PPFPP,PPPPP,98.03352677643821,302.92154573825485,fail,unclear,False,False,Charge SBC once,REJECTED — does not ship,True,0
INTU.US,combined,PPFPP,PPPPP,98.03352677643821,390.92691483157415,fail,pass,False,True,Both rejected experiments,REJECTED — does not ship,True,0
BAER.SW,sbc_once,PFFPP,PFFPP,91.91294231905593,99.29965419400688,unclear,unclear,False,False,Charge SBC once,REJECTED — does not ship,True,0
BAER.SW,combined,PFFPP,PFFPP,91.91294231905593,99.29965419400688,unclear,unclear,False,False,Both rejected experiments,REJECTED — does not ship,True,0
0027.HK,sbc_once,FFFFP,FFFFP,23.075898851690734,23.789545370118645,fail,fail,False,False,Charge SBC once,REJECTED — does not ship,True,0
0027.HK,combined,FFFFP,FFFFP,23.075898851690734,23.789545370118645,fail,fail,False,False,Both rejected experiments,REJECTED — does not ship,True,0
ONON.US,sbc_once,FFFPP,FFPPP,7.281236738839213,8.63583030757629,fail,fail,False,False,Charge SBC once,REJECTED — does not ship,True,0
ONON.US,combined,FFFPP,FFPPP,7.281236738839213,8.63583030757629,fail,fail,False,False,Both rejected experiments,REJECTED — does not ship,True,0
WTC.AU,sbc_once,PFPPP,PFPPP,6.407283343056872,7.859799528892519,fail,fail,False,False,Charge SBC once,REJECTED — does not ship,True,0
WTC.AU,combined,PFPPP,PFPPP,6.407283343056872,7.859799528892519,fail,fail,False,False,Both rejected experiments,REJECTED — does not ship,True,0
VIS.MC,sbc_once,PFPPP,PFPPP,46.1707011810731,48.06314703987144,fail,fail,False,False,Charge SBC once,REJECTED — does not ship,True,0
VIS.MC,combined,PFPPP,PFPPP,46.1707011810731,48.06314703987144,fail,fail,False,False,Both rejected experiments,REJECTED — does not ship,True,0
CPRT.US,sbc_once,PPPPP,PPPPP,34.68629894516613,35.49199203008043,pass,pass,True,True,Charge SBC once,REJECTED — does not ship,True,0
CPRT.US,current_scale,PPPPP,PPPPP,34.68629894516613,35.67286372014958,pass,pass,True,True,Current annual scale,REJECTED — does not ship,True,0
CPRT.US,combined,PPPPP,PPPPP,34.68629894516613,36.5605118489514,pass,pass,True,True,Both rejected experiments,REJECTED — does not ship,True,0
LOGI.US,sbc_once,PPPPP,PPPPP,95.15148464625847,108.4526130435734,fail,unclear,False,False,Charge SBC once,REJECTED — does not ship,True,0
LOGI.US,current_scale,PPPPP,PPPPP,95.15148464625847,100.78348935780248,fail,fail,False,False,Current annual scale,REJECTED — does not ship,True,0
LOGI.US,combined,PPPPP,PPPPP,95.15148464625847,114.98048761735373,fail,unclear,False,False,Both rejected experiments,REJECTED — does not ship,True,0
MULT3.SA,sbc_once,PFPFP,PFPFP,15.559347340375412,16.11428587225446,fail,fail,False,False,Charge SBC once,REJECTED — does not ship,True,0
MULT3.SA,combined,PFPFP,PFPFP,15.559347340375412,16.11428587225446,fail,fail,False,False,Both rejected experiments,REJECTED — does not ship,True,0
1044.HK,sbc_once,PFFFP,PFFFP,47.40971952877041,47.44152286774369,pass,pass,False,False,Charge SBC once,REJECTED — does not ship,True,-7.105427357601002e-15
1044.HK,combined,PFFFP,PFFFP,47.40971952877041,47.44152286774369,pass,pass,False,False,Both rejected experiments,REJECTED — does not ship,True,-7.105427357601002e-15
GEN.LSE,sbc_once,PPPFP,PPPFP,188.22714740289587,199.081802988973,fail,fail,False,False,Charge SBC once,REJECTED — does not ship,True,0
GEN.LSE,combined,PPPFP,PPPFP,188.22714740289587,199.081802988973,fail,fail,False,False,Both rejected experiments,REJECTED — does not ship,True,0
HBB.US,sbc_once,FPFFP,FPFFP,28.98219274431619,32.120154739376595,fail,fail,False,False,Charge SBC once,REJECTED — does not ship,True,
HBB.US,combined,FPFFP,FPFFP,28.98219274431619,32.120154739376595,fail,fail,False,False,Both rejected experiments,REJECTED — does not ship,True,
TPL.US,sbc_once,PFPPP,PFPPP,126.64961873404674,129.0237693385765,fail,fail,False,False,Charge SBC once,REJECTED — does not ship,False,119.32318333567119
TPL.US,combined,PFPPP,PFPPP,126.64961873404674,129.0237693385765,fail,fail,False,False,Both rejected experiments,REJECTED — does not ship,False,119.32318333567119
VSEC.US,sbc_once,PFFFP,PFFFP,17.736063937614798,20.086144701801256,fail,fail,False,False,Charge SBC once,REJECTED — does not ship,True,-3.552713678800501e-15
VSEC.US,combined,PFFFP,PFFFP,17.736063937614798,20.086144701801256,fail,fail,False,False,Both rejected experiments,REJECTED — does not ship,True,-3.552713678800501e-15
HTG.LSE,sbc_once,FFFFP,FFPFP,,,unclear,unclear,False,False,Charge SBC once,REJECTED — does not ship,True,
HTG.LSE,combined,FFFFP,FFPFP,,,unclear,unclear,False,False,Both rejected experiments,REJECTED — does not ship,True,
CEG.US,sbc_once,FFPPP,FFPPP,61.02042120926637,61.44165851143482,fail,fail,False,False,Charge SBC once,REJECTED — does not ship,True,-7.897267078933744
CEG.US,combined,FFPPP,FFPPP,61.02042120926637,61.44165851143482,fail,fail,False,False,Both rejected experiments,REJECTED — does not ship,True,-7.897267078933744
AVY.US,sbc_once,PPPPP,PPPPP,134.47267879705964,143.41663486142906,fail,fail,False,False,Charge SBC once,REJECTED — does not ship,True,0
AVY.US,combined,PPPPP,PPPPP,134.47267879705964,143.41663486142906,fail,fail,False,False,Both rejected experiments,REJECTED — does not ship,True,0
BKG.LSE,sbc_once,PPFFP,PPFFP,5493.586797823938,5466.204041786562,pass,pass,False,False,Charge SBC once,REJECTED — does not ship,True,9.094947017729282e-13
BKG.LSE,combined,PPFFP,PPFFP,5493.586797823938,5466.204041786562,pass,pass,False,False,Both rejected experiments,REJECTED — does not ship,True,9.094947017729282e-13
SAN.PA,sbc_once,FPPFP,FPPFP,71.64489274829697,70.5372590712004,unclear,fail,False,False,Charge SBC once,REJECTED — does not ship,True,0
SAN.PA,combined,FPPFP,FPPFP,71.64489274829697,70.5372590712004,unclear,fail,False,False,Both rejected experiments,REJECTED — does not ship,True,0
042700.KO,sbc_once,PFFPP,PFFPP,27486.511992456893,29282.214942968298,fail,fail,False,False,Charge SBC once,REJECTED — does not ship,True,0
042700.KO,combined,PFFPP,PFFPP,27486.511992456893,29282.214942968298,fail,fail,False,False,Both rejected experiments,REJECTED — does not ship,True,0
IPGP.US,sbc_once,FFFFP,FFFFP,,28.996261016227844,unclear,fail,False,False,Charge SBC once,REJECTED — does not ship,True,
IPGP.US,combined,FFFFP,FFFFP,,28.996261016227844,unclear,fail,False,False,Both rejected experiments,REJECTED — does not ship,True,
ALOS3.SA,sbc_once,FFPFP,FFPFP,20.140755863030755,20.90580702076506,fail,fail,False,False,Charge SBC once,REJECTED — does not ship,True,0
ALOS3.SA,combined,FFPFP,FFPFP,20.140755863030755,20.90580702076506,fail,fail,False,False,Both rejected experiments,REJECTED — does not ship,True,0
BWXT.US,sbc_once,PPFPP,PPFPP,47.68225973546593,50.573592360099745,fail,fail,False,False,Charge SBC once,REJECTED — does not ship,True,0
BWXT.US,combined,PPFPP,PPFPP,47.68225973546593,50.573592360099745,fail,fail,False,False,Both rejected experiments,REJECTED — does not ship,True,0
CHRW.US,sbc_once,PPPPP,PPPPP,65.64378832622451,74.54939528263563,fail,fail,False,False,Charge SBC once,REJECTED — does not ship,True,0
CHRW.US,current_scale,PPPPP,PPPPP,65.64378832622451,57.41004001340726,fail,fail,False,False,Current annual scale,REJECTED — does not ship,True,0
CHRW.US,combined,PPPPP,PPPPP,65.64378832622451,67.56785920987696,fail,fail,False,False,Both rejected experiments,REJECTED — does not ship,True,0
VICR.US,sbc_once,FFFPP,FFFPP,19.217031007658463,22.269980871539225,fail,fail,False,False,Charge SBC once,REJECTED — does not ship,True,
VICR.US,combined,FFFPP,FFFPP,19.217031007658463,22.269980871539225,fail,fail,False,False,Both rejected experiments,REJECTED — does not ship,True,
STNG.US,sbc_once,FFPPP,FFPPP,133.26184517332445,151.46798014520775,unclear,unclear,False,False,Charge SBC once,REJECTED — does not ship,True,
STNG.US,combined,FFPPP,FFPPP,133.26184517332445,151.46798014520775,unclear,unclear,False,False,Both rejected experiments,REJECTED — does not ship,True,
GFTU.LSE,sbc_once,PFPFP,PFPFP,1302.5907780503808,1327.1843201524823,unclear,unclear,False,False,Charge SBC once,REJECTED — does not ship,True,0
GFTU.LSE,combined,PFPFP,PFPFP,1302.5907780503808,1327.1843201524823,unclear,unclear,False,False,Both rejected experiments,REJECTED — does not ship,True,0
BMRN.US,sbc_once,FFFFP,FFFFP,,14.091862019200933,unclear,fail,False,False,Charge SBC once,REJECTED — does not ship,True,
BMRN.US,combined,FFFFP,FFFFP,,14.091862019200933,unclear,fail,False,False,Both rejected experiments,REJECTED — does not ship,True,
FCN.US,sbc_once,PPPPP,PPPPP,175.66271061057998,196.43567472277508,unclear,unclear,False,False,Charge SBC once,REJECTED — does not ship,True,2.842170943040401e-14
FCN.US,combined,PPPPP,PPPPP,175.66271061057998,196.43567472277508,unclear,unclear,False,False,Both rejected experiments,REJECTED — does not ship,True,2.842170943040401e-14
RIO.AU,sbc_once,PFPPP,PFPPP,157.4592432774939,158.58433795857442,fail,fail,False,False,Charge SBC once,REJECTED — does not ship,True,0
RIO.AU,combined,PFPPP,PFPPP,157.4592432774939,158.58433795857442,fail,fail,False,False,Both rejected experiments,REJECTED — does not ship,True,0
MUR.US,sbc_once,FFFFP,FFPFP,,12.888024964643082,unclear,fail,False,False,Charge SBC once,REJECTED — does not ship,True,
MUR.US,combined,FFFFP,FFPFP,,12.888024964643082,unclear,fail,False,False,Both rejected experiments,REJECTED — does not ship,True,
SUNN.SW,sbc_once,UUUUU,UUUUU,11.522507872342668,16.727063903543844,unclear,unclear,False,False,Charge SBC once,REJECTED — does not ship,False,
SUNN.SW,combined,UUUUU,UUUUU,11.522507872342668,16.727063903543844,unclear,unclear,False,False,Both rejected experiments,REJECTED — does not ship,False,
WEGE3.SA,sbc_once,PPPPP,PPPPP,12.333517323129362,12.370313211689023,fail,fail,False,False,Charge SBC once,REJECTED — does not ship,True,0
WEGE3.SA,combined,PPPPP,PPPPP,12.333517323129362,12.370313211689023,fail,fail,False,False,Both rejected experiments,REJECTED — does not ship,True,0
AVT.US,sbc_once,FFFPF,FFFPF,61.688565119080025,70.34806952640677,fail,fail,False,False,Charge SBC once,REJECTED — does not ship,True,0
AVT.US,combined,FFFPF,FFFPF,61.688565119080025,70.34806952640677,fail,fail,False,False,Both rejected experiments,REJECTED — does not ship,True,0
SNR.LSE,sbc_once,FFFFP,FFFFP,59.17343549729704,73.35864091560062,fail,fail,False,False,Charge SBC once,REJECTED — does not ship,True,-7.105427357601002e-15
SNR.LSE,combined,FFFFP,FFFFP,59.17343549729704,73.35864091560062,fail,fail,False,False,Both rejected experiments,REJECTED — does not ship,True,-7.105427357601002e-15
JLL.US,sbc_once,PFFPP,PFFPP,211.63726074175653,258.80149725045925,fail,fail,False,False,Charge SBC once,REJECTED — does not ship,True,
JLL.US,combined,PFFPP,PFFPP,211.63726074175653,258.80149725045925,fail,fail,False,False,Both rejected experiments,REJECTED — does not ship,True,
4904.TW,sbc_once,PFPFP,PFPFP,67.89418553932973,67.91898975814175,fail,fail,False,False,Charge SBC once,REJECTED — does not ship,True,0
4904.TW,combined,PFPFP,PFPFP,67.89418553932973,67.91898975814175,fail,fail,False,False,Both rejected experiments,REJECTED — does not ship,True,0
MANH.US,sbc_once,PPFPP,PPPPP,18.231579037457408,60.957824773838375,fail,fail,False,False,Charge SBC once,REJECTED — does not ship,True,
MANH.US,combined,PPFPP,PPPPP,18.231579037457408,68.70443915659583,fail,fail,False,False,Both rejected experiments,REJECTED — does not ship,True,
HPQ.US,sbc_once,PPFFP,PPFFP,30.480702267436023,37.086958365750334,fail,unclear,False,False,Charge SBC once,REJECTED — does not ship,True,0
HPQ.US,combined,PPFFP,PPFFP,30.480702267436023,37.086958365750334,fail,unclear,False,False,Both rejected experiments,REJECTED — does not ship,True,0
SN.US,sbc_once,PUUUU,PUUUU,33.86472933787488,35.083514026032915,unclear,unclear,False,False,Charge SBC once,REJECTED — does not ship,False,
SN.US,combined,PUUUU,PUUUU,33.86472933787488,35.083514026032915,unclear,unclear,False,False,Both rejected experiments,REJECTED — does not ship,False,
MTH.US,sbc_once,FFFFP,FFFFP,63.599198485749625,67.33711429915071,unclear,unclear,False,False,Charge SBC once,REJECTED — does not ship,True,
MTH.US,combined,FFFFP,FFFFP,63.599198485749625,67.33711429915071,unclear,unclear,False,False,Both rejected experiments,REJECTED — does not ship,True,
FTV.US,sbc_once,PPFFP,PPFFP,29.092014683510087,33.901926924795696,fail,fail,False,False,Charge SBC once,REJECTED — does not ship,True,0
FTV.US,combined,PPFFP,PPFFP,29.092014683510087,33.901926924795696,fail,fail,False,False,Both rejected experiments,REJECTED — does not ship,True,0
U1O.F,sbc_once,PFPPP,PFPPP,5.850108341614162,5.867225804419845,unclear,unclear,False,False,Charge SBC once,REJECTED — does not ship,False,0
U1O.F,combined,PFPPP,PFPPP,5.850108341614162,5.867225804419845,unclear,unclear,False,False,Both rejected experiments,REJECTED — does not ship,False,0
AUTO.LSE,sbc_once,PFFFP,PFFFP,427.0356240703636,439.18575369453816,fail,fail,False,False,Charge SBC once,REJECTED — does not ship,True,-5.684341886080802e-14
AUTO.LSE,combined,PFFFP,PFFFP,427.0356240703636,439.18575369453816,fail,fail,False,False,Both rejected experiments,REJECTED — does not ship,True,-5.684341886080802e-14
RHI.US,sbc_once,FFFFP,FFFFP,10.70500231185406,17.92905273366705,fail,fail,False,False,Charge SBC once,REJECTED — does not ship,True,0
RHI.US,combined,FFFFP,FFFFP,10.70500231185406,17.92905273366705,fail,fail,False,False,Both rejected experiments,REJECTED — does not ship,True,0
ASTE.US,sbc_once,FFFFP,FFFFP,10.993569585930128,15.441821615645862,fail,fail,False,False,Charge SBC once,REJECTED — does not ship,True,0
ASTE.US,combined,FFFFP,FFFFP,10.993569585930128,15.441821615645862,fail,fail,False,False,Both rejected experiments,REJECTED — does not ship,True,0
SAP.XETRA,sbc_once,PPFPP,PPPPP,29.07981142407385,56.727643298633446,fail,fail,False,False,Charge SBC once,REJECTED — does not ship,True,0
SAP.XETRA,combined,PPFPP,PPPPP,29.07981142407385,56.727643298633446,fail,fail,False,False,Both rejected experiments,REJECTED — does not ship,True,0
LRCX.US,sbc_once,PPPPP,PPPPP,77.6535978803059,82.03866342154244,fail,fail,False,False,Charge SBC once,REJECTED — does not ship,True,0
LRCX.US,current_scale,PPPPP,PPPPP,77.6535978803059,103.3002323413468,fail,fail,False,False,Current annual scale,REJECTED — does not ship,True,0
LRCX.US,combined,PPPPP,PPPPP,77.6535978803059,109.21400941872095,fail,fail,False,False,Both rejected experiments,REJECTED — does not ship,True,0
MDT.US,sbc_once,PPPFP,PPPFP,57.20835546456296,61.37960049721771,fail,fail,False,False,Charge SBC once,REJECTED — does not ship,True,0
MDT.US,combined,PPPFP,PPPFP,57.20835546456296,61.37960049721771,fail,fail,False,False,Both rejected experiments,REJECTED — does not ship,True,0
NST.AU,sbc_once,PFPFP,PFPFP,8.429277085151327,8.874994582754267,fail,fail,False,False,Charge SBC once,REJECTED — does not ship,True,0
NST.AU,combined,PFPFP,PFPFP,8.429277085151327,8.874994582754267,fail,fail,False,False,Both rejected experiments,REJECTED — does not ship,True,0
SIRI.US,sbc_once,FPFFP,FPPFP,19.584585964333368,25.820650324704964,fail,fail,False,False,Charge SBC once,REJECTED — does not ship,True,0
SIRI.US,combined,FPFFP,FPPFP,19.584585964333368,25.820650324704964,fail,fail,False,False,Both rejected experiments,REJECTED — does not ship,True,0
002714.SHE,sbc_once,FFPPP,FFPPP,41.41880427035216,44.27839777866476,fail,unclear,False,False,Charge SBC once,REJECTED — does not ship,True,0
002714.SHE,combined,FFPPP,FFPPP,41.41880427035216,44.27839777866476,fail,unclear,False,False,Both rejected experiments,REJECTED — does not ship,True,0
RKT.LSE,sbc_once,FPPPP,FPPPP,3199.4369628038444,3399.5605999228687,fail,fail,False,False,Charge SBC once,REJECTED — does not ship,True,0
RKT.LSE,combined,FPPPP,FPPPP,3199.4369628038444,3399.5605999228687,fail,fail,False,False,Both rejected experiments,REJECTED — does not ship,True,0
MPWR.US,sbc_once,PPFPP,PPPPP,136.77732447823027,216.08791472361247,fail,fail,False,False,Charge SBC once,REJECTED — does not ship,True,0
MPWR.US,combined,PPFPP,PPPPP,136.77732447823027,281.5465274626429,fail,fail,False,False,Both rejected experiments,REJECTED — does not ship,True,0
CHEF.US,sbc_once,FFPFP,FFPFP,7.723357124853026,16.754792254490365,fail,fail,False,False,Charge SBC once,REJECTED — does not ship,True,0
CHEF.US,combined,FFPFP,FFPFP,7.723357124853026,16.754792254490365,fail,fail,False,False,Both rejected experiments,REJECTED — does not ship,True,0
APE.AU,sbc_once,PFFPP,PFFPP,9.955138733064771,9.819676514266078,fail,fail,False,False,Charge SBC once,REJECTED — does not ship,True,0
APE.AU,combined,PFFPP,PFFPP,9.955138733064771,9.819676514266078,fail,fail,False,False,Both rejected experiments,REJECTED — does not ship,True,0
PPT.AU,sbc_once,FFFFP,FFFFP,10.909045872612808,15.054266503555354,fail,fail,False,False,Charge SBC once,REJECTED — does not ship,True,0
PPT.AU,combined,FFFFP,FFFFP,10.909045872612808,15.054266503555354,fail,fail,False,False,Both rejected experiments,REJECTED — does not ship,True,0
ABF.LSE,sbc_once,PFFFP,PFFFP,2242.104312344327,2285.224885918402,unclear,unclear,False,False,Charge SBC once,REJECTED — does not ship,True,0
ABF.LSE,combined,PFFFP,PFFFP,2242.104312344327,2285.224885918402,unclear,unclear,False,False,Both rejected experiments,REJECTED — does not ship,True,0
MAR.US,sbc_once,FPPPP,FPPPP,113.24819188459658,125.09372575698092,fail,fail,False,False,Charge SBC once,REJECTED — does not ship,True,0
MAR.US,combined,FPPPP,FPPPP,113.24819188459658,125.09372575698092,fail,fail,False,False,Both rejected experiments,REJECTED — does not ship,True,0
SPG.US,sbc_once,PFFPP,PFFPP,131.11607248340565,132.06553820356254,fail,fail,False,False,Charge SBC once,REJECTED — does not ship,True,0
SPG.US,combined,PFFPP,PFFPP,131.11607248340565,132.06553820356254,fail,fail,False,False,Both rejected experiments,REJECTED — does not ship,True,0
NVMI.US,sbc_once,PPPFP,PPPFP,100.56166344829856,110.1182184147933,fail,fail,False,False,Charge SBC once,REJECTED — does not ship,True,
NVMI.US,combined,PPPFP,PPPFP,100.56166344829856,110.1182184147933,fail,fail,False,False,Both rejected experiments,REJECTED — does not ship,True,
0241.HK,sbc_once,FFFFP,FFPFP,1.254671532957369,1.4941149672064165,fail,fail,False,False,Charge SBC once,REJECTED — does not ship,True,0
0241.HK,combined,FFFFP,FFPFP,1.254671532957369,1.4941149672064165,fail,fail,False,False,Both rejected experiments,REJECTED — does not ship,True,0
RVTY.US,sbc_once,FPPFP,FPPFP,58.53067633292161,61.077176359724476,fail,fail,False,False,Charge SBC once,REJECTED — does not ship,True,0
RVTY.US,combined,FPPFP,FPPFP,58.53067633292161,61.077176359724476,fail,fail,False,False,Both rejected experiments,REJECTED — does not ship,True,0
TTC.US,sbc_once,PPFPP,PPFPP,54.45321309155202,57.31411532442643,fail,fail,False,False,Charge SBC once,REJECTED — does not ship,True,0
TTC.US,combined,PPFPP,PPFPP,54.45321309155202,57.31411532442643,fail,fail,False,False,Both rejected experiments,REJECTED — does not ship,True,0
SFZN.SW,sbc_once,FFFPP,FFFPP,28.04305255941896,31.850905161581874,fail,fail,False,False,Charge SBC once,REJECTED — does not ship,True,0
SFZN.SW,combined,FFFPP,FFFPP,28.04305255941896,31.850905161581874,fail,fail,False,False,Both rejected experiments,REJECTED — does not ship,True,0
WM.US,sbc_once,PPPPP,PPPPP,86.47708188160344,89.8451876127979,fail,fail,False,False,Charge SBC once,REJECTED — does not ship,True,0
WM.US,combined,PPPPP,PPPPP,86.47708188160344,89.8451876127979,fail,fail,False,False,Both rejected experiments,REJECTED — does not ship,True,0
CBOE.US,sbc_once,PPPPP,PPPPP,116.62825299159104,121.60645527806591,fail,fail,False,False,Charge SBC once,REJECTED — does not ship,True,0
CBOE.US,combined,PPPPP,PPPPP,116.62825299159104,121.60645527806591,fail,fail,False,False,Both rejected experiments,REJECTED — does not ship,True,0
CCC.LSE,sbc_once,PPPPP,PPPPP,3204.16031332497,3362.4127478858186,fail,fail,False,False,Charge SBC once,REJECTED — does not ship,True,-4.547473508864641e-13
CCC.LSE,combined,PPPPP,PPPPP,3204.16031332497,3362.4127478858186,fail,fail,False,False,Both rejected experiments,REJECTED — does not ship,True,-4.547473508864641e-13
002920.SHE,sbc_once,PPFFP,PPPFP,51.82518476917337,56.08912840290217,fail,fail,False,False,Charge SBC once,REJECTED — does not ship,True,0
002920.SHE,combined,PPFFP,PPPFP,51.82518476917337,56.08912840290217,fail,fail,False,False,Both rejected experiments,REJECTED — does not ship,True,0
OTEX.TO,sbc_once,PPPFP,PPPFP,60.044551507904856,67.50044194136208,unclear,pass,False,False,Charge SBC once,REJECTED — does not ship,True,0
OTEX.TO,combined,PPPFP,PPPFP,60.044551507904856,67.50044194136208,unclear,pass,False,False,Both rejected experiments,REJECTED — does not ship,True,0
RAT.LSE,sbc_once,PFFFP,PFFFP,2274.71857940187,2782.435837851877,pass,pass,False,False,Charge SBC once,REJECTED — does not ship,True,0
RAT.LSE,combined,PFFFP,PFFFP,2274.71857940187,2782.435837851877,pass,pass,False,False,Both rejected experiments,REJECTED — does not ship,True,0
MEGP.LSE,sbc_once,FPPFP,FPPFP,173.08008415363244,174.85888912810753,unclear,unclear,False,False,Charge SBC once,REJECTED — does not ship,True,-2.842170943040401e-14
MEGP.LSE,combined,FPPFP,FPPFP,173.08008415363244,174.85888912810753,unclear,unclear,False,False,Both rejected experiments,REJECTED — does not ship,True,-2.842170943040401e-14
ROK.US,sbc_once,PPPFP,PPPFP,114.76878292791655,125.0895517410206,fail,fail,False,False,Charge SBC once,REJECTED — does not ship,True,0
ROK.US,combined,PPPFP,PPPFP,114.76878292791655,125.0895517410206,fail,fail,False,False,Both rejected experiments,REJECTED — does not ship,True,0
SW.US,sbc_once,PFPFP,PFPFP,18.571438647323856,21.33134995170607,fail,fail,False,False,Charge SBC once,REJECTED — does not ship,True,0
SW.US,combined,PFPFP,PFPFP,18.571438647323856,21.33134995170607,fail,fail,False,False,Both rejected experiments,REJECTED — does not ship,True,0
NXT.LSE,sbc_once,PPFPP,PPPPP,8342.54342444982,9005.484738437253,fail,fail,False,False,Charge SBC once,REJECTED — does not ship,True,0
NXT.LSE,combined,PPFPP,PPPPP,8342.54342444982,10690.073140387623,fail,fail,False,False,Both rejected experiments,REJECTED — does not ship,True,0
UNIT.US,sbc_once,FFPFP,FFPFP,8.088374480728028,9.03589894582967,fail,unclear,False,False,Charge SBC once,REJECTED — does not ship,True,
UNIT.US,combined,FFPFP,FFPFP,8.088374480728028,9.03589894582967,fail,unclear,False,False,Both rejected experiments,REJECTED — does not ship,True,
ESS.US,sbc_once,PFPPP,PFPPP,172.18785927959834,173.6021104961436,fail,fail,False,False,Charge SBC once,REJECTED — does not ship,True,0
ESS.US,combined,PFPPP,PFPPP,172.18785927959834,173.6021104961436,fail,fail,False,False,Both rejected experiments,REJECTED — does not ship,True,0
WSE.US,sbc_once,FFFPP,FFPPP,29.064188409226784,30.538497790928254,pass,pass,False,False,Charge SBC once,REJECTED — does not ship,True,
WSE.US,combined,FFFPP,FFPPP,29.064188409226784,30.538497790928254,pass,pass,False,False,Both rejected experiments,REJECTED — does not ship,True,
SNN.US,sbc_once,PFFPP,PFFPP,16.00088973038606,17.431277021901625,fail,fail,False,False,Charge SBC once,REJECTED — does not ship,True,0
SNN.US,combined,PFFPP,PFFPP,16.00088973038606,17.431277021901625,fail,fail,False,False,Both rejected experiments,REJECTED — does not ship,True,0
402340.KO,sbc_once,UUUUU,UUUUU,29362.267232503054,32136.216033183726,unclear,unclear,False,False,Charge SBC once,REJECTED — does not ship,False,
402340.KO,combined,UUUUU,UUUUU,29362.267232503054,32136.216033183726,unclear,unclear,False,False,Both rejected experiments,REJECTED — does not ship,False,
KMI.US,sbc_once,PFPPP,PFPPP,17.097777497946886,15.128399985094363,fail,fail,False,False,Charge SBC once,REJECTED — does not ship,True,0
KMI.US,combined,PFPPP,PFPPP,17.097777497946886,15.128399985094363,fail,fail,False,False,Both rejected experiments,REJECTED — does not ship,True,0
CHTR.US,sbc_once,PFFFP,PFFFP,,59.56028499560339,unclear,fail,False,False,Charge SBC once,REJECTED — does not ship,True,
CHTR.US,combined,PFFFP,PFFFP,,59.56028499560339,unclear,fail,False,False,Both rejected experiments,REJECTED — does not ship,True,
QLT.LSE,sbc_once,FFFPP,FFFPP,307.60143607620387,303.57286710819267,unclear,unclear,False,False,Charge SBC once,REJECTED — does not ship,True,0
QLT.LSE,combined,FFFPP,FFFPP,307.60143607620387,303.57286710819267,unclear,unclear,False,False,Both rejected experiments,REJECTED — does not ship,True,0
UVV.US,sbc_once,PFFFP,PFFFP,19.515937282483975,14.034789368033177,fail,fail,False,False,Charge SBC once,REJECTED — does not ship,True,0
UVV.US,combined,PFFFP,PFFFP,19.515937282483975,14.034789368033177,fail,fail,False,False,Both rejected experiments,REJECTED — does not ship,True,0
KMT.US,sbc_once,FFPFF,FFPFF,23.913846370855875,28.216450060103643,fail,fail,False,False,Charge SBC once,REJECTED — does not ship,True,0
KMT.US,combined,FFPFF,FFPFF,23.913846370855875,28.216450060103643,fail,fail,False,False,Both rejected experiments,REJECTED — does not ship,True,0
NDAQ.US,sbc_once,PPPFP,PPPFP,26.96709506749374,28.969602126961096,fail,fail,False,False,Charge SBC once,REJECTED — does not ship,True,0
NDAQ.US,combined,PPPFP,PPPFP,26.96709506749374,28.969602126961096,fail,fail,False,False,Both rejected experiments,REJECTED — does not ship,True,0
DRH.US,sbc_once,FFPFP,FFPFP,5.03206598307301,5.555858843316567,fail,fail,False,False,Charge SBC once,REJECTED — does not ship,True,0
DRH.US,combined,FFPFP,FFPFP,5.03206598307301,5.555858843316567,fail,fail,False,False,Both rejected experiments,REJECTED — does not ship,True,0
NVEC.US,sbc_once,PPFFP,PPFFP,38.84700757538612,39.087733602550394,fail,fail,False,False,Charge SBC once,REJECTED — does not ship,True,0
NVEC.US,combined,PPFFP,PPFFP,38.84700757538612,39.087733602550394,fail,fail,False,False,Both rejected experiments,REJECTED — does not ship,True,0
RMS.PA,sbc_once,PPPPP,PPPPP,879.7966842157364,910.7085103403542,fail,fail,False,False,Charge SBC once,REJECTED — does not ship,True,0
RMS.PA,current_scale,PPPPP,PPPPP,879.7966842157364,908.782891488806,fail,fail,False,False,Current annual scale,REJECTED — does not ship,True,0
RMS.PA,combined,PPPPP,PPPPP,879.7966842157364,935.8664494157409,fail,fail,False,False,Both rejected experiments,REJECTED — does not ship,True,0
BN.PA,sbc_once,FPPPP,FPPPP,44.125410601687165,44.35712699445599,fail,fail,False,False,Charge SBC once,REJECTED — does not ship,True,0
BN.PA,combined,FPPPP,FPPPP,44.125410601687165,44.35712699445599,fail,fail,False,False,Both rejected experiments,REJECTED — does not ship,True,0
COO.US,sbc_once,PFPFP,PFPFP,31.668576565401388,37.714321786055585,fail,fail,False,False,Charge SBC once,REJECTED — does not ship,True,0
COO.US,combined,PFPFP,PFPFP,31.668576565401388,37.714321786055585,fail,fail,False,False,Both rejected experiments,REJECTED — does not ship,True,0
ESI.US,sbc_once,PFPPP,PFPPP,11.158606824218165,13.611174810187089,fail,fail,False,False,Charge SBC once,REJECTED — does not ship,True,0
ESI.US,combined,PFPPP,PFPPP,11.158606824218165,13.611174810187089,fail,fail,False,False,Both rejected experiments,REJECTED — does not ship,True,0
JSWSTEEL.NSE,sbc_once,FFPPP,FFPPP,656.5353058379192,670.4900769947053,fail,fail,False,False,Charge SBC once,REJECTED — does not ship,True,0
JSWSTEEL.NSE,combined,FFPPP,FFPPP,656.5353058379192,670.4900769947053,fail,fail,False,False,Both rejected experiments,REJECTED — does not ship,True,0
ANET.US,sbc_once,PPPPP,PPPPP,39.03129335591127,44.01532379937193,fail,fail,False,False,Charge SBC once,REJECTED — does not ship,True,0
ANET.US,current_scale,PPPPP,PPPPP,39.03129335591127,55.49952435199848,fail,fail,False,False,Current annual scale,REJECTED — does not ship,True,0
ANET.US,combined,PPPPP,PPPPP,39.03129335591127,63.158806980870864,fail,fail,False,False,Both rejected experiments,REJECTED — does not ship,True,0
6618.HK,sbc_once,FFFPP,FFPPP,18.727972597062934,27.161376427022045,fail,fail,False,False,Charge SBC once,REJECTED — does not ship,True,0
6618.HK,combined,FFFPP,FFPPP,18.727972597062934,27.161376427022045,fail,fail,False,False,Both rejected experiments,REJECTED — does not ship,True,0
GTT.PA,sbc_once,PFPPP,PFPPP,102.96110001351667,103.99816965024652,fail,fail,False,False,Charge SBC once,REJECTED — does not ship,True,0
GTT.PA,combined,PFPPP,PFPPP,102.96110001351667,103.99816965024652,fail,fail,False,False,Both rejected experiments,REJECTED — does not ship,True,0
CMPR.US,sbc_once,FPFFP,FPPFP,,14.21747516851424,unclear,fail,False,False,Charge SBC once,REJECTED — does not ship,True,
CMPR.US,combined,FPFFP,FPPFP,,14.21747516851424,unclear,fail,False,False,Both rejected experiments,REJECTED — does not ship,True,
ALK.AU,sbc_once,FFFFP,FFFFP,0.7547286723953862,0.7721422359583147,fail,fail,False,False,Charge SBC once,REJECTED — does not ship,True,0
ALK.AU,combined,FFFFP,FFFFP,0.7547286723953862,0.7721422359583147,fail,fail,False,False,Both rejected experiments,REJECTED — does not ship,True,0
DEVL.F,sbc_once,PPPPP,PPPPP,66.92056329327457,67.46289919085471,unclear,unclear,False,False,Charge SBC once,REJECTED — does not ship,True,-1.4210854715202004e-14
DEVL.F,combined,PPPPP,PPPPP,66.92056329327457,67.46289919085471,unclear,unclear,False,False,Both rejected experiments,REJECTED — does not ship,True,-1.4210854715202004e-14
SOFI.US,sbc_once,FFFPF,FFPPF,,,unclear,unclear,False,False,Charge SBC once,REJECTED — does not ship,True,
SOFI.US,combined,FFFPF,FFPPF,,,unclear,unclear,False,False,Both rejected experiments,REJECTED — does not ship,True,
ABI.BR,sbc_once,PPPFP,PPPFP,31.208340836894156,34.1679221335742,fail,fail,False,False,Charge SBC once,REJECTED — does not ship,True,0
ABI.BR,combined,PPPFP,PPPFP,31.208340836894156,34.1679221335742,fail,fail,False,False,Both rejected experiments,REJECTED — does not ship,True,0
CSL.US,sbc_once,PPPPP,PPPPP,270.4562379536133,269.04905535042025,fail,fail,False,False,Charge SBC once,REJECTED — does not ship,True,0
CSL.US,combined,PPPPP,PPPPP,270.4562379536133,269.04905535042025,fail,fail,False,False,Both rejected experiments,REJECTED — does not ship,True,0
PRKS.US,sbc_once,FFFFP,FFPFP,13.639753183254198,18.934912468312803,fail,fail,False,False,Charge SBC once,REJECTED — does not ship,True,0
PRKS.US,combined,FFFFP,FFPFP,13.639753183254198,18.934912468312803,fail,fail,False,False,Both rejected experiments,REJECTED — does not ship,True,0
ACR.US,sbc_once,FFFPP,FFFPP,13.742035205138185,20.921120662837257,unclear,pass,False,False,Charge SBC once,REJECTED — does not ship,True,0
ACR.US,combined,FFFPP,FFFPP,13.742035205138185,20.921120662837257,unclear,pass,False,False,Both rejected experiments,REJECTED — does not ship,True,0
9618.HK,sbc_once,FFFPP,FFPPP,,,unclear,unclear,False,False,Charge SBC once,REJECTED — does not ship,True,
9618.HK,combined,FFFPP,FFPPP,,,unclear,unclear,False,False,Both rejected experiments,REJECTED — does not ship,True,
KN.US,sbc_once,PFFFF,PFFFF,3.2459750846275526,7.259827886616859,fail,fail,False,False,Charge SBC once,REJECTED — does not ship,True,0
KN.US,combined,PFFFF,PFFFF,3.2459750846275526,7.259827886616859,fail,fail,False,False,Both rejected experiments,REJECTED — does not ship,True,0
IDT.US,sbc_once,PFPPP,PFPPP,44.44064119881384,48.1172042361937,fail,fail,False,False,Charge SBC once,REJECTED — does not ship,True,
IDT.US,combined,PFPPP,PFPPP,44.44064119881384,48.1172042361937,fail,fail,False,False,Both rejected experiments,REJECTED — does not ship,True,
VTOL.US,sbc_once,UUUUU,UUUUU,13.933927837632073,20.46291078645611,unclear,unclear,False,False,Charge SBC once,REJECTED — does not ship,False,
VTOL.US,combined,UUUUU,UUUUU,13.933927837632073,20.46291078645611,unclear,unclear,False,False,Both rejected experiments,REJECTED — does not ship,False,
NVT.US,sbc_once,PPPPP,PPPPP,32.896296125713185,34.817315639677396,fail,fail,False,False,Charge SBC once,REJECTED — does not ship,True,0
NVT.US,combined,PPPPP,PPPPP,32.896296125713185,34.817315639677396,fail,fail,False,False,Both rejected experiments,REJECTED — does not ship,True,0
GPC.US,sbc_once,PPPPP,PPPPP,8.112423023592445,12.519251612532296,fail,fail,False,False,Charge SBC once,REJECTED — does not ship,True,0
GPC.US,combined,PPPPP,PPPPP,8.112423023592445,12.519251612532296,fail,fail,False,False,Both rejected experiments,REJECTED — does not ship,True,0
1810.HK,sbc_once,FFFFP,FFPFP,18.187613624568286,19.933094486851754,fail,fail,False,False,Charge SBC once,REJECTED — does not ship,True,0
1810.HK,combined,FFFFP,FFPFP,18.187613624568286,19.933094486851754,fail,fail,False,False,Both rejected experiments,REJECTED — does not ship,True,0
IR.US,sbc_once,FFPPP,FFPPP,31.419647085676004,33.11855780684396,fail,fail,False,False,Charge SBC once,REJECTED — does not ship,True,0
IR.US,combined,FFPPP,FFPPP,31.419647085676004,33.11855780684396,fail,fail,False,False,Both rejected experiments,REJECTED — does not ship,True,0
4938.TW,sbc_once,FFFFP,FFFFP,68.19872938971797,73.07130337912717,fail,fail,False,False,Charge SBC once,REJECTED — does not ship,True,0
4938.TW,combined,FFFFP,FFFFP,68.19872938971797,73.07130337912717,fail,fail,False,False,Both rejected experiments,REJECTED — does not ship,True,0
VFC.US,sbc_once,FFFFP,FFFFP,2.748418782848945,4.644573435538531,fail,fail,False,False,Charge SBC once,REJECTED — does not ship,True,0
VFC.US,combined,FFFFP,FFFFP,2.748418782848945,4.644573435538531,fail,fail,False,False,Both rejected experiments,REJECTED — does not ship,True,0
VCT.LSE,sbc_once,PFFFP,PFFFP,395.1694587896755,445.1147620492607,fail,fail,False,False,Charge SBC once,REJECTED — does not ship,True,0
VCT.LSE,combined,PFFFP,PFFFP,395.1694587896755,445.1147620492607,fail,fail,False,False,Both rejected experiments,REJECTED — does not ship,True,0
0175.HK,sbc_once,FFPFP,FFPFP,15.8336480137109,18.38938586922606,unclear,unclear,False,False,Charge SBC once,REJECTED — does not ship,True,0
0175.HK,combined,FFPFP,FFPFP,15.8336480137109,18.38938586922606,unclear,unclear,False,False,Both rejected experiments,REJECTED — does not ship,True,0
DPZ.US,sbc_once,PPPPP,PPPPP,310.43898829606513,328.7964673742944,unclear,unclear,False,False,Charge SBC once,REJECTED — does not ship,True,0
DPZ.US,current_scale,PPPPP,PPPPP,310.43898829606513,335.83083309293505,unclear,unclear,False,False,Current annual scale,REJECTED — does not ship,True,0
DPZ.US,combined,PPPPP,PPPPP,310.43898829606513,364.2794830910421,unclear,unclear,False,False,Both rejected experiments,REJECTED — does not ship,True,0
FSM.US,sbc_once,FFPFP,FFPFP,5.99584474580264,5.7937998493144365,fail,fail,False,False,Charge SBC once,REJECTED — does not ship,True,0
FSM.US,combined,FFPFP,FFPFP,5.99584474580264,5.7937998493144365,fail,fail,False,False,Both rejected experiments,REJECTED — does not ship,True,0
ADP.US,sbc_once,PPPPP,PPPPP,197.12058590997688,210.1373076535134,fail,fail,False,False,Charge SBC once,REJECTED — does not ship,True,0
ADP.US,current_scale,PPPPP,PPPPP,197.12058590997688,223.9302040493164,fail,fail,False,False,Current annual scale,REJECTED — does not ship,True,0
ADP.US,combined,PPPPP,PPPPP,197.12058590997688,238.80759046919025,fail,fail,False,False,Both rejected experiments,REJECTED — does not ship,True,0
2057.HK,sbc_once,PFFPP,PFPPP,144.5395504540432,151.0674889057741,fail,fail,False,False,Charge SBC once,REJECTED — does not ship,True,0
2057.HK,combined,PFFPP,PFPPP,144.5395504540432,151.0674889057741,fail,fail,False,False,Both rejected experiments,REJECTED — does not ship,True,0
AGI.US,sbc_once,FFPFP,FFPFP,10.146763846456835,11.143852812789742,fail,fail,False,False,Charge SBC once,REJECTED — does not ship,True,0
AGI.US,combined,FFPFP,FFPFP,10.146763846456835,11.143852812789742,fail,fail,False,False,Both rejected experiments,REJECTED — does not ship,True,0
CDW.US,sbc_once,PPPPP,PPPPP,108.01027176221487,124.4997049195653,fail,fail,False,False,Charge SBC once,REJECTED — does not ship,True,0
CDW.US,combined,PPPPP,PPPPP,108.01027176221487,124.4997049195653,fail,fail,False,False,Both rejected experiments,REJECTED — does not ship,True,0
NVR.US,sbc_once,PPPPP,PPPPP,5540.501459169893,5944.574062496486,fail,fail,False,False,Charge SBC once,REJECTED — does not ship,True,9.094947017729282e-13
NVR.US,combined,PPPPP,PPPPP,5540.501459169893,5944.574062496486,fail,fail,False,False,Both rejected experiments,REJECTED — does not ship,True,9.094947017729282e-13
HP.US,sbc_once,FFFFP,FFFFP,1.77935606932125,5.737609675820371,unclear,fail,False,False,Charge SBC once,REJECTED — does not ship,True,
HP.US,combined,FFFFP,FFFFP,1.77935606932125,5.737609675820371,unclear,fail,False,False,Both rejected experiments,REJECTED — does not ship,True,
BATRA.US,sbc_once,FFFFP,FFFFP,,1.569427463703699,unclear,unclear,False,False,Charge SBC once,REJECTED — does not ship,True,
BATRA.US,combined,FFFFP,FFFFP,,1.569427463703699,unclear,unclear,False,False,Both rejected experiments,REJECTED — does not ship,True,
CNQ.TO,sbc_once,FFPPP,FFPPP,56.59481289490757,59.55707802846534,fail,fail,False,False,Charge SBC once,REJECTED — does not ship,True,0
CNQ.TO,combined,FFPPP,FFPPP,56.59481289490757,59.55707802846534,fail,fail,False,False,Both rejected experiments,REJECTED — does not ship,True,0
IR5B.IR,sbc_once,FFFFP,FFFFP,4.262289225068385,4.799280522089786,fail,fail,False,False,Charge SBC once,REJECTED — does not ship,False,0.0006737047251892392
IR5B.IR,combined,FFFFP,FFFFP,4.262289225068385,4.799280522089786,fail,fail,False,False,Both rejected experiments,REJECTED — does not ship,False,0.0006737047251892392
INGR.US,sbc_once,PPFFP,PPPFP,82.01397217656212,75.9097805827652,fail,fail,False,False,Charge SBC once,REJECTED — does not ship,True,0
INGR.US,combined,PPFFP,PPPFP,82.01397217656212,75.9097805827652,fail,fail,False,False,Both rejected experiments,REJECTED — does not ship,True,0
GPK.US,sbc_once,PFFFP,PFFFP,2.430781390434386,2.5137519733053746,fail,fail,False,False,Charge SBC once,REJECTED — does not ship,True,0
GPK.US,combined,PFFFP,PFFFP,2.430781390434386,2.5137519733053746,fail,fail,False,False,Both rejected experiments,REJECTED — does not ship,True,0
SHL.XETRA,sbc_once,PPPPP,PPPPP,25.397968523736843,27.609390118264717,fail,fail,False,False,Charge SBC once,REJECTED — does not ship,True,0
SHL.XETRA,combined,PPPPP,PPPPP,25.397968523736843,27.609390118264717,fail,fail,False,False,Both rejected experiments,REJECTED — does not ship,True,0
DGII.US,sbc_once,FFPFP,FFPFP,14.016221623577328,18.394764772234986,fail,fail,False,False,Charge SBC once,REJECTED — does not ship,True,0
DGII.US,combined,FFPFP,FFPFP,14.016221623577328,18.394764772234986,fail,fail,False,False,Both rejected experiments,REJECTED — does not ship,True,0
GBF.XETRA,sbc_once,FFPFP,FFPFP,65.78757329802009,66.76733818658455,unclear,unclear,False,False,Charge SBC once,REJECTED — does not ship,True,0
GBF.XETRA,combined,FFPFP,FFPFP,65.78757329802009,66.76733818658455,unclear,unclear,False,False,Both rejected experiments,REJECTED — does not ship,True,0
GFRD.LSE,sbc_once,FFFPP,FFFPP,745.2953936761858,788.129090145473,unclear,unclear,False,False,Charge SBC once,REJECTED — does not ship,True,0
GFRD.LSE,combined,FFFPP,FFFPP,745.2953936761858,788.129090145473,unclear,unclear,False,False,Both rejected experiments,REJECTED — does not ship,True,0
VSXY.US,sbc_once,FFPPP,FFPPP,28.14974347543028,36.39132143301905,fail,fail,False,False,Charge SBC once,REJECTED — does not ship,True,0
VSXY.US,combined,FFPPP,FFPPP,28.14974347543028,36.39132143301905,fail,fail,False,False,Both rejected experiments,REJECTED — does not ship,True,0
UTDI.XETRA,sbc_once,PFFFP,PFFFP,0.9854137013223649,,fail,unclear,False,False,Charge SBC once,REJECTED — does not ship,True,0
UTDI.XETRA,combined,PFFFP,PFFFP,0.9854137013223649,,fail,unclear,False,False,Both rejected experiments,REJECTED — does not ship,True,0
HIK.LSE,sbc_once,PFPFP,PFPFP,1929.7643428793353,2078.892155890101,unclear,unclear,False,False,Charge SBC once,REJECTED — does not ship,True,0
HIK.LSE,combined,PFPFP,PFPFP,1929.7643428793353,2078.892155890101,unclear,unclear,False,False,Both rejected experiments,REJECTED — does not ship,True,0
ASIANPAINT.NSE,sbc_once,PPPPP,PPPPP,624.684176132205,628.3113646633251,fail,fail,False,False,Charge SBC once,REJECTED — does not ship,True,
ASIANPAINT.NSE,combined,PPPPP,PPPPP,624.684176132205,628.3113646633251,fail,fail,False,False,Both rejected experiments,REJECTED — does not ship,True,
MELI.US,sbc_once,FFPPP,FFPPP,419.01106167293653,482.984375754125,fail,fail,False,False,Charge SBC once,REJECTED — does not ship,True,0
MELI.US,combined,FFPPP,FFPPP,419.01106167293653,482.984375754125,fail,fail,False,False,Both rejected experiments,REJECTED — does not ship,True,0
XYZ.US,sbc_once,FFFFF,FFFFF,,27.224553808968754,unclear,fail,False,False,Charge SBC once,REJECTED — does not ship,True,
XYZ.US,combined,FFFFF,FFFFF,,27.224553808968754,unclear,fail,False,False,Both rejected experiments,REJECTED — does not ship,True,
FWONK.US,sbc_once,FFPPP,FFPPP,16.2623614864985,17.75061869953553,fail,fail,False,False,Charge SBC once,REJECTED — does not ship,True,0
FWONK.US,combined,FFPPP,FFPPP,16.2623614864985,17.75061869953553,fail,fail,False,False,Both rejected experiments,REJECTED — does not ship,True,0
EXP.US,sbc_once,PPPPP,PPPPP,58.07663576861254,70.80457126917055,fail,fail,False,False,Charge SBC once,REJECTED — does not ship,True,0
EXP.US,combined,PPPPP,PPPPP,58.07663576861254,70.80457126917055,fail,fail,False,False,Both rejected experiments,REJECTED — does not ship,True,0
CCC.US,sbc_once,FFFPP,FFPPP,,1.8337266945899489,unclear,fail,False,False,Charge SBC once,REJECTED — does not ship,True,
CCC.US,combined,FFFPP,FFPPP,,1.8337266945899489,unclear,fail,False,False,Both rejected experiments,REJECTED — does not ship,True,
KLR.LSE,sbc_once,FFPPP,FFPPP,2734.8262079174133,2856.6404695267956,fail,fail,False,False,Charge SBC once,REJECTED — does not ship,True,0
KLR.LSE,combined,FFPPP,FFPPP,2734.8262079174133,2856.6404695267956,fail,fail,False,False,Both rejected experiments,REJECTED — does not ship,True,0
CRM.US,sbc_once,FFPPF,FFPPF,70.74270787120938,112.86023918077285,fail,fail,False,False,Charge SBC once,REJECTED — does not ship,True,0
CRM.US,combined,FFPPF,FFPPF,70.74270787120938,112.86023918077285,fail,fail,False,False,Both rejected experiments,REJECTED — does not ship,True,0
HSTM.US,sbc_once,PFPFP,PFPFP,15.84748966914811,19.35153722330968,fail,fail,False,False,Charge SBC once,REJECTED — does not ship,True,0
HSTM.US,combined,PFPFP,PFPFP,15.84748966914811,19.35153722330968,fail,fail,False,False,Both rejected experiments,REJECTED — does not ship,True,0
ETN.US,sbc_once,PPPPP,PPPPP,106.77762204760221,107.13764642133117,fail,fail,False,False,Charge SBC once,REJECTED — does not ship,True,0
ETN.US,combined,PPPPP,PPPPP,106.77762204760221,107.13764642133117,fail,fail,False,False,Both rejected experiments,REJECTED — does not ship,True,0
BN.TO,sbc_once,PFPPP,PFFPP,,,unclear,unclear,False,False,Charge SBC once,REJECTED — does not ship,True,
BN.TO,combined,PFPPP,PFFPP,,,unclear,unclear,False,False,Both rejected experiments,REJECTED — does not ship,True,
FER.AS,sbc_once,FFPPP,FFPPP,20.73466182225273,20.578917949358217,fail,fail,False,False,Charge SBC once,REJECTED — does not ship,True,0
FER.AS,combined,FFPPP,FFPPP,20.73466182225273,20.578917949358217,fail,fail,False,False,Both rejected experiments,REJECTED — does not ship,True,0
SK.PA,sbc_once,PPPFP,PPPFP,70.57883084041806,74.45551396265226,unclear,unclear,False,False,Charge SBC once,REJECTED — does not ship,True,0
SK.PA,combined,PPPFP,PPPFP,70.57883084041806,74.45551396265226,unclear,unclear,False,False,Both rejected experiments,REJECTED — does not ship,True,0
MKC-V.US,sbc_once,PPPPP,PPPPP,34.37832274331085,36.69925197770012,fail,fail,False,False,Charge SBC once,REJECTED — does not ship,True,0
MKC-V.US,combined,PPPPP,PPPPP,34.37832274331085,36.69925197770012,fail,fail,False,False,Both rejected experiments,REJECTED — does not ship,True,0
CRDA.LSE,sbc_once,PFFFP,PFFFP,640.9985669585548,685.6233282380213,fail,fail,False,False,Charge SBC once,REJECTED — does not ship,True,1.1368683772161603e-13
CRDA.LSE,combined,PFFFP,PFFFP,640.9985669585548,685.6233282380213,fail,fail,False,False,Both rejected experiments,REJECTED — does not ship,True,1.1368683772161603e-13
FNTN.XETRA,sbc_once,PFPFP,PFPFP,28.50765704560273,29.832973387543344,unclear,unclear,False,False,Charge SBC once,REJECTED — does not ship,True,0
FNTN.XETRA,combined,PFPFP,PFPFP,28.50765704560273,29.832973387543344,unclear,unclear,False,False,Both rejected experiments,REJECTED — does not ship,True,0
GSK.LSE,sbc_once,PPPFP,PPPFP,1420.3110539797465,1515.5997761047265,fail,fail,False,False,Charge SBC once,REJECTED — does not ship,True,0
GSK.LSE,combined,PPPFP,PPPFP,1420.3110539797465,1515.5997761047265,fail,fail,False,False,Both rejected experiments,REJECTED — does not ship,True,0
HEI-A.US,sbc_once,PPFPP,PPFPP,53.56078756241788,55.30270117022418,fail,fail,False,False,Charge SBC once,REJECTED — does not ship,True,0
HEI-A.US,combined,PPFPP,PPFPP,53.56078756241788,55.30270117022418,fail,fail,False,False,Both rejected experiments,REJECTED — does not ship,True,0
BWLP.US,sbc_once,FFPPP,FFPPP,28.053530022596465,28.19714314971531,unclear,unclear,False,False,Charge SBC once,REJECTED — does not ship,True,0
BWLP.US,combined,FFPPP,FFPPP,28.053530022596465,28.19714314971531,unclear,unclear,False,False,Both rejected experiments,REJECTED — does not ship,True,0
BRSL.US,sbc_once,FFPFF,FFPFF,4.917866719682058,5.864868524684182,fail,fail,False,False,Charge SBC once,REJECTED — does not ship,True,0
BRSL.US,combined,FFPFF,FFPFF,4.917866719682058,5.864868524684182,fail,fail,False,False,Both rejected experiments,REJECTED — does not ship,True,0
FIX.US,sbc_once,FPPPP,FPPPP,217.6373170690013,224.77727090232412,fail,fail,False,False,Charge SBC once,REJECTED — does not ship,True,0
FIX.US,combined,FPPPP,FPPPP,217.6373170690013,224.77727090232412,fail,fail,False,False,Both rejected experiments,REJECTED — does not ship,True,0
INVH.US,sbc_once,FFFFP,FFFFP,19.424516671325417,20.01241138546857,fail,fail,False,False,Charge SBC once,REJECTED — does not ship,True,0
INVH.US,combined,FFFFP,FFFFP,19.424516671325417,20.01241138546857,fail,fail,False,False,Both rejected experiments,REJECTED — does not ship,True,0
PODD.US,sbc_once,FFFFP,FFFFP,45.22326473338606,64.60089720468439,fail,fail,False,False,Charge SBC once,REJECTED — does not ship,True,0
PODD.US,combined,FFFFP,FFFFP,45.22326473338606,64.60089720468439,fail,fail,False,False,Both rejected experiments,REJECTED — does not ship,True,0
AWI.US,sbc_once,PPPPP,PPPPP,62.945487017540344,68.47803372893136,fail,fail,False,False,Charge SBC once,REJECTED — does not ship,True,0
AWI.US,combined,PPPPP,PPPPP,62.945487017540344,68.47803372893136,fail,fail,False,False,Both rejected experiments,REJECTED — does not ship,True,0
GTN.US,sbc_once,FFPFP,FFPFP,3.9861895689891456,6.807018313236023,fail,unclear,False,False,Charge SBC once,REJECTED — does not ship,True,
GTN.US,combined,FFPFP,FFPFP,3.9861895689891456,6.807018313236023,fail,unclear,False,False,Both rejected experiments,REJECTED — does not ship,True,
ECL.US,sbc_once,PPPPP,PPPPP,80.38432692859072,84.60361208805605,fail,fail,False,False,Charge SBC once,REJECTED — does not ship,True,0
ECL.US,combined,PPPPP,PPPPP,80.38432692859072,84.60361208805605,fail,fail,False,False,Both rejected experiments,REJECTED — does not ship,True,0
GPE.LSE,sbc_once,FFFFF,FFFFF,299.4729994691942,312.42177466258534,fail,unclear,False,False,Charge SBC once,REJECTED — does not ship,True,0
GPE.LSE,combined,FFFFF,FFFFF,299.4729994691942,312.42177466258534,fail,unclear,False,False,Both rejected experiments,REJECTED — does not ship,True,0
NVDA.US,sbc_once,PPPPP,PPPPP,25.29814284347939,28.15251237927848,fail,fail,False,False,Charge SBC once,REJECTED — does not ship,True,0
NVDA.US,current_scale,PPPPP,PPPPP,25.29814284347939,79.8367177389794,fail,fail,False,False,Current annual scale,REJECTED — does not ship,True,0
NVDA.US,combined,PPPPP,PPPPP,25.29814284347939,89.95402919988655,fail,fail,False,False,Both rejected experiments,REJECTED — does not ship,True,0
VOD.LSE,sbc_once,FFPFP,FFPFP,174.84041629953933,180.5350040710371,unclear,unclear,False,False,Charge SBC once,REJECTED — does not ship,True,2.842170943040401e-14
VOD.LSE,combined,FFPFP,FFPFP,174.84041629953933,180.5350040710371,unclear,unclear,False,False,Both rejected experiments,REJECTED — does not ship,True,2.842170943040401e-14
XRO.AU,sbc_once,FFFFP,FFPFP,27.749885494488527,27.749885494488527,fail,fail,False,False,Charge SBC once,REJECTED — does not ship,True,0
XRO.AU,combined,FFFFP,FFPFP,27.749885494488527,27.749885494488527,fail,fail,False,False,Both rejected experiments,REJECTED — does not ship,True,0
SHC.LSE,sbc_once,FFFFP,FFFFP,174.9462665721787,177.05226412279663,unclear,unclear,False,False,Charge SBC once,REJECTED — does not ship,False,-10.911466210708767
SHC.LSE,combined,FFFFP,FFFFP,174.9462665721787,177.05226412279663,unclear,unclear,False,False,Both rejected experiments,REJECTED — does not ship,False,-10.911466210708767
TW.US,sbc_once,PFPPP,PFPPP,24.72190660207699,28.525348724848374,fail,fail,False,False,Charge SBC once,REJECTED — does not ship,True,0
TW.US,combined,PFPPP,PFPPP,24.72190660207699,28.525348724848374,fail,fail,False,False,Both rejected experiments,REJECTED — does not ship,True,0
6862.HK,sbc_once,FFFPP,FFFPP,11.817549598744808,11.975493375444334,unclear,unclear,False,False,Charge SBC once,REJECTED — does not ship,True,0
6862.HK,combined,FFFPP,FFFPP,11.817549598744808,11.975493375444334,unclear,unclear,False,False,Both rejected experiments,REJECTED — does not ship,True,0
SPSC.US,sbc_once,PPFPP,PPPPP,15.251325664762378,48.428919270865975,fail,fail,False,False,Charge SBC once,REJECTED — does not ship,True,
SPSC.US,combined,PPFPP,PPPPP,15.251325664762378,65.17707312108088,fail,fail,False,False,Both rejected experiments,REJECTED — does not ship,True,
NSIT.US,sbc_once,PPPPP,PPPPP,93.58529816658398,107.88259780805966,fail,fail,False,False,Charge SBC once,REJECTED — does not ship,True,0
NSIT.US,combined,PPPPP,PPPPP,93.58529816658398,107.88259780805966,fail,fail,False,False,Both rejected experiments,REJECTED — does not ship,True,0
