id,currency,beforeValue,afterValue,beforeBuy,afterBuy,beforePriceTest,afterPriceTest,beforeMargin,afterMargin,annualEnd,annualCash,annualDebt,balanceEnd,balanceFiled,availabilityAssumed,source,basis,currentCash,currentDebt,unavailableReason,beforeNormalized,afterNormalized,beforeNetDebt,afterNetDebt
000001.SHE,CNY,23.3591435085569,27.098194194422412,False,False,pass,pass,0.25,0.25,2025-12-31,1078757000000,1548551000000,2026-06-30,2026-09-28,True,https://eodhd.com/api/fundamentals/000001.SHE#Financials.Balance_Sheet.quarterly.2026-06-30,filed,649686000000,,,23.7751697854498,27.58081295298677,,
000063.SHE,CNY,26.175570323404443,26.037954795140703,False,False,fail,fail,0.5,0.5,2025-12-31,51147531000,58091220000,2026-06-30,2026-09-28,True,https://eodhd.com/api/fundamentals/000063.SHE#Financials.Balance_Sheet.quarterly.2026-06-30,filed,50620152000,57782778000,,6294458200,6294458200,6943689000,7162626000
000080.KO,KRW,7856.81670778323,7430.928055004336,False,False,fail,fail,0.5,0.5,2025-12-31,296079864450,956685047000,2026-06-30,2026-09-28,True,https://eodhd.com/api/fundamentals/000080.KO#Financials.Balance_Sheet.quarterly.2026-06-30,filed,265362033290,1020018993410,,24294749368,24294749368,660605182550,754656960120
000100.KO,KRW,22618.425452468855,23559.1646217429,False,False,fail,fail,0.5,0.5,2025-12-31,378081222250,337309021000,2026-06-30,2026-09-28,True,https://eodhd.com/api/fundamentals/000100.KO#Financials.Balance_Sheet.quarterly.2026-06-30,filed,449248082330,349530021040,,106994734730,106994734730,-40772201250,-99718061290
000100.SHE,CNY,4.214619626035292,4.054705631155537,False,False,fail,fail,0.5,0.5,2025-12-31,44940206000,174700525000,2026-06-30,2026-09-28,True,https://eodhd.com/api/fundamentals/000100.SHE#Financials.Balance_Sheet.quarterly.2026-06-30,filed,41500292000,128105518000,,4119119800,4119119800,129760319000,86605226000
000157.SHE,CNY,8.431418572532412,8.977855476146193,False,False,,,0.5,0.5,2025-12-31,15852245012.23,25199525708.6,2026-06-30,2026-09-28,True,https://eodhd.com/api/fundamentals/000157.SHE#Financials.Balance_Sheet.quarterly.2026-06-30,filed,20623731785.05,31075105799.42,,3165763369.514,3165763369.514,9347280696.369999,10451374014.369999
0002.HK,HKD,18.572295153158155,19.64732113318356,False,False,fail,fail,0.5,0.5,2025-12-31,3928000000,66730000000,2026-06-30,2026-09-28,True,https://eodhd.com/api/fundamentals/0002.HK#Financials.Balance_Sheet.quarterly.2026-06-30,filed,6644000000,71575000000,,3598400000,3598400000,62802000000,64931000000
000210.KO,KRW,126007.44042172567,132500.62763329266,False,False,pass,pass,0.5,0.5,2025-12-31,1167816163830,5449812447000,2026-06-30,2026-09-28,True,https://eodhd.com/api/fundamentals/000210.KO#Financials.Balance_Sheet.quarterly.2026-06-30,filed,1308570111060,5853330234910,,126727410092,126727410092,4281996283170,4544760123850
000240.KO,KRW,40257.97395395615,40502.800107916555,False,False,pass,pass,0.35,0.35,2025-12-31,115681614700,81873215000,2026-06-30,2026-09-28,True,https://eodhd.com/api/fundamentals/000240.KO#Financials.Balance_Sheet.quarterly.2026-06-30,filed,138580800340,103403025000,,203848973600,203848973600,-33808399700,-35177775340
000270.KO,KRW,291427.82598002686,294396.8145448259,False,False,pass,pass,0.5,0.5,2025-12-31,22112746000000,2343929000000,2026-06-30,2026-09-28,True,https://eodhd.com/api/fundamentals/000270.KO#Financials.Balance_Sheet.quarterly.2026-06-30,filed,23548287000000,2253775000000,,4811089200000,4801914000000,-19768817000000,-21294512000000
0003.HK,HKD,3.171309097715612,3.2762776741158266,False,False,fail,fail,0.5,0.5,2025-12-31,8010700000,61002300000,2026-06-30,2026-09-28,True,https://eodhd.com/api/fundamentals/0003.HK#Financials.Balance_Sheet.quarterly.2026-06-30,filed,9969400000,63418200000,,4201240000,4201240000,52991600000,53448800000
000333.SHE,CNY,66.04932604961529,67.05408015721886,False,False,fail,fail,0.25,0.25,2025-12-31,85957867000,59758167000,2026-06-30,2026-09-28,True,https://eodhd.com/api/fundamentals/000333.SHE#Financials.Balance_Sheet.quarterly.2026-06-30,filed,93798474000,71307244000,,34345341200,34345341200,-26199700000,-22491230000
000338.SHE,CNY,27.99369733407124,29.085982646338035,False,False,,,0.35,0.35,2025-12-31,83504328000,96924203000,2026-06-30,2026-09-28,True,https://eodhd.com/api/fundamentals/000338.SHE#Financials.Balance_Sheet.quarterly.2026-06-30,filed,93147482843.62,26895001860.699997,,13105606485.324,13105606485.324,13419875000,-66252480982.92
000408.SHE,CNY,29.28729749580985,29.699092888097052,False,False,fail,fail,0.5,0.5,2025-12-31,2286389163,236907031,2026-06-30,2026-09-28,True,https://eodhd.com/api/fundamentals/000408.SHE#Financials.Balance_Sheet.quarterly.2026-06-30,filed,2939492561.5099998,3774830.77,,3509584210.298,3509584210.298,-2049482132,-2935717730.74
000425.SHE,CNY,12.508614570620685,12.435179771112029,False,False,,,0.5,0.5,2025-12-31,22217960302.87,31304793508.41,2026-06-30,2026-09-28,True,https://eodhd.com/api/fundamentals/000425.SHE#Financials.Balance_Sheet.quarterly.2026-06-30,filed,21500017043.44,33550104824.68,,6431860200.454,6431860200.454,9086833205.54,12050087781.240002
000538.SHE,CNY,42.109541852076475,42.67562573489718,False,False,fail,fail,0.35,0.35,2025-12-31,13299942576.41,269345154.04,2026-06-30,2026-09-28,True,https://eodhd.com/api/fundamentals/000538.SHE#Financials.Balance_Sheet.quarterly.2026-06-30,filed,14321073331.68,160313216.93,,3979009776.526518,3979009776.526518,-13030597422.369999,-14160760114.75
000568.SHE,CNY,104.84302616553545,106.5376152511354,True,True,pass,pass,0.15,0.15,2025-12-31,28926338657.739998,2627166310.93,2026-03-31,2026-06-29,True,https://eodhd.com/api/fundamentals/000568.SHE#Financials.Balance_Sheet.quarterly.2026-03-31,filed,31394066985.38,4667518519.33,,9687738161.358,9687738161.358,-26299172346.809998,-26726548466.050003
000596.SHE,CNY,90.66554628806627,90.27160064519073,False,False,fail,fail,0.15,0.15,2025-12-31,14187463729.81,445029853.39,2026-06-30,2026-09-28,True,https://eodhd.com/api/fundamentals/000596.SHE#Financials.Balance_Sheet.quarterly.2026-06-30,filed,13904254937.470001,427170535.46000004,,2624932139.044,2624932139.044,-13742433876.42,-13477084402.010002
0006.HK,HKD,36.904195778270626,56.958110020739774,False,False,fail,fail,0.5,0.5,2025-12-31,2531000000,3320000000,2026-06-30,2026-09-28,True,https://eodhd.com/api/fundamentals/0006.HK#Financials.Balance_Sheet.quarterly.2026-06-30,filed,45268000000,2770000000,,6121200000,6121200000,789000000,-42498000000
000617.SHE,CNY,12.036003141231898,11.836548022668302,False,False,pass,pass,0.35,0.35,2025-12-31,100497623520,121128981584.69,2026-06-30,2026-09-28,True,https://eodhd.com/api/fundamentals/000617.SHE#Financials.Balance_Sheet.quarterly.2026-06-30,filed,97933725697.18,104218418541.62,,4212836299.0340004,4212836299.0340004,20631358064.690002,6284692844.440002
000625.SHE,CNY,12.180013179288068,10.757581147664558,False,False,,,0.5,0.5,2025-12-31,54021735265.29,1512079687.49,2026-06-30,2026-09-28,True,https://eodhd.com/api/fundamentals/000625.SHE#Financials.Balance_Sheet.quarterly.2026-06-30,filed,39780161274.439995,1304374900.4,,5628041071.346001,5628041071.346001,-52509655577.8,-38475786374.03999
000651.SHE,CNY,85.67143947548098,89.40912781056015,False,False,pass,pass,0.25,0.25,2025-12-31,141889454753.95,71091610110.24,2026-06-30,2026-09-28,True,https://eodhd.com/api/fundamentals/000651.SHE#Financials.Balance_Sheet.quarterly.2026-06-30,filed,162666835090.81,82502049881.94,,27450786398.616,27450786398.616,-70797844643.71,-80164785208.87
000660.KO,KRW,300635.4772975106,372385.47314539907,False,False,fail,fail,0.5,0.5,2025-12-31,35137512000000,22247905000000,2026-06-30,2026-09-28,True,https://eodhd.com/api/fundamentals/000660.KO#Financials.Balance_Sheet.quarterly.2026-06-30,filed,87980983000000,21113139000000,,9294672600000,9294672600000,-12889607000000,-66867844000000
000708.SHE,CNY,22.95536053903568,22.16812715184663,False,False,,,0.5,0.5,2025-12-31,11273077000,27639112000,2026-06-30,2026-09-28,True,https://eodhd.com/api/fundamentals/000708.SHE#Financials.Balance_Sheet.quarterly.2026-06-30,filed,7284177311.87,22817240268.68,,8581329864.704,8581329864.704,16366035000,15533062956.810001
000720.KO,KRW,83204.70787953571,72601.65972554864,False,False,fail,fail,0.5,0.5,2025-12-31,5178717000000,3851010000000,2026-06-30,2026-09-28,True,https://eodhd.com/api/fundamentals/000720.KO#Financials.Balance_Sheet.quarterly.2026-06-30,filed,3877092000000,4500253000000,,378528200000,384949200000,-1327707000000,623161000000
000725.SHE,CNY,4.938258395453754,5.050514906980287,False,False,fail,fail,0.5,0.5,2025-12-31,73893488905,116200362962,2026-06-30,2026-09-28,True,https://eodhd.com/api/fundamentals/000725.SHE#Financials.Balance_Sheet.quarterly.2026-06-30,filed,78011259197,111968700842,,5649153069.8,5649153069.8,42306874057,33957441645
000733.SHE,CNY,33.05582508497043,32.34516901076616,False,False,fail,fail,0.5,0.5,2025-12-31,5893746572.14,717576907.33,2026-03-31,2026-06-29,True,https://eodhd.com/api/fundamentals/000733.SHE#Financials.Balance_Sheet.quarterly.2026-03-31,filed,5498502119.57,658233747.0500001,,1008222344.72,1008222344.72,-5176169664.81,-4840268372.5199995
000768.SHE,CNY,8.137804964674606,7.978793823789011,False,False,fail,fail,0.35,0.35,2025-12-31,10831627690.960001,3665545614.1099997,2026-06-30,2026-09-28,True,https://eodhd.com/api/fundamentals/000768.SHE#Financials.Balance_Sheet.quarterly.2026-06-30,filed,10284875612.71,4540128864.08,,1014425924.206,1014425924.206,-7166082076.850001,-5744746748.629999
000786.SHE,CNY,31.71453873572576,30.95762408939952,True,True,pass,pass,0.25,0.25,2025-12-31,5743047535,2291823287,2026-06-30,2026-09-28,True,https://eodhd.com/api/fundamentals/000786.SHE#Financials.Balance_Sheet.quarterly.2026-06-30,filed,4438382924.02,673891197.88,,2804952972.206,2804952972.206,-3451224248,-3764491726.1400003
000792.SHE,CNY,22.473916249205622,24.150658434503566,False,False,fail,,0.5,0.5,2025-12-31,23279441115.780003,561760595.4300001,2026-06-30,2026-09-28,True,https://eodhd.com/api/fundamentals/000792.SHE#Financials.Balance_Sheet.quarterly.2026-06-30,filed,32277499561.72,320700600.01,,7714965967.228,7714965967.228,-22717680520.350002,-31956798961.710003
000800.SHE,CNY,6.773641564158273,8.297019756072206,False,False,,,0.5,0.5,2025-12-31,22325269000,13523540000,2026-06-30,2026-09-28,True,https://eodhd.com/api/fundamentals/000800.SHE#Financials.Balance_Sheet.quarterly.2026-06-30,filed,30013365020.61,186454779.16,,985906530.872,985906530.872,-8801729000,-29826910241.45
000810.KO,KRW,462583.6700124409,789255.3222792189,False,False,fail,,0.35,0.35,2025-12-31,58599554392520,313300000000,2026-06-30,2026-09-28,True,https://eodhd.com/api/fundamentals/000810.KO#Financials.Balance_Sheet.quarterly.2026-06-30,filed,64656117000000,477704156578,,527172.1481217776,899455.4945082511,,
000895.SHE,CNY,17.601011421287936,15.524258261728903,False,False,fail,fail,0.25,0.25,2025-12-31,11107145663,10524080215,2026-06-30,2026-09-28,True,https://eodhd.com/api/fundamentals/000895.SHE#Financials.Balance_Sheet.quarterly.2026-06-30,filed,3909303015.69,11982368649.720001,,4105380697.918,4105380697.918,-583065448,8073065634.030001
000938.SHE,CNY,10.289647597208722,9.50933307840449,False,False,fail,fail,0.5,0.5,2025-12-31,9081561424.480001,18151724953.78,2026-06-30,2026-09-28,True,https://eodhd.com/api/fundamentals/000938.SHE#Financials.Balance_Sheet.quarterly.2026-06-30,filed,7171518932.099999,25144531507.79,,1791705241.264,1791705241.264,9070163529.299997,17973012575.690002
000963.SHE,CNY,23.284487227137255,23.637718064395575,False,False,fail,fail,0.25,0.25,2025-12-31,4978052188.84,1873938378.32,2026-06-30,2026-09-28,True,https://eodhd.com/api/fundamentals/000963.SHE#Financials.Balance_Sheet.quarterly.2026-06-30,filed,5605360468.39,2082120008.63,,2331133339.531672,2331133339.531672,-3104113810.5200005,-3523240459.76
000977.SHE,CNY,33.06486509907935,34.74910825587123,False,False,fail,fail,0.35,0.35,2025-12-31,10470964500.61,7317644265.18,2026-06-30,2026-09-28,True,https://eodhd.com/api/fundamentals/000977.SHE#Financials.Balance_Sheet.quarterly.2026-06-30,filed,13034161745.460001,18140155379.100002,,2136953300.394,2136953300.394,-3153320235.4300003,5105993633.640001
000983.SHE,CNY,7.95743992643356,7.915685530208856,False,False,,,0.5,0.5,2025-12-31,11730408280.66,26530022054.57,2026-06-30,2026-09-28,True,https://eodhd.com/api/fundamentals/000983.SHE#Financials.Balance_Sheet.quarterly.2026-06-30,filed,11492846412.46,24053856099.710003,,2749026612.4500003,2749026612.4500003,14799613773.91,12561009687.250004
000990.KO,KRW,101468.29539557014,105275.70646351046,False,False,fail,fail,0.35,0.35,2025-12-31,1062775959680,355887533540,2026-06-30,2026-09-28,True,https://eodhd.com/api/fundamentals/000990.KO#Financials.Balance_Sheet.quarterly.2026-06-30,filed,1228698589550,313079021710,,265717251320,265717251320,-706888426140,-915619567840
000999.SHE,CNY,38.37671296800793,36.97972423034905,False,False,pass,pass,0.25,0.25,2025-12-31,9557215000,6422769000,2026-06-30,2026-09-28,True,https://eodhd.com/api/fundamentals/000999.SHE#Financials.Balance_Sheet.quarterly.2026-06-30,filed,7236390441.04,4188515250.18,,2829029398.802,2829029398.802,-3134446000,-3047875190.86
0012.HK,HKD,12.607075325821654,12.454420915575836,False,False,fail,fail,0.5,0.5,2025-12-31,23120000000,163905000000,2026-06-30,2026-09-28,True,https://eodhd.com/api/fundamentals/0012.HK#Financials.Balance_Sheet.quarterly.2026-06-30,filed,22381000000,157628000000,,3089553311.2014556,3089553311.2014556,140785000000,135247000000
001450.KO,KRW,75307.1863165343,96011.84848581457,False,False,,pass,0.5,0.5,2025-12-31,27254591590200,3324871870000,2026-06-30,2026-09-28,True,https://eodhd.com/api/fundamentals/001450.KO#Financials.Balance_Sheet.quarterly.2026-06-30,filed,25740593657420,2977979769000,,63786.42748255232,81323.61744554494,,
001800.KO,KRW,45439.639368256736,47907.39037855468,False,False,pass,pass,0.35,0.35,2025-12-31,1348055312400,189500000000,2026-06-30,2026-09-28,True,https://eodhd.com/api/fundamentals/001800.KO#Financials.Balance_Sheet.quarterly.2026-06-30,filed,1512728260220,277816030310,,116850514908,116126136948,-1158555312400,-1234912229910
001979.SHE,CNY,11.138392336686767,12.49670676569197,False,False,,,0.5,0.5,2025-12-31,86127268000,189566211000,2026-06-30,2026-09-28,True,https://eodhd.com/api/fundamentals/001979.SHE#Financials.Balance_Sheet.quarterly.2026-06-30,filed,98449449827.58,176342515702.84998,,1397555449.812,1397555449.812,103438943000,77893065875.26997
002001.SHE,CNY,30.80166160280215,30.7580658188124,False,False,,,0.25,0.25,2025-12-31,10134545223.720001,4862351251.39,2026-06-30,2026-09-28,True,https://eodhd.com/api/fundamentals/002001.SHE#Financials.Balance_Sheet.quarterly.2026-06-30,filed,10041683925.93,4134503415.3300004,,4355423259.37,4355423259.37,-5272193972.330001,-5907180510.6
002007.SHE,CNY,9.275607360086441,8.691711493844815,False,False,fail,fail,0.25,0.25,2025-12-31,4302943396,547202210,2026-06-30,2026-09-28,True,https://eodhd.com/api/fundamentals/002007.SHE#Financials.Balance_Sheet.quarterly.2026-06-30,filed,3232681450.45,397881429.78,,1022969363.962,1022969363.962,-3755741186,-2834800020.67
002027.SHE,CNY,4.7846542891958075,5.010273043122387,False,False,,,0.35,0.35,2025-12-31,7553734802.99,207266359.01,2026-06-30,2026-09-28,True,https://eodhd.com/api/fundamentals/002027.SHE#Financials.Balance_Sheet.quarterly.2026-06-30,filed,10809883159.44,985578151.98,,4969352066.020553,4969352066.020553,-7346468443.98,-9824305007.460001
002049.SHE,CNY,28.186621657650424,28.74208313220444,False,False,fail,fail,0.5,0.5,2024-12-31,3246323814,1621135859,2026-06-30,2026-09-28,True,https://eodhd.com/api/fundamentals/002049.SHE#Financials.Balance_Sheet.quarterly.2026-06-30,filed,3714696483.62,152703692.62,,1062326362.326,1062326362.326,-1625187955,-3561992791
002050.SHE,CNY,12.728045380018173,12.733763020073612,False,False,fail,fail,0.25,0.25,2025-12-31,15810756731,8595085954,2026-06-30,2026-09-28,True,https://eodhd.com/api/fundamentals/002050.SHE#Financials.Balance_Sheet.quarterly.2026-06-30,filed,15849147112.439999,2428686180.67,,1975596285.6422343,1975596285.6422343,-7215670777,-13420460931.769999
002179.SHE,CNY,16.569321353105128,16.132141002014052,False,False,fail,fail,0.25,0.25,2025-12-31,7307634833.889999,484534594.62,2026-06-30,2026-09-28,True,https://eodhd.com/api/fundamentals/002179.SHE#Financials.Balance_Sheet.quarterly.2026-06-30,filed,6390570970.62,2471133641.3900003,,1437532430.0375862,1437532430.0375862,-6823100239.2699995,-3919437329.2299995
002241.SHE,CNY,7.705392711652519,8.000138250526762,False,False,fail,fail,0.5,0.5,2025-12-31,21380421226.38,16961173138.07,2026-06-30,2026-09-28,True,https://eodhd.com/api/fundamentals/002241.SHE#Financials.Balance_Sheet.quarterly.2026-06-30,filed,22479080287.98,23096590289.71,,640561692.9119997,640561692.9119997,-4419248088.310001,617510001.7299995
002252.SHE,CNY,2.9709923844904442,2.889733700135563,False,False,fail,fail,0.5,0.5,2025-12-31,2106806386,3948481983,2026-06-30,2026-09-28,True,https://eodhd.com/api/fundamentals/002252.SHE#Financials.Balance_Sheet.quarterly.2026-06-30,filed,1556240225.11,3455457440.99,,1417265150.342,1417265150.342,1841675597,1899217215.8799999
002271.SHE,CNY,2.444892533636413,2.548622608084201,False,False,fail,fail,0.5,0.5,2025-12-31,4445761497.4,5507965458.21,2026-06-30,2026-09-28,True,https://eodhd.com/api/fundamentals/002271.SHE#Financials.Balance_Sheet.quarterly.2026-06-30,filed,4719503454.52,7925939345.7,,156459000.902,156459000.902,1062203960.8100004,3206435891.1799994
002304.SHE,CNY,31.909302770367486,30.75716402370888,False,False,fail,fail,0.35,0.35,2025-12-31,20557251563.620003,91010849.32,2026-06-30,2026-09-28,True,https://eodhd.com/api/fundamentals/002304.SHE#Financials.Balance_Sheet.quarterly.2026-06-30,filed,18736497094.99,180186060.66,,2243015408.0839996,2243015408.0839996,-20466240714.300003,-18556311034.33
002311.SHE,CNY,29.993200109121897,30.74522707914247,False,False,fail,fail,0.25,0.25,2025-12-31,5321571241.01,1413284388.29,2026-06-30,2026-09-28,True,https://eodhd.com/api/fundamentals/002311.SHE#Financials.Balance_Sheet.quarterly.2026-06-30,filed,6675869130.440001,5942994117.2,,2417346669.726,2417346669.726,-3908286852.7200003,-732875013.2400007
002352.SHE,CNY,16.989181306882678,18.99120260187234,False,False,fail,fail,0.35,0.35,2025-12-31,37168376000,24555058000,2026-06-30,2026-09-28,True,https://eodhd.com/api/fundamentals/002352.SHE#Financials.Balance_Sheet.quarterly.2026-06-30,filed,47366973000,42955878000,,4347716600,4347716600,-12613318000,-4411095000
002371.SHE,CNY,126.44853537043477,128.54435452372383,False,False,fail,fail,0.5,0.5,2025-12-31,17378999417.37,13292093457.230001,2026-06-30,2026-09-28,True,https://eodhd.com/api/fundamentals/002371.SHE#Financials.Balance_Sheet.quarterly.2026-06-30,filed,18980310156.18,12628993417.31,,3870610557.748,3870610557.748,-4086905960.1399975,-6351316738.870001
002380.KO,KRW,549643.2360793191,545517.26631657,False,False,,,0.5,0.5,2025-12-31,1230547688430,5010779148210,2026-06-30,2026-09-28,True,https://eodhd.com/api/fundamentals/002380.KO#Financials.Balance_Sheet.quarterly.2026-06-30,filed,1202761660760,5425857843450,,236489590290,236489590290,3780231459780,4223096182690
002410.SHE,CNY,5.448853956854265,4.895184830111601,False,False,fail,fail,0.5,0.5,2025-12-31,4316807656,119114748,2026-06-30,2026-09-28,True,https://eodhd.com/api/fundamentals/002410.SHE#Financials.Balance_Sheet.quarterly.2026-06-30,filed,3405789309.89,59829345.150000006,,381206909.7392205,381206909.7392205,-4197692908,-3345959964.74
002415.SHE,CNY,28.738379169581073,28.858435846046834,False,False,fail,fail,0.15,0.15,2025-12-31,36650973000,3896431051.33,2026-06-30,2026-09-28,True,https://eodhd.com/api/fundamentals/002415.SHE#Financials.Balance_Sheet.quarterly.2026-06-30,filed,37851366962.87,3973229071.66,,11918967546.82622,11918967546.82622,-32754541948.67,-33878137891.210003
002460.SHE,CNY,8.313745500093313,9.638799932988057,False,False,fail,fail,0.5,0.5,2025-12-31,8561995865.639999,26476322030.83,2026-06-30,2026-09-28,True,https://eodhd.com/api/fundamentals/002460.SHE#Financials.Balance_Sheet.quarterly.2026-06-30,filed,11634647059.2,28858138728.02,,750245606.257461,750245606.257461,17914326165.190002,17223491668.82
002475.SHE,CNY,36.47987695897776,37.88952839774044,False,False,fail,fail,0.35,0.35,2025-12-31,64001241697.97,80071559485.04,2026-06-30,2026-09-28,True,https://eodhd.com/api/fundamentals/002475.SHE#Financials.Balance_Sheet.quarterly.2026-06-30,filed,75354118779.2,126814779510.25,,10842159222.268,10842159222.268,16070317787.069992,51460660731.05
002555.SHE,CNY,18.07922094904593,17.822214904777617,False,False,,,0.25,0.25,2025-12-31,7347103064.1,3963827983.08,2026-06-30,2026-09-28,True,https://eodhd.com/api/fundamentals/002555.SHE#Financials.Balance_Sheet.quarterly.2026-06-30,filed,6758194697.34,3683388331.46,,2628774828.953764,2628774828.953764,-3383275081.0200005,-3074806365.88
002601.SHE,CNY,23.19334586526037,21.70091224997961,False,False,,,0.5,0.5,2025-12-31,9127297768.83,19585511435,2026-06-30,2026-09-28,True,https://eodhd.com/api/fundamentals/002601.SHE#Financials.Balance_Sheet.quarterly.2026-06-30,filed,5590573947.68,17198719522.04,,2589402705.8700004,2589402705.8700004,10458213666.17,11608145574.36
002603.SHE,CNY,12.784124942864276,12.931682285687,False,False,fail,fail,0.5,0.5,2025-12-31,1869375675.27,25738174.88,2026-06-30,2026-09-28,True,https://eodhd.com/api/fundamentals/002603.SHE#Financials.Balance_Sheet.quarterly.2026-06-30,filed,2116592688.7200003,14364016.58,,1579584037.586,1579584037.586,-1843637500.3899999,-2102228672.1400003
002648.SHE,CNY,19.8424352841543,21.473249368849206,False,False,fail,fail,0.5,0.35,2025-12-31,7800392724,25315237437,2026-06-30,2026-09-28,True,https://eodhd.com/api/fundamentals/002648.SHE#Financials.Balance_Sheet.quarterly.2026-06-30,filed,13441216739.81,19372690248.09,,3087459590.422,3087459590.422,17514844713,5931473508.280001
0027.HK,HKD,22.051030547991058,23.075898851690734,False,False,fail,fail,0.5,0.5,2025-12-31,16924914000,2606720000,2026-06-30,2026-09-28,True,https://eodhd.com/api/fundamentals/0027.HK#Financials.Balance_Sheet.quarterly.2026-06-30,filed,21413059000,2556949000,,6451058600,6451058600,-14318194000,-18856110000
002709.SHE,CNY,17.611501450144395,17.435200988023883,False,False,fail,fail,0.5,0.5,2025-12-31,2403263239,2096476026,2026-06-30,2026-09-28,True,https://eodhd.com/api/fundamentals/002709.SHE#Financials.Balance_Sheet.quarterly.2026-06-30,filed,2197081368.67,2312064369.47,,1742041888.916,1742041888.916,-306787213,114983000.79999971
002714.SHE,CNY,40.72092010236332,41.41880427035216,False,False,fail,fail,0.5,0.5,2025-12-31,13864020000,76374654000,2026-06-30,2026-09-28,True,https://eodhd.com/api/fundamentals/002714.SHE#Financials.Balance_Sheet.quarterly.2026-06-30,filed,17551976952.25,65222084808.66,,11539191705.52,11539191705.52,62510634000,47670107856.41
002790.KO,KRW,56427.5689366399,57555.17174732515,False,False,pass,pass,0.5,0.5,2025-12-31,1858372514220,256253631830,2026-06-30,2026-09-28,True,https://eodhd.com/api/fundamentals/002790.KO#Financials.Balance_Sheet.quarterly.2026-06-30,filed,1963926610560,323585407750,,265228693786,265228693786,-1602118882390,-1640341202810
002821.SHE,CNY,55.94988876211975,53.542991711936914,False,False,fail,fail,0.25,0.25,2025-12-31,7437534231,309184386.35,2026-06-30,2026-09-28,True,https://eodhd.com/api/fundamentals/002821.SHE#Financials.Balance_Sheet.quarterly.2026-06-30,filed,6574731700.41,291522680.61,,1040970888.814604,1040970888.814604,-7128349844.65,-6283209019.8
002840.KO,KRW,150241.39023375968,146518.10555506824,False,False,,,0.5,0.5,2025-12-31,29358053930,56542230,2026-06-30,2026-09-28,True,https://eodhd.com/api/fundamentals/002840.KO#Financials.Balance_Sheet.quarterly.2026-06-30,filed,13308389050,1337345060,,37174121990.52264,37174121990.52264,-29301511700,-11971043990
002841.SHE,CNY,29.933370638567023,24.795821132914277,False,False,fail,fail,0.35,0.35,2025-12-31,7138353450,4615555208,2026-06-30,2026-09-28,True,https://eodhd.com/api/fundamentals/002841.SHE#Financials.Balance_Sheet.quarterly.2026-06-30,filed,3623603269.2,5719113493.75,,963748708.2919589,963748708.2919589,-2522798242,2095510224.5500002
002920.SHE,CNY,53.807491230973554,51.82518476917337,False,False,fail,fail,0.35,0.35,2025-12-31,5359169220,1021982508,2026-06-30,2026-09-28,True,https://eodhd.com/api/fundamentals/002920.SHE#Financials.Balance_Sheet.quarterly.2026-06-30,filed,4185770183.33,669797713.56,,1404778988.738,1404778988.738,-4337186712,-3515972469.77
002938.SHE,CNY,16.81817607418313,16.22349348113465,False,False,fail,fail,0.25,0.25,2025-12-31,12031994489.34,4301054779.0199995,2026-06-30,2026-09-28,True,https://eodhd.com/api/fundamentals/002938.SHE#Financials.Balance_Sheet.quarterly.2026-06-30,filed,10668192066.22,8632266655.900002,,2138882613.9079537,2138882613.9079537,-7730939710.320001,-2035925410.3199978
003230.KO,KRW,351971.8434081735,400940.56588150514,False,False,fail,fail,0.35,0.35,2025-12-31,378509330770,439269331950,2026-06-30,2026-09-28,True,https://eodhd.com/api/fundamentals/003230.KO#Financials.Balance_Sheet.quarterly.2026-06-30,filed,755443831330,673004745680,,119456120834,119456120834,60760001180,-82439085650
003550.KO,KRW,80522.89150133591,79026.69478447778,False,False,fail,fail,0.5,0.5,2025-12-31,3350876000000,389777000000,2026-06-30,2026-09-28,True,https://eodhd.com/api/fundamentals/003550.KO#Financials.Balance_Sheet.quarterly.2026-06-30,filed,3128791000000,585765000000,,721105000000,721105000000,-2961099000000,-2543026000000
004000.KO,KRW,27615.328309469278,30908.315648165782,False,False,fail,fail,0.5,0.5,2025-12-31,417215887700,842860000,2026-06-30,2026-09-28,True,https://eodhd.com/api/fundamentals/004000.KO#Financials.Balance_Sheet.quarterly.2026-06-30,filed,505621582050,63107131000,,25825575159.921448,25825575159.921448,-416373027700,-442514451050
004020.KO,KRW,24765.45401035752,27394.96171220551,False,False,fail,fail,0.5,0.5,2025-12-31,2364117153930,9261941146140,2026-06-30,2026-09-28,True,https://eodhd.com/api/fundamentals/004020.KO#Financials.Balance_Sheet.quarterly.2026-06-30,filed,2714024755470,10835430093020,,106326643690,106326643690,6897823992210,8121405337550
004370.KO,KRW,619338.2991968194,618603.0328486268,False,False,,,0.35,0.35,2025-12-31,1219274709710,153624658310,2026-06-30,2026-09-28,True,https://eodhd.com/api/fundamentals/004370.KO#Financials.Balance_Sheet.quarterly.2026-06-30,filed,1280577184190,183071457420,,146231115858,142492450582,-1065650051400,-1097505726770
005300.KO,KRW,66343.6684827192,63807.96950327295,False,False,fail,fail,0.5,0.5,2025-12-31,225764382740,1587240348650,2026-06-30,2026-09-28,True,https://eodhd.com/api/fundamentals/005300.KO#Financials.Balance_Sheet.quarterly.2026-06-30,filed,203591730750,1657547753730,,34828635356,34828635356,1361475965910,1453956022980
005380.KO,KRW,203266.08121643227,431345.29460741597,False,False,fail,,0.5,0.5,2025-12-31,26389792000000,175389838000000,2026-06-30,2026-09-28,True,https://eodhd.com/api/fundamentals/005380.KO#Financials.Balance_Sheet.quarterly.2026-06-30,filed,87895093000000,190418762000000,,1718551000000,1620850600000,149000046000000,102523669000000
005830.KO,KRW,369729.72663087846,431237.387139974,False,False,pass,pass,0.5,0.5,2025-12-31,30569562000000,2732656000000,2026-06-30,2026-09-28,True,https://eodhd.com/api/fundamentals/005830.KO#Financials.Balance_Sheet.quarterly.2026-06-30,filed,35664334000000,3485891000000,,176849.84346789264,206270.30752478886,,
005850.KO,KRW,144543.44813997974,148933.56679999447,False,False,pass,pass,0.5,0.5,2025-12-31,873203810030,299887393000,2026-06-30,2026-09-28,True,https://eodhd.com/api/fundamentals/005850.KO#Financials.Balance_Sheet.quarterly.2026-06-30,filed,1079931096680,377653753940,,303211333897.591,303211333897.591,-573316417030,-702277342740
005930.KO,KRW,111670.85268950836,120978.39929088872,False,False,fail,fail,0.5,0.5,2025-12-31,125847114000000,20397198000000,2026-06-30,2026-09-28,True,https://eodhd.com/api/fundamentals/005930.KO#Financials.Balance_Sheet.quarterly.2026-06-30,filed,189999028000000,22408721000000,,38508479400000,38508479400000,-105449916000000,-167590307000000
005940.KO,KRW,71434.93387788904,,False,False,pass,,0.5,0.5,2025-12-31,16318306000000,25829396000000,2026-06-30,2026-09-28,True,https://eodhd.com/api/fundamentals/005940.KO#Financials.Balance_Sheet.quarterly.2026-06-30,filed,24720577000000,,net cash unavailable,735103000000,,9511090000000,
006040.KO,KRW,55884.29328555126,51943.19742418152,False,False,,,0.5,0.5,2025-12-31,746439366730,2626761944450,2026-06-30,2026-09-28,True,https://eodhd.com/api/fundamentals/006040.KO#Financials.Balance_Sheet.quarterly.2026-06-30,filed,590412244040,2695414930950,,91548182170,91548182170,1880322577720,2105002686910
0066.HK,HKD,8.104186364770806,19.34978657870196,False,False,fail,fail,0.5,0.5,2025-12-31,44242000000,122430000000,2026-06-30,2026-09-28,True,https://eodhd.com/api/fundamentals/0066.HK#Financials.Balance_Sheet.quarterly.2026-06-30,filed,113997000000,203819000000,,573800000,573800000,78188000000,89822000000
006650.KO,KRW,245079.38627163458,254451.46660365642,False,False,pass,pass,0.5,0.5,2025-12-31,241455436820,276868580000,2026-06-30,2026-09-28,True,https://eodhd.com/api/fundamentals/006650.KO#Financials.Balance_Sheet.quarterly.2026-06-30,filed,303637438430,378522783320,,107671024514,107671024514,35413143180,74885344890
007340.KO,KRW,101304.64182311376,103345.94384502692,False,False,pass,pass,0.5,0.5,2025-12-31,571120539000,2039223934000,2026-06-30,2026-09-28,True,https://eodhd.com/api/fundamentals/007340.KO#Financials.Balance_Sheet.quarterly.2026-06-30,filed,686361416000,2248968005000,,244400013141.49304,244400013141.49304,1468103395000,1562606589000
007660.KO,KRW,18269.317786620093,16781.359717358937,False,False,fail,fail,0.5,0.5,2025-12-31,338493019060,235001447000,2026-06-30,2026-09-28,True,https://eodhd.com/api/fundamentals/007660.KO#Financials.Balance_Sheet.quarterly.2026-06-30,filed,234139759720,274957773000,,52747734890,52729642890,-103491572060,40818013280
008930.KO,KRW,14110.839132454792,13668.998512648848,False,False,fail,fail,0.35,0.35,2025-12-31,128172944690,213317272000,2026-06-30,2026-09-28,True,https://eodhd.com/api/fundamentals/008930.KO#Financials.Balance_Sheet.quarterly.2026-06-30,filed,98923502850,183951804000,,68744206500,68744206500,85144327310,85028301150
009150.KO,KRW,111902.20803808147,119250.96657622037,False,False,fail,fail,0.5,0.5,2025-12-31,2721160704580,2191798953230,2026-06-30,2026-09-28,True,https://eodhd.com/api/fundamentals/009150.KO#Financials.Balance_Sheet.quarterly.2026-06-30,filed,3327907014700,3087351800970,,311916771930,310414145740,-529361751350,-240555213730
009240.KO,KRW,40013.10397695173,45070.85376844489,False,False,,,0.5,0.5,2025-12-31,340959908380,96981921000,2026-06-30,2026-09-28,True,https://eodhd.com/api/fundamentals/009240.KO#Financials.Balance_Sheet.quarterly.2026-06-30,filed,350000870950,260987183300,,28237580550,34051922150,-243977987380,-89013687650
009540.KO,KRW,142700.39862163787,218481.10569741006,False,False,fail,fail,0.5,0.5,2025-12-31,8176596978000,1044186032000,2026-06-30,2026-09-28,True,https://eodhd.com/api/fundamentals/009540.KO#Financials.Balance_Sheet.quarterly.2026-06-30,filed,13592804890000,2498259894000,,202066657200,202066657200,-7132410946000,-11094544996000
009970.KO,KRW,642440.9146622196,627058.2951412897,False,False,pass,pass,0.35,0.35,2025-12-31,2202598910290,395730272720,2026-06-30,2026-09-28,True,https://eodhd.com/api/fundamentals/009970.KO#Financials.Balance_Sheet.quarterly.2026-06-30,filed,2029693618270,527574700870,,275516936438,275516936438,-1806868637570,-1502118917400
0101.HK,HKD,3.734623624706646,3.767296564081556,False,False,fail,fail,0.5,0.5,2025-12-31,6335000000,54123000000,2026-06-30,2026-09-28,True,https://eodhd.com/api/fundamentals/0101.HK#Financials.Balance_Sheet.quarterly.2026-06-30,filed,6505000000,53842000000,,1069026655.5096083,1069026655.5096083,47788000000,47337000000
010120.KO,KRW,30153.97661565581,29469.787164198387,False,False,fail,fail,0.25,0.35,2025-12-31,827912151190,1342392119270,2026-06-30,2026-09-28,True,https://eodhd.com/api/fundamentals/010120.KO#Financials.Balance_Sheet.quarterly.2026-06-30,filed,740683253960,1518699516030,,193497255296,193497255296,514479968080,778016262070
010130.KO,KRW,427626.8972040935,276486.0029517358,False,False,fail,fail,0.5,0.5,2025-12-31,4489472495480,5805010094600,2026-06-30,2026-09-28,True,https://eodhd.com/api/fundamentals/010130.KO#Financials.Balance_Sheet.quarterly.2026-06-30,filed,1605928973960,7679995695170,,255767607680,249995375954,1315537599120,6074066721210
011070.KO,KRW,622680.3813665458,613861.0047363882,False,False,,,0.5,0.5,2025-12-31,1407703000000,2262410000000,2026-06-30,2026-09-28,True,https://eodhd.com/api/fundamentals/011070.KO#Financials.Balance_Sheet.quarterly.2026-06-30,filed,1241890000000,2184434000000,,733075000000,733075000000,854707000000,942544000000
012330.KO,KRW,511032.0882704918,517169.9262144023,False,False,,pass,0.25,0.25,2025-12-31,11813714000000,2945574000000,2026-06-30,2026-09-28,True,https://eodhd.com/api/fundamentals/012330.KO#Financials.Balance_Sheet.quarterly.2026-06-30,filed,12380640000000,3471520000000,,2564073600000,2564073600000,-8868140000000,-8909120000000
012450.KO,KRW,284285.51976400055,305588.56375141785,False,False,fail,fail,0.5,0.5,2025-12-31,7983008116000,12394886354000,2026-06-30,2026-09-28,True,https://eodhd.com/api/fundamentals/012450.KO#Financials.Balance_Sheet.quarterly.2026-06-30,filed,9244642807000,15901220959000,,369562066200,364379752000,4411878238000,6656578152000
012750.KO,KRW,69580.59819416114,69226.40132959609,False,False,fail,fail,0.25,0.25,2025-12-31,918720420670,55281401860,2026-06-30,2026-09-28,True,https://eodhd.com/api/fundamentals/012750.KO#Financials.Balance_Sheet.quarterly.2026-06-30,filed,904296851860,54377504330,,119945880398,120126659904,-863439018810,-849919347530
014680.KO,KRW,227758.21061771465,228033.66040037436,False,False,fail,fail,0.25,0.25,2025-12-31,217421168070,280516288550,2026-06-30,2026-09-28,True,https://eodhd.com/api/fundamentals/014680.KO#Financials.Balance_Sheet.quarterly.2026-06-30,filed,219748241110,307859756420,,115516732800,115598402200,63095120480,88111515310
014820.KO,KRW,35195.07866280645,33651.35699470197,False,False,pass,pass,0.35,0.35,2025-12-31,170487112810,464624952860,2026-06-30,2026-09-28,True,https://eodhd.com/api/fundamentals/014820.KO#Financials.Balance_Sheet.quarterly.2026-06-30,filed,126046553040,412284616170,,71315815298,71315815298,294137840050,286238063130
016360.KO,KRW,392982.67225488735,,False,False,pass,,0.5,0.5,2025-12-31,23731618369000,12488982264720,2026-06-30,2026-09-28,True,https://eodhd.com/api/fundamentals/016360.KO#Financials.Balance_Sheet.quarterly.2026-06-30,filed,36494192671000,,net cash unavailable,917613643140,,-11242636104280,
0175.HK,CNY,13.13621745345278,13.52786970423855,False,False,,,0.5,0.5,2025-12-31,65319279000,38911616000,2026-06-30,2026-09-28,True,https://eodhd.com/api/fundamentals/0175.HK#Financials.Balance_Sheet.quarterly.2026-06-30,filed,69543594000,12984693000,,4287722800,4287722800,-26407663000,-56558901000
017670.KO,KRW,79065.57688441187,80758.47513044302,False,False,fail,fail,0.5,0.5,2025-12-31,1676667000000,8847029000000,2026-06-30,2026-09-28,True,https://eodhd.com/api/fundamentals/017670.KO#Financials.Balance_Sheet.quarterly.2026-06-30,filed,2036532000000,10149151000000,,1247132400000,1247132400000,7170362000000,8112619000000
017800.KO,KRW,121297.82976979646,108648.80954459924,False,False,pass,,0.35,0.35,2025-12-31,1245019162780,939270699000,2026-06-30,2026-09-28,True,https://eodhd.com/api/fundamentals/017800.KO#Financials.Balance_Sheet.quarterly.2026-06-30,filed,788461529310,1091075850000,,182432846560,182432846560,-305748463780,302614320690
018260.KO,KRW,187357.8302761831,203567.69775307315,False,False,fail,fail,0.25,0.25,2025-12-31,6380232159230,0,2026-06-30,2026-09-28,True,https://eodhd.com/api/fundamentals/018260.KO#Financials.Balance_Sheet.quarterly.2026-06-30,filed,7635447294550,1932321321820,,674626705652,674626705652,-6380232159230,-5703125972730
021240.KO,KRW,123527.0786144117,122702.53787111805,False,False,,,0.25,0.35,2025-12-31,198907596990,2060518272240,2026-06-30,2026-09-28,True,https://eodhd.com/api/fundamentals/021240.KO#Financials.Balance_Sheet.quarterly.2026-06-30,filed,146650938580,2671966876260,,702908946058,702908946058,1861610675250,2525315937680
024110.KO,KRW,23902.30746846114,24597.174290691364,False,False,,,0.25,0.25,2025-12-31,24610051000000,251761657000000,2026-06-30,2026-09-28,True,https://eodhd.com/api/fundamentals/024110.KO#Financials.Balance_Sheet.quarterly.2026-06-30,filed,20434935000000,,,45214.39859437116,46528.83175157898,,
026960.KO,KRW,26038.18352945061,26138.699698767123,False,False,fail,fail,0.25,0.25,2025-12-31,762046528450,1896791450,2026-06-30,2026-09-28,True,https://eodhd.com/api/fundamentals/026960.KO#Financials.Balance_Sheet.quarterly.2026-06-30,filed,770888747280,1441287980,,146169519408,146264639466,-760149737000,-769447459300
028050.KO,KRW,51743.58263058555,56169.336006366655,False,False,,,0.5,0.5,2025-12-31,2872396841680,20199183000,2026-06-30,2026-09-28,True,https://eodhd.com/api/fundamentals/028050.KO#Financials.Balance_Sheet.quarterly.2026-06-30,filed,3751973020460,90020828000,,599105677120,599105677120,-2852197658680,-3661952192460
028260.KO,KRW,203714.0551749379,217090.47916035017,False,False,fail,fail,0.5,0.5,2025-12-31,5526835773590,3363830637180,2026-06-30,2026-09-28,True,https://eodhd.com/api/fundamentals/028260.KO#Financials.Balance_Sheet.quarterly.2026-06-30,filed,7769848073120,3923493011210,,1473913512770,1473913512770,-2163005136410,-3846355061910
0285.HK,CNY,35.98044742146054,33.850446814305315,False,False,,,0.5,0.5,2025-12-31,18525032000,8894335000,2026-06-30,2026-09-28,True,https://eodhd.com/api/fundamentals/0285.HK#Financials.Balance_Sheet.quarterly.2026-06-30,filed,13736387000,8846733000,,3666120200,3666120200,-9630697000,-4889654000
029780.KO,KRW,92473.85196243944,,False,False,pass,,0.5,0.5,2025-12-31,977754000000,20413189000000,2026-06-30,2026-09-28,True,https://eodhd.com/api/fundamentals/029780.KO#Financials.Balance_Sheet.quarterly.2026-06-30,filed,907074000000,,net cash unavailable,717607000000,,19435435000000,
030000.KO,KRW,44711.92845091294,44847.45830659192,False,False,pass,pass,0.25,0.25,2025-12-31,839289113860,6913055300,2026-06-30,2026-09-28,True,https://eodhd.com/api/fundamentals/030000.KO#Financials.Balance_Sheet.quarterly.2026-06-30,filed,851692074470,320256232020,,194637377886,194637377886,-832376058560,-531435842450
030200.KO,KRW,95917.23672793838,96337.26091689781,False,False,pass,pass,0.35,0.35,2025-12-31,5133953000000,10785572000000,2026-06-30,2026-09-28,True,https://eodhd.com/api/fundamentals/030200.KO#Financials.Balance_Sheet.quarterly.2026-06-30,filed,5219874000000,11270823000000,,1509211000000,1509211000000,5651619000000,6050949000000
0322.HK,CNY,10.170826554829754,11.282080542726984,False,False,,,0.35,0.35,2025-12-31,13616191000,15022647000,2026-06-30,2026-09-28,True,https://eodhd.com/api/fundamentals/0322.HK#Financials.Balance_Sheet.quarterly.2026-06-30,filed,19889440000,17589981000,,3642166978.47044,3642166978.47044,1406456000,-2299459000
032640.KO,KRW,19677.818390889617,20549.300700155873,False,False,,,0.5,0.5,2025-12-31,890366000000,5870431000000,2026-06-30,2026-09-28,True,https://eodhd.com/api/fundamentals/032640.KO#Financials.Balance_Sheet.quarterly.2026-06-30,filed,1258371000000,5766774000000,,624772800000,624772800000,4980065000000,4508403000000
032830.KO,KRW,66887.5691018211,155333.701758868,False,False,fail,fail,0.35,0.35,2025-12-31,204625290000000,23113898000000,2026-06-30,2026-09-28,True,https://eodhd.com/api/fundamentals/032830.KO#Financials.Balance_Sheet.quarterly.2026-06-30,filed,303430760000000,26971043000000,,345889.09806104883,803261.8724425433,,
033780.KO,KRW,111424.33080358528,114739.58408838339,False,False,fail,fail,0.25,0.25,2025-12-31,1278211000000,1785978000000,2026-06-30,2026-09-28,True,https://eodhd.com/api/fundamentals/033780.KO#Financials.Balance_Sheet.quarterly.2026-06-30,filed,1639141000000,1977323000000,,852833220324,852833220324,507767000000,338182000000
035250.KO,KRW,32640.39169709254,31543.653968270588,False,False,pass,pass,0.5,0.5,2025-12-31,3206122007320,6500000000,2026-06-30,2026-09-28,True,https://eodhd.com/api/fundamentals/035250.KO#Financials.Balance_Sheet.quarterly.2026-06-30,filed,2979104556410,51716255000,,275802571460,276202378260,-3199622007320,-2927388301410
035420.KO,KRW,150546.22159133144,148778.45437112325,False,False,fail,fail,0.35,0.35,2025-12-31,8946007470740,2985695375010,2026-06-30,2026-09-28,True,https://eodhd.com/api/fundamentals/035420.KO#Financials.Balance_Sheet.quarterly.2026-06-30,filed,8991635149290,5199738618470,,1113358984974,1089890214556,-5960312095730,-3791896530820
035720.KO,KRW,24965.457940777902,34115.641175331,False,False,fail,,0.35,0.35,2025-12-31,10389465350160,2119400980310,2026-06-30,2026-09-28,True,https://eodhd.com/api/fundamentals/035720.KO#Financials.Balance_Sheet.quarterly.2026-06-30,filed,14231699367080,3123738070770,,62263747128,77787543354,-8270064369850,-11107961296310
036570.KO,KRW,203422.8249889246,195740.0075466495,False,False,fail,fail,0.5,0.5,2025-12-31,1997199052900,169912055010,2026-06-30,2026-09-28,True,https://eodhd.com/api/fundamentals/036570.KO#Financials.Balance_Sheet.quarterly.2026-06-30,filed,1859296702980,366295705750,,160337859990,160337859990,-1827286997890,-1493000997230
0388.HK,HKD,435.04634526095066,440.03328060001536,False,False,,,0.25,0.25,2025-12-31,318256000000,1886000000,2026-06-30,2026-09-28,True,https://eodhd.com/api/fundamentals/0388.HK#Financials.Balance_Sheet.quarterly.2026-06-30,filed,324612000000,946000000,,12083200000,12083200000,-316370000000,-323666000000
039490.KO,KRW,1176867.2979419534,,False,False,pass,,0.35,0.35,2025-12-31,20332218330000,19701565705230,2026-06-30,2026-09-28,True,https://eodhd.com/api/fundamentals/039490.KO#Financials.Balance_Sheet.quarterly.2026-06-30,filed,28521285572000,,net cash unavailable,851213631900,,-630652624770,
042660.KO,KRW,8111.967284395821,10196.703004663594,False,False,fail,fail,0.5,0.5,2025-12-31,788675399180,5646344946950,2026-06-30,2026-09-28,True,https://eodhd.com/api/fundamentals/042660.KO#Financials.Balance_Sheet.quarterly.2026-06-30,filed,1471668637690,6187458959870,,156960181490,156960181490,4857669547770,4715790322180
042700.KO,KRW,29459.360379134207,27486.511992456893,False,False,fail,fail,0.35,0.35,2025-12-31,277218214520,0,2026-06-30,2026-09-28,True,https://eodhd.com/api/fundamentals/042700.KO#Financials.Balance_Sheet.quarterly.2026-06-30,filed,89580142920,2280330610,,130201778849.52763,130201778849.52763,-277218214520,-87299812310
051600.KO,KRW,41557.95512244559,39170.32617181448,False,False,fail,fail,0.35,0.35,2025-12-31,393017705310,14666305000,2026-06-30,2026-09-28,True,https://eodhd.com/api/fundamentals/051600.KO#Financials.Balance_Sheet.quarterly.2026-06-30,filed,286541203260,8271885000,,121298173980,121298173980,-378351400310,-278269318260
051900.KO,KRW,84110.7735190542,95634.09503776145,False,False,fail,fail,0.5,0.5,2025-12-31,1202333552800,55803511590,2026-06-30,2026-09-28,True,https://eodhd.com/api/fundamentals/051900.KO#Financials.Balance_Sheet.quarterly.2026-06-30,filed,1369888181600,232550151860,,12689421400,12689421400,-1146530041210,-1137338029740
052690.KO,KRW,19455.194011306783,17297.950643289038,False,False,fail,fail,0.5,0.5,2025-12-31,166937510420,10000000,2026-06-30,2026-09-28,True,https://eodhd.com/api/fundamentals/052690.KO#Financials.Balance_Sheet.quarterly.2026-06-30,filed,85227046440,2224026000,,46921925530,46921925530,-166927510420,-83003020440
055550.KO,KRW,108930.29070991959,,False,False,,,0.25,0.25,2025-12-31,144609392000000,140794730000000,2026-06-30,2026-09-28,True,https://eodhd.com/api/fundamentals/055550.KO#Financials.Balance_Sheet.quarterly.2026-06-30,filed,153712379000000,137776604000000,book value not positive,110575.61011715642,,,
064350.KO,KRW,46616.99169045061,58765.75223609903,False,False,fail,fail,0.5,0.5,2025-12-31,1275477951000,109912065000,2026-06-30,2026-09-28,True,https://eodhd.com/api/fundamentals/064350.KO#Financials.Balance_Sheet.quarterly.2026-06-30,filed,2610816099000,156587412000,,202318424200,202318424200,-1165565886000,-2454228687000
066570.KO,KRW,63488.550710609474,69609.59069347994,False,False,fail,fail,0.5,0.5,2025-12-31,8796182000000,12644239000000,2026-06-30,2026-09-28,True,https://eodhd.com/api/fundamentals/066570.KO#Financials.Balance_Sheet.quarterly.2026-06-30,filed,10072571000000,14198431000000,,276774800000,270664800000,3848057000000,4125860000000
0669.HK,USD,6.850173060984734,6.964093468555369,False,False,fail,fail,0.35,0.35,2025-12-31,1709254049,1758701541,2026-06-30,2026-09-28,True,https://eodhd.com/api/fundamentals/0669.HK#Financials.Balance_Sheet.quarterly.2026-06-30,filed,1917966085,1573551836,,896179600,896179600,49447492,-344414249
068270.KO,KRW,42090.99265638553,42110.085635550684,False,False,fail,fail,0.35,0.5,2025-12-31,1239106633710,3690096954000,2026-06-30,2026-09-28,True,https://eodhd.com/api/fundamentals/068270.KO#Financials.Balance_Sheet.quarterly.2026-06-30,filed,1258166521270,3866737697000,,510986367880,510986367880,2450990320290,2608571175730
069260.KO,KRW,35029.27667271552,37340.35836303498,False,False,pass,pass,0.5,0.5,2025-12-31,266952696150,40164174000,2026-06-30,2026-09-28,True,https://eodhd.com/api/fundamentals/069260.KO#Financials.Balance_Sheet.quarterly.2026-06-30,filed,358283384280,94920753000,,80389124420,80389124420,-226788522150,-263362631280
0700.HK,CNY,318.1601544674266,322.04432618194306,False,False,fail,fail,0.35,0.35,2025-12-31,433915560000,406572867000,2026-06-30,2026-09-28,True,https://eodhd.com/api/fundamentals/0700.HK#Financials.Balance_Sheet.quarterly.2026-06-30,filed,469597991000,471741599000,,125983172425.40128,125983172425.40128,-27342693000,2143608000
071050.KO,KRW,650020.4379622685,,False,False,pass,,0.5,0.35,2025-12-31,20819822000000,48808099000000,2026-06-30,2026-09-28,True,https://eodhd.com/api/fundamentals/071050.KO#Financials.Balance_Sheet.quarterly.2026-06-30,filed,22806521000000,,net cash unavailable,1090270273650,,27988277000000,
071970.KO,KRW,21119.786364037365,23757.553731957974,False,False,fail,fail,0.5,0.5,2025-12-31,339276230270,1800375000,2026-06-30,2026-09-28,True,https://eodhd.com/api/fundamentals/071970.KO#Financials.Balance_Sheet.quarterly.2026-06-30,filed,430339758330,7045906000,,30970247180,30970247180,-337475855270,-423293852330
073240.KO,KRW,17101.011508504133,17724.79166768012,False,False,pass,pass,0.5,0.5,2025-12-31,596138253670,1747767420600,2026-06-30,2026-09-28,True,https://eodhd.com/api/fundamentals/073240.KO#Financials.Balance_Sheet.quarterly.2026-06-30,filed,776787743290,2025195432250,,227092919730,227092919730,1151629166930,1248407688960
0762.HK,CNY,10.623889674356615,10.727695783906258,False,False,pass,pass,0.5,0.5,2025-12-31,68242183000,34101583000,2026-06-30,2026-09-28,True,https://eodhd.com/api/fundamentals/0762.HK#Financials.Balance_Sheet.quarterly.2026-06-30,filed,75437183000,31341260000,,21264200000,21264200000,-34140600000,-44095923000
079550.KO,KRW,76088.62528844476,73449.01402522779,False,False,fail,fail,0.5,0.5,2025-12-31,155920055680,858776947000,2026-06-30,2026-09-28,True,https://eodhd.com/api/fundamentals/079550.KO#Financials.Balance_Sheet.quarterly.2026-06-30,filed,73604690160,1745021588000,,81994188630,82618177230,702856891320,1671416897840
086790.KO,KRW,116980.78203813998,122843.72467805908,False,False,fail,fail,0.25,0.25,2025-12-31,43339918000000,115556198000000,2026-06-30,2026-09-28,True,https://eodhd.com/api/fundamentals/086790.KO#Financials.Balance_Sheet.quarterly.2026-06-30,filed,43746042000000,,,162883.85971221724,171047.41196262022,,
0883.HK,CNY,29.2171958680321,31.01425796912313,False,False,,,0.5,0.5,2025-12-31,240795974000,69829862000,2026-06-30,2026-09-28,True,https://eodhd.com/api/fundamentals/0883.HK#Financials.Balance_Sheet.quarterly.2026-06-30,filed,326210253000,68075532000,,92935066000,92935066000,-170966112000,-258134721000
093370.KO,KRW,1512.8873341635629,1475.5227198828552,False,False,fail,fail,0.5,0.5,2025-12-31,88837035370,307415376160,2026-06-30,2026-09-28,True,https://eodhd.com/api/fundamentals/093370.KO#Financials.Balance_Sheet.quarterly.2026-06-30,filed,86796364620,331875859520,,6662181094,6662181094,218578340790,245079494900
0941.HK,CNY,111.03186726388792,112.10313625369459,False,False,pass,pass,0.25,0.25,2025-12-31,308753000000,9748000000,2026-06-30,2026-09-28,True,https://eodhd.com/api/fundamentals/0941.HK#Financials.Balance_Sheet.quarterly.2026-06-30,filed,331677252000,98809903000,,136331200000,136331200000,-299005000000,-232867349000
0981.HK,USD,1.924434251612816,2.2090123504378036,False,False,fail,fail,0.5,0.5,2025-12-31,10472031933,12698026477,2026-06-30,2026-09-28,True,https://eodhd.com/api/fundamentals/0981.HK#Financials.Balance_Sheet.quarterly.2026-06-30,filed,12790717000,14018957000,,269856874.94278955,269856874.94278955,2225994544,1228240000
103140.KO,KRW,96390.22844180127,96295.00046722067,False,False,,,0.5,0.5,2025-12-31,249072288850,1070209452230,2026-06-30,2026-09-28,True,https://eodhd.com/api/fundamentals/103140.KO#Financials.Balance_Sheet.quarterly.2026-06-30,filed,254148182530,1265188884250,,130283356886,130186313580,821137163380,1011040701720
1038.HK,HKD,42.38345316275942,61.405834413766414,False,False,fail,fail,0.5,0.5,2025-12-31,7350000000,30985000000,2026-06-30,2026-09-28,True,https://eodhd.com/api/fundamentals/1038.HK#Financials.Balance_Sheet.quarterly.2026-06-30,filed,55279000000,21655000000,,8002400000,8002400000,23635000000,-33624000000
105560.KO,KRW,131848.5290843387,,False,False,fail,,0.25,0.25,2025-12-31,135569292000000,130547787000000,2026-06-30,2026-09-28,True,https://eodhd.com/api/fundamentals/105560.KO#Financials.Balance_Sheet.quarterly.2026-06-30,filed,142304536000000,140387507000000,book value not positive,163593.80312808056,,,
1113.HK,HKD,47.4183992505427,54.815724891394936,False,False,,,0.35,0.35,2025-12-31,41743000000,64538000000,2026-06-30,2026-09-28,True,https://eodhd.com/api/fundamentals/1113.HK#Financials.Balance_Sheet.quarterly.2026-06-30,filed,67632000000,56448000000,,10083200000,10083200000,22795000000,-11184000000
111770.KO,KRW,218317.54460748663,213775.84324930407,False,False,pass,pass,0.35,0.35,2025-12-31,1523406321650,389952185620,2026-06-30,2026-09-28,True,https://eodhd.com/api/fundamentals/111770.KO#Financials.Balance_Sheet.quarterly.2026-06-30,filed,1335670416410,596053529380,,405142431324,405142431324,-1133454136030,-739616887030
112610.KO,KRW,32524.577116834662,31404.327574318824,False,False,fail,fail,0.5,0.5,2025-12-31,505037093500,997546043730,2026-06-30,2026-09-28,True,https://eodhd.com/api/fundamentals/112610.KO#Financials.Balance_Sheet.quarterly.2026-06-30,filed,445009432210,1232030416420,,46412654082,46954272388,492508950230,787020984210
120110.KO,KRW,43629.619204762865,43565.28065449855,False,False,fail,fail,0.5,0.5,2025-12-31,374096541940,2562911456000,2026-06-30,2026-09-28,True,https://eodhd.com/api/fundamentals/120110.KO#Financials.Balance_Sheet.quarterly.2026-06-30,filed,373983180400,2666040421000,,97171300640,97171300640,2188814914060,2292057240600
1216.TW,TWD,30.601872356907517,34.011993488231525,False,False,fail,fail,0.5,0.5,2025-12-31,134549540000,308678298000,2026-06-30,2026-09-28,True,https://eodhd.com/api/fundamentals/1216.TW#Financials.Balance_Sheet.quarterly.2026-06-30,filed,154147914000,316306094000,,4244335200,4244335200,174128758000,162158180000
128940.KO,KRW,220288.84472594367,236509.66729726488,False,False,fail,fail,0.5,0.5,2025-12-31,201322195490,424862500000,2026-06-30,2026-09-28,True,https://eodhd.com/api/fundamentals/128940.KO#Financials.Balance_Sheet.quarterly.2026-06-30,filed,409308962190,417858587000,,154294301530,154294301530,223540304510,8549624810
1303.TW,TWD,31.888742796917253,32.29403048840749,False,False,fail,fail,0.5,0.5,2025-12-31,64123990000,173213953000,2026-06-30,2026-09-28,True,https://eodhd.com/api/fundamentals/1303.TW#Financials.Balance_Sheet.quarterly.2026-06-30,filed,67757260000,149111058000,,15596518600,15596518600,109089963000,81353798000
138930.KO,KRW,14158.023195915135,14300.366327572889,False,False,fail,fail,0.25,0.25,2025-12-31,7143492095760,24408559606000,2026-06-30,2026-09-28,True,https://eodhd.com/api/fundamentals/138930.KO#Financials.Balance_Sheet.quarterly.2026-06-30,filed,6511678819600,,,34171.19268089877,34514.74590943727,,
139480.KO,KRW,121356.21433477597,152185.54676281314,False,False,,pass,0.5,0.5,2025-12-31,2126425717230,8596947494000,2026-06-30,2026-09-28,True,https://eodhd.com/api/fundamentals/139480.KO#Financials.Balance_Sheet.quarterly.2026-06-30,filed,2894547693010,12764605061000,,136999907640,141289778040,6470521776770,9870057367990
161890.KO,KRW,24862.565355103063,21438.03745460098,False,False,fail,fail,0.5,0.5,2025-12-31,315964122320,1179436278140,2026-06-30,2026-09-28,True,https://eodhd.com/api/fundamentals/161890.KO#Financials.Balance_Sheet.quarterly.2026-06-30,filed,239235442800,1237422805300,,16753523671.247284,16753523671.247284,863472155820,998187362500
175330.KO,KRW,40639.71797838664,41254.956992616695,False,False,,,0.35,0.35,2025-12-31,2473120000000,17146246000000,2026-06-30,2026-09-28,True,https://eodhd.com/api/fundamentals/175330.KO#Financials.Balance_Sheet.quarterly.2026-06-30,filed,2144580000000,,,30916.69917942965,31384.742770099147,,
1810.HK,CNY,14.839161463638753,15.539038579810503,False,False,fail,fail,0.5,0.5,2025-12-31,107696589000,36123659000,2026-06-30,2026-09-28,True,https://eodhd.com/api/fundamentals/1810.HK#Financials.Balance_Sheet.quarterly.2026-06-30,filed,125838568000,39269570000,,15180475947.309801,15180475947.309801,-71572930000,-86568998000
1876.HK,USD,0.878071538432656,2.2220470828752004,False,False,,pass,0.25,0.25,2025-12-31,2899000000,178000000,2026-06-30,2026-09-28,True,https://eodhd.com/api/fundamentals/1876.HK#Financials.Balance_Sheet.quarterly.2026-06-30,filed,20679486000,2423193000,,710200000,710200000,-2721000000,-18256293000
192080.KO,KRW,136729.31285110404,144948.6709352821,False,False,pass,pass,0.25,0.25,2025-12-31,858087049890,0,2026-06-30,2026-09-28,True,https://eodhd.com/api/fundamentals/192080.KO#Financials.Balance_Sheet.quarterly.2026-06-30,filed,1020603061240,18741849930,,147346570726,147346570726,-858087049890,-1001861211310
1928.HK,USD,1.7125839245943477,1.6317625613225788,False,False,,,0.5,0.5,2025-12-31,1505000000,6920000000,2026-06-30,2026-09-28,True,https://eodhd.com/api/fundamentals/1928.HK#Financials.Balance_Sheet.quarterly.2026-06-30,filed,850882030,6432108225,,1005400000,1005400000,5415000000,5581226195
192820.KO,KRW,54100.4385456564,58938.6998777352,False,False,fail,fail,0.5,0.5,2025-12-31,220678634590,777990525000,2026-06-30,2026-09-28,True,https://eodhd.com/api/fundamentals/192820.KO#Financials.Balance_Sheet.quarterly.2026-06-30,filed,337389756990,1087410757000,,22712841180,19802445380,557311890410,750021000010
2020.HK,CNY,94.63173623633854,96.44123984482978,False,False,pass,pass,0.25,0.25,2025-12-31,39051700000,33435298000,2026-06-30,2026-09-28,True,https://eodhd.com/api/fundamentals/2020.HK#Financials.Balance_Sheet.quarterly.2026-06-30,filed,44064929000,32992957000,,11571600000,11571600000,-5616402000,-11071972000
204320.KO,KRW,38352.40368985674,38894.21315219174,False,False,fail,fail,0.5,0.5,2025-12-31,808843919550,1925119620010,2026-06-30,2026-09-28,True,https://eodhd.com/api/fundamentals/204320.KO#Financials.Balance_Sheet.quarterly.2026-06-30,filed,834285731490,2190682377710,,77570147280,77570147280,1116275700460,1356396646220
2057.HK,CNY,119.9387692975958,127.95652729793814,False,False,fail,fail,0.25,0.25,2025-12-31,25632425000,11076533000,2026-06-30,2026-09-28,True,https://eodhd.com/api/fundamentals/2057.HK#Financials.Balance_Sheet.quarterly.2026-06-30,filed,31346684000,22035807000,,3614607097,3651644897,-14555892000,-9310877000
2059.TW,TWD,1122.1598122711578,1176.3227695520795,False,False,fail,fail,0.15,0.15,2025-12-31,24084110000,2133054000,2026-06-30,2026-09-28,True,https://eodhd.com/api/fundamentals/2059.TW#Financials.Balance_Sheet.quarterly.2026-06-30,filed,29407614000,2137472000,,3928009200,3928009200,-21951056000,-27270142000
207940.KO,KRW,328649.8386794551,344289.0298053324,False,False,fail,fail,0.5,0.5,2025-12-31,1485083200300,918724421000,2026-06-30,2026-09-28,True,https://eodhd.com/api/fundamentals/207940.KO#Financials.Balance_Sheet.quarterly.2026-06-30,filed,2212938489210,1241274593180,,716027692488,716027692488,-566358779300,-971663896030
2207.TW,TWD,261.03100282745817,263.2757898790278,False,False,fail,fail,0.5,0.5,2025-12-31,32149947000,314565889000,2026-06-30,2026-09-28,True,https://eodhd.com/api/fundamentals/2207.TW#Financials.Balance_Sheet.quarterly.2026-06-30,filed,33998336000,318204168000,,7942200400,7942200400,282415942000,284205832000
2301.TW,TWD,103.8398092856374,101.32836737174839,False,False,fail,fail,0.35,0.35,2025-12-31,81983046000,24329687000,2026-06-30,2026-09-28,True,https://eodhd.com/api/fundamentals/2301.TW#Financials.Balance_Sheet.quarterly.2026-06-30,filed,76711025000,35693367000,,12620267400,12616951200,-57653359000,-41017658000
2303.TW,TWD,57.949492623249455,59.445844529465774,False,False,fail,fail,0.5,0.5,2025-12-31,128365191000,59781672000,2026-06-30,2026-09-28,True,https://eodhd.com/api/fundamentals/2303.TW#Financials.Balance_Sheet.quarterly.2026-06-30,filed,147391852000,54289936000,,48486929200,48486929200,-68583519000,-93101916000
2308.TW,TWD,266.9030844965862,278.25731326756653,False,False,fail,fail,0.35,0.35,2025-12-31,155112873000,79021979000,2026-06-30,2026-09-28,True,https://eodhd.com/api/fundamentals/2308.TW#Financials.Balance_Sheet.quarterly.2026-06-30,filed,186599059000,73356503000,,29549973936.81495,29549973936.81495,-76090894000,-113242556000
2317.TW,TWD,233.30723047080642,226.9648112990585,False,False,fail,fail,0.25,0.25,2025-12-31,1596803562000,1286493270000,2026-06-30,2026-09-28,True,https://eodhd.com/api/fundamentals/2317.TW#Financials.Balance_Sheet.quarterly.2026-06-30,filed,1531493681000,1346368672000,,133736645251.72127,133736645251.72127,-310310292000,-185125009000
2327.TW,TWD,258.6348576373688,308.3006518421275,False,False,fail,fail,0.5,0.5,2025-12-31,98107753000,150894630000,2026-06-30,2026-09-28,True,https://eodhd.com/api/fundamentals/2327.TW#Financials.Balance_Sheet.quarterly.2026-06-30,filed,200717783000,247411666000,,22498574000,22498574000,52786877000,46693883000
2330.TW,TWD,921.332641024123,938.1760779668895,False,False,fail,fail,0.15,0.15,2025-12-31,3068594000000,1064582701000,2026-06-30,2026-09-28,True,https://eodhd.com/api/fundamentals/2330.TW#Financials.Balance_Sheet.quarterly.2026-06-30,filed,3518013000000,982447000000,,986668180600,986668180600,-2004011299000,-2535566000000
2345.TW,TWD,382.09920907230116,365.4538649011675,False,False,fail,fail,0.15,0.15,2025-12-31,51463277000,3244277000,2026-06-30,2026-09-28,True,https://eodhd.com/api/fundamentals/2345.TW#Financials.Balance_Sheet.quarterly.2026-06-30,filed,43407340000,9421848000,,7886831200,7886831200,-48219000000,-33985492000
2357.TW,TWD,752.6174907238118,740.0522159894115,False,False,fail,fail,0.5,0.5,2025-12-31,99192679000,31769504000,2026-06-30,2026-09-28,True,https://eodhd.com/api/fundamentals/2357.TW#Financials.Balance_Sheet.quarterly.2026-06-30,filed,92467925000,102723464000,,31246108400,31246108400,-67423175000,10255539000
2379.TW,TWD,712.7448959872548,713.1353083422453,False,False,fail,fail,0.15,0.15,2025-12-31,61375595000,11385412000,2026-06-30,2026-09-28,True,https://eodhd.com/api/fundamentals/2379.TW#Financials.Balance_Sheet.quarterly.2026-06-30,filed,62788162000,4820829000,,14475229600,14424642200,-49990183000,-57967333000
2382.HK,CNY,63.94862196655714,61.25795792193424,False,False,,,0.35,0.35,2025-12-31,23099524102,14987534653,2026-06-30,2026-09-28,True,https://eodhd.com/api/fundamentals/2382.HK#Financials.Balance_Sheet.quarterly.2026-06-30,filed,20209280590,11465628024,,2404440000,2404440000,-8111989449,-8743652566
2382.TW,TWD,229.58922198171447,255.80138522020607,False,False,fail,fail,0.5,0.5,2025-12-31,202627784000,322496262000,2026-06-30,2026-09-28,True,https://eodhd.com/api/fundamentals/2382.TW#Financials.Balance_Sheet.quarterly.2026-06-30,filed,327205432000,430483118000,,41676178400,41676178400,119868478000,103277686000
2383.TW,TWD,345.0188650310276,350.14514024236047,False,False,fail,fail,0.25,0.25,2025-12-31,20007816000,20110638000,2026-06-30,2026-09-28,True,https://eodhd.com/api/fundamentals/2383.TW#Financials.Balance_Sheet.quarterly.2026-06-30,filed,22567762000,28492652000,,5432569000,5432569000,102822000,5924890000
2388.HK,HKD,41.84237061469715,42.01316251769812,False,False,fail,fail,0.5,0.5,2025-12-31,810677000000,685660000000,2026-06-30,2026-09-28,True,https://eodhd.com/api/fundamentals/2388.HK#Financials.Balance_Sheet.quarterly.2026-06-30,filed,244745000000,787191000000,,33.66862746071942,33.806055834661194,,
2395.TW,TWD,203.85826182609674,203.06228182043535,False,False,fail,fail,0.25,0.25,2025-12-31,19193915000,1994309000,2026-06-30,2026-09-28,True,https://eodhd.com/api/fundamentals/2395.TW#Financials.Balance_Sheet.quarterly.2026-06-30,filed,18728662000,2070917000,,9805680400,9805680400,-17199606000,-16657745000
2412.TW,TWD,78.00879369694488,80.83728651232101,False,False,fail,fail,0.25,0.25,2025-12-31,57504580000,38018279000,2026-06-30,2026-09-28,True,https://eodhd.com/api/fundamentals/2412.TW#Financials.Balance_Sheet.quarterly.2026-06-30,filed,79567005000,38199279000,,44288147000,44288147000,-19486301000,-41367726000
241560.KO,KRW,78224.0616715475,79558.06133671818,False,False,pass,pass,0.25,0.25,2025-12-31,2002603836000,1483574678000,2026-06-30,2026-09-28,True,https://eodhd.com/api/fundamentals/241560.KO#Financials.Balance_Sheet.quarterly.2026-06-30,filed,2130517941000,1824497820000,,349946660000,349946660000,-519029158000,-306020121000
2454.TW,TWD,1322.2313645680667,1289.9412349089507,False,False,fail,fail,0.5,0.5,2025-12-31,247709102000,21895203000,2026-06-30,2026-09-28,True,https://eodhd.com/api/fundamentals/2454.TW#Financials.Balance_Sheet.quarterly.2026-06-30,filed,198403469000,41447039000,,96599208800,96480055000,-225813899000,-156956430000
251270.KO,KRW,27493.31089609141,27710.35848646105,False,False,fail,fail,0.5,0.5,2025-12-31,855944945490,1516821089530,2026-06-30,2026-09-28,True,https://eodhd.com/api/fundamentals/251270.KO#Financials.Balance_Sheet.quarterly.2026-06-30,filed,874522964980,994685577950,,112844583860,112844583860,660876144040,120162612970
259960.KO,KRW,246581.15367481628,238087.13898876405,False,False,,,0.25,0.25,2025-12-31,3309963299520,253882981000,2026-06-30,2026-09-28,True,https://eodhd.com/api/fundamentals/259960.KO#Financials.Balance_Sheet.quarterly.2026-06-30,filed,2963334770290,537860800040,,600822567280,600822567280,-3056080318520,-2425473970250
2603.TW,TWD,399.1932609175907,418.53471144207424,False,False,,,0.5,0.5,2025-12-31,185942323000,175611012000,2026-06-30,2026-09-28,True,https://eodhd.com/api/fundamentals/2603.TW#Financials.Balance_Sheet.quarterly.2026-06-30,filed,192090151000,202960811000,,55437315400,58316169400,-10331311000,10870660000
2615.TW,TWD,102.69366068133594,103.06898243218971,False,False,fail,fail,0.5,0.5,2025-12-31,128441861000,66661245000,2026-06-30,2026-09-28,True,https://eodhd.com/api/fundamentals/2615.TW#Financials.Balance_Sheet.quarterly.2026-06-30,filed,129587038000,62765818000,,13068654800,13068654800,-61780616000,-66821220000
2618.HK,CNY,10.568543989563675,9.413793922767125,False,False,,,0.5,0.5,2025-12-31,29022447000,4407975000,2026-06-30,2026-09-28,True,https://eodhd.com/api/fundamentals/2618.HK#Financials.Balance_Sheet.quarterly.2026-06-30,filed,22474445000,23878860000,,3219047800,3219047800,-24614472000,1404415000
267260.KO,KRW,112299.48211324627,113296.9931105488,False,False,fail,fail,0.5,0.5,2025-12-31,968042568100,186059765000,2026-06-30,2026-09-28,True,https://eodhd.com/api/fundamentals/267260.KO#Financials.Balance_Sheet.quarterly.2026-06-30,filed,1009094696570,182218212240,,253717963254,253717963254,-781982803100,-826876484330
268280.KO,KRW,151539.89185609663,152199.5473353838,False,False,,,0.35,0.35,2025-12-31,132959811110,34836825370,2026-06-30,2026-09-28,True,https://eodhd.com/api/fundamentals/268280.KO#Financials.Balance_Sheet.quarterly.2026-06-30,filed,136764318040,36899487320,,48825827337.031944,48825827337.031944,-98122985740,-99864830720
272210.KO,KRW,1761.6532218619832,8713.619703791626,False,False,fail,fail,0.5,0.5,2025-12-31,370143185120,1474436243000,2026-06-30,2026-09-28,True,https://eodhd.com/api/fundamentals/272210.KO#Financials.Balance_Sheet.quarterly.2026-06-30,filed,1666678634730,3391111015430,,2617700960,3643858960,1104293057880,1724432380700
2880.TW,TWD,13.29225416149801,13.59471647123935,False,False,fail,fail,0.35,0.35,2025-12-31,213506341000,479856307000,2026-06-30,2026-09-28,True,https://eodhd.com/api/fundamentals/2880.TW#Financials.Balance_Sheet.quarterly.2026-06-30,filed,180018457000,183694640000,,16.956866770330894,17.34271653117781,,
2882.TW,TWD,65.71403049659745,80.10551635095288,False,False,fail,fail,0.35,0.35,2025-12-31,790688699000,456082134000,2026-06-30,2026-09-28,True,https://eodhd.com/api/fundamentals/2882.TW#Financials.Balance_Sheet.quarterly.2026-06-30,filed,717016575000,396013391000,,61.13507094110726,74.52375676672432,,
2883.TW,TWD,13.112191560150526,19.541537207797035,False,False,fail,fail,0.35,0.35,2025-12-31,156502016000,425369256000,2026-06-30,2026-09-28,True,https://eodhd.com/api/fundamentals/2883.TW#Financials.Balance_Sheet.quarterly.2026-06-30,filed,102576790000,560714230000,,18.309329983824007,27.28700625577372,,
2884.TW,TWD,16.65147538026285,17.21892567466388,False,False,fail,fail,0.25,0.25,2025-12-31,239167739000,227035338000,2026-06-30,2026-09-28,True,https://eodhd.com/api/fundamentals/2884.TW#Financials.Balance_Sheet.quarterly.2026-06-30,filed,223629335000,340206501000,,15.610746936130097,16.142731204336556,,
2885.TW,TWD,62.468861265725685,59.523328691497426,False,False,fail,fail,0.5,0.5,2025-12-31,186645277000,680498040000,2026-06-30,2026-09-28,True,https://eodhd.com/api/fundamentals/2885.TW#Financials.Balance_Sheet.quarterly.2026-06-30,filed,146491719000,772977061000,,35188813000,35188813000,493852763000,626485342000
2886.TW,TWD,21.951022469800517,22.51985931356966,False,False,fail,fail,0.25,0.25,2025-12-31,466980855000,1198447938000,2026-06-30,2026-09-28,True,https://eodhd.com/api/fundamentals/2886.TW#Financials.Balance_Sheet.quarterly.2026-06-30,filed,448853832000,1197024373000,,26.217662397998954,26.897064569355678,,
2890.TW,TWD,14.309239650921432,14.892093522509072,False,False,fail,fail,0.25,0.25,2025-12-31,366504690000,400921551000,2026-06-30,2026-09-28,True,https://eodhd.com/api/fundamentals/2890.TW#Financials.Balance_Sheet.quarterly.2026-06-30,filed,163526919000,461743052000,,16.37824969881524,17.04537992233965,,
2891.TW,TWD,38.63136004146328,53.834345341214096,False,False,fail,fail,0.25,0.25,2025-12-31,432005676000,691950325000,2026-06-30,2026-09-28,True,https://eodhd.com/api/fundamentals/2891.TW#Financials.Balance_Sheet.quarterly.2026-06-30,filed,466486486000,713105461000,,23.93539453844798,33.35492962396388,,
2892.TW,TWD,17.07142508962721,17.618559581451017,False,False,fail,fail,0.25,0.25,2025-12-31,215017570000,545581559000,2026-06-30,2026-09-28,True,https://eodhd.com/api/fundamentals/2892.TW#Financials.Balance_Sheet.quarterly.2026-06-30,filed,196114093000,633759431000,,20.238025356709997,20.88664851856828,,
298040.KO,KRW,230767.49796278062,271216.1172479592,False,False,fail,fail,0.5,0.5,2025-12-31,250427513670,802441122000,2026-06-30,2026-09-28,True,https://eodhd.com/api/fundamentals/298040.KO#Financials.Balance_Sheet.quarterly.2026-06-30,filed,635950373850,688270663680,,162237301610,162237301610,552013608330,52320289830
300014.SHE,CNY,32.80594789025087,31.608730473390526,False,False,fail,fail,0.5,0.5,2025-12-31,16661339000,42011121000,2026-06-30,2026-09-28,True,https://eodhd.com/api/fundamentals/300014.SHE#Financials.Balance_Sheet.quarterly.2026-06-30,filed,14410584058.03,23575048323.84,,2876522574.426,2876522574.426,25349782000,9164464265.81
300015.SHE,CNY,4.675649901568606,4.7143815836061,False,False,fail,fail,0.25,0.25,2025-12-31,6350612949.39,1667042310.74,2026-06-30,2026-09-28,True,https://eodhd.com/api/fundamentals/300015.SHE#Financials.Balance_Sheet.quarterly.2026-06-30,filed,6718368191.190001,6769571589.299999,,1927447307.0327759,1927447307.0327759,-4683570638.650001,51203398.1099987
300033.SHE,CNY,65.98911659016731,,False,False,fail,,0.25,0.25,2025-12-31,14377309071,0,2026-06-30,2026-09-28,True,https://eodhd.com/api/fundamentals/300033.SHE#Financials.Balance_Sheet.quarterly.2026-06-30,filed,12448817873.68,,net cash unavailable,1823266693,,-14377309071,
300059.SHE,CNY,8.610790200431166,9.244805392306858,False,False,fail,fail,0.5,0.5,2025-12-31,314634893000,123856732000,2026-06-30,2026-09-28,True,https://eodhd.com/api/fundamentals/300059.SHE#Financials.Balance_Sheet.quarterly.2026-06-30,filed,372855615674.74,151289744716.18002,,5.610042849810816,6.023112070063744,,
300142.SHE,CNY,1.0886234155944472,0.7265818942973079,False,False,fail,fail,0.5,0.5,2025-12-31,1352716119,427425276,2026-06-30,2026-09-28,True,https://eodhd.com/api/fundamentals/300142.SHE#Financials.Balance_Sheet.quarterly.2026-06-30,filed,767444963.33,1180891704.29,,35102298.875292,35102298.875292,-925290843,413446740.9599999
300223.SHE,CNY,28.17570754135497,28.99374095893853,False,False,fail,fail,0.5,0.5,2025-12-31,4991348800,17757613,2026-06-30,2026-09-28,True,https://eodhd.com/api/fundamentals/300223.SHE#Financials.Balance_Sheet.quarterly.2026-06-30,filed,5421302883.42,7415768.14,,460245109.422,460245109.422,-4973591187,-5413887115.28
300274.SHE,CNY,103.8645043998399,104.8307482629785,False,False,,,0.35,0.35,2025-12-31,33829186883.850002,5487328117.37,2026-06-30,2026-09-28,True,https://eodhd.com/api/fundamentals/300274.SHE#Financials.Balance_Sheet.quarterly.2026-06-30,filed,35568634820.02,6387561741.31,,9374796823.1,9374796823.1,-28341858766.480003,-29181073078.709995
300308.SHE,CNY,33.06816662447486,30.727464783981553,False,False,fail,fail,0.5,0.5,2025-12-31,10996909268.949999,811353448.63,2026-06-30,2026-09-28,True,https://eodhd.com/api/fundamentals/300308.SHE#Financials.Balance_Sheet.quarterly.2026-06-30,filed,8926253233.34,1026031135.29,,1372067014.4851582,1372067014.4851582,-10185555820.32,-7900222098.05
300316.SHE,CNY,12.487289303587058,13.192762205365096,False,False,fail,fail,0.35,0.35,2025-12-31,3416955649.22,1332098943.26,2026-06-30,2026-09-28,True,https://eodhd.com/api/fundamentals/300316.SHE#Financials.Balance_Sheet.quarterly.2026-06-30,filed,4293861189.31,1311297377.81,,1058327101.38,1058327101.38,-2084856705.9599998,-2982563811.5
300347.SHE,CNY,17.558878526850247,17.88228617307709,False,False,fail,fail,0.5,0.5,2025-12-31,1836950968.3799999,1114055062.43,2026-06-30,2026-09-28,True,https://eodhd.com/api/fundamentals/300347.SHE#Financials.Balance_Sheet.quarterly.2026-06-30,filed,2127070657.85,2179372864.6400003,,928064495.466,928064495.466,-722895905.9499998,52302206.79000044
300408.SHE,CNY,23.836344928462136,23.950629223478785,False,False,fail,fail,0.25,0.25,2025-12-31,6816290207,1961110837,2026-06-30,2026-09-28,True,https://eodhd.com/api/fundamentals/300408.SHE#Financials.Balance_Sheet.quarterly.2026-06-30,filed,7082108649.01,786001158.72,,2010464003.608,2010464003.608,-4855179370,-6296107490.29
300413.SHE,CNY,47.422867203650554,48.20435787366878,False,False,pass,pass,0.5,0.5,2025-12-31,2694165464.41,32042666.66,2026-06-30,2026-09-28,True,https://eodhd.com/api/fundamentals/300413.SHE#Financials.Balance_Sheet.quarterly.2026-06-30,filed,4160718285.29,148676139.70999998,,6938573141.166,6938573141.166,-2662122797.75,-4012042145.58
300450.SHE,CNY,21.41400906446567,25.876717226331543,False,False,fail,fail,0.5,0.5,2025-12-31,7628911315.11,2144576848.77,2026-06-30,2026-09-28,True,https://eodhd.com/api/fundamentals/300450.SHE#Financials.Balance_Sheet.quarterly.2026-06-30,filed,15132045355.109999,1237532984.64,,1468102544.224,1468102544.224,-5484334466.34,-13894512370.47
300496.SHE,CNY,5.625496816958028,5.2733855954961415,False,False,fail,fail,0.35,0.35,2025-12-31,2505975345.01,24858653.24,2026-06-30,2026-09-28,True,https://eodhd.com/api/fundamentals/300496.SHE#Financials.Balance_Sheet.quarterly.2026-06-30,filed,2363264145.74,161280874.53,,20162663.597192764,20162663.597192764,-2481116691.7700005,-2201983271.2099996
300628.SHE,CNY,32.75273408801705,32.125841494903334,False,False,fail,fail,0.25,0.25,2025-12-31,5816352556.2,8807355.11,2026-06-30,2026-09-28,True,https://eodhd.com/api/fundamentals/300628.SHE#Financials.Balance_Sheet.quarterly.2026-06-30,filed,5036775432.94,2219922.1,,1841585999.676,1841585999.676,-5807545201.09,-5034555510.839999
300661.SHE,CNY,19.18672203459383,25.0722940491657,False,False,fail,fail,0.5,0.5,2025-12-31,2647464231,417647434,2026-06-30,2026-09-28,True,https://eodhd.com/api/fundamentals/300661.SHE#Financials.Balance_Sheet.quarterly.2026-06-30,filed,6701205330.129999,504235145.16,,545505907.212,545505907.212,-2229816797,-6196970184.969999
300750.SHE,CNY,265.19358271388745,275.2688220123204,False,False,fail,fail,0.35,0.35,2025-12-31,392506455000,97418948000,2026-06-30,2026-09-28,True,https://eodhd.com/api/fundamentals/300750.SHE#Financials.Balance_Sheet.quarterly.2026-06-30,filed,440211600000,127018321000,,42223989200,42223989200,-295087507000,-313193279000
300751.SHE,CNY,42.10612111069051,46.05620257803174,False,False,fail,fail,0.35,0.35,2025-12-31,5647280870.29,4839392842.650001,2026-06-30,2026-09-28,True,https://eodhd.com/api/fundamentals/300751.SHE#Financials.Balance_Sheet.quarterly.2026-06-30,filed,6722884298.09,4550317443.669999,,322294953.70799994,322294953.70799994,-807888027.6399994,-2172566854.420001
300759.SHE,CNY,12.74116297045212,13.121510758507197,False,False,fail,fail,0.35,0.35,2025-12-31,1731554922.47,3037202827.92,2026-06-30,2026-09-28,True,https://eodhd.com/api/fundamentals/300759.SHE#Financials.Balance_Sheet.quarterly.2026-06-30,filed,2452324338.2799997,3412589260.04,,1130718786.2655206,1130718786.2655206,1305647905.45,960264921.7600002
300760.SHE,CNY,150.15140728022908,150.82480678252676,False,False,fail,fail,0.15,0.15,2025-12-31,17940858054,4390737,2026-06-30,2026-09-28,True,https://eodhd.com/api/fundamentals/300760.SHE#Financials.Balance_Sheet.quarterly.2026-06-30,filed,18774860611,184884175,,7774320096.4,7774320096.4,-17936467317,-18589976436
3008.TW,TWD,2733.5895137084017,2760.3493501608878,False,False,fail,fail,0.25,0.25,2025-12-31,131311462000,120112000,2026-06-30,2026-09-28,True,https://eodhd.com/api/fundamentals/3008.TW#Financials.Balance_Sheet.quarterly.2026-06-30,filed,134870740000,167204000,,18288555519.829216,18288555519.829216,-131191350000,-134703536000
300896.SHE,CNY,60.08108238215508,61.82279121063686,False,False,fail,fail,0.35,0.35,2025-12-31,3381514003,10009618,2026-06-30,2026-09-28,True,https://eodhd.com/api/fundamentals/300896.SHE#Financials.Balance_Sheet.quarterly.2026-06-30,filed,3907448174.1,7258347.94,,1193750469.292,1193750469.292,-3371504385,-3900189826.16
300957.SHE,CNY,16.522409958837873,16.158220239484276,False,False,fail,fail,0.35,0.35,2025-12-31,4308072543.01,687670798.37,2026-06-30,2026-09-28,True,https://eodhd.com/api/fundamentals/300957.SHE#Financials.Balance_Sheet.quarterly.2026-06-30,filed,4158986908.64,717387471.61,,222089363.66800004,222089363.66800004,-3620401744.6400003,-3441599437.0299997
300979.SHE,CNY,19.28932002430168,19.304084613705626,False,False,fail,fail,0.25,0.25,2025-12-31,6212126072.59,2044123234.45,2026-06-30,2026-09-28,True,https://eodhd.com/api/fundamentals/300979.SHE#Financials.Balance_Sheet.quarterly.2026-06-30,filed,6194640654.01,3155218888.8300004,,1350624805.954492,1350624805.954492,-4168002838.1400003,-3039421765.18
301269.SHE,CNY,3.5430029533865723,3.3723593075064655,False,False,fail,fail,0.5,0.5,2025-12-31,1501934680.63,262921250,2026-06-30,2026-09-28,True,https://eodhd.com/api/fundamentals/301269.SHE#Financials.Balance_Sheet.quarterly.2026-06-30,filed,1408443353.21,352566593.13,,37442749.402,37442749.402,-1239013430.63,-1055876760.08
3017.TW,TWD,322.9863203092263,366.43439783414317,False,False,fail,fail,0.5,0.5,2025-12-31,60441980000,35117310000,2026-06-30,2026-09-28,True,https://eodhd.com/api/fundamentals/3017.TW#Financials.Balance_Sheet.quarterly.2026-06-30,filed,78401848000,39262714000,,3559935045.0938144,3559935045.0938144,-25324670000,-39139134000
3034.TW,TWD,400.9874222778771,420.06950802111453,False,False,fail,fail,0.5,0.5,2025-12-31,42418895000,552286000,2026-06-30,2026-09-28,True,https://eodhd.com/api/fundamentals/3034.TW#Financials.Balance_Sheet.quarterly.2026-06-30,filed,53989829000,549552000,,16350648800,16350648800,-41866609000,-53440277000
3045.TW,TWD,84.11965086995738,85.27167312481741,False,False,fail,fail,0.35,0.35,2025-12-31,8969539000,96404740000,2026-06-30,2026-09-28,True,https://eodhd.com/api/fundamentals/3045.TW#Financials.Balance_Sheet.quarterly.2026-06-30,filed,12532570000,87058789000,,20097480400,20097480400,87435201000,74526219000
307950.KO,KRW,86395.14445109857,81105.61140298031,False,False,fail,fail,0.25,0.25,2025-12-31,804674937000,198979781000,2026-06-30,2026-09-28,True,https://eodhd.com/api/fundamentals/307950.KO#Financials.Balance_Sheet.quarterly.2026-06-30,filed,665842574000,203861579000,,132638641146.49088,132638641146.49088,-605695156000,-461980995000
316140.KO,KRW,36398.271464958845,39457.02874353321,False,False,,,0.25,0.25,2025-12-31,121999201000000,88935714000000,2026-06-30,2026-09-28,True,https://eodhd.com/api/fundamentals/316140.KO#Financials.Balance_Sheet.quarterly.2026-06-30,filed,121690316000000,95982318000000,,46913.51023610534,50855.923848694256,,
3231.TW,TWD,47.41637084696591,35.66612468852571,False,False,fail,fail,0.5,0.5,2025-12-31,150745482000,346920983000,2026-06-30,2026-09-28,True,https://eodhd.com/api/fundamentals/3231.TW#Financials.Balance_Sheet.quarterly.2026-06-30,filed,128609737000,542871487000,,2806071200,2911766800,196175501000,414261750000
326030.KO,KRW,14667.226730460765,15552.12426267913,False,False,fail,fail,0.5,0.5,2025-12-31,309481887130,0,2026-06-30,2026-09-28,True,https://eodhd.com/api/fundamentals/326030.KO#Financials.Balance_Sheet.quarterly.2026-06-30,filed,381873068870,48826919330,,68607478018,68607478018,-309481887130,-333046149540
329180.KO,KRW,32693.376582245623,49989.389483610445,False,False,fail,fail,0.5,0.5,2025-12-31,3572417695000,645351194000,2026-06-30,2026-09-28,True,https://eodhd.com/api/fundamentals/329180.KO#Financials.Balance_Sheet.quarterly.2026-06-30,filed,5472913233000,557796748000,,16868760000,16868760000,-2927066501000,-4915116485000
3661.TW,TWD,1104.243174177026,1270.644884741014,False,False,fail,fail,0.5,0.5,2025-12-31,38881683000,325240000,2026-06-30,2026-09-28,True,https://eodhd.com/api/fundamentals/3661.TW#Financials.Balance_Sheet.quarterly.2026-06-30,filed,53086957000,289792000,,2936987000,2936987000,-38556443000,-52797165000
377300.KO,KRW,30672.943926032447,46610.181709536824,False,False,fail,,0.5,0.5,2025-12-31,4147965036050,38914909700,2026-06-30,2026-09-28,True,https://eodhd.com/api/fundamentals/377300.KO#Financials.Balance_Sheet.quarterly.2026-06-30,filed,6303870668240,222591291440,,1073314278,1073314278,-4109050126350,-6081279376800
4904.TW,TWD,66.94707098866664,67.89418553932973,False,False,fail,fail,0.25,0.25,2025-12-31,7105902000,53567997000,2026-06-30,2026-09-28,True,https://eodhd.com/api/fundamentals/4904.TW#Financials.Balance_Sheet.quarterly.2026-06-30,filed,10626826000,43452083000,,19025551000,19025551000,46462095000,32825257000
4938.TW,TWD,64.60976918360822,68.19872938971797,False,False,fail,fail,0.5,0.5,2025-12-31,124646531000,75095748000,2026-06-30,2026-09-28,True,https://eodhd.com/api/fundamentals/4938.TW#Financials.Balance_Sheet.quarterly.2026-06-30,filed,133718322000,97297893000,,5674354800,5682950000,-49550783000,-36420429000
5871.TW,TWD,347.1718501897594,352.46296476359294,False,False,pass,pass,0.5,0.5,2025-12-31,84873213000,682487506000,2026-06-30,2026-09-28,True,https://eodhd.com/api/fundamentals/5871.TW#Financials.Balance_Sheet.quarterly.2026-06-30,filed,93731943000,684220231000,,26935092000,26935092000,597614293000,590488288000
5876.TW,TWD,34.56289870488721,35.815637638898416,False,False,fail,fail,0.25,0.25,2025-12-31,106141181000,110729638000,2026-06-30,2026-09-28,True,https://eodhd.com/api/fundamentals/5876.TW#Financials.Balance_Sheet.quarterly.2026-06-30,filed,60788008000,145979070000,,41.40445498929201,42.90516745121484,,
5880.TW,TWD,10.999561672341573,11.441262819199737,False,False,fail,fail,0.25,0.25,2025-12-31,393836929000,714652803000,2026-06-30,2026-09-28,True,https://eodhd.com/api/fundamentals/5880.TW#Financials.Balance_Sheet.quarterly.2026-06-30,filed,408508324000,791129764000,,17.075018420690302,17.760687126744987,,
600010.SHG,CNY,0.916640022466969,0.8992115378487616,False,False,fail,fail,0.5,0.5,2025-12-31,8811179278.85,29125632969.75,2026-06-30,2026-09-28,True,https://eodhd.com/api/fundamentals/600010.SHG#Financials.Balance_Sheet.quarterly.2026-06-30,filed,7960755203.82,34183666855.06,,2715889022.6280003,2715889022.6280003,20314453690.9,26222911651.24
600015.SHG,CNY,19.903797084782457,20.135639581691002,False,False,pass,pass,0.35,0.35,2025-12-31,292060000000,863726000000,2026-06-30,2026-09-28,True,https://eodhd.com/api/fundamentals/600015.SHG#Financials.Balance_Sheet.quarterly.2026-06-30,filed,320954000000,,,24.754508325479108,25.042852654728243,,
600016.SHG,CNY,10.20926165687088,10.447658606783092,False,False,pass,pass,0.5,0.5,2025-12-31,681344000000,1117306000000,2026-06-30,2026-09-28,True,https://eodhd.com/api/fundamentals/600016.SHG#Financials.Balance_Sheet.quarterly.2026-06-30,filed,656963000000,,,15.55021452204381,15.913328313925218,,
600018.SHG,CNY,8.992319719202854,9.394553154874474,False,False,pass,pass,0.35,0.35,2025-12-31,31598103630.42,35054573180.479996,2026-06-30,2026-09-28,True,https://eodhd.com/api/fundamentals/600018.SHG#Financials.Balance_Sheet.quarterly.2026-06-30,filed,40987593923.41,46485030664.100006,,12936381430.78899,12936381430.78899,3456469550.0599976,5497436740.690002
600019.SHG,CNY,6.268313917188623,6.447837970465173,False,False,,,0.5,0.5,2025-12-31,19169111566.800003,15092584862.080002,2026-06-30,2026-09-28,True,https://eodhd.com/api/fundamentals/600019.SHG#Financials.Balance_Sheet.quarterly.2026-06-30,filed,23266701407.91,16529858308.439999,,9947342675.620428,9947342675.620428,-4076526704.720001,-6736843099.470001
600023.SHG,CNY,4.633487199372713,4.743686296016955,False,False,fail,fail,0.5,0.5,2025-12-31,14825532503.74,36875907450.15,2026-06-30,2026-09-28,True,https://eodhd.com/api/fundamentals/600023.SHG#Financials.Balance_Sheet.quarterly.2026-06-30,filed,16249082118.81,41941909210.020004,,3944042138.8,3944042138.8,22050374946.410004,25692827091.210007
600025.SHG,CNY,5.3955181579775,5.492259920364765,False,False,fail,fail,0.5,0.5,2025-12-31,3942623884.9,104333162965.36002,2026-06-30,2026-09-28,True,https://eodhd.com/api/fundamentals/600025.SHG#Financials.Balance_Sheet.quarterly.2026-06-30,filed,5774627466.01,107728727828.10999,,5836694724.836,5836694724.836,100390539080.46002,101954100362.09999
600030.SHG,CNY,76.7407299588081,,False,False,pass,,0.25,0.25,2025-12-31,860569728853.87,289648218320.49,2026-06-30,2026-09-28,True,https://eodhd.com/api/fundamentals/600030.SHG#Financials.Balance_Sheet.quarterly.2026-06-30,filed,1079660055779.1,,net cash unavailable,22373559261,,-570921510533.38,
600031.SHG,CNY,12.60701358880171,12.08696781908372,False,False,fail,fail,0.5,0.5,2025-12-31,54187534000,20629020000,2026-06-30,2026-09-28,True,https://eodhd.com/api/fundamentals/600031.SHG#Financials.Balance_Sheet.quarterly.2026-06-30,filed,49580236000,17255720000,,5107865144.607874,5107865144.607874,-33558514000,-32324516000
600036.SHG,CNY,102.85981878868174,113.0387108255104,True,True,pass,pass,0.25,0.25,2025-12-31,16622000000,1592000000,2026-06-30,2026-09-28,True,https://eodhd.com/api/fundamentals/600036.SHG#Financials.Balance_Sheet.quarterly.2026-06-30,filed,1525249000000,,,47.964369772035226,52.71086988523392,,
600039.SHG,CNY,12.274905933395905,11.483369685531574,False,False,,,0.5,0.5,2025-12-31,26259083533.13,65943555541.340004,2026-06-30,2026-09-28,True,https://eodhd.com/api/fundamentals/600039.SHG#Financials.Balance_Sheet.quarterly.2026-06-30,filed,19449530695.74,63426394017.979996,,6647117236.056,6647117236.056,39684472008.21001,43976863322.23999
600048.SHG,CNY,12.800572078760533,13.734957448753502,False,False,pass,pass,0.5,0.5,2025-12-31,123251373959.73,275258121707.58,2026-06-30,2026-09-28,True,https://eodhd.com/api/fundamentals/600048.SHG#Financials.Balance_Sheet.quarterly.2026-06-30,filed,134156453060.74,270396500893.15,,2905968945.408,2905968945.408,152006747747.85004,136240047832.40999
600050.SHG,CNY,3.5316989993482566,2.7949463390972884,False,False,fail,fail,0.5,0.5,2025-12-31,67438607000,48915520000,2026-06-30,2026-09-28,True,https://eodhd.com/api/fundamentals/600050.SHG#Financials.Balance_Sheet.quarterly.2026-06-30,filed,44812126482,18723792851,,3938120219,3938120219,-18523087000,-26088333631
600061.SHG,CNY,5.859670053910613,5.820864471464321,False,False,fail,fail,0.35,0.35,2025-12-31,235922676223.09998,99459781100.44,2026-06-30,2026-09-28,True,https://eodhd.com/api/fundamentals/600061.SHG#Financials.Balance_Sheet.quarterly.2026-06-30,filed,301864356323.73,149786270932.22998,,7.997851437605784,7.944885779044842,,
600085.SHG,CNY,20.138109235731402,20.17865626773465,False,False,fail,fail,0.25,0.25,2025-12-31,10998464975.29,1575395217.8200002,2026-06-30,2026-09-28,True,https://eodhd.com/api/fundamentals/600085.SHG#Financials.Balance_Sheet.quarterly.2026-06-30,filed,11026277367.359999,2308323140.42,,1274629096.2,1274629096.2,-9423069757.470001,-8717954226.939999
600104.SHG,CNY,26.54871761127972,26.59578091162829,False,False,pass,pass,0.5,0.5,2025-12-31,222449775121,86059013738.84,2026-06-30,2026-09-28,True,https://eodhd.com/api/fundamentals/600104.SHG#Financials.Balance_Sheet.quarterly.2026-06-30,filed,222968761415.47003,83582837518.26001,,7557213034.98,7557213034.98,-136390761382.16,-139385923897.21002
600111.SHG,CNY,13.250172795166334,13.247186319010435,False,False,fail,fail,0.5,0.5,2025-12-31,5153730125.58,5831939592.8,2026-06-30,2026-09-28,True,https://eodhd.com/api/fundamentals/600111.SHG#Financials.Balance_Sheet.quarterly.2026-06-30,filed,5281588972.32,7164503555.219999,,2245086794.638,2245086794.638,678209467.2200003,1882914582.8999996
600132.SHG,CNY,44.69373135555403,48.110413466084495,False,False,,,0.5,0.5,2025-12-31,1133092586,115655888,2026-06-30,2026-09-28,True,https://eodhd.com/api/fundamentals/600132.SHG#Financials.Balance_Sheet.quarterly.2026-06-30,filed,2781401894.91,78502367.1,,1070594974.4276268,1070594974.4276268,-1017436698,-2702899527.81
600150.SHG,CNY,24.803570352120737,24.02541024491924,False,False,fail,fail,0.5,0.5,2025-12-31,146840446077.03,22516060660.32,2026-06-30,2026-09-28,True,https://eodhd.com/api/fundamentals/600150.SHG#Financials.Balance_Sheet.quarterly.2026-06-30,filed,142008404025.2,16656393130.789999,,2934280338.364,2934280338.364,-124324385416.70999,-125352010894.41002
600176.SHG,CNY,18.249240753366507,18.137253567718464,False,False,fail,fail,0.35,0.35,2025-12-31,3472574827,15826128970,2026-06-30,2026-09-28,True,https://eodhd.com/api/fundamentals/600176.SHG#Financials.Balance_Sheet.quarterly.2026-06-30,filed,3068474494.49,10040084417.369999,,3679167795.395054,3679167795.395054,12353554143,6971609922.879999
600188.SHG,CNY,14.59861211885,16.126606401264457,False,False,fail,fail,0.5,0.5,2025-12-31,39462393000,66726708000,2026-06-30,2026-09-28,True,https://eodhd.com/api/fundamentals/600188.SHG#Financials.Balance_Sheet.quarterly.2026-06-30,filed,55153133000,108060611000,,8838890400,8838890400,27264315000,52907478000
600196.SHG,CNY,13.008316620203107,12.977765199857767,False,False,fail,fail,0.5,0.5,2025-12-31,15358099000,36714569000,2026-03-31,2026-06-29,True,https://eodhd.com/api/fundamentals/600196.SHG#Financials.Balance_Sheet.quarterly.2026-03-31,filed,15292721919.730001,31860039417.21,,1624933768.2415483,1624933768.2415483,21356470000,16567317497.479998
600219.SHG,CNY,8.096013281762517,8.145416103688655,False,False,,,0.5,0.5,2025-12-31,24573698653,5926215229,2026-06-30,2026-09-28,True,https://eodhd.com/api/fundamentals/600219.SHG#Financials.Balance_Sheet.quarterly.2026-06-30,filed,25168090038.4,6150472405.2699995,,3986798278.034275,3986798278.034275,-18647483424,-19017617633.13
600233.SHG,CNY,3.8650319799803987,4.0894443290784555,False,False,fail,fail,0.25,0.25,2025-12-31,8829206255.83,6227733796.57,2026-06-30,2026-09-28,True,https://eodhd.com/api/fundamentals/600233.SHG#Financials.Balance_Sheet.quarterly.2026-06-30,filed,9661261548.83,7518651624.56,,479999707.9358058,479999707.9358058,-2601472459.26,-2142609924.2699995
600276.SHG,CNY,18.33782822890437,18.002536875960523,False,False,fail,fail,0.15,0.15,2025-12-31,41069323620,937933330,2026-06-30,2026-09-28,True,https://eodhd.com/api/fundamentals/600276.SHG#Financials.Balance_Sheet.quarterly.2026-06-30,filed,38841783440.65,38229341.06,,3836742572.810382,3836742572.810382,-40131390290,-38803554099.590004
600309.SHG,CNY,46.764786750909806,52.75491538350199,False,False,fail,fail,0.5,0.5,2025-12-31,27662042570.54,97934089372.08,2026-06-30,2026-09-28,True,https://eodhd.com/api/fundamentals/600309.SHG#Financials.Balance_Sheet.quarterly.2026-06-30,filed,46413970290.96,123800385190.05,,6477783596.707813,6477783596.707813,70272046801.54001,77386414899.09
600332.SHG,CNY,41.89453599325542,35.420931669452536,False,False,pass,pass,0.35,0.35,2025-12-31,23804623000,20689372000,2026-06-30,2026-09-28,True,https://eodhd.com/api/fundamentals/600332.SHG#Financials.Balance_Sheet.quarterly.2026-06-30,filed,13289244308.52,18063597140.09,,2864305461.92496,2864305461.92496,-3115251000,4774352831.57
600346.SHG,CNY,7.936247564284112,8.837471121521832,False,False,fail,fail,0.5,0.5,2025-12-31,31191054937.98,132439654157.84,2026-06-30,2026-09-28,True,https://eodhd.com/api/fundamentals/600346.SHG#Financials.Balance_Sheet.quarterly.2026-06-30,filed,37421141033.68,146629891162.4,,2307152824.018,2307152824.018,101248599219.86,109208750128.72
600362.SHG,CNY,40.68945759459338,57.24062288026778,False,False,fail,,0.5,0.5,2025-12-31,43115271000,79820015000,2026-06-30,2026-09-28,True,https://eodhd.com/api/fundamentals/600362.SHG#Financials.Balance_Sheet.quarterly.2026-06-30,filed,101431398770,136197875005,,5595738269,5595738269,36704744000,34766476235
600372.SHG,CNY,4.066749429562946,3.376242381245115,False,False,fail,fail,0.5,0.5,2025-12-31,12912042162,19237962221,2026-06-30,2026-09-28,True,https://eodhd.com/api/fundamentals/600372.SHG#Financials.Balance_Sheet.quarterly.2026-06-30,filed,9567799873.48,13379045878.36,,582630762.3893511,582630762.3893511,6325920059,3811246004.880001
600406.SHG,CNY,20.230946685992446,19.541541534375344,False,False,fail,fail,0.25,0.25,2025-12-31,24493631524.25,541937868.81,2026-06-30,2026-09-28,True,https://eodhd.com/api/fundamentals/600406.SHG#Financials.Balance_Sheet.quarterly.2026-06-30,filed,19026977095.550003,505945996.53,,7173797859.442,7173797859.442,-23951693655.44,-18521031099.020004
600436.SHG,CNY,43.01209411858375,44.46131467576924,False,False,fail,fail,0.15,0.15,2025-12-31,1255932193.56,894214312.55,2026-06-30,2026-09-28,True,https://eodhd.com/api/fundamentals/600436.SHG#Financials.Balance_Sheet.quarterly.2026-06-30,filed,2114158026.54,989785392.91,,1913899427.7940001,1913899427.7940001,-361717881.01,-1124372633.63
600460.SHG,CNY,7.512598246973341,6.9841631325059135,False,False,fail,fail,0.5,0.5,2025-12-31,5036049265.43,7317605451.320001,2026-06-30,2026-09-28,True,https://eodhd.com/api/fundamentals/600460.SHG#Financials.Balance_Sheet.quarterly.2026-06-30,filed,4175218499.55,8262451691.63,,397845646.38199997,397845646.38199997,2281556185.8900003,4087233192.08
600489.SHG,CNY,11.918199121962367,12.476124188589408,False,False,fail,fail,0.5,0.5,2025-12-31,14557574646.66,13389829730.460001,2026-06-30,2026-09-28,True,https://eodhd.com/api/fundamentals/600489.SHG#Financials.Balance_Sheet.quarterly.2026-06-30,filed,17414453166.85,16925886359.48,,3057848926.416,3057848926.416,-1167744916.1999989,-488566807.36999893
600515.SHG,CNY,0.7494223852305028,0.7454324447332448,False,False,fail,fail,0.5,0.5,2025-12-31,3980007074.35,19330841621.73,2026-06-30,2026-09-28,True,https://eodhd.com/api/fundamentals/600515.SHG#Financials.Balance_Sheet.quarterly.2026-06-30,filed,3947244128.7,21424168221.51,,376621980.1959999,376621980.1959999,15350834547.38,17476924092.809998
600519.SHG,CNY,1304.0439314338166,1305.4874386753997,False,False,,,0.15,0.15,2025-12-31,51690610946.5,233711179.82,2026-06-30,2026-09-28,True,https://eodhd.com/api/fundamentals/600519.SHG#Financials.Balance_Sheet.quarterly.2026-06-30,filed,53518798979.08,186829502.34,,74680744303.192,74680744303.192,-51456899766.68,-53331969476.740005
600547.SHG,CNY,11.348978701365404,11.346042578061306,False,False,fail,fail,0.5,0.5,2025-12-31,20084578000,87709725000,2026-06-30,2026-09-28,True,https://eodhd.com/api/fundamentals/600547.SHG#Financials.Balance_Sheet.quarterly.2026-06-30,filed,20007479970.550003,57535512733.75,,2306078852.228,2306078852.228,67625147000,37528032763.2
600570.SHG,CNY,8.640554398102601,7.597700105301636,False,False,fail,fail,0.5,0.5,2025-12-31,4789125215,639519728,2026-06-30,2026-09-28,True,https://eodhd.com/api/fundamentals/600570.SHG#Financials.Balance_Sheet.quarterly.2026-06-30,filed,2807540778.13,452197943.77,,940565584.512,940565584.512,-4149605487,-2355342834.36
600584.SHG,CNY,16.909614294381388,16.181910698160866,False,False,fail,fail,0.5,0.5,2025-12-31,8775482823.56,7822999099.219999,2026-06-30,2026-09-28,True,https://eodhd.com/api/fundamentals/600584.SHG#Financials.Balance_Sheet.quarterly.2026-06-30,filed,7491759391.17,10509622752.589998,,1246304065.8371804,1246304065.8371804,-952483724.3400002,3017863361.419998
600585.SHG,CNY,28.159959826068313,26.89795594811888,False,False,,,0.5,0.5,2025-12-31,64521016000,27979603000,2026-06-30,2026-09-28,True,https://eodhd.com/api/fundamentals/600585.SHG#Financials.Balance_Sheet.quarterly.2026-06-30,filed,57780480563,20575223347,,6892577742.6,6892577742.6,-36541413000,-37205257216
600600.SHG,CNY,46.750181320070226,49.17072870442054,False,False,fail,fail,0.15,0.15,2025-12-31,19235216693,240053066,2026-06-30,2026-09-28,True,https://eodhd.com/api/fundamentals/600600.SHG#Financials.Balance_Sheet.quarterly.2026-06-30,filed,22564041976,77554447,,3473789050.806704,3473789050.806704,-18995163627,-22486487529
600660.SHG,CNY,48.323622815717435,49.53857304930997,False,False,fail,fail,0.25,0.25,2025-12-31,19284656000,11657300000,2026-06-30,2026-09-28,True,https://eodhd.com/api/fundamentals/600660.SHG#Financials.Balance_Sheet.quarterly.2026-06-30,filed,22465838763,17728472446,,5547829604.4,5547829604.4,-7627356000,-4737366317
600674.SHG,CNY,11.68735070821147,11.868296756404197,False,False,fail,fail,0.35,0.35,2025-12-31,3161093022.79,16598439548.32,2026-06-30,2026-09-28,True,https://eodhd.com/api/fundamentals/600674.SHG#Financials.Balance_Sheet.quarterly.2026-06-30,filed,4042478178.42,16886950728.300001,,4329144879.237233,4329144879.237233,13437346525.529999,12844472549.880001
600690.SHG,CNY,33.57919057976335,33.47596177421372,False,False,pass,pass,0.25,0.25,2025-12-31,59644570000,66496445000,2026-06-30,2026-09-28,True,https://eodhd.com/api/fundamentals/600690.SHG#Financials.Balance_Sheet.quarterly.2026-06-30,filed,58608784315.82,41843091537.82001,,14494180503.00303,14494180503.00303,6851875000,-16765692777.999992
600741.SHG,CNY,36.06604850101851,35.992412893824344,False,False,pass,pass,0.25,0.25,2025-12-31,37140696976.26,13109116626.9,2026-06-30,2026-09-28,True,https://eodhd.com/api/fundamentals/600741.SHG#Financials.Balance_Sheet.quarterly.2026-06-30,filed,36893792128.51,16484408491.650002,,6452014492.374,6452014492.374,-24031580349.36,-20409383636.86
600760.SHG,CNY,7.810469978094598,7.247483732067017,False,False,fail,fail,0.35,0.35,2025-12-31,9660448723.16,480055495.89,2026-06-30,2026-09-28,True,https://eodhd.com/api/fundamentals/600760.SHG#Financials.Balance_Sheet.quarterly.2026-06-30,filed,7895077478.43,9534836.87,,1075378782.0682912,1075378782.0682912,-9180393227.27,-7885542641.56
600803.SHG,CNY,8.062000331332428,8.492367289672798,False,False,fail,fail,0.5,0.5,2025-12-31,15787550000,34858740000,2026-06-30,2026-09-28,True,https://eodhd.com/api/fundamentals/600803.SHG#Financials.Balance_Sheet.quarterly.2026-06-30,filed,17082590000,22399540000,,948190000,948190000,19071190000,5316950000
600809.SHG,CNY,186.75566217210644,186.76623039576768,True,True,pass,pass,0.15,0.15,2025-12-31,9766895738.57,196844114.48,2026-06-30,2026-09-28,True,https://eodhd.com/api/fundamentals/600809.SHG#Financials.Balance_Sheet.quarterly.2026-06-30,filed,9721396974.38,4182531.7,,10331382196.34,10331382196.34,-9570051624.09,-9717214442.679998
600845.SHG,CNY,2.9912529817318085,3.161065434187906,False,False,fail,fail,0.35,0.35,2025-12-31,4085383701.96,489888268.02,2026-06-30,2026-09-28,True,https://eodhd.com/api/fundamentals/600845.SHG#Financials.Balance_Sheet.quarterly.2026-06-30,filed,4589034907.969999,1950864032.98,,376509798.48399997,376509798.48399997,-3595495433.94,-2638170874.9899993
600887.SHG,CNY,20.31167837195914,19.86531997680064,False,False,fail,fail,0.35,0.5,2025-12-31,19498220904.52,46103105660.55,2026-06-30,2026-09-28,True,https://eodhd.com/api/fundamentals/600887.SHG#Financials.Balance_Sheet.quarterly.2026-06-30,filed,16725981520.12,65144386266.37,,8563760957.368,8563760957.368,26604884756.030003,48418404746.25
600900.SHG,CNY,17.71849771320753,17.67841699642269,False,False,fail,fail,0.5,0.5,2025-12-31,10328949000,217272728273.11,2026-06-30,2026-09-28,True,https://eodhd.com/api/fundamentals/600900.SHG#Financials.Balance_Sheet.quarterly.2026-06-30,filed,9372873409.16,217628262324.47,,34165878707.696,34165878707.696,206943779273.11,208255388915.31
600918.SHG,CNY,3.0956856247114026,3.1367218482948083,False,False,fail,fail,0.5,0.5,2025-12-31,161869905681.04,60762106426.84,2026-06-30,2026-09-28,True,https://eodhd.com/api/fundamentals/600918.SHG#Financials.Balance_Sheet.quarterly.2026-06-30,filed,185038717128.86,,,6.102990181812323,6.183891054830243,,
600989.SHG,CNY,16.925889352693,17.083570412419867,False,False,fail,fail,0.5,0.5,2025-12-31,1344971000,30895921000,2026-06-30,2026-09-28,True,https://eodhd.com/api/fundamentals/600989.SHG#Financials.Balance_Sheet.quarterly.2026-06-30,filed,2639964551.61,22817617858.11,,6301451079.33,6301451079.33,29550950000,20177653306.5
600999.SHG,CNY,52.1310446421975,,False,False,pass,,0.25,0.25,2025-12-31,324684908079.5,221897377001.07,2026-06-30,2026-09-28,True,https://eodhd.com/api/fundamentals/600999.SHG#Financials.Balance_Sheet.quarterly.2026-06-30,filed,428757081128.47,,net cash unavailable,10385872407,,-102787531078.43,
601021.SHG,CNY,30.864054337260196,31.359476484357792,False,False,fail,fail,0.5,0.5,2025-12-31,8829781813,14001909766,2026-06-30,2026-09-28,True,https://eodhd.com/api/fundamentals/601021.SHG#Financials.Balance_Sheet.quarterly.2026-06-30,filed,9355103418,17819520970,,1132936048.5261233,1132936048.5261233,5172127953,8464417552
601100.SHG,CNY,36.002147662832606,36.933465918913384,False,False,fail,fail,0.35,0.35,2025-12-31,9216335050.22,33536811.6,2026-06-30,2026-09-28,True,https://eodhd.com/api/fundamentals/601100.SHG#Financials.Balance_Sheet.quarterly.2026-06-30,filed,10497766243.699999,729875564.01,,2021262529.571915,2021262529.571915,-9182798238.619999,-9767890679.689999
601117.SHG,CNY,23.125453079599477,21.375594847543734,False,False,pass,pass,0.25,0.25,2025-12-31,48043854000,29118168000,2026-06-30,2026-09-28,True,https://eodhd.com/api/fundamentals/601117.SHG#Financials.Balance_Sheet.quarterly.2026-06-30,filed,37436330316.15,15734502648.99,,5011824079.126,5011824079.126,-18925686000,-21701827667.160004
601138.SHG,CNY,17.463113967120737,16.77715925449449,False,False,fail,fail,0.15,0.15,2025-12-31,110306564000,110265390000,2026-06-30,2026-09-28,True,https://eodhd.com/api/fundamentals/601138.SHG#Financials.Balance_Sheet.quarterly.2026-06-30,filed,100645086000,106291441000,,16736145087.18156,16736145087.18156,-41174000,5646355000
601155.SHG,CNY,3.8380777835220394,4.179870533099107,False,False,fail,fail,0.5,0.5,2025-12-31,6833960000,62048742000,2026-06-30,2026-09-28,True,https://eodhd.com/api/fundamentals/601155.SHG#Financials.Balance_Sheet.quarterly.2026-06-30,filed,7604915553,45237109459,,231845412.79999995,231845412.79999995,55214782000,37632193906
601166.SHG,CNY,51.687454107293554,54.394696669540416,False,False,pass,pass,0.25,0.25,2025-12-31,1321760000000,3869840000000,2026-06-30,2026-09-28,True,https://eodhd.com/api/fundamentals/601166.SHG#Financials.Balance_Sheet.quarterly.2026-06-30,filed,1281846000000,,,42.53324081497909,44.76101159288549,,
601211.SHG,CNY,13.81631665230859,,False,False,fail,,0.5,0.35,2025-12-31,80179344000,995780745000,2026-06-30,2026-09-28,True,https://eodhd.com/api/fundamentals/601211.SHG#Financials.Balance_Sheet.quarterly.2026-06-30,filed,1048253626412,,net cash unavailable,13294120205,,915601401000,
601225.SHG,CNY,19.91609511373417,20.655912491578274,False,False,fail,fail,0.5,0.5,2025-12-31,37847522000,21460813182.46,2026-06-30,2026-09-28,True,https://eodhd.com/api/fundamentals/601225.SHG#Financials.Balance_Sheet.quarterly.2026-06-30,filed,45038287799.14,25465742533.53,,12736117720.598,12736117720.598,-16386708817.54,-19572545265.61
601236.SHG,CNY,2.381191896653176,,False,False,fail,,0.5,0.5,2025-12-31,3321317000,26814544000,2026-06-30,2026-09-28,True,https://eodhd.com/api/fundamentals/601236.SHG#Financials.Balance_Sheet.quarterly.2026-06-30,filed,12258773715.17,,net cash unavailable,636279304.72,,23493227000,
601318.SHG,CNY,142.4785145969421,146.80503777730712,True,True,pass,pass,0.35,0.35,2025-12-31,909611000000,2082061000000,2026-06-30,2026-09-28,True,https://eodhd.com/api/fundamentals/601318.SHG#Financials.Balance_Sheet.quarterly.2026-06-30,filed,986710000000,1380524000000,,51.916919953442004,53.49343665329076,,
601319.SHG,CNY,9.374462405705042,10.541878433128499,False,False,,,0.25,0.25,2025-12-31,39643000000,224450000000,2026-06-30,2026-09-28,True,https://eodhd.com/api/fundamentals/601319.SHG#Financials.Balance_Sheet.quarterly.2026-06-30,filed,846570000000,43948000000,,6.793552459634666,7.639563855412735,,
601328.SHG,CNY,11.097894549036054,12.09029853759487,False,False,pass,pass,0.25,0.25,2025-12-31,826543000000,4647279000000,2026-06-30,2026-09-28,True,https://eodhd.com/api/fundamentals/601328.SHG#Financials.Balance_Sheet.quarterly.2026-06-30,filed,1537013000000,,,13.382258471590083,14.578936510334337,,
601336.SHG,CNY,73.29640173920964,81.55995987138903,False,False,,,0.5,0.5,2025-12-31,76651000000,214318000000,2026-06-30,2026-09-28,True,https://eodhd.com/api/fundamentals/601336.SHG#Financials.Balance_Sheet.quarterly.2026-06-30,filed,33094000000,20832000000,,34.75025024540946,38.66805120421296,,
601377.SHG,CNY,5.601073259183638,,False,False,fail,,0.5,0.5,2025-12-31,14588874000,173755884000,2026-06-30,2026-09-28,True,https://eodhd.com/api/fundamentals/601377.SHG#Financials.Balance_Sheet.quarterly.2026-06-30,filed,194456921865.27,,net cash unavailable,2745373869.26,,159167010000,
601398.SHG,CNY,13.48795032689347,,False,False,pass,,0.25,0.25,2025-12-31,4733004000000,10270995000000,2026-06-30,2026-09-28,True,https://eodhd.com/api/fundamentals/601398.SHG#Financials.Balance_Sheet.quarterly.2026-06-30,filed,5164909000000,,book value not positive,11.029318149760739,,,
601600.SHG,CNY,8.32889268152589,9.245811415012895,False,False,fail,,0.5,0.5,2025-12-31,33647286000,69374555000,2026-06-30,2026-09-28,True,https://eodhd.com/api/fundamentals/601600.SHG#Financials.Balance_Sheet.quarterly.2026-06-30,filed,50294614000,46506912000,,9697531000,9697531000,35727269000,-3787702000
601601.SHG,CNY,48.06848283775331,50.9252863668922,False,False,pass,pass,0.35,0.35,2025-12-31,77457000000,243333000000,2026-06-30,2026-09-28,True,https://eodhd.com/api/fundamentals/601601.SHG#Financials.Balance_Sheet.quarterly.2026-06-30,filed,59450000000,23741000000,,30.511287086119335,32.32463228614166,,
601607.SHG,CNY,29.241566235971376,29.993814301328694,False,False,pass,pass,0.25,0.25,2025-12-31,43082702283.090004,48327696616.99,2026-06-30,2026-09-28,True,https://eodhd.com/api/fundamentals/601607.SHG#Financials.Balance_Sheet.quarterly.2026-06-30,filed,45989849217.39,51279402644.55,,4273268096.884,4273268096.884,5244994333.899994,5289553427.160004
601628.SHG,CNY,23.021897200153745,25.735164919024214,False,False,fail,fail,0.5,0.5,2025-12-31,19964000000,368653000000,2026-06-30,2026-09-28,True,https://eodhd.com/api/fundamentals/601628.SHG#Financials.Balance_Sheet.quarterly.2026-06-30,filed,149031000000,37107000000,,20.77201937893921,23.220125594801004,,
601633.SHG,CNY,17.516399556504307,17.29073302277208,False,False,,,0.5,0.5,2025-12-31,63812213000,50557355000,2026-06-30,2026-09-28,True,https://eodhd.com/api/fundamentals/601633.SHG#Financials.Balance_Sheet.quarterly.2026-06-30,filed,61882242006.740005,55946561137.149994,,6445864831.848,6445864831.848,-13254858000,-5935680869.590012
601668.SHG,CNY,16.764610307966056,16.43025182800198,False,False,pass,pass,0.5,0.5,2025-12-31,411690876000,810099474000,2026-06-30,2026-09-28,True,https://eodhd.com/api/fundamentals/601668.SHG#Financials.Balance_Sheet.quarterly.2026-06-30,filed,395144609000,790156510000,,26270639400,26270639400,398408598000,395011901000
601688.SHG,CNY,63.81752141942008,,False,False,pass,,0.35,0.35,2025-12-31,513184861247.23,303386972304.73,2026-06-30,2026-09-28,True,https://eodhd.com/api/fundamentals/601688.SHG#Financials.Balance_Sheet.quarterly.2026-06-30,filed,670458330301.07,,net cash unavailable,5108519710.739998,,-209797888942.5,
601689.SHG,CNY,26.440044034768132,26.50421978693561,False,False,fail,fail,0.25,0.25,2025-12-31,5619806007,10997189491,2026-06-30,2026-09-28,True,https://eodhd.com/api/fundamentals/601689.SHG#Financials.Balance_Sheet.quarterly.2026-06-30,filed,5755874116.45,5080919536.75,,2091026550.878,2091026550.878,5377383484,-674954579.6999998
601698.SHG,CNY,1.9773787544394887,2.2674173606743437,False,False,fail,fail,0.35,0.35,2025-12-31,5442516792.36,100523437.34,2026-06-30,2026-09-28,True,https://eodhd.com/api/fundamentals/601698.SHG#Financials.Balance_Sheet.quarterly.2026-06-30,filed,6668497465.31,83908641.99,,238603021.524,238603021.524,-5341993355.0199995,-6584588823.320001
601699.SHG,CNY,20.636724763962075,18.915217815719156,False,False,,,0.5,0.5,2025-12-31,18043902789.83,1299672001.21,2026-06-30,2026-09-28,True,https://eodhd.com/api/fundamentals/601699.SHG#Financials.Balance_Sheet.quarterly.2026-06-30,filed,12912978818.240002,4663522300.89,,3557477936.5439997,3557477936.5439997,-16744230788.620003,-8249456517.350001
601728.SHG,CNY,4.173656814383531,4.113225321511811,False,False,fail,fail,0.25,0.25,2025-12-31,111566913000,61212829000,2026-06-30,2026-09-28,True,https://eodhd.com/api/fundamentals/601728.SHG#Financials.Balance_Sheet.quarterly.2026-06-30,filed,106037000000,47056000000,,19236200000,19236200000,-50354084000,-58981000000
601766.SHG,CNY,7.455179742364003,6.649041899100944,False,False,,,0.25,0.25,2025-12-31,77580800000,88965980000,2026-06-30,2026-09-28,True,https://eodhd.com/api/fundamentals/601766.SHG#Financials.Balance_Sheet.quarterly.2026-06-30,filed,54703012000,17117961000,,11402538800,11402538800,11385180000,-37585051000
601799.SHG,CNY,87.53682360618706,86.92266404334798,False,False,,,0.25,0.25,2025-12-31,3817975040,3190298919,2026-06-30,2026-09-28,True,https://eodhd.com/api/fundamentals/601799.SHG#Financials.Balance_Sheet.quarterly.2026-06-30,filed,3647302079.52,30900063.42,,1097259699.492,1097259699.492,-627676121,-3616402016.1
601808.SHG,CNY,9.997706944591103,8.602108025295404,False,False,fail,fail,0.5,0.5,2025-12-31,13079836000,16894208000,2026-06-30,2026-09-28,True,https://eodhd.com/api/fundamentals/601808.SHG#Financials.Balance_Sheet.quarterly.2026-06-30,filed,6430255581,15250861604,,2864810900.8,2864810900.8,3814372000,8820606023
601816.SHG,CNY,4.35778758515738,4.386207324977436,False,False,fail,fail,0.5,0.5,2025-12-31,15578618242.33,47745514733.88,2026-06-30,2026-09-28,True,https://eodhd.com/api/fundamentals/601816.SHG#Financials.Balance_Sheet.quarterly.2026-06-30,filed,16986794271.11,46293653323.88,,15973494942.798,15973494942.798,32166896491.549995,29306859052.769997
601818.SHG,CNY,9.10464881915582,9.224359944635209,False,False,pass,pass,0.35,0.35,2025-12-31,632664000000,1546942000000,2026-06-30,2026-09-28,True,https://eodhd.com/api/fundamentals/601818.SHG#Financials.Balance_Sheet.quarterly.2026-06-30,filed,573067000000,,,10.127721401501512,10.260884245186883,,
601857.SHG,CNY,6.125841702599661,6.318514479351333,False,False,fail,fail,0.5,0.5,2025-12-31,245083000000,197975000000,2026-06-30,2026-09-28,True,https://eodhd.com/api/fundamentals/601857.SHG#Financials.Balance_Sheet.quarterly.2026-06-30,filed,281894000000,372373000000,,75045600000,75045600000,-47108000000,90479000000
601872.SHG,CNY,8.94485024155431,9.319494757802884,False,False,fail,fail,0.5,0.5,2025-12-31,4720915000,29075294000,2026-06-30,2026-09-28,True,https://eodhd.com/api/fundamentals/601872.SHG#Financials.Balance_Sheet.quarterly.2026-06-30,filed,7887837826.63,25658090094.139996,,3504882178.33,3504882178.33,24354379000,17770252267.509995
601877.SHG,CNY,22.059013494691253,22.77789415786956,False,False,fail,fail,0.5,0.5,2025-12-31,14043122724.55,28884511044.129997,2026-06-30,2026-09-28,True,https://eodhd.com/api/fundamentals/601877.SHG#Financials.Balance_Sheet.quarterly.2026-06-30,filed,15752962830.42,39832276704.08,,2767794921.934,2767794921.934,14841388319.579998,24079313873.660004
601878.SHG,CNY,5.214066679190454,5.333325894926922,False,False,fail,fail,0.35,0.35,2025-12-31,127387288188.05,57506347569.98,2026-06-30,2026-09-28,True,https://eodhd.com/api/fundamentals/601878.SHG#Financials.Balance_Sheet.quarterly.2026-06-30,filed,169717511336.37,,,7.810406053159394,7.9890502780598265,,
601881.SHG,CNY,36.74275721508104,,False,False,pass,,0.5,0.5,2025-12-31,272701125000,197327681000,2026-06-30,2026-09-28,True,https://eodhd.com/api/fundamentals/601881.SHG#Financials.Balance_Sheet.quarterly.2026-06-30,filed,390493978000,,net cash unavailable,10422198000,,-75373444000,
601888.SHG,CNY,33.62167223622224,30.435499725667977,False,False,fail,fail,0.35,0.35,2025-12-31,33781245387.6,3075362341.21,2026-06-30,2026-09-28,True,https://eodhd.com/api/fundamentals/601888.SHG#Financials.Balance_Sheet.quarterly.2026-06-30,filed,27179560773.55,7860470203.200001,,2962981631.692,2962981631.692,-30705883046.39,-19319090570.35
601898.SHG,CNY,12.808140592558985,12.466259223129244,False,False,fail,fail,0.5,0.5,2025-12-31,88717371000,112679514000,2026-06-30,2026-09-28,True,https://eodhd.com/api/fundamentals/601898.SHG#Financials.Balance_Sheet.quarterly.2026-06-30,filed,84184481000,77990556000,,6757331200,6757331200,23962143000,-6193925000
601899.SHG,CNY,17.041317690764718,18.121957468253374,False,False,fail,fail,0.5,0.5,2025-12-31,75571530000,169771025000,2026-06-30,2026-09-28,True,https://eodhd.com/api/fundamentals/601899.SHG#Financials.Balance_Sheet.quarterly.2026-06-30,filed,104835956407,138576867025,,19800509750.2,19800509750.2,94199495000,33740910618
601901.SHG,CNY,2.6480722145791034,2.766662380940497,False,False,fail,fail,0.5,0.5,2025-12-31,155865448994.24,78925630070.35,2026-06-30,2026-09-28,True,https://eodhd.com/api/fundamentals/601901.SHG#Financials.Balance_Sheet.quarterly.2026-06-30,filed,184108323992.42,,,5.566528612300095,5.815817717995067,,
601939.SHG,CNY,19.56198836241634,21.16277440178727,False,False,pass,pass,0.25,0.25,2025-12-31,4231489000000,10071317000000,2026-06-30,2026-09-28,True,https://eodhd.com/api/fundamentals/601939.SHG#Financials.Balance_Sheet.quarterly.2026-06-30,filed,3840339000000,,,13.437992637449414,14.537643174637509,,
603019.SHG,CNY,10.850645739714311,9.245087744737047,False,False,fail,fail,0.5,0.5,2025-12-31,6225544663.2,932528043.87,2026-06-30,2026-09-28,True,https://eodhd.com/api/fundamentals/603019.SHG#Financials.Balance_Sheet.quarterly.2026-06-30,filed,3912784867.14,1198501251.2,,510910787.0168538,510910787.0168538,-5293016619.33,-2714283615.9399996
603195.SHG,CNY,33.92891543336132,33.29028767800665,False,False,fail,fail,0.25,0.25,2025-12-31,16223747725.79,775143188.62,2026-06-30,2026-09-28,True,https://eodhd.com/api/fundamentals/603195.SHG#Financials.Balance_Sheet.quarterly.2026-06-30,filed,15076534324.439999,932098764.7599999,,3641126346.4563956,3641126346.4563956,-15448604537.17,-14144435559.679998
603259.SHG,CNY,61.19664171082325,62.54666587449078,False,False,fail,fail,0.35,0.35,2025-12-31,42340509000,8420113000,2026-06-30,2026-09-28,True,https://eodhd.com/api/fundamentals/603259.SHG#Financials.Balance_Sheet.quarterly.2026-06-30,filed,46640124130.600006,8371542871.93,,7427796814.276,7427796814.276,-33920396000,-38268581258.670006
603288.SHG,CNY,24.252459719340777,23.40028869674901,False,False,fail,fail,0.25,0.25,2025-12-31,34709140774,1551429471,2026-06-30,2026-09-28,True,https://eodhd.com/api/fundamentals/603288.SHG#Financials.Balance_Sheet.quarterly.2026-06-30,filed,29753414528.489998,380769223.87,,6143284407.09893,6143284407.09893,-33157711303,-29372645304.62
603369.SHG,CNY,17.98094932734803,17.875122308323803,False,False,fail,fail,0.25,0.25,2025-12-31,6533092925.53,1377005992.13,2026-06-30,2026-09-28,True,https://eodhd.com/api/fundamentals/603369.SHG#Financials.Balance_Sheet.quarterly.2026-06-30,filed,6390839988,1611626642.3999999,,1011230451.5660002,1011230451.5660002,-5156086933.4,-4779213345.6
603486.SHG,CNY,56.98554633207835,55.7288247480094,False,False,,,0.5,0.5,2025-12-31,6628159871.66,1077462416.79,2026-06-30,2026-09-28,True,https://eodhd.com/api/fundamentals/603486.SHG#Financials.Balance_Sheet.quarterly.2026-06-30,filed,5939322376.12,1070921083.24,,1364372852.4657822,1364372852.4657822,-5550697454.87,-4868401292.88
603501.SHG,CNY,57.05531676086947,59.147153635966035,False,False,fail,fail,0.5,0.5,2025-12-31,12946481695.11,3696706728.45,2026-06-30,2026-09-28,True,https://eodhd.com/api/fundamentals/603501.SHG#Financials.Balance_Sheet.quarterly.2026-06-30,filed,15578965193.61,5922042825.9,,3058300943.528,3058300943.528,-9249774966.66,-9656922367.710001
603659.SHG,CNY,16.05714067152321,17.45636901589936,False,False,fail,fail,0.35,0.35,2025-12-31,10147403498,13405664653,2026-06-30,2026-09-28,True,https://eodhd.com/api/fundamentals/603659.SHG#Financials.Balance_Sheet.quarterly.2026-06-30,filed,13208143650.739998,11331858948.800001,,1266491301.5049655,1266491301.5049655,3258261155,-1876284701.9399967
603799.SHG,CNY,44.52794480766978,46.64566033652354,False,False,,,0.5,0.5,2025-12-31,17705647271.67,43605379956.56,2026-06-30,2026-09-28,True,https://eodhd.com/api/fundamentals/603799.SHG#Financials.Balance_Sheet.quarterly.2026-06-30,filed,22083020193.87,54712412803.14,,3513221567.638,3513221567.638,25899732684.89,32629392609.27
603806.SHG,CNY,6.6603415629930245,7.025576944258818,False,False,fail,fail,0.5,0.5,2025-12-31,7664202903.76,2827817544.27,2026-06-30,2026-09-28,True,https://eodhd.com/api/fundamentals/603806.SHG#Financials.Balance_Sheet.quarterly.2026-06-30,filed,8613815036.31,2894179235.92,,829966414.144,829966414.144,-4836385359.49,-5719635800.389999
603833.SHG,CNY,56.2283141340613,53.75510818607389,False,False,pass,pass,0.25,0.25,2025-12-31,8964938577.51,8021044455.690001,2026-06-30,2026-09-28,True,https://eodhd.com/api/fundamentals/603833.SHG#Financials.Balance_Sheet.quarterly.2026-06-30,filed,7421040487.87,6994040653.09,,2045358927.2282312,2045358927.2282312,-943894121.8199997,-426999834.77999973
603899.SHG,CNY,38.09513759560696,35.959172016606004,False,False,pass,pass,0.25,0.25,2025-12-31,8090242857.639999,281129111.12,2026-06-30,2026-09-28,True,https://eodhd.com/api/fundamentals/603899.SHG#Financials.Balance_Sheet.quarterly.2026-06-30,filed,6144355846.18,481922229.96,,1405625391.758,1405625391.758,-7809113746.5199995,-5662433616.22
603986.SHG,CNY,48.96670028594762,60.331959920444966,False,False,fail,fail,0.5,0.5,2025-12-31,9287873112.28,200138722.22,2026-06-30,2026-09-28,True,https://eodhd.com/api/fundamentals/603986.SHG#Financials.Balance_Sheet.quarterly.2026-06-30,filed,17437000191.37,35580198.75,,1306194316.1499636,1306194316.1499636,-9087734390.060001,-17401419992.62
603993.SHG,CNY,6.661986063068399,6.567386184417934,False,False,fail,fail,0.5,0.5,2025-12-31,48407927000,31646850000,2026-06-30,2026-09-28,True,https://eodhd.com/api/fundamentals/603993.SHG#Financials.Balance_Sheet.quarterly.2026-06-30,filed,46384027853.54,47699055157.38,,5059229401.266,5059229401.266,-16761077000,1315027303.8399963
605117.SHG,CNY,20.231775791849802,21.70677399074316,False,False,fail,fail,0.5,0.5,2025-12-31,8345142508.98,3392160867.28,2026-06-30,2026-09-28,True,https://eodhd.com/api/fundamentals/605117.SHG#Financials.Balance_Sheet.quarterly.2026-06-30,filed,10325343897.83,1987110017.5,,1419930646.6303859,1419930646.6303859,-4952981641.699999,-8338233880.33
605499.SHG,CNY,49.99180896554621,62.12058822498355,False,False,fail,fail,0.35,0.35,2025-12-31,11989480056.48,6630229703.11,2026-06-30,2026-09-28,True,https://eodhd.com/api/fundamentals/605499.SHG#Financials.Balance_Sheet.quarterly.2026-06-30,filed,20928549593.82,6039999387.96,,2020695529.46,2020695529.46,-5359250353.37,-14888550205.86
6505.TW,TWD,28.39940564952516,38.34462881653405,False,False,fail,fail,0.5,0.5,2025-12-31,124228723000,21130412000,2026-06-30,2026-09-28,True,https://eodhd.com/api/fundamentals/6505.TW#Financials.Balance_Sheet.quarterly.2026-06-30,filed,219489673000,22523164000,,12770149800,12770149800,-103098311000,-196966509000
6618.HK,CNY,16.231645705537858,16.000707663719272,False,False,fail,fail,0.5,0.5,2025-12-31,48150502000,636289103,2026-06-30,2026-09-28,True,https://eodhd.com/api/fundamentals/6618.HK#Financials.Balance_Sheet.quarterly.2026-06-30,filed,47413917954,874689796,,409226200,409226200,-47514212897,-46539228158
6669.TW,TWD,610.8905658469951,596.7346299307378,False,False,fail,fail,0.5,0.5,2025-12-31,89944848000,104069333000,2026-06-30,2026-09-28,True,https://eodhd.com/api/fundamentals/6669.TW#Financials.Balance_Sheet.quarterly.2026-06-30,filed,85342177000,165738820000,,13830668171.240303,13830668171.240303,14124485000,80396643000
688008.SHG,CNY,19.32987051279172,26.34970251741372,False,False,fail,fail,0.35,0.35,2025-12-31,9444559000,34138185.97,2026-06-30,2026-09-28,True,https://eodhd.com/api/fundamentals/688008.SHG#Financials.Balance_Sheet.quarterly.2026-06-30,filed,18026571683.510002,121586268.26,,1146343682.1859999,1146343682.1859999,-9410420814.03,-17904985415.250004
688012.SHG,CNY,22.837827164243393,25.036981084692734,False,False,fail,fail,0.5,0.5,2025-12-31,8298317000,730400000,2026-06-30,2026-09-28,True,https://eodhd.com/api/fundamentals/688012.SHG#Financials.Balance_Sheet.quarterly.2026-06-30,filed,10439373475.929998,634552981.25,,1111529387.8591418,1111529387.8591418,-7567917000,-9804820494.679998
688041.SHG,CNY,9.887512476695548,9.222942805114153,False,False,fail,fail,0.5,0.5,2025-12-31,8873660235.75,3950000000,2026-06-30,2026-09-28,True,https://eodhd.com/api/fundamentals/688041.SHG#Financials.Balance_Sheet.quarterly.2026-06-30,filed,7328975633.97,3874543588.43,,1157470718.9116755,1157470718.9116755,-4923660235.75,-3454432045.5400004
688065.SHG,CNY,20.828932441029345,21.224668040422006,False,False,fail,fail,0.35,0.35,2025-12-31,9008244000,490187029.76,2026-06-30,2026-09-28,True,https://eodhd.com/api/fundamentals/688065.SHG#Financials.Balance_Sheet.quarterly.2026-06-30,filed,9298272307.04,671555182.1700001,,488961919,488961919,-8518056970.24,-8626717124.87
688111.SHG,CNY,65.73078000401884,48.20594363191249,False,False,fail,fail,0.35,0.35,2025-12-31,10387891090,36747302,2026-06-30,2026-09-28,True,https://eodhd.com/api/fundamentals/688111.SHG#Financials.Balance_Sheet.quarterly.2026-06-30,filed,2269254384.49,30426909.07,,1041699440.6071997,1041699440.6071997,-10351143788,-2238827475.4199996
688303.SHG,CNY,3.287554060645442,,False,False,fail,,0.5,0.5,2025-12-31,4715566000,0,2026-06-30,2026-09-28,True,https://eodhd.com/api/fundamentals/688303.SHG#Financials.Balance_Sheet.quarterly.2026-06-30,filed,3406861356.4399996,,net cash unavailable,192302782.78999996,,-4715566000,
688363.SHG,CNY,10.188678844089702,10.45946890455352,False,False,fail,fail,0.5,0.5,2025-12-31,1028276380.48,187551021.07,2026-06-30,2026-09-28,True,https://eodhd.com/api/fundamentals/688363.SHG#Financials.Balance_Sheet.quarterly.2026-06-30,filed,1147612567.9,404615165.09000003,,316297773.846,316297773.846,-840725359.4100001,-742997402.8100001
688396.SHG,CNY,13.120840043274283,13.604297488232941,False,False,fail,fail,0.5,0.5,2025-12-31,9626942220.35,67689999.37,2026-06-30,2026-09-28,True,https://eodhd.com/api/fundamentals/688396.SHG#Financials.Balance_Sheet.quarterly.2026-06-30,filed,10286797125.55,89166930.16,,644945422.652,644945422.652,-9559252220.98,-10197630195.39
8TRA.XETRA,EUR,44.27488299591677,44.24932299591677,False,False,,,0.5,0.5,2025-12-31,3380000000,27043000000,2026-06-30,2026-09-28,True,https://eodhd.com/api/fundamentals/8TRA.XETRA#Financials.Balance_Sheet.quarterly.2026-06-30,filed,3369000000,28696000000,,1579000000,1579000000,23663000000,25327000000
9961.HK,CNY,284.0037368082521,285.53207682100174,False,False,,,0.5,0.5,2025-12-31,78491566000,31948663000,2026-06-30,2026-09-28,True,https://eodhd.com/api/fundamentals/9961.HK#Financials.Balance_Sheet.quarterly.2026-06-30,filed,79515000000,26964000000,,8168600000,8168600000,-46542903000,-52551000000
A.US,USD,62.4627629895729,62.3227460152456,False,False,fail,fail,0.25,0.25,2025-10-31,1789000000,3354000000,2026-07-31,2026-09-01,False,https://eodhd.com/api/fundamentals/A.US#Financials.Balance_Sheet.quarterly.2026-07-31,filed,1758000000,3949000000,,1151266111.6129909,1151266111.6129909,1565000000,2191000000
AA.US,USD,9.677512572629091,8.145017212336093,False,False,fail,fail,0.5,0.5,2025-12-31,1741000000,2747000000,2026-06-30,2026-07-30,False,https://eodhd.com/api/fundamentals/AA.US#Financials.Balance_Sheet.quarterly.2026-06-30,filed,1352000000,2225000000,,86000000,86000000,1006000000,873000000
AAK.ST,SEK,117.33129404203831,118.43277071174889,False,False,fail,fail,0.35,0.35,2025-12-31,1566000000,4938000000,2026-06-30,2026-09-28,True,https://eodhd.com/api/fundamentals/AAK.ST#Financials.Balance_Sheet.quarterly.2026-06-30,filed,1843000000,5787000000,,2398800000,2398800000,3372000000,3944000000
AALB.AS,EUR,10.185858813383287,10.64813321170821,False,False,fail,fail,0.5,0.5,2025-12-31,121600000,1100400000,2026-06-30,2026-09-28,True,https://eodhd.com/api/fundamentals/AALB.AS#Financials.Balance_Sheet.quarterly.2026-06-30,filed,170700000,1238500000,,82180000,82180000,978800000,1067800000
AAPL.US,USD,125.3368586775923,125.79517562311442,False,False,fail,fail,0.15,0.15,2025-09-30,54697000000,112377000000,2026-06-30,2026-07-31,False,https://eodhd.com/api/fundamentals/AAPL.US#Financials.Balance_Sheet.quarterly.2026-06-30,filed,62399000000,84307000000,,86973000000,86973000000,57680000000,21908000000
ABBN.SW,USD,28.568458083638117,28.112117863679963,False,False,fail,fail,0.5,0.5,2025-12-31,6621000000,9090000000,2026-06-30,2026-09-28,True,https://eodhd.com/api/fundamentals/ABBN.SW#Financials.Balance_Sheet.quarterly.2026-06-30,filed,5857000000,8982000000,,3677800000,3677800000,2469000000,3125000000
ABBV.US,USD,74.04398890059814,74.74992959315382,False,False,fail,fail,0.5,0.5,2025-12-31,5257000000,69068000000,2026-06-30,2026-08-03,False,https://eodhd.com/api/fundamentals/ABBV.US#Financials.Balance_Sheet.quarterly.2026-06-30,filed,6569000000,70822000000,,10196000000,10196000000,63811000000,64253000000
ABCB.US,USD,71.31644325135741,71.81606396375112,False,False,fail,fail,0.5,0.5,2025-12-31,253807000,743017000,2026-06-30,2026-08-07,False,https://eodhd.com/api/fundamentals/ABCB.US#Financials.Balance_Sheet.quarterly.2026-06-30,filed,237431000,1385348000,,43.745258959803664,44.051724572065226,,
ABDN.LSE,GBP,3.2512115448989123,3.1518225996921956,False,False,,,0.5,0.5,2025-12-31,1795000000,557000000,2026-06-30,2026-09-28,True,https://eodhd.com/api/fundamentals/ABDN.LSE#Financials.Balance_Sheet.quarterly.2026-06-30,filed,1617000000,564000000,,326000000,326000000,-1238000000,-1053000000
ABEV3.SA,BRL,6.537082404207532,6.409035319229585,False,False,fail,fail,0.25,0.25,2025-12-31,20319920000,5349586000,2026-06-30,2026-09-28,True,https://eodhd.com/api/fundamentals/ABEV3.SA#Financials.Balance_Sheet.quarterly.2026-06-30,filed,18346400000,2949000000,,13989464000,13989464000,-14970334000,-15397400000
ABF.LSE,GBP,22.42104312344327,,False,False,,,0.25,0.25,2025-08-31,1057000000,3686000000,2025-09-30,2025-12-29,True,https://eodhd.com/api/fundamentals/ABF.LSE#Financials.Balance_Sheet.quarterly.2025-09-30,filed,,,net cash unavailable,896000000,,2629000000,
ABI.BR,USD,37.18728634802024,35.00639591674417,False,False,fail,fail,0.5,0.5,2025-12-31,11945424000,73035705000,2026-06-30,2026-09-28,True,https://eodhd.com/api/fundamentals/ABI.BR#Financials.Balance_Sheet.quarterly.2026-06-30,filed,8009388000,72303452000,,5022600000,5022600000,61090281000,64294064000
ABN.AS,EUR,29.225609966264205,25.98696026343692,False,False,fail,fail,0.5,0.5,2025-12-31,51530000000,79018000000,2026-06-30,2026-09-28,True,https://eodhd.com/api/fundamentals/ABN.AS#Financials.Balance_Sheet.quarterly.2026-06-30,filed,35253000000,117045000000,,32.74368710848238,29.11518003383906,,
ABNB.US,USD,38.87328575560103,40.63292821584653,False,False,fail,fail,0.5,0.5,2025-12-31,11014000000,2271000000,2026-06-30,2026-08-06,False,https://eodhd.com/api/fundamentals/ABNB.US#Financials.Balance_Sheet.quarterly.2026-06-30,filed,12069000000,2496000000,,977000000,977000000,-8743000000,-9573000000
ABT.US,USD,45.479085181259066,43.52510191765733,False,False,fail,fail,0.35,0.35,2025-12-31,8939000000,15067000000,2026-06-30,2026-07-28,False,https://eodhd.com/api/fundamentals/ABT.US#Financials.Balance_Sheet.quarterly.2026-06-30,filed,5603000000,32608000000,,5680000000,5680000000,6128000000,27005000000
ABX.TO,USD,17.99823787087541,17.481548490878307,False,False,fail,fail,0.5,0.5,2025-12-31,6693796000,4741356000,2026-06-30,2026-09-28,True,https://eodhd.com/api/fundamentals/ABX.TO#Financials.Balance_Sheet.quarterly.2026-06-30,filed,5917365000,4674389000,,1641323797,1641323797,-1952440000,-1242976000
AC.MX,MXN,116.09308209858277,116.08163639674116,False,False,fail,fail,0.25,0.25,2025-12-31,29047206000,63682655000,2026-06-30,2026-09-28,True,https://eodhd.com/api/fundamentals/AC.MX#Financials.Balance_Sheet.quarterly.2026-06-30,filed,29027769000,65094808000,,13858150093.916212,13858150093.916212,34635449000,36067039000
AC.PA,EUR,27.3176357073764,28.08502074119514,False,False,fail,fail,0.5,0.5,2025-12-31,1239000000,4296000000,2026-06-30,2026-09-28,True,https://eodhd.com/api/fundamentals/AC.PA#Financials.Balance_Sheet.quarterly.2026-06-30,filed,1415000000,4764000000,,413200000,413200000,3057000000,3349000000
ACA.PA,EUR,24.705274104329725,24.969243771500768,False,False,,,0.35,0.35,2025-12-31,563868000000,519227000000,2026-06-30,2026-09-28,True,https://eodhd.com/api/fundamentals/ACA.PA#Financials.Balance_Sheet.quarterly.2026-06-30,filed,150272000000,685987000000,,16.383587848789805,16.55864238221652,,
ACA.US,USD,41.02430198558874,45.519608108037716,False,False,fail,fail,0.5,0.5,2025-12-31,214600000,1522800000,2026-06-30,2026-08-05,False,https://eodhd.com/api/fundamentals/ACA.US#Financials.Balance_Sheet.quarterly.2026-06-30,filed,432100000,1444400000,,126072917.7462948,126072917.7462948,1308200000,1012300000
ACGL.US,USD,131.14252215259916,133.83727374806097,False,False,,,0.5,0.5,2025-12-31,11543000000,2729000000,2026-06-30,2026-08-04,False,https://eodhd.com/api/fundamentals/ACGL.US#Financials.Balance_Sheet.quarterly.2026-06-30,filed,10068000000,4286000000,,62.36656891495602,63.648093841642236,,
ACIW.US,USD,24.84353149091211,24.554700042030852,False,False,fail,fail,0.35,0.35,2025-12-31,196462000,871682000,2026-06-30,2026-08-06,False,https://eodhd.com/api/fundamentals/ACIW.US#Financials.Balance_Sheet.quarterly.2026-06-30,filed,167398000,849464000,,196382000,196382000,675220000,682066000
ACKB.BR,EUR,320.3802351311405,321.6433270661892,False,False,,,0.5,0.5,2025-12-31,2195965000,10615412000,2026-06-30,2026-09-28,True,https://eodhd.com/api/fundamentals/ACKB.BR#Financials.Balance_Sheet.quarterly.2026-06-30,filed,2237223000,10242629000,,538735800,538735800,8419447000,8005406000
ACLN.SW,USD,21.012687055419068,19.923470674231975,False,False,fail,fail,0.25,0.25,2025-12-31,355985000,543522000,2026-06-30,2026-09-28,True,https://eodhd.com/api/fundamentals/ACLN.SW#Financials.Balance_Sheet.quarterly.2026-06-30,filed,253548285,578402453,,132299000,132299000,187537000,324854168
ACP.WAR,PLN,218.28125825775734,193.6711382152197,False,False,fail,fail,0.25,0.25,2025-12-31,7313300000,3308600000,2026-06-30,2026-09-28,True,https://eodhd.com/api/fundamentals/ACP.WAR#Financials.Balance_Sheet.quarterly.2026-06-30,filed,5357200000,3638000000,,904580000,904580000,-4004700000,-1719200000
ACS.MC,EUR,91.94551336116658,97.59326400171521,False,False,fail,,0.5,0.5,2025-12-31,14318551000,16081789000,2026-06-30,2026-09-28,True,https://eodhd.com/api/fundamentals/ACS.MC#Financials.Balance_Sheet.quarterly.2026-06-30,filed,15832858000,16290404000,,857163800,857163800,1763238000,457546000
AD.AS,EUR,10.433917223477371,10.076201657967852,False,False,fail,fail,0.5,0.5,2025-12-31,3931000000,18403000000,2026-06-30,2026-09-28,True,https://eodhd.com/api/fundamentals/AD.AS#Financials.Balance_Sheet.quarterly.2026-06-30,filed,3593000000,15636000000,,581600000,581600000,14472000000,12043000000
ADBE.US,USD,245.22708951236172,242.69539330983008,False,False,,,0.15,0.15,2025-11-30,6595000000,6648000000,2026-08-31,2026-09-22,False,https://eodhd.com/api/fundamentals/ADBE.US#Financials.Balance_Sheet.quarterly.2026-08-31,filed,5639000000,6762000000,,4284000000,4284000000,53000000,1123000000
ADDT-B.ST,SEK,48.828970325406196,48.45996721740476,False,False,fail,fail,0.5,0.5,2026-03-31,1490000000,7148000000,2026-06-30,2026-09-28,True,https://eodhd.com/api/fundamentals/ADDT-B.ST#Financials.Balance_Sheet.quarterly.2026-06-30,filed,1397000000,6834000000,,934999562.6450207,934999562.6450207,5658000000,5437000000
ADEA.US,USD,12.102031538335924,12.100242754598883,False,False,fail,fail,0.5,0.5,2025-12-31,136733000,427744000,2026-06-30,2026-08-05,False,https://eodhd.com/api/fundamentals/ADEA.US#Financials.Balance_Sheet.quarterly.2026-06-30,filed,137081000,395262000,,99427000,99427000,291011000,258181000
ADEN.SW,EUR,18.33157862698285,18.82070428699951,False,False,fail,fail,0.5,0.5,2025-12-31,387696916,3175517534,2026-06-30,2026-09-28,True,https://eodhd.com/api/fundamentals/ADEN.SW#Financials.Balance_Sheet.quarterly.2026-06-30,filed,551712696,3623247749,,255462793,255462793,2787820618,3071535053
ADI.US,USD,94.63418346766024,91.7767207716755,False,False,fail,fail,0.25,0.25,2025-10-31,3652321000,8664610000,2026-07-31,2026-08-19,False,https://eodhd.com/api/fundamentals/ADI.US#Financials.Balance_Sheet.quarterly.2026-07-31,filed,2324934000,9121583000,,3411075000,3411075000,5012289000,6796649000
ADM.LSE,GBP,11.11014751543859,10.814394731349207,False,False,fail,fail,0.25,0.25,2025-12-31,301100000,1893500000,2026-06-30,2026-09-28,True,https://eodhd.com/api/fundamentals/ADM.LSE#Financials.Balance_Sheet.quarterly.2026-06-30,filed,314900000,2083500000,,3.732661353922288,3.63329768787273,,
ADM.US,USD,23.846705507337234,40.307490631304184,False,False,fail,fail,0.5,0.5,2025-12-31,1047000000,9758000000,2026-06-30,2026-08-04,False,https://eodhd.com/api/fundamentals/ADM.US#Financials.Balance_Sheet.quarterly.2026-06-30,filed,9609000000,9342000000,,928000000,928000000,8711000000,-267000000
ADP.PA,EUR,60.01475615067643,67.64694227848771,False,False,fail,fail,0.5,0.5,2025-12-31,1892000000,9988000000,2026-06-30,2026-09-28,True,https://eodhd.com/api/fundamentals/ADP.PA#Financials.Balance_Sheet.quarterly.2026-06-30,filed,2647000000,10887000000,,336000000,336000000,8096000000,8240000000
ADS.XETRA,EUR,61.564765665889745,60.978690533422636,False,False,fail,fail,0.5,0.5,2025-12-31,1640000000,5554000000,2026-06-30,2026-09-28,True,https://eodhd.com/api/fundamentals/ADS.XETRA#Financials.Balance_Sheet.quarterly.2026-06-30,filed,1562000000,5978000000,,774600000,774600000,3914000000,4416000000
ADSK.US,USD,30.24343208518824,37.64209237226958,False,False,fail,fail,0.5,0.5,2026-01-31,2597000000,2734000000,2026-07-31,2026-08-28,False,https://eodhd.com/api/fundamentals/ADSK.US#Financials.Balance_Sheet.quarterly.2026-07-31,filed,4155000000,3705000000,,311000000,311000000,137000000,-450000000
ADYEN.AS,EUR,719.7407596723405,769.6561498795517,False,False,fail,fail,0.25,0.25,2025-12-31,10827529000,252366000,2026-06-30,2026-09-28,True,https://eodhd.com/api/fundamentals/ADYEN.AS#Financials.Balance_Sheet.quarterly.2026-06-30,filed,12403192000,409363000,,615100400,615100400,-10575163000,-11993829000
AED.BR,EUR,46.20101055417037,46.57585560720512,False,False,fail,fail,0.5,0.5,2025-12-31,21952000,2570331000,2026-06-30,2026-09-28,True,https://eodhd.com/api/fundamentals/AED.BR#Financials.Balance_Sheet.quarterly.2026-06-30,filed,55611000,5259128000,,229537200,229537200,2548379000,5203517000
AEM.TO,USD,73.85395525678487,74.95185462485794,False,False,fail,fail,0.5,0.5,2025-12-31,2869677096,321470000,2026-06-30,2026-09-28,True,https://eodhd.com/api/fundamentals/AEM.TO#Financials.Balance_Sheet.quarterly.2026-06-30,filed,3472261214,319829230,,1790331800,1790331800,-2548207096,-3152431984
AENA.MC,EUR,17.243670693105265,16.805497599771932,False,False,fail,fail,0.5,0.5,2025-12-31,2452757000,7284002000,2026-06-30,2026-09-28,True,https://eodhd.com/api/fundamentals/AENA.MC#Financials.Balance_Sheet.quarterly.2026-06-30,filed,1801660000,7791811000,,1892559800,1892559800,4831245000,5990151000
AEP.LSE,USD,4.069265672505213,3.7583726701218447,False,False,,,0.5,0.5,2025-12-31,232429642,540195,2026-06-30,2026-09-28,True,https://eodhd.com/api/fundamentals/AEP.LSE#Financials.Balance_Sheet.quarterly.2026-06-30,filed,114100255,14153090,,68271000,68271000,-231889447,-99947165
AFL.US,USD,89.90332819460593,95.10272843877803,False,False,fail,fail,0.5,0.5,2025-12-31,70398000000,8409000000,2026-06-30,2026-08-07,False,https://eodhd.com/api/fundamentals/AFL.US#Financials.Balance_Sheet.quarterly.2026-06-30,filed,93649000000,8729000000,,40.28377377451249,42.61351470185605,,
AFYA.US,BRL,67.96261048894192,66.55814274809144,False,False,,,0.35,0.5,2025-12-31,1124816227,3118447223,2026-06-30,2026-08-13,False,https://eodhd.com/api/fundamentals/AFYA.US#Financials.Balance_Sheet.quarterly.2026-06-30,filed,1004924635,3113337371,,398872000,398872000,1993630996,2108412736
AGI.US,USD,10.177038317973082,10.146763846456835,False,False,fail,fail,0.5,0.5,2025-12-31,680758862,233773789,2026-06-30,2026-07-30,False,https://eodhd.com/api/fundamentals/AGI.US#Financials.Balance_Sheet.quarterly.2026-06-30,filed,675887960,216040440,,188300000,188300000,-446985073,-459847520
AGS.BR,EUR,26.02757478531836,30.165397504108828,False,False,fail,fail,0.5,0.5,2025-12-31,62257000000,7127000000,2026-06-30,2026-09-28,True,https://eodhd.com/api/fundamentals/AGS.BR#Financials.Balance_Sheet.quarterly.2026-06-30,filed,62230000000,5953000000,,24.14116826067361,27.97909305048175,,
AI.PA,EUR,44.07197563032932,41.093430813536735,False,False,fail,fail,0.35,0.5,2025-12-31,3962000000,13595900000,2026-06-30,2026-09-28,True,https://eodhd.com/api/fundamentals/AI.PA#Financials.Balance_Sheet.quarterly.2026-06-30,filed,2061200000,17258900000,,1986120000,1986120000,9633900000,15197700000
AIG.US,USD,2.308777161348436,2.411640259778084,False,False,fail,fail,0.5,0.5,2025-12-31,38408000000,9191000000,2026-06-30,2026-08-07,False,https://eodhd.com/api/fundamentals/AIG.US#Financials.Balance_Sheet.quarterly.2026-06-30,filed,83726000000,9127000000,,68.07891575267452,71.11204009628207,,
AIR.PA,EUR,87.24496701595434,80.92981450181574,False,False,fail,fail,0.5,0.5,2025-12-31,17221000000,16302000000,2026-06-30,2026-09-28,True,https://eodhd.com/api/fundamentals/AIR.PA#Financials.Balance_Sheet.quarterly.2026-06-30,filed,12294000000,14276000000,,4021200000,4021200000,-919000000,1982000000
AIR.US,USD,31.64461246428923,32.08554996428923,False,False,fail,fail,0.5,0.5,2026-05-31,84000000,995000000,2026-08-31,2026-09-29,False,https://eodhd.com/api/fundamentals/AIR.US#Financials.Balance_Sheet.quarterly.2026-08-31,filed,104500000,978400000,,76700000,76700000,911000000,873900000
AIXA.XETRA,EUR,10.685648758891338,15.944006947734481,False,False,fail,fail,0.5,0.5,2025-12-31,224609000,7499000,2026-06-30,2026-09-28,True,https://eodhd.com/api/fundamentals/AIXA.XETRA#Financials.Balance_Sheet.quarterly.2026-06-30,filed,816168000,349195000,,51064400,51064400,-217110000,-466973000
AJB.LSE,GBP,2.5482130673041463,2.4958083080128333,False,False,fail,fail,0.25,0.25,2025-09-30,188192000,12058000,2026-03-31,2026-06-29,True,https://eodhd.com/api/fundamentals/AJB.LSE#Financials.Balance_Sheet.quarterly.2026-03-31,filed,167591000,12143000,,65922800,65922800,-176134000,-155448000
AJG.US,USD,114.70867798322698,114.5282308444548,False,False,fail,fail,0.5,0.35,2025-12-31,1396000000,14000000000,2026-06-30,2026-08-05,False,https://eodhd.com/api/fundamentals/AJG.US#Financials.Balance_Sheet.quarterly.2026-06-30,filed,1386000000,2017000000,,2274400000,2274400000,12604000000,631000000
AKE.PA,EUR,57.38864338608505,47.776009593404254,False,False,,fail,0.5,0.5,2025-12-31,2196000000,5358000000,2026-06-30,2026-09-28,True,https://eodhd.com/api/fundamentals/AKE.PA#Financials.Balance_Sheet.quarterly.2026-06-30,filed,1466900000,4271900000,,186400000,186400000,3162000000,2805000000
AKER.OL,NOK,659.2781227401214,662.2757782886373,False,False,fail,fail,0.5,0.5,2025-12-31,2877000000,39662000000,2026-06-30,2026-09-28,True,https://eodhd.com/api/fundamentals/AKER.OL#Financials.Balance_Sheet.quarterly.2026-06-30,filed,3098000000,45766000000,,3706200000,3706200000,36785000000,42668000000
AKZA.AS,EUR,49.82460617431372,58.869413642225034,False,False,fail,,0.5,0.5,2025-12-31,1920000000,4862000000,2026-06-30,2026-09-28,True,https://eodhd.com/api/fundamentals/AKZA.AS#Financials.Balance_Sheet.quarterly.2026-06-30,filed,3465000000,6592000000,,548600000,548600000,2942000000,3127000000
ALC.US,USD,32.273732147614275,31.95248757288342,False,False,fail,fail,0.5,0.5,2025-12-31,1607000000,5246000000,2026-06-30,2026-08-10,False,https://eodhd.com/api/fundamentals/ALC.US#Financials.Balance_Sheet.quarterly.2026-06-30,filed,1457000000,5299000000,,1164994778,1164994778,3639000000,3842000000
ALE.WAR,PLN,16.589049797422916,15.908003063691742,False,False,fail,fail,0.5,0.5,2025-12-31,3547700000,5640700000,2026-06-30,2026-09-28,True,https://eodhd.com/api/fundamentals/ALE.WAR#Financials.Balance_Sheet.quarterly.2026-06-30,filed,2879600000,5759100000,,1133406600,1133406600,2093000000,2879500000
ALFA.ST,SEK,236.17321378919752,229.23187011985,False,False,fail,fail,0.25,0.25,2025-12-31,7831000000,21011000000,2026-06-30,2026-09-28,True,https://eodhd.com/api/fundamentals/ALFA.ST#Financials.Balance_Sheet.quarterly.2026-06-30,filed,4977000000,20991000000,,5893800000,5893800000,13180000000,16014000000
ALGN.US,USD,62.857053173880786,62.934977836561785,False,False,fail,fail,0.25,0.25,2025-12-31,1094908000,114446000,2026-06-30,2026-08-05,False,https://eodhd.com/api/fundamentals/ALGN.US#Financials.Balance_Sheet.quarterly.2026-06-30,filed,1102591000,120842000,,190773000,190773000,-980462000,-981749000
ALK-B.CO,DKK,36.23589379256727,38.42787023624504,False,False,fail,fail,0.5,0.5,2025-12-31,1240000000,418000000,2026-06-30,2026-09-28,True,https://eodhd.com/api/fundamentals/ALK-B.CO#Financials.Balance_Sheet.quarterly.2026-06-30,filed,1736000000,422000000,,395800000,395800000,-822000000,-1314000000
ALKS.US,USD,16.159955081154113,12.209100467925715,False,False,fail,fail,0.5,0.5,2025-12-31,1319421000,69999000,2026-06-30,2026-07-28,False,https://eodhd.com/api/fundamentals/ALKS.US#Financials.Balance_Sheet.quarterly.2026-06-30,filed,656577000,1572564000,,78491000,78491000,-1249422000,915987000
ALL.AU,AUD,44.76956800191032,43.67523859962259,False,False,fail,fail,0.15,0.15,2025-09-30,1291400000,2030200000,2026-03-31,2026-06-29,True,https://eodhd.com/api/fundamentals/ALL.AU#Financials.Balance_Sheet.quarterly.2026-03-31,filed,641100000,1892100000,,1200937153.9229262,1200937153.9229262,738800000,1251000000
ALL.US,USD,383.0170793761964,434.8653110315619,False,False,,,0.5,0.5,2025-12-31,5565000000,7490000000,2026-06-30,2026-08-05,False,https://eodhd.com/api/fundamentals/ALL.US#Financials.Balance_Sheet.quarterly.2026-06-30,filed,5712000000,7492000000,,106.5183040517413,120.93746706401755,,
ALLE.US,USD,138.09276331600645,137.62209642132865,False,False,fail,fail,0.35,0.35,2025-12-31,356200000,2278800000,2026-06-30,2026-07-23,False,https://eodhd.com/api/fundamentals/ALLE.US#Financials.Balance_Sheet.quarterly.2026-06-30,filed,320600000,2031100000,,541400000,541400000,1922600000,1710500000
ALLN.SW,CHF,138.328586401473,138.50210786209988,False,False,fail,fail,0.5,0.5,2025-12-31,5400000,2675000000,2026-06-30,2026-09-28,True,https://eodhd.com/api/fundamentals/ALLN.SW#Financials.Balance_Sheet.quarterly.2026-06-30,filed,11600000,2817300000,,183700000,183700000,2669600000,2805700000
ALOS3.SA,BRL,17.488821193647095,19.031662548388372,False,False,fail,fail,0.5,0.5,2025-12-31,2430014000,6099678000,2026-06-30,2026-09-28,True,https://eodhd.com/api/fundamentals/ALOS3.SA#Financials.Balance_Sheet.quarterly.2026-06-30,filed,3202392000,7080002000,,1084473400,1084473400,3669664000,3877610000
ALRS.US,USD,39.5335344609814,41.497936992744144,False,False,,,0.5,0.5,2025-12-31,68950000,440546000,2026-06-30,2026-08-03,False,https://eodhd.com/api/fundamentals/ALRS.US#Financials.Balance_Sheet.quarterly.2026-06-30,filed,109012000,446991000,,17.353348639919055,18.215628283457214,,
ALSEA.MX,MXN,20.999125568782613,20.73466835877397,False,False,fail,fail,0.5,0.5,2025-12-31,5696451000,33989450000,2026-06-30,2026-09-28,True,https://eodhd.com/api/fundamentals/ALSEA.MX#Financials.Balance_Sheet.quarterly.2026-06-30,filed,5487261000,50418435000,,1519883200,1519883200,28292999000,44931174000
ALSN.US,USD,151.0182565972158,137.57981670597013,True,False,pass,,0.15,0.5,2025-12-31,1495000000,2921000000,2026-06-30,2026-08-05,False,https://eodhd.com/api/fundamentals/ALSN.US#Financials.Balance_Sheet.quarterly.2026-06-30,filed,399000000,4114000000,,521000000,521000000,1426000000,3715000000
ALSYDB.CO,DKK,522.4127463948689,472.64255357367006,False,False,fail,fail,0.5,0.5,2025-12-31,30560000000,24939000000,2026-06-30,2026-09-28,True,https://eodhd.com/api/fundamentals/ALSYDB.CO#Financials.Balance_Sheet.quarterly.2026-06-30,filed,32053000000,41995000000,,335.5373080854028,303.57071340072054,,
ALV.US,USD,103.38776489485524,100.21615339028374,False,False,fail,fail,0.35,0.35,2025-12-31,604000000,2440000000,2026-06-30,2026-07-17,False,https://eodhd.com/api/fundamentals/ALV.US#Financials.Balance_Sheet.quarterly.2026-06-30,filed,377000000,2189000000,,454000000,454000000,1836000000,1812000000
ALV.XETRA,EUR,248.343661941581,247.98887723665982,False,False,fail,fail,0.35,0.35,2025-12-31,29854000000,28648000000,2026-06-30,2026-09-28,True,https://eodhd.com/api/fundamentals/ALV.XETRA#Financials.Balance_Sheet.quarterly.2026-06-30,filed,617896000000,33706000000,,116.2683795540503,116.10227810250025,,
ALX.AU,AUD,3.324892663576939,3.2833376092968845,False,False,fail,fail,0.5,0.5,2025-12-31,274400000,1748300000,2026-06-30,2026-09-28,True,https://eodhd.com/api/fundamentals/ALX.AU#Financials.Balance_Sheet.quarterly.2026-06-30,filed,214000000,1608300000,,325380000,325380000,1473900000,1394300000
ALX.US,USD,126.10720383521335,170.92603998385542,False,False,fail,fail,0.5,0.5,2025-12-31,128167000,943069000,2026-06-30,2026-08-03,False,https://eodhd.com/api/fundamentals/ALX.US#Financials.Balance_Sheet.quarterly.2026-06-30,filed,358345000,856599000,,42104000,42104000,814902000,498254000
AM.PA,EUR,257.664589963086,266.43355430894826,False,False,fail,fail,0.25,0.25,2025-12-31,9439095000,203051000,2026-06-30,2026-09-28,True,https://eodhd.com/api/fundamentals/AM.PA#Financials.Balance_Sheet.quarterly.2026-06-30,filed,10114721000,200654000,,685215000,685215000,-9236044000,-9914067000
AM.US,USD,14.68327544808262,14.361291944099642,False,False,fail,fail,0.5,0.5,2025-12-31,180435000,3222530000,2026-06-30,2026-07-29,False,https://eodhd.com/api/fundamentals/AM.US#Financials.Balance_Sheet.quarterly.2026-06-30,filed,0,3609545000,,356560000,356560000,3042095000,3609545000
AMAT.US,USD,116.40083470765617,117.17026763033762,False,False,fail,fail,0.25,0.25,2025-10-31,8573000000,7050000000,2026-07-31,2026-08-20,False,https://eodhd.com/api/fundamentals/AMAT.US#Financials.Balance_Sheet.quarterly.2026-07-31,filed,9233000000,7346000000,,4344296496.46765,4344296496.46765,-1523000000,-1887000000
AMBU-B.CO,DKK,5.399328007638479,4.77238367515426,False,False,fail,fail,0.5,0.5,2025-09-30,866000000,547000000,2026-06-30,2026-09-28,True,https://eodhd.com/api/fundamentals/AMBU-B.CO#Financials.Balance_Sheet.quarterly.2026-06-30,filed,705000000,579000000,,38200000,38200000,-319000000,-126000000
AMD.US,USD,34.5019147280031,35.98780574476757,False,False,fail,fail,0.5,0.5,2025-12-31,10552000000,4472000000,2026-06-30,2026-08-05,False,https://eodhd.com/api/fundamentals/AMD.US#Financials.Balance_Sheet.quarterly.2026-06-30,filed,13111000000,4276000000,,2775000000,2775000000,-6080000000,-8835000000
AME.US,USD,80.82248997111975,80.94566325373528,False,False,fail,fail,0.25,0.25,2025-12-31,457951000,2344442000,2026-06-30,2026-08-04,False,https://eodhd.com/api/fundamentals/AME.US#Financials.Balance_Sheet.quarterly.2026-06-30,filed,495446000,2310944000,,1464912000,1464912000,1886491000,1815498000
AMGN.US,USD,214.10658160021836,223.04486116063765,False,False,fail,fail,0.5,0.5,2025-12-31,9129000000,54604000000,2026-06-30,2026-08-05,False,https://eodhd.com/api/fundamentals/AMGN.US#Financials.Balance_Sheet.quarterly.2026-06-30,filed,13989000000,57304000000,,8632000000,8632000000,45475000000,43315000000
AMP.AU,AUD,3.2392215715889243,0.9164280318371862,False,False,,fail,0.5,0.5,2025-12-31,7356000000,29637000000,2026-06-30,2026-09-28,True,https://eodhd.com/api/fundamentals/AMP.AU#Financials.Balance_Sheet.quarterly.2026-06-30,filed,1754000000,29186000000,,41200000,41200000,22281000000,27432000000
AMP.US,USD,1336.3010896202995,731.5026733307069,False,False,pass,,0.35,0.35,2025-12-31,63694000000,5862000000,2026-06-30,2026-08-04,False,https://eodhd.com/api/fundamentals/AMP.US#Financials.Balance_Sheet.quarterly.2026-06-30,filed,10248000000,6532000000,,2985330785.206809,2985330785.206809,-57832000000,-3716000000
AMS.MC,EUR,34.25285917178608,34.22358205252813,False,False,fail,fail,0.5,0.5,2025-12-31,986800000,3187300000,2026-06-30,2026-09-28,True,https://eodhd.com/api/fundamentals/AMS.MC#Financials.Balance_Sheet.quarterly.2026-06-30,filed,976000000,3597500000,,1087800000,1087800000,2200500000,2621500000
AMT.US,USD,75.73413403404727,76.33882536157498,False,False,fail,fail,0.5,0.5,2025-12-31,1474800000,44963900000,2026-06-30,2026-07-28,False,https://eodhd.com/api/fundamentals/AMT.US#Financials.Balance_Sheet.quarterly.2026-06-30,filed,1762500000,44980000000,,2735900000,2735900000,43489100000,43217500000
AMUN.PA,EUR,96.55402040897538,90.49691038811,False,False,,,0.25,0.5,2025-12-31,4144494000,2019613000,2026-06-30,2026-09-28,True,https://eodhd.com/api/fundamentals/AMUN.PA#Financials.Balance_Sheet.quarterly.2026-06-30,filed,2925788000,19559678000,,1240086000,1240086000,-2124881000,16633890000
AMXB.MX,MXN,8.36773084553695,,False,False,fail,,0.5,0.35,2025-12-31,77384369000,524907000000,2026-06-30,2026-09-28,True,https://eodhd.com/api/fundamentals/AMXB.MX#Financials.Balance_Sheet.quarterly.2026-06-30,filed,,691327000000,net cash unavailable,53190660800,,447522631000,
AMZN.US,USD,42.73606758122809,42.62332099808064,False,False,fail,fail,0.5,0.5,2025-12-31,123029000000,170389000000,2026-06-30,2026-07-31,False,https://eodhd.com/api/fundamentals/AMZN.US#Financials.Balance_Sheet.quarterly.2026-06-30,filed,122988000000,223232000000,,18139000000,18139000000,47360000000,100244000000
ANET.US,USD,39.05563636256649,,False,False,fail,,0.15,0.35,2025-12-31,10743000000,0,2026-06-30,2026-08-05,False,https://eodhd.com/api/fundamentals/ANET.US#Financials.Balance_Sheet.quarterly.2026-06-30,filed,13343300000,,net cash unavailable,1826761000,,-10743000000,
ANTO.LSE,USD,19.68644367518139,18.923362257957766,False,False,fail,fail,0.5,0.5,2025-12-31,4912388924,7734716717,2026-06-30,2026-09-28,True,https://eodhd.com/api/fundamentals/ANTO.LSE#Financials.Balance_Sheet.quarterly.2026-06-30,filed,4160100000,8126200000,,755460000,755460000,2822327793,3966100000
ANZ.AU,AUD,24.40374042636848,24.443316279453484,False,False,fail,fail,0.25,0.25,2025-09-30,122718000000,219824000000,2026-03-31,2026-06-29,True,https://eodhd.com/api/fundamentals/ANZ.AU#Financials.Balance_Sheet.quarterly.2026-03-31,filed,174282000000,259268000000,,21.707851729472385,21.743055625917226,,
AON.US,USD,237.2484693668183,229.9937051879976,False,False,fail,fail,0.5,0.5,2025-12-31,2798000000,16531000000,2026-06-30,2026-07-29,False,https://eodhd.com/api/fundamentals/AON.US#Financials.Balance_Sheet.quarterly.2026-06-30,filed,1267000000,15874000000,,2260000000,2260000000,13733000000,14607000000
AOS.US,USD,56.30622288032612,56.222387109347935,False,False,fail,fail,0.25,0.25,2025-12-31,193200000,192100000,2026-06-30,2026-07-30,False,https://eodhd.com/api/fundamentals/AOS.US#Financials.Balance_Sheet.quarterly.2026-06-30,filed,181300000,676700000,,489500000,489500000,-1100000,495400000
APA.US,USD,43.52745948336605,43.32697511839214,False,False,fail,fail,0.5,0.5,2025-12-31,516000000,4810000000,2026-06-30,2026-08-06,False,https://eodhd.com/api/fundamentals/APA.US#Financials.Balance_Sheet.quarterly.2026-06-30,filed,444000000,3881000000,,1199000000,1199000000,4294000000,3437000000
APAM.AS,EUR,21.13749170076008,21.274939672528266,False,False,fail,fail,0.5,0.5,2025-12-31,325000000,1303000000,2026-06-30,2026-09-28,True,https://eodhd.com/api/fundamentals/APAM.AS#Financials.Balance_Sheet.quarterly.2026-06-30,filed,334000000,1327000000,,106800000,106800000,978000000,993000000
APE.AU,AUD,7.443926017575951,9.955138733064771,False,False,fail,fail,0.5,0.5,2025-12-31,456702000,3753172000,2026-06-30,2026-09-28,True,https://eodhd.com/api/fundamentals/APE.AU#Financials.Balance_Sheet.quarterly.2026-06-30,filed,1165174000,5320115000,,139477400,139477400,3296470000,4154941000
APH.US,USD,16.759734466029503,14.272499959686895,False,False,fail,fail,0.25,0.5,2025-12-31,11434200000,15502000000,2026-06-30,2026-07-31,False,https://eodhd.com/api/fundamentals/APH.US#Financials.Balance_Sheet.quarterly.2026-06-30,filed,5419100000,18811300000,,1862600000,1862600000,4067800000,13392200000
APO.US,USD,479.6700343620698,104.89119453133033,False,False,pass,fail,0.5,0.5,2025-12-31,248060000000,13364000000,2026-06-30,2026-08-10,False,https://eodhd.com/api/fundamentals/APO.US#Financials.Balance_Sheet.quarterly.2026-06-30,filed,26815000000,13727000000,,1845795000,1845795000,-234696000000,-13088000000
APP.US,USD,24.805885079091762,26.411060493984372,False,False,fail,fail,0.5,0.5,2025-12-31,2487096000,3544741000,2026-06-30,2026-08-05,False,https://eodhd.com/api/fundamentals/APP.US#Financials.Balance_Sheet.quarterly.2026-06-30,filed,3053306000,3515072000,,478866000,478866000,1057645000,461766000
APTV.US,USD,28.5739375072801,23.485448125967803,False,False,fail,fail,0.5,0.5,2025-12-31,1851000000,8094000000,2026-06-30,2026-08-04,False,https://eodhd.com/api/fundamentals/APTV.US#Financials.Balance_Sheet.quarterly.2026-06-30,filed,761000000,5684000000,,361000000,361000000,6243000000,4923000000
AR.US,USD,29.077726570647766,,False,False,fail,,0.5,0.5,2025-12-31,210000000,5136861000,2026-06-30,2026-07-29,False,https://eodhd.com/api/fundamentals/AR.US#Financials.Balance_Sheet.quarterly.2026-06-30,filed,,4615305000,net cash unavailable,721461000,,4926861000,
ARCAD.AS,EUR,24.71803861923295,24.125354577253127,False,False,fail,fail,0.5,0.5,2025-12-31,323500000,1131000000,2026-06-30,2026-09-28,True,https://eodhd.com/api/fundamentals/ARCAD.AS#Financials.Balance_Sheet.quarterly.2026-06-30,filed,273000000,1324000000,,151167600,151167600,807500000,1051000000
ARCO.US,USD,11.73368440949723,10.98171987465463,False,False,,,0.5,0.5,2025-12-31,422347000,2245424000,2026-06-30,2026-08-13,False,https://eodhd.com/api/fundamentals/ARCO.US#Financials.Balance_Sheet.quarterly.2026-06-30,filed,269990000,2199575000,,134254000,134254000,1823077000,1929585000
ARG.PA,EUR,149.00554750618025,160.3768606669848,False,False,pass,pass,0.5,0.5,2025-12-31,27584000,1791685000,2026-06-30,2026-09-28,True,https://eodhd.com/api/fundamentals/ARG.PA#Financials.Balance_Sheet.quarterly.2026-06-30,filed,320469000,2214118000,,217269523.92142922,217269523.92142922,1764101000,1893649000
ARLP.US,USD,34.54456050616598,34.85914682508027,False,False,,,0.5,0.5,2025-12-31,71212000,479965000,2026-06-30,2026-08-06,False,https://eodhd.com/api/fundamentals/ARLP.US#Financials.Balance_Sheet.quarterly.2026-06-30,filed,111194000,590868000,,354401000,354401000,408753000,479674000
ARMK.US,USD,10.686666672272548,10.064074854087329,False,False,fail,fail,0.5,0.5,2025-09-30,639095000,5721986000,2026-06-30,2026-08-11,False,https://eodhd.com/api/fundamentals/ARMK.US#Financials.Balance_Sheet.quarterly.2026-06-30,filed,499425000,6467897000,,208092000,208092000,5082891000,5968472000
ASM.AS,EUR,228.04050246186043,231.10062282886184,False,False,fail,fail,0.35,0.35,2025-12-31,1026900000,64000000,2026-06-30,2026-09-28,True,https://eodhd.com/api/fundamentals/ASM.AS#Financials.Balance_Sheet.quarterly.2026-06-30,filed,1180100000,70500000,,523604525.476107,523604525.476107,-962900000,-1109600000
ASML.AS,EUR,388.5836096717659,373.5000272713494,False,False,fail,fail,0.15,0.15,2025-12-31,13321900000,2709000000,2026-06-30,2026-09-28,True,https://eodhd.com/api/fundamentals/ASML.AS#Financials.Balance_Sheet.quarterly.2026-06-30,filed,7581500000,1984400000,,6448131184.303637,6448131184.303637,-10612900000,-5597100000
ASSA-B.ST,SEK,171.0578662814438,171.81386028923654,False,False,fail,fail,0.35,0.35,2025-12-31,1404000000,65353000000,2026-06-30,2026-09-28,True,https://eodhd.com/api/fundamentals/ASSA-B.ST#Financials.Balance_Sheet.quarterly.2026-06-30,filed,3869000000,71388000000,,15277200000,15277200000,63949000000,67519000000
ASURB.MX,MXN,187.5606615223593,192.9207601541002,False,False,fail,fail,0.35,0.5,2025-12-31,11116335000,27486563000,2026-06-30,2026-09-28,True,https://eodhd.com/api/fundamentals/ASURB.MX#Financials.Balance_Sheet.quarterly.2026-06-30,filed,11641384000,34453815000,,3674286200,3762480600,16370228000,22812431000
AT1.XETRA,EUR,7.411653073867272,7.238752157837128,False,False,pass,pass,0.5,0.5,2025-12-31,3678100000,19124100000,2026-06-30,2026-09-28,True,https://eodhd.com/api/fundamentals/AT1.XETRA#Financials.Balance_Sheet.quarterly.2026-06-30,filed,3482800000,19089500000,,380100000,380100000,15446000000,15606700000
ATCO-A.ST,SEK,121.98296473104395,121.86076777531494,False,False,fail,fail,0.15,0.15,2025-12-31,15923000000,34899000000,2026-06-30,2026-09-28,True,https://eodhd.com/api/fundamentals/ATCO-A.ST#Financials.Balance_Sheet.quarterly.2026-06-30,filed,15358000000,35858000000,,27817600000,27817600000,18976000000,20500000000
ATE.PA,EUR,61.1198090952981,58.7301641666804,False,False,fail,fail,0.35,0.35,2025-12-31,348293000,289206000,2026-06-30,2026-09-28,True,https://eodhd.com/api/fundamentals/ATE.PA#Financials.Balance_Sheet.quarterly.2026-06-30,filed,266728000,273499000,,133423400,133423400,-59087000,6771000
ATMU.US,USD,28.273587383791654,28.51737525711466,False,False,fail,fail,0.25,0.35,2025-12-31,236400000,570000000,2026-06-30,2026-08-07,False,https://eodhd.com/api/fundamentals/ATMU.US#Financials.Balance_Sheet.quarterly.2026-06-30,filed,259000000,998300000,,169320181.46338636,169320181.46338636,333600000,739300000
ATS.TO,CAD,17.854880008016906,16.986983180466247,False,False,fail,fail,0.5,0.5,2026-03-31,284957000,1436157000,2026-06-30,2026-09-28,True,https://eodhd.com/api/fundamentals/ATS.TO#Financials.Balance_Sheet.quarterly.2026-06-30,filed,198933000,1390772000,,122739400,122739400,1151200000,1191839000
ATYM.LSE,EUR,3.6382120406277094,4.844887927781872,False,False,fail,fail,0.5,0.5,2025-12-31,166368000,44346000,2026-06-30,2026-09-28,True,https://eodhd.com/api/fundamentals/ATYM.LSE#Financials.Balance_Sheet.quarterly.2026-06-30,filed,352247109,36285276,,20735400,20735400,-122022000,-315961833
AU.US,USD,13.181730664131198,12.816663001774117,False,False,fail,fail,0.5,0.5,2025-12-31,2928000000,2436000000,2026-06-30,2026-07-31,False,https://eodhd.com/api/fundamentals/AU.US#Financials.Balance_Sheet.quarterly.2026-06-30,filed,2782000000,1791000000,,215000000,215000000,-492000000,-991000000
AV.LSE,GBP,2.060821708782876,0.9862171608622343,False,False,fail,fail,0.5,0.5,2025-12-31,18289000000,8304000000,2026-06-30,2026-09-28,True,https://eodhd.com/api/fundamentals/AV.LSE#Financials.Balance_Sheet.quarterly.2026-06-30,filed,21199000000,6057000000,,1.184868059374982,0.5670248952313685,,
AVBH.US,USD,27.128668003283945,,False,False,fail,,0.35,0.35,2025-12-31,10865000,22000000,2026-06-30,2026-08-12,False,https://eodhd.com/api/fundamentals/AVBH.US#Financials.Balance_Sheet.quarterly.2026-06-30,filed,246093000,22000000,book value not positive,25.581964914580805,,,
AVGO.US,USD,40.957216272868656,42.48491326786808,False,False,fail,fail,0.5,0.5,2025-10-31,16178000000,65136000000,2026-07-31,2026-09-10,False,https://eodhd.com/api/fundamentals/AVGO.US#Financials.Balance_Sheet.quarterly.2026-07-31,filed,23975000000,59419000000,,14522000000,14522000000,48958000000,35444000000
AVOL.SW,CHF,3.699110283409756,5.57885361873206,False,False,fail,fail,0.5,0.5,2025-12-31,727000000,11451000000,2026-06-30,2026-09-28,True,https://eodhd.com/api/fundamentals/AVOL.SW#Financials.Balance_Sheet.quarterly.2026-06-30,filed,993000000,12461000000,,6120000,6120000,10724000000,11468000000
AVY.US,USD,134.49893420801988,134.71859917882756,False,False,fail,fail,0.35,0.35,2025-12-31,202800000,3732900000,2026-06-30,2026-08-04,False,https://eodhd.com/api/fundamentals/AVY.US#Financials.Balance_Sheet.quarterly.2026-06-30,filed,227300000,3678200000,,709700000,709700000,3530100000,3450900000
AWI.US,USD,63.787645561315905,62.945487017540344,False,False,fail,fail,0.35,0.35,2025-12-31,112700000,531800000,2026-06-30,2026-07-28,False,https://eodhd.com/api/fundamentals/AWI.US#Financials.Balance_Sheet.quarterly.2026-06-30,filed,78600000,579400000,,210300000,210300000,419100000,500800000
AXFO.ST,SEK,87.60113249677362,87.60113249677362,False,False,fail,fail,0.5,0.5,2025-12-31,1077000000,15402000000,2026-06-30,2026-09-28,True,https://eodhd.com/api/fundamentals/AXFO.ST#Financials.Balance_Sheet.quarterly.2026-06-30,filed,337000000,15873000000,,1527319000,1527319000,14325000000,15536000000
AXIA3.SA,BRL,25.649990082056465,25.45130529207829,False,False,fail,fail,0.5,0.5,2025-12-31,27551702000,77264282000,2026-06-30,2026-09-28,True,https://eodhd.com/api/fundamentals/AXIA3.SA#Financials.Balance_Sheet.quarterly.2026-06-30,filed,27161589000,73891484000,,5465444200,5465444200,49712580000,46729895000
AZA.ST,SEK,198.7719741729996,167.24419961336534,False,False,fail,fail,0.35,0.35,2025-12-31,13061000000,712000000,2026-06-30,2026-09-28,True,https://eodhd.com/api/fundamentals/AZA.ST#Financials.Balance_Sheet.quarterly.2026-06-30,filed,3136000000,1647000000,,49.6929935432499,41.811049903341335,,
AZE.BR,EUR,9.898367377097184,9.825612686507943,False,False,fail,fail,0.5,0.5,2025-12-31,263014000,1873814000,2026-06-30,2026-09-28,True,https://eodhd.com/api/fundamentals/AZE.BR#Financials.Balance_Sheet.quarterly.2026-06-30,filed,245307000,1843677000,,179194600,179194600,1610800000,1598370000
AZN.LSE,USD,54.98927979611098,54.47481187043868,False,False,fail,fail,0.5,0.5,2025-12-31,5741000000,29622000000,2026-06-30,2026-09-28,True,https://eodhd.com/api/fundamentals/AZN.LSE#Financials.Balance_Sheet.quarterly.2026-06-30,filed,4993790000,32406359000,,6489916000,6489916000,23881000000,27412569000
AZZA3.SA,BRL,16.42514867657858,16.74109682814209,False,False,fail,fail,0.5,0.5,2025-12-31,1081337000,3996575000,2026-06-30,2026-09-28,True,https://eodhd.com/api/fundamentals/AZZA3.SA#Financials.Balance_Sheet.quarterly.2026-06-30,filed,1136127000,3973319000,,291269800,291269800,2915238000,2837192000
B3SA3.SA,BRL,8.660287207867965,8.85056733018415,False,False,fail,fail,0.25,0.25,2025-12-31,15540777000,14944304000,2026-06-30,2026-09-28,True,https://eodhd.com/api/fundamentals/B3SA3.SA#Financials.Balance_Sheet.quarterly.2026-06-30,filed,16502651999,14933316000,,4728916000,4728916000,-596473000,-1569335999
BA.LSE,GBP,7.259749788934398,7.510509664895431,False,False,fail,fail,0.35,0.35,2025-12-31,3621000000,9051000000,2026-06-30,2026-09-28,True,https://eodhd.com/api/fundamentals/BA.LSE#Financials.Balance_Sheet.quarterly.2026-06-30,filed,4355000000,9153000000,,1463000000,1463000000,5430000000,4798000000
BAC.US,USD,55.24307580238875,55.16012395852271,False,False,,,0.35,0.35,2025-12-31,232819000000,365904000000,2026-06-30,2026-07-31,False,https://eodhd.com/api/fundamentals/BAC.US#Financials.Balance_Sheet.quarterly.2026-06-30,filed,28620000000,732060000000,,33.23757525200179,33.18766640618277,,
BAER.SW,CHF,177.98386665997583,91.91294231905593,False,False,pass,,0.25,0.5,2025-12-31,25189400000,8206500000,2026-06-30,2026-09-28,True,https://eodhd.com/api/fundamentals/BAER.SW#Financials.Balance_Sheet.quarterly.2026-06-30,filed,7479100000,11158000000,,674900000,674900000,-16982900000,3678900000
BAH.US,USD,94.63830055226026,93.09596325631225,False,False,,,0.5,0.5,2026-03-31,728000000,4122000000,2026-06-30,2026-07-24,False,https://eodhd.com/api/fundamentals/BAH.US#Financials.Balance_Sheet.quarterly.2026-06-30,filed,540000000,4160000000,,608210000,608210000,3394000000,3620000000
BALL.US,USD,39.12992592239966,36.35638447469287,False,False,fail,fail,0.5,0.5,2025-12-31,1212000000,7012000000,2026-06-30,2026-08-04,False,https://eodhd.com/api/fundamentals/BALL.US#Financials.Balance_Sheet.quarterly.2026-06-30,filed,491000000,7220000000,,767878425.1243308,767878425.1243308,5800000000,6729000000
BAM.TO,USD,5.229892651272073,5.168661944282123,False,False,fail,fail,0.5,0.5,2025-12-31,1580119000,2934650000,2026-06-30,2026-09-28,True,https://eodhd.com/api/fundamentals/BAM.TO#Financials.Balance_Sheet.quarterly.2026-06-30,filed,1500557000,4089000000,,552000000,552000000,1354531000,2588443000
BAMNB.AS,EUR,10.637112627141164,9.982374944100282,False,False,fail,fail,0.5,0.5,2025-12-31,883400000,381748000,2026-06-30,2026-09-28,True,https://eodhd.com/api/fundamentals/BAMNB.AS#Financials.Balance_Sheet.quarterly.2026-06-30,filed,715000000,415000000,,160267000,160267000,-501652000,-300000000
BARC.LSE,GBP,3.671655638180103,3.7216324185213745,False,False,fail,fail,0.5,0.5,2025-12-31,407564000000,219941000000,2026-06-30,2026-09-28,True,https://eodhd.com/api/fundamentals/BARC.LSE#Financials.Balance_Sheet.quarterly.2026-06-30,filed,455961000000,137935000000,,5.20511059753241,5.275960016600981,,
BARN.SW,CHF,566.3670135749453,509.03066963773097,False,False,fail,fail,0.5,0.5,2025-08-31,1939795000,6206792000,2026-02-28,2026-05-29,True,https://eodhd.com/api/fundamentals/BARN.SW#Financials.Balance_Sheet.quarterly.2026-02-28,filed,1624921000,5229185999,,117895000,117895000,4266997000,3604264999
BATS.LSE,GBP,41.92651031403828,41.31770254707514,False,False,,,0.5,0.5,2025-12-31,3843000000,35752000000,2026-06-30,2026-09-28,True,https://eodhd.com/api/fundamentals/BATS.LSE#Financials.Balance_Sheet.quarterly.2026-06-30,filed,2533000000,35063000000,,6985800000,6985800000,31909000000,32530000000
BB.PA,EUR,39.95348535865381,39.18643116734384,False,False,fail,fail,0.35,0.35,2025-12-31,469008000,318000000,2026-06-30,2026-09-28,True,https://eodhd.com/api/fundamentals/BB.PA#Financials.Balance_Sheet.quarterly.2026-06-30,filed,438000000,333000000,,95511400,95511400,-151008000,-105000000
BBAJIOO.MX,MXN,61.56767629551786,61.13669472542067,False,False,,,0.35,0.35,2025-12-31,23030000000,55666000000,2026-06-30,2026-09-28,True,https://eodhd.com/api/fundamentals/BBAJIOO.MX#Financials.Balance_Sheet.quarterly.2026-06-30,filed,20162000000,,,39.6174003222422,39.340073477680235,,
BBAS3.SA,BRL,20.60130174278071,20.219339570124074,False,False,fail,fail,0.35,0.35,2025-12-31,200866128000,163432462000,2026-06-30,2026-09-28,True,https://eodhd.com/api/fundamentals/BBAS3.SA#Financials.Balance_Sheet.quarterly.2026-06-30,filed,27063120000,1141482935000,,31.021328424475435,30.44617185662118,,
BBDC.US,USD,10.780555723432728,10.638665983216677,False,False,,,0.5,0.5,2025-12-31,66780000,1430107000,2026-06-30,2026-08-05,False,https://eodhd.com/api/fundamentals/BBDC.US#Financials.Balance_Sheet.quarterly.2026-06-30,filed,51402000,1394715000,,86267000,86267000,1363327000,1343313000
BBDC3.SA,BRL,11.071754925413716,11.196091037975226,False,False,fail,fail,0.25,0.25,2025-12-31,254976039000,793838543000,2026-06-30,2026-09-28,True,https://eodhd.com/api/fundamentals/BBDC3.SA#Financials.Balance_Sheet.quarterly.2026-06-30,filed,271847591000,805189682000,,14.418070255708557,14.579985581536324,,
BBOX.LSE,GBP,2.0905391869194307,2.0867079069141377,False,False,,,0.5,0.5,2025-12-31,130600000,2668300000,2026-06-30,2026-09-28,True,https://eodhd.com/api/fundamentals/BBOX.LSE#Financials.Balance_Sheet.quarterly.2026-06-30,filed,120200000,2626500000,,363300000,363300000,2537700000,2506300000
BBSE3.SA,BRL,7.810815981921759,8.191774458879578,False,False,fail,fail,0.35,0.35,2025-12-31,9121950000,0,2026-06-30,2026-09-28,True,https://eodhd.com/api/fundamentals/BBSE3.SA#Financials.Balance_Sheet.quarterly.2026-06-30,filed,6428737000,,,5.348354301199671,5.60921064623861,,
BBVA.MC,EUR,16.188464629906086,16.583522574085446,False,False,fail,fail,0.5,0.5,2025-12-31,168995000000,168381000000,2026-06-30,2026-09-28,True,https://eodhd.com/api/fundamentals/BBVA.MC#Financials.Balance_Sheet.quarterly.2026-06-30,filed,325415000000,106155000000,,9.904506671206821,10.14621298079774,,
BBY.LSE,GBP,9.4177804872567,9.891455418336143,False,False,,,0.5,0.5,2025-12-31,1860000000,1023000000,2026-06-30,2026-09-28,True,https://eodhd.com/api/fundamentals/BBY.LSE#Financials.Balance_Sheet.quarterly.2026-06-30,filed,2082000000,1070000000,,220600000,220600000,-837000000,-1012000000
BBY.US,USD,69.8119611277725,72.22842783595142,False,False,fail,fail,0.15,0.15,2026-01-31,1738000000,4133000000,2026-07-31,2026-09-04,False,https://eodhd.com/api/fundamentals/BBY.US#Financials.Balance_Sheet.quarterly.2026-07-31,filed,2255000000,4133000000,,1057000000,1057000000,2395000000,1878000000
BC8.XETRA,EUR,32.22519663152812,32.846914885496375,False,False,fail,fail,0.25,0.25,2025-12-31,452031000,722897000,2026-06-30,2026-09-28,True,https://eodhd.com/api/fundamentals/BC8.XETRA#Financials.Balance_Sheet.quarterly.2026-06-30,filed,537481000,1110043000,,217409400,217409400,270866000,572562000
BCE.TO,CAD,28.574525170661,28.574525170661,False,False,,,0.5,0.5,2025-12-31,320000000,41059000000,2026-06-30,2026-09-28,True,https://eodhd.com/api/fundamentals/BCE.TO#Financials.Balance_Sheet.quarterly.2026-06-30,filed,479000000,41776000000,,2107200000,2107200000,40739000000,41297000000
BCO.US,USD,108.42522379386206,93.53720302857178,False,False,,fail,0.5,0.5,2025-12-31,2266900000,4926900000,2026-06-30,2026-08-05,False,https://eodhd.com/api/fundamentals/BCO.US#Financials.Balance_Sheet.quarterly.2026-06-30,filed,1658200000,4242300000,,185200000,185200000,2660000000,2584100000
BCP.LS,EUR,0.059972800734276625,0.06065306910609301,False,False,fail,fail,0.5,0.5,2025-12-31,4712368000,6847068000,2026-06-30,2026-09-28,True,https://eodhd.com/api/fundamentals/BCP.LS#Financials.Balance_Sheet.quarterly.2026-06-30,filed,4602280000,,,0.5141885893794065,0.5200210039110122,,
BCVN.SW,CHF,48.66165238780168,,False,False,fail,,0.25,0.25,2025-12-31,9889000000,11147000000,2026-06-30,2026-09-28,True,https://eodhd.com/api/fundamentals/BCVN.SW#Financials.Balance_Sheet.quarterly.2026-06-30,filed,8504000000,16846000000,book value not positive,46.29357360784739,,,
BDC.US,USD,66.77651368429964,65.64479343655329,False,False,fail,fail,0.5,0.5,2025-12-31,389887000,1402184000,2026-06-30,2026-07-30,False,https://eodhd.com/api/fundamentals/BDC.US#Financials.Balance_Sheet.quarterly.2026-06-30,filed,348655000,1319228000,,182831000,182831000,1012297000,970573000
BDX.US,USD,98.85238852801157,98.37512604686344,False,False,fail,fail,0.5,0.5,2025-09-30,859000000,19181000000,2026-06-30,2026-08-06,False,https://eodhd.com/api/fundamentals/BDX.US#Financials.Balance_Sheet.quarterly.2026-06-30,filed,709000000,16808000000,,2131000000,2131000000,18322000000,16099000000
BEAN.SW,CHF,204.75072974953227,204.9588603553899,False,False,fail,fail,0.25,0.25,2025-12-31,100640000,46638000,2026-06-30,2026-09-28,True,https://eodhd.com/api/fundamentals/BEAN.SW#Financials.Balance_Sheet.quarterly.2026-06-30,filed,103200000,131300000,,125648912.62728709,125648912.62728709,-54002000,28100000
BEEF3.SA,BRL,15.920298086164872,15.717596469408866,False,False,pass,pass,0.5,0.5,2025-12-31,15031399000,27825614000,2026-06-30,2026-09-28,True,https://eodhd.com/api/fundamentals/BEEF3.SA#Financials.Balance_Sheet.quarterly.2026-06-30,filed,14934948000,29384438000,,315375999,305742599,12794215000,14449490000
BEI.XETRA,EUR,65.97963566043096,67.15570915091124,False,False,fail,fail,0.25,0.25,2025-12-31,2460000000,217000000,2026-06-30,2026-09-28,True,https://eodhd.com/api/fundamentals/BEI.XETRA#Financials.Balance_Sheet.quarterly.2026-06-30,filed,2717000000,308000000,,802066386.83529,802066386.83529,-2243000000,-2409000000
BELFB.US,USD,60.162457683168654,79.67313350163174,False,False,fail,fail,0.5,0.5,2025-12-31,57800000,221396000,2026-06-30,2026-08-04,False,https://eodhd.com/api/fundamentals/BELFB.US#Financials.Balance_Sheet.quarterly.2026-06-30,filed,306106000,34262000,,56338000,56338000,163596000,-271844000
BEN.US,USD,23.515887391853944,23.86215780197748,False,False,fail,fail,0.5,0.5,2025-09-30,3573900000,13299900000,2026-06-30,2026-07-31,False,https://eodhd.com/api/fundamentals/BEN.US#Financials.Balance_Sheet.quarterly.2026-06-30,filed,3760900000,16710000000,,687400000,687400000,9726000000,12949100000
BESI.AS,EUR,32.762505555005674,32.29817453622214,False,False,fail,fail,0.25,0.25,2025-12-31,542986000,529633000,2026-06-30,2026-09-28,True,https://eodhd.com/api/fundamentals/BESI.AS#Financials.Balance_Sheet.quarterly.2026-06-30,filed,509094000,358013000,,130930799,130930799,-13353000,-151081000
BEZ.LSE,USD,15.775383221747674,15.712342501879494,False,False,fail,fail,0.5,0.5,2025-12-31,1368998542,626928305,2026-06-30,2026-09-28,True,https://eodhd.com/api/fundamentals/BEZ.LSE#Financials.Balance_Sheet.quarterly.2026-06-30,filed,1121592323,624223725,,7.790852598414582,7.759719221222587,,
BF-A.US,USD,18.587772895729035,18.573098710538204,False,False,fail,fail,0.25,0.35,2026-04-30,308000000,2151000000,2026-07-31,2026-09-02,False,https://eodhd.com/api/fundamentals/BF-A.US#Financials.Balance_Sheet.quarterly.2026-07-31,filed,301000000,2441000000,,668000000,668000000,1843000000,2140000000
BFT.WAR,PLN,572.1983121260341,593.8947885719564,False,False,fail,fail,0.5,0.5,2025-12-31,622117000,3242853000,2026-06-30,2026-09-28,True,https://eodhd.com/api/fundamentals/BFT.WAR#Financials.Balance_Sheet.quarterly.2026-06-30,filed,709691000,3411137000,,115861000,115861000,2620736000,2701446000
BG.VI,EUR,119.70941382268909,116.39729565368188,False,False,fail,fail,0.35,0.35,2025-12-31,14093000000,17745000000,2026-06-30,2026-09-28,True,https://eodhd.com/api/fundamentals/BG.VI#Financials.Balance_Sheet.quarterly.2026-06-30,filed,14513000000,,,55.85821141747296,54.31272730710809,,
BGEO.LSE,GEL,744.032052440658,832.2725859513124,False,False,pass,pass,0.35,0.35,2025-12-31,7721862000,8609208000,2026-06-30,2026-09-28,True,https://eodhd.com/api/fundamentals/BGEO.LSE#Financials.Balance_Sheet.quarterly.2026-06-30,filed,7921219000,8739775000,,186.0080131101645,208.0681464878281,,
BI0.F,SGD,0.6418094070208108,0.6362577787341819,False,False,fail,fail,0.5,0.5,2026-03-31,164223000,5556738000,2026-06-30,2026-09-28,True,https://eodhd.com/api/fundamentals/BI0.F#Financials.Balance_Sheet.quarterly.2026-06-30,filed,134867000,5716341000,,260965400,260965400,5392515000,5581474000
BIIB.US,USD,115.06038504236855,97.91400637043576,False,False,fail,fail,0.35,0.5,2025-12-31,3815700000,6948000000,2026-06-30,2026-07-29,False,https://eodhd.com/api/fundamentals/BIIB.US#Financials.Balance_Sheet.quarterly.2026-06-30,filed,1285000000,8355100000,,1075889000,1075889000,3132300000,7070100000
BIM.PA,EUR,58.10089353036979,58.84609856832209,False,False,fail,fail,0.25,0.25,2025-12-31,569800000,461400000,2026-06-30,2026-09-28,True,https://eodhd.com/api/fundamentals/BIM.PA#Financials.Balance_Sheet.quarterly.2026-06-30,filed,657700000,421800000,,415420000,415420000,-108400000,-235900000
BIMBOA.MX,MXN,17.913652310924228,19.96376109312452,False,False,fail,fail,0.5,0.5,2025-12-31,9054012000,153663092000,2026-06-30,2026-09-28,True,https://eodhd.com/api/fundamentals/BIMBOA.MX#Financials.Balance_Sheet.quarterly.2026-06-30,filed,17861862000,187020993000,,6120033000,6120033000,144609080000,169159131000
BKE.US,USD,55.656739615951466,55.897596803946115,True,True,pass,pass,0.15,0.15,2026-01-31,274159000,383814000,2026-07-31,2026-09-10,False,https://eodhd.com/api/fundamentals/BKE.US#Financials.Balance_Sheet.quarterly.2026-07-31,filed,287180000,421381000,,201501000,201501000,109655000,134201000
BKNG.US,USD,90.47129574012297,89.67611939471608,False,False,fail,fail,0.5,0.5,2025-12-31,17785000000,19293000000,2026-06-30,2026-08-04,False,https://eodhd.com/api/fundamentals/BKNG.US#Financials.Balance_Sheet.quarterly.2026-06-30,filed,17214000000,20694000000,,4079000000,4079000000,1508000000,3480000000
BKR.US,USD,26.30959118719916,38.4990502992021,False,False,fail,fail,0.5,0.5,2025-12-31,4956000000,7144000000,2026-06-30,2026-07-27,False,https://eodhd.com/api/fundamentals/BKR.US#Financials.Balance_Sheet.quarterly.2026-06-30,filed,17056000000,16253000000,,1746000000,1746000000,2188000000,-803000000
BKT.MC,EUR,10.477036716572014,11.687720020444448,False,False,fail,fail,0.5,0.5,2025-12-31,15000351000,10384175000,2026-06-30,2026-09-28,True,https://eodhd.com/api/fundamentals/BKT.MC#Financials.Balance_Sheet.quarterly.2026-06-30,filed,19239252000,11046424000,,6.3113069194972695,7.040615608562355,,
BKW.SW,CHF,55.41942217162251,48.75470773379117,False,False,fail,fail,0.5,0.5,2025-12-31,1051400000,1825500000,2026-06-30,2026-09-28,True,https://eodhd.com/api/fundamentals/BKW.SW#Financials.Balance_Sheet.quarterly.2026-06-30,filed,699700000,1888600000,,157360000,157360000,774100000,1188900000
BLK.US,USD,563.64095375333,636.7176900473934,False,False,fail,fail,0.25,0.25,2025-12-31,14257000000,14996000000,2026-06-30,2026-08-06,False,https://eodhd.com/api/fundamentals/BLK.US#Financials.Balance_Sheet.quarterly.2026-06-30,filed,25636000000,14968000000,,4646000000,4646000000,739000000,-10668000000
BMO.TO,CAD,153.01953996275267,147.11700266720916,False,False,fail,fail,0.5,0.5,2025-10-31,104158000000,415195000000,2026-04-30,2026-07-29,True,https://eodhd.com/api/fundamentals/BMO.TO#Financials.Balance_Sheet.quarterly.2026-04-30,filed,393396000000,166585000000,,95.665001650709,91.9748439083776,,
BMW.XETRA,EUR,123.25546818850916,122.31175456467813,False,False,pass,pass,0.5,0.5,2025-12-31,21314000000,106302000000,2026-06-30,2026-09-28,True,https://eodhd.com/api/fundamentals/BMW.XETRA#Financials.Balance_Sheet.quarterly.2026-06-30,filed,20632000000,116789000000,,4524600000,4524600000,84988000000,96157000000
BMY.US,USD,60.77432711977158,60.9574951402785,False,False,fail,fail,0.35,0.35,2025-12-31,10673000000,47139000000,2026-06-30,2026-07-30,False,https://eodhd.com/api/fundamentals/BMY.US#Financials.Balance_Sheet.quarterly.2026-06-30,filed,11067000000,43120000000,,9201000000,9201000000,36466000000,32053000000
BN.PA,EUR,41.38047601284186,44.125410601687165,False,False,fail,fail,0.5,0.5,2025-12-31,6571000000,15119000000,2026-06-30,2026-09-28,True,https://eodhd.com/api/fundamentals/BN.PA#Financials.Balance_Sheet.quarterly.2026-06-30,filed,8339000000,17427000000,,1658531522.6929412,1658531522.6929412,8548000000,9088000000
BNP.PA,EUR,83.76855908080452,79.61829909066792,False,False,fail,fail,0.25,0.25,2025-12-31,326959000000,809206000000,2026-06-30,2026-09-28,True,https://eodhd.com/api/fundamentals/BNP.PA#Financials.Balance_Sheet.quarterly.2026-06-30,filed,212998000000,855994000000,,103.8293795620438,98.6852189781022,,
BNR.XETRA,EUR,28.06228730915178,26.063649940263748,False,False,fail,fail,0.5,0.5,2025-12-31,797900000,3260000000,2026-06-30,2026-09-28,True,https://eodhd.com/api/fundamentals/BNR.XETRA#Financials.Balance_Sheet.quarterly.2026-06-30,filed,509000000,3609000000,,286020000,286020000,2462100000,3100000000
BNS.TO,CAD,151.33094226942853,152.38837731591,False,False,,,0.25,0.25,2025-10-31,108099000000,236685000000,2026-04-30,2026-07-29,True,https://eodhd.com/api/fundamentals/BNS.TO#Financials.Balance_Sheet.quarterly.2026-04-30,filed,9103000000,286373000000,,58.10044237351546,58.506423087442734,,
BNY.US,USD,142.79308095747976,145.1552541540341,False,False,fail,fail,0.25,0.25,2025-12-31,190685000000,33876000000,2026-06-30,2026-07-31,False,https://eodhd.com/api/fundamentals/BNY.US#Financials.Balance_Sheet.quarterly.2026-06-30,filed,163139000000,35184000000,,36.43898167979054,37.04177829470052,,
BNZL.LSE,GBP,26.171435290175424,26.35502711811192,False,False,,,0.35,0.35,2025-12-31,540100000,2895400000,2026-06-30,2026-09-28,True,https://eodhd.com/api/fundamentals/BNZL.LSE#Financials.Balance_Sheet.quarterly.2026-06-30,filed,598100000,2709600000,,640400000,640400000,2355300000,2111500000
BOH.US,USD,114.04538070766645,115.63269112674001,True,True,pass,pass,0.35,0.35,2025-12-31,946520000,92402000,2026-06-30,2026-07-28,False,https://eodhd.com/api/fundamentals/BOH.US#Financials.Balance_Sheet.quarterly.2026-06-30,filed,452814000,93568000,,45.68369858695461,46.319535043450514,,
BOKF.US,USD,130.2898381500651,134.85035740402645,False,False,,,0.25,0.25,2025-12-31,7050847000,4634244000,2026-06-30,2026-08-04,False,https://eodhd.com/api/fundamentals/BOKF.US#Financials.Balance_Sheet.quarterly.2026-06-30,filed,8357134000,4974572000,,79.63459758423944,82.42203765417099,,
BOL.PA,EUR,3.7730516356877644,2.27274306838865,False,False,,fail,0.5,0.5,2025-12-31,5805300000,185200000,2026-06-30,2026-09-28,True,https://eodhd.com/api/fundamentals/BOL.PA#Financials.Balance_Sheet.quarterly.2026-06-30,filed,1582500000,114700000,,391800000,391800000,-5620100000,-1467800000
BOL.ST,SEK,442.0396353470499,423.5810612880588,False,False,fail,fail,0.5,0.5,2025-12-31,9237000000,23795000000,2026-06-30,2026-09-28,True,https://eodhd.com/api/fundamentals/BOL.ST#Financials.Balance_Sheet.quarterly.2026-06-30,filed,4198000000,22722000000,,6084495905.15336,6084495905.15336,14558000000,18524000000
BOLSAA.MX,MXN,29.560265332823583,28.8659098193162,False,False,fail,fail,0.25,0.25,2025-12-31,3793000000,467677000,2026-06-30,2026-09-28,True,https://eodhd.com/api/fundamentals/BOLSAA.MX#Financials.Balance_Sheet.quarterly.2026-06-30,filed,3410000000,374000000,,1516954000,1516954000,-3325323000,-3036000000
BOQ.AU,AUD,5.103536639336153,5.124521576175527,False,False,fail,fail,0.5,0.5,2025-08-31,2727000000,17659000000,2026-02-28,2026-05-29,True,https://eodhd.com/api/fundamentals/BOQ.AU#Financials.Balance_Sheet.quarterly.2026-02-28,filed,3461000000,15236000000,,7.4167015292808545,7.447197834911122,,
BOSS.XETRA,EUR,33.22056414139692,33.87727036477174,False,False,fail,fail,0.5,0.5,2025-12-31,343126000,1182029000,2026-06-30,2026-09-28,True,https://eodhd.com/api/fundamentals/BOSS.XETRA#Financials.Balance_Sheet.quarterly.2026-06-30,filed,268000000,1019000000,,163623000,173002000,838903000,751000000
BP.LSE,USD,2.9420363556420805,2.9536214472959705,False,False,fail,fail,0.5,0.5,2025-12-31,36714000000,72529000000,2026-06-30,2026-09-28,True,https://eodhd.com/api/fundamentals/BP.LSE#Financials.Balance_Sheet.quarterly.2026-06-30,filed,37418242000,73070363000,,1007800000,1007800000,35815000000,35652121000
BPAC11.SA,BRL,31.852124954582937,19.029824218819588,False,False,fail,fail,0.5,0.5,2025-12-31,47729338000,70749621000,2026-06-30,2026-09-28,True,https://eodhd.com/api/fundamentals/BPAC11.SA#Financials.Balance_Sheet.quarterly.2026-06-30,filed,4705439000,441835559000,,10380853000,10380853000,23020283000,437130120000
BRAP3.SA,BRL,10.031913243064945,10.630642715667863,False,False,fail,fail,0.5,0.5,2025-12-31,18402000,4330000,2026-06-30,2026-09-28,True,https://eodhd.com/api/fundamentals/BRAP3.SA#Financials.Balance_Sheet.quarterly.2026-06-30,filed,254451000,4086000,,670015000,670015000,-14072000,-250365000
BRK-B.US,USD,666.4063167689491,702.6066162034766,False,False,,,0.5,0.5,2025-12-31,373311000000,138954000000,2026-06-30,2026-08-10,False,https://eodhd.com/api/fundamentals/BRK-B.US#Financials.Balance_Sheet.quarterly.2026-06-30,filed,365514000000,129370000000,,280.04870238847514,295.2614136542788,,
BRO.US,USD,49.70218500790503,49.167473525558414,False,False,fail,fail,0.5,0.5,2025-12-31,1079000000,7918000000,2026-06-30,2026-07-27,False,https://eodhd.com/api/fundamentals/BRO.US#Financials.Balance_Sheet.quarterly.2026-06-30,filed,918000000,8007000000,,1260000000,1260000000,6839000000,7089000000
BSX.US,USD,16.2040597935391,15.152162925133728,False,False,fail,fail,0.5,0.5,2025-12-31,2045000000,12418000000,2026-06-30,2026-08-03,False,https://eodhd.com/api/fundamentals/BSX.US#Financials.Balance_Sheet.quarterly.2026-06-30,filed,539000000,12624000000,,1756000000,1756000000,10373000000,12085000000
BTG.US,USD,4.918545829970091,4.836295196782586,False,False,fail,fail,0.5,0.5,2025-12-31,384590826,629305668,2026-06-30,2026-08-07,False,https://eodhd.com/api/fundamentals/BTG.US#Financials.Balance_Sheet.quarterly.2026-06-30,filed,289683961,455538696,,317926000,317926000,244714842,165854735
BUCN.SW,CHF,335.4389136413732,313.81593483249503,False,False,,fail,0.25,0.25,2025-12-31,521500000,23300000,2026-06-30,2026-09-28,True,https://eodhd.com/api/fundamentals/BUCN.SW#Financials.Balance_Sheet.quarterly.2026-06-30,filed,306200000,28499999,,231300000,231300000,-498200000,-277700001
BVI.PA,EUR,17.499448193968192,16.545998366935684,False,False,fail,fail,0.35,0.35,2025-12-31,1366100000,3085400000,2026-06-30,2026-09-28,True,https://eodhd.com/api/fundamentals/BVI.PA#Financials.Balance_Sheet.quarterly.2026-06-30,filed,942100000,3042100000,,526260000,526260000,1719300000,2100000000
BWLP.US,USD,27.696335533323218,28.053530022596465,False,False,,,0.5,0.5,2025-12-31,255316000,990152323,2026-06-30,2026-08-28,False,https://eodhd.com/api/fundamentals/BWLP.US#Financials.Balance_Sheet.quarterly.2026-06-30,filed,305646994,931099680,,323473936,323473936,734836323,625452686
BWY.LSE,GBP,18.44395444301463,17.96107945199,False,False,fail,fail,0.35,0.35,2025-07-31,171800000,487700000,2026-01-31,2026-05-01,True,https://eodhd.com/api/fundamentals/BWY.LSE#Financials.Balance_Sheet.quarterly.2026-01-31,filed,118000000,190000000,,155886657.7989876,155886657.7989876,315900000,72000000
BXP.US,USD,29.06664412327973,23.27046799181324,False,False,fail,fail,0.5,0.5,2025-12-31,1478206000,17358735000,2026-06-30,2026-08-06,False,https://eodhd.com/api/fundamentals/BXP.US#Financials.Balance_Sheet.quarterly.2026-06-30,filed,553463000,16358486000,,259885000,259885000,15880529000,15805023000
C.US,USD,57.30620053731632,57.030148880227685,False,False,fail,fail,0.5,0.5,2025-12-31,675441000000,715803000000,2026-06-30,2026-08-06,False,https://eodhd.com/api/fundamentals/C.US#Financials.Balance_Sheet.quarterly.2026-06-30,filed,996749000000,813853000000,,112.61765684078242,112.07516247722585,,
C5H.IR,EUR,1.6072575861451674,1.5975433983399547,False,False,fail,fail,0.35,0.35,2025-12-31,55118000,226421000,2026-06-30,2026-09-28,True,https://eodhd.com/api/fundamentals/C5H.IR#Financials.Balance_Sheet.quarterly.2026-06-30,filed,49109000,248750000,,77025711.3602319,77025711.3602319,171303000,199641000
CA.PA,EUR,8.336016078500514,6.746164569020449,False,False,fail,fail,0.5,0.5,2025-12-31,6420000000,15592000000,2026-06-30,2026-09-28,True,https://eodhd.com/api/fundamentals/CA.PA#Financials.Balance_Sheet.quarterly.2026-06-30,filed,5295000000,16084000000,,93200000,93200000,9172000000,10789000000
CABK.MC,EUR,5.156738354600722,4.700030141371742,False,False,fail,fail,0.5,0.5,2025-12-31,45828000000,85501000000,2026-06-30,2026-09-28,True,https://eodhd.com/api/fundamentals/CABK.MC#Financials.Balance_Sheet.quarterly.2026-06-30,filed,37997000000,70689000000,,4.785994316681782,4.3621211700161835,,
CAE.TO,CAD,6.885262683027988,6.93121872801425,False,False,fail,fail,0.5,0.5,2026-03-31,552400000,3247000000,2026-06-30,2026-09-28,True,https://eodhd.com/api/fundamentals/CAE.TO#Financials.Balance_Sheet.quarterly.2026-06-30,filed,568700000,3214900000,,141820000,141820000,2694600000,2646200000
CAMT.US,USD,26.320684894403684,25.559129160963618,False,False,fail,fail,0.5,0.5,2025-12-31,668160000,519832999,2026-06-30,2026-08-10,False,https://eodhd.com/api/fundamentals/CAMT.US#Financials.Balance_Sheet.quarterly.2026-06-30,filed,630364000,488497000,,33830000,33830000,-148327001,-141867000
CAP.PA,EUR,129.5901858332829,127.04805084952966,False,False,,,0.35,0.35,2025-12-31,3032000000,9458000000,2026-06-30,2026-09-28,True,https://eodhd.com/api/fundamentals/CAP.PA#Financials.Balance_Sheet.quarterly.2026-06-30,filed,2610000000,10178000000,,1522000000,1522000000,6426000000,7568000000
CARL-B.CO,DKK,552.2350947030183,552.7492996136752,False,False,fail,fail,0.5,0.5,2025-12-31,9585000000,70623000000,2026-06-30,2026-09-28,True,https://eodhd.com/api/fundamentals/CARL-B.CO#Financials.Balance_Sheet.quarterly.2026-06-30,filed,9653000000,73564000000,,5244400000,5244400000,61038000000,63911000000
CARM.PA,EUR,15.04241369320112,14.754838705429966,False,False,,,0.5,0.5,2025-12-31,125201000,2724728000,2026-06-30,2026-09-28,True,https://eodhd.com/api/fundamentals/CARM.PA#Financials.Balance_Sheet.quarterly.2026-06-30,filed,85360000,2770102000,,158417210.44851843,158417210.44851843,2599527000,2684742000
CARR.US,USD,30.422029322838778,30.164299312209277,False,False,fail,fail,0.5,0.5,2025-12-31,1555000000,12669000000,2026-06-30,2026-07-28,False,https://eodhd.com/api/fundamentals/CARR.US#Financials.Balance_Sheet.quarterly.2026-06-30,filed,1344000000,12394000000,,1981000000,1981000000,11114000000,11050000000
CAST.ST,SEK,21.032861163203368,21.032861163203368,False,False,fail,fail,0.5,0.5,2025-12-31,120000000,68285000000,2026-06-30,2026-09-28,True,https://eodhd.com/api/fundamentals/CAST.ST#Financials.Balance_Sheet.quarterly.2026-06-30,filed,93000000,56807000000,,728000000,728000000,68165000000,56714000000
CASY.US,USD,214.65342895340947,210.2935027658465,False,False,fail,fail,0.5,0.5,2026-04-30,522991000,2905075000,2026-07-31,2026-09-08,False,https://eodhd.com/api/fundamentals/CASY.US#Financials.Balance_Sheet.quarterly.2026-07-31,filed,384072000,2888148000,,399667000,399667000,2382084000,2504076000
CAT.US,USD,288.8307687966731,281.41291743781846,False,False,fail,fail,0.35,0.5,2025-12-31,9980000000,43330000000,2026-06-30,2026-08-05,False,https://eodhd.com/api/fundamentals/CAT.US#Financials.Balance_Sheet.quarterly.2026-06-30,filed,6713000000,45146000000,,7152975892.721584,7152975892.721584,33350000000,38433000000
CB.US,USD,336.88680789705177,348.10236355111033,False,False,,,0.35,0.35,2025-12-31,7112000000,17649000000,2026-06-30,2026-07-28,False,https://eodhd.com/api/fundamentals/CB.US#Financials.Balance_Sheet.quarterly.2026-06-30,filed,8211000000,18115000000,,122.62575762112968,126.70818524067943,,
CBK.XETRA,EUR,3.0379875591460146,3.0368432358768276,False,False,fail,fail,0.5,0.5,2025-12-31,98001000000,142706000000,2026-06-30,2026-09-28,True,https://eodhd.com/api/fundamentals/CBK.XETRA#Financials.Balance_Sheet.quarterly.2026-06-30,filed,58960000000,3510000000,,29.475029490642243,29.463927087670065,,
CBOE.US,USD,115.37232346743309,116.62825299159104,False,False,fail,fail,0.5,0.5,2025-12-31,2252600000,1684700000,2026-06-30,2026-07-31,False,https://eodhd.com/api/fundamentals/CBOE.US#Financials.Balance_Sheet.quarterly.2026-06-30,filed,2390700000,1555300000,,795200000,795200000,-567900000,-835400000
CCEP.LSE,EUR,42.90395937282155,45.293153354237425,False,False,fail,fail,0.5,0.5,2025-12-31,956641150,10694000000,2026-06-30,2026-09-28,True,https://eodhd.com/api/fundamentals/CCEP.LSE#Financials.Balance_Sheet.quarterly.2026-06-30,filed,2007244437,12269961108,,1473600000,1473600000,9737358850,10262716671
CCH.LSE,EUR,32.67656916072238,38.44296543437917,False,False,fail,fail,0.25,0.25,2025-12-31,2732937977,3913000000,2026-06-30,2026-09-28,True,https://eodhd.com/api/fundamentals/CCH.LSE#Financials.Balance_Sheet.quarterly.2026-06-30,filed,4834585000,6202522000,,567180000,567180000,1180062023,1367937000
CCI.US,USD,25.4087893522498,27.18238202959534,False,False,fail,fail,0.5,0.5,2025-12-31,269000000,29566000000,2026-06-30,2026-08-05,False,https://eodhd.com/api/fundamentals/CCI.US#Financials.Balance_Sheet.quarterly.2026-06-30,filed,1042000000,23404000000,,878000000,878000000,29297000000,22362000000
CCL-B.TO,CAD,61.05194648562923,60.89135156787811,False,False,fail,fail,0.25,0.35,2025-12-31,998200000,2413000000,2026-06-30,2026-09-28,True,https://eodhd.com/api/fundamentals/CCL-B.TO#Financials.Balance_Sheet.quarterly.2026-06-30,filed,975600000,2717200000,,548180000,548180000,1414800000,1741600000
CCO.TO,CAD,10.274557985824256,10.041283388647829,False,False,fail,fail,0.5,0.5,2025-12-31,1214463000,1022875000,2026-06-30,2026-09-28,True,https://eodhd.com/api/fundamentals/CCO.TO#Financials.Balance_Sheet.quarterly.2026-06-30,filed,1112718000,1008912000,,267750000,267750000,-191588000,-103806000
CCU.US,CLP,9918.391154492789,8908.651101177931,False,False,fail,fail,0.5,0.5,2025-12-31,530620263000,1327568956000,2026-06-30,2026-08-06,False,https://eodhd.com/api/fundamentals/CCU.US#Financials.Balance_Sheet.quarterly.2026-06-30,filed,346974000000,1290194000000,,107657752947,107657752947,796948693000,943220000000
CDEVY.US,SGD,6.648402220158069,6.598621772564801,False,False,fail,fail,0.5,0.5,2025-12-31,2064166413,14671227810,2026-06-30,2026-09-28,True,https://eodhd.com/api/fundamentals/CDEVY.US#Financials.Balance_Sheet.quarterly.2026-06-30,filed,2019692475,14508671191,,317313000,317313000,12607061397,12488978716
CDNS.US,USD,42.882936192660836,37.175851117876796,False,False,fail,fail,0.35,0.35,2025-12-31,3001317000,2480150000,2026-06-30,2026-07-29,False,https://eodhd.com/api/fundamentals/CDNS.US#Financials.Balance_Sheet.quarterly.2026-06-30,filed,1440443000,2482200000,,716738000,716738000,-521167000,1041757000
CDP.US,USD,16.654662890902884,14.437316989610785,False,False,fail,fail,0.5,0.5,2025-12-31,274986000,2812846000,2026-06-30,2026-08-03,False,https://eodhd.com/api/fundamentals/CDP.US#Financials.Balance_Sheet.quarterly.2026-06-30,filed,24157000,2674358000,,130843000,130843000,2537860000,2650201000
CDR.WAR,PLN,55.321441415903514,53.38735700376309,False,False,fail,fail,0.35,0.35,2025-12-31,634928000,26038000,2026-06-30,2026-09-28,True,https://eodhd.com/api/fundamentals/CDR.WAR#Financials.Balance_Sheet.quarterly.2026-06-30,filed,441538000,46106000,,419125466.3899598,419125466.3899598,-608890000,-395432000
CDW.US,USD,109.37182595066855,108.01027176221487,False,False,fail,fail,0.5,0.5,2025-12-31,618700000,6330900000,2026-06-30,2026-08-05,False,https://eodhd.com/api/fundamentals/CDW.US#Financials.Balance_Sheet.quarterly.2026-06-30,filed,361800000,5964300000,,1085700000,1085700000,5712200000,5602500000
CEAB3.SA,BRL,5.969421346341712,5.08438589395273,False,False,fail,fail,0.5,0.5,2025-12-31,1043375000,2740715000,2026-06-30,2026-09-28,True,https://eodhd.com/api/fundamentals/CEAB3.SA#Financials.Balance_Sheet.quarterly.2026-06-30,filed,781976000,2725575000,,150336400,150336400,1697340000,1943599000
CEG.US,USD,68.91768828820011,61.02042120926636,False,False,fail,fail,0.5,0.5,2025-12-31,3748000000,8992000000,2026-06-30,2026-08-06,False,https://eodhd.com/api/fundamentals/CEG.US#Financials.Balance_Sheet.quarterly.2026-06-30,filed,1077000000,24700000000,,1703000000,1703000000,5244000000,23623000000
CEMEXCPO.MX,USD,0.42790985362866846,0.3732265340381362,False,False,fail,fail,0.5,0.5,2025-12-31,1822000000,6325000000,2026-06-30,2026-09-28,True,https://eodhd.com/api/fundamentals/CEMEXCPO.MX#Financials.Balance_Sheet.quarterly.2026-06-30,filed,887640000,6878802000,,562993000,582672200,4503000000,5991162000
CENTA.US,USD,41.063263475081925,42.90249021559842,False,False,,,0.35,0.25,2025-09-27,882488000,1440307000,2026-06-30,2026-08-06,False,https://eodhd.com/api/fundamentals/CENTA.US#Financials.Balance_Sheet.quarterly.2026-06-30,filed,996710000,1408593000,,140734000,140734000,557819000,411883000
CF.US,USD,128.03712735864605,131.24121082393006,False,False,,,0.5,0.5,2025-12-31,1982000000,3947000000,2026-06-30,2026-08-06,False,https://eodhd.com/api/fundamentals/CF.US#Financials.Balance_Sheet.quarterly.2026-06-30,filed,2480000000,3613000000,,1410000000,1410000000,1965000000,1133000000
CFG-PH.US,USD,58.86992384461899,58.356874827488525,True,True,pass,pass,0.35,0.35,2025-12-31,49385000000,11282000000,2026-06-30,2026-08-03,False,https://eodhd.com/api/fundamentals/CFG-PH.US#Financials.Balance_Sheet.quarterly.2026-06-30,filed,12760000000,16349000000,,41.3688674643904,41.008339449296905,,
CFR.US,USD,147.0447966573525,,False,False,fail,,0.35,0.35,2025-12-31,9983007000,4767676000,2026-06-30,2026-07-30,False,https://eodhd.com/api/fundamentals/CFR.US#Financials.Balance_Sheet.quarterly.2026-06-30,filed,697703000,5424752000,book value not positive,73.58206600499108,,,
CHCT.US,USD,8.28226081923245,8.254958439964476,False,False,fail,fail,0.5,0.5,2025-12-31,3340000,536195000,2026-06-30,2026-08-04,False,https://eodhd.com/api/fundamentals/CHCT.US#Financials.Balance_Sheet.quarterly.2026-06-30,filed,2673000,564510000,,17811000,17811000,532855000,561837000
CHD.US,USD,37.48479968196296,36.832542297349136,False,False,fail,fail,0.25,0.35,2025-12-31,409000000,2205100000,2026-06-30,2026-07-31,False,https://eodhd.com/api/fundamentals/CHD.US#Financials.Balance_Sheet.quarterly.2026-06-30,filed,254800000,2428300000,,692000000,692000000,1796100000,2173500000
CHKP.US,USD,128.97713497567733,121.76679777052345,False,False,fail,fail,0.25,0.25,2025-12-31,3014900000,1972100000,2026-06-30,2026-07-30,False,https://eodhd.com/api/fundamentals/CHKP.US#Financials.Balance_Sheet.quarterly.2026-06-30,filed,2279500000,1974900000,,723800000,723800000,-1042800000,-304600000
CHRD.US,USD,32.46929132460476,39.38677263145393,False,False,fail,fail,0.5,0.5,2025-12-31,189531000,1504755000,2026-06-30,2026-08-06,False,https://eodhd.com/api/fundamentals/CHRD.US#Financials.Balance_Sheet.quarterly.2026-06-30,filed,611568000,1502800000,,140990000,140990000,1315224000,891232000
CHRW.US,USD,65.64378832622452,65.64378832622452,False,False,fail,fail,0.15,0.35,2025-12-31,160871000,1629154000,2026-06-30,2026-07-31,False,https://eodhd.com/api/fundamentals/CHRW.US#Financials.Balance_Sheet.quarterly.2026-06-30,filed,154590000,1972571000,,590201000,590201000,1468283000,1817981000
CI.US,USD,277.04235127919486,271.302137861775,False,False,,,0.5,0.5,2025-12-31,7676000000,31463000000,2026-06-30,2026-07-30,False,https://eodhd.com/api/fundamentals/CI.US#Financials.Balance_Sheet.quarterly.2026-06-30,filed,6298000000,31878000000,,5749000000,5749000000,23787000000,25580000000
CIB.US,COP,423532.5109900242,414575.6795579784,False,False,,,0.5,0.5,2025-12-31,22781305736000,19360109396000,2026-06-30,2026-08-17,False,https://eodhd.com/api/fundamentals/CIB.US#Financials.Balance_Sheet.quarterly.2026-06-30,filed,26829837002000,23715027366000,,149176.84958393496,146022.06958330728,,
CIGI.US,USD,40.90051658295719,41.97509260906758,False,False,fail,fail,0.5,0.5,2025-12-31,256415511,2699939555,2026-06-30,2026-08-05,False,https://eodhd.com/api/fundamentals/CIGI.US#Financials.Balance_Sheet.quarterly.2026-06-30,filed,318559269,3307982651,,156468000,156468000,2443524044,2989423382
CINF.US,USD,192.07259252536414,,False,False,,,0.5,0.5,2025-12-31,19702000000,886000000,2026-06-30,2026-07-27,False,https://eodhd.com/api/fundamentals/CINF.US#Financials.Balance_Sheet.quarterly.2026-06-30,filed,34030000000,876000000,book value not positive,94.71713038825847,,,
CL.US,USD,33.3647097598646,33.45010804493979,False,False,fail,fail,0.35,0.35,2025-12-31,1288000000,8554000000,2026-06-30,2026-07-31,False,https://eodhd.com/api/fundamentals/CL.US#Financials.Balance_Sheet.quarterly.2026-06-30,filed,1370000000,7857000000,,1903000000,1903000000,7266000000,6487000000
CLB.US,USD,3.82978609822148,3.833651904673093,False,False,fail,fail,0.5,0.5,2025-12-31,22702000,164020000,2026-06-30,2026-07-30,False,https://eodhd.com/api/fundamentals/CLB.US#Financials.Balance_Sheet.quarterly.2026-06-30,filed,22735000,165115000,,13340000,13340000,141318000,142380000
CLH.US,USD,130.09569867700858,121.88185624644787,False,False,fail,fail,0.5,0.5,2025-12-31,953678000,3449322000,2026-06-30,2026-07-29,False,https://eodhd.com/api/fundamentals/CLH.US#Financials.Balance_Sheet.quarterly.2026-06-30,filed,516718000,3034295000,,374318000,374318000,2495644000,2517577000
CLILF.US,SGD,0.9567838873489056,0.863412145653499,False,False,fail,fail,0.5,0.5,2025-12-31,2022000000,8447000000,2026-06-30,2026-09-28,True,https://eodhd.com/api/fundamentals/CLILF.US#Financials.Balance_Sheet.quarterly.2026-06-30,filed,1578221000,8161627000,,225000000,225000000,6425000000,6583406000
CLS.TO,USD,27.26556882506017,26.291125810650904,False,False,fail,fail,0.5,0.5,2025-12-31,594516097,914033562,2026-06-30,2026-07-27,False,https://eodhd.com/api/fundamentals/CLS.TO#Financials.Balance_Sheet.quarterly.2026-06-30,filed,535700000,810400000,,159200000,159200000,319517465,274700000
CM.TO,CAD,150.21891978263247,154.78260073872607,False,False,fail,fail,0.35,0.35,2025-10-31,92810000000,355822000000,2026-04-30,2026-07-29,True,https://eodhd.com/api/fundamentals/CM.TO#Financials.Balance_Sheet.quarterly.2026-04-30,filed,16789000000,181437000000,,61.414058453585824,63.27982988508465,,
CMBN.SW,CHF,102.92376237904695,96.57869969379286,False,False,,,0.25,0.25,2025-12-31,780977000,2826605000,2026-06-30,2026-09-28,True,https://eodhd.com/api/fundamentals/CMBN.SW#Financials.Balance_Sheet.quarterly.2026-06-30,filed,506490000,2729624000,,38.955923440576136,36.554361639112734,,
CMCSA.US,USD,48.166708265560814,47.65956855158942,False,False,pass,pass,0.5,0.5,2025-12-31,9481000000,110443000000,2026-06-30,2026-07-23,False,https://eodhd.com/api/fundamentals/CMCSA.US#Financials.Balance_Sheet.quarterly.2026-06-30,filed,7661000000,90381000000,,13518000000,13518000000,100962000000,82720000000
CME.US,USD,130.32482428952713,124.00158349815045,False,False,fail,fail,0.25,0.25,2025-12-31,4548400000,3757200000,2026-06-30,2026-07-24,False,https://eodhd.com/api/fundamentals/CME.US#Financials.Balance_Sheet.quarterly.2026-06-30,filed,2275600000,3424200000,,3419500000,3419500000,-791200000,1148600000
CMG.US,USD,15.070543773726907,14.76926612476032,False,False,fail,fail,0.5,0.5,2025-12-31,1049136000,9849248000,2026-06-30,2026-07-31,False,https://eodhd.com/api/fundamentals/CMG.US#Financials.Balance_Sheet.quarterly.2026-06-30,filed,677857000,5419196000,,940224000,940224000,8800112000,4741339000
CMI.US,USD,330.9285347387683,333.0659051413471,False,False,fail,fail,0.15,0.15,2025-12-31,3609000000,8114000000,2026-06-30,2026-08-04,False,https://eodhd.com/api/fundamentals/CMI.US#Financials.Balance_Sheet.quarterly.2026-06-30,filed,3924000000,8286000000,,2115000000,2115000000,4505000000,4362000000
CMIG4.SA,BRL,12.415636839325453,12.565247500068491,False,False,,,0.35,0.35,2025-12-31,2661338000,19882560000,2026-06-30,2026-09-28,True,https://eodhd.com/api/fundamentals/CMIG4.SA#Financials.Balance_Sheet.quarterly.2026-06-30,filed,3082109000,22749945000,,4918078200,4922076800,17221222000,19667836000
CMIN3.SA,BRL,2.788692915216846,2.609909710203165,False,False,fail,fail,0.5,0.5,2025-12-31,8889966000,9321031000,2026-06-30,2026-09-28,True,https://eodhd.com/api/fundamentals/CMIN3.SA#Financials.Balance_Sheet.quarterly.2026-06-30,filed,7939402000,9118187000,,1097392201,1093578801,431065000,1178785000
CNA.US,USD,31.456509866977022,30.034712815680454,False,False,fail,fail,0.35,0.35,2025-12-31,4134000000,2971000000,2026-06-30,2026-08-03,False,https://eodhd.com/api/fundamentals/CNA.US#Financials.Balance_Sheet.quarterly.2026-06-30,filed,2060000000,2973000000,,38.4985315712188,36.75844346549192,,
CNQ.TO,CAD,55.78228803436913,56.59481289490758,False,False,fail,fail,0.5,0.5,2025-12-31,673000000,19723000000,2026-06-30,2026-09-28,True,https://eodhd.com/api/fundamentals/CNQ.TO#Financials.Balance_Sheet.quarterly.2026-06-30,filed,2618000000,17144000000,,9246000000,9246000000,19050000000,14526000000
CNR.TO,CAD,73.1970289341124,73.45711926212292,False,False,fail,fail,0.5,0.5,2025-12-31,363000000,21838000000,2026-06-30,2026-09-28,True,https://eodhd.com/api/fundamentals/CNR.TO#Financials.Balance_Sheet.quarterly.2026-06-30,filed,294000000,22616000000,,3155200000,3167600000,21475000000,22322000000
CNR.US,USD,43.26424330353812,44.02311512040822,False,False,fail,fail,0.5,0.5,2025-12-31,432174000,452488000,2026-06-30,2026-08-18,False,https://eodhd.com/api/fundamentals/CNR.US#Financials.Balance_Sheet.quarterly.2026-06-30,filed,473204000,447649000,,150352000,150352000,20314000,-25555000
CNS.US,USD,32.23086033150842,41.27263613401589,False,False,fail,fail,0.25,0.25,2025-12-31,145452000,138326000,2026-06-30,2026-07-31,False,https://eodhd.com/api/fundamentals/CNS.US#Financials.Balance_Sheet.quarterly.2026-06-30,filed,612198000,134390000,,97209000,97209000,-7126000,-477808000
COF.US,USD,206.97235148202395,198.56748196052206,False,False,,,0.5,0.5,2025-12-31,61708000000,51000000000,2026-06-30,2026-07-28,False,https://eodhd.com/api/fundamentals/COF.US#Financials.Balance_Sheet.quarterly.2026-06-30,filed,56739000000,45371000000,,5359000000,5359000000,-10708000000,-11368000000
COFA.PA,EUR,15.320079244119581,14.925437297707175,False,False,fail,fail,0.5,0.5,2025-12-31,3210870000,2343128000,2026-06-30,2026-09-28,True,https://eodhd.com/api/fundamentals/COFA.PA#Financials.Balance_Sheet.quarterly.2026-06-30,filed,3146539000,2062792000,,13.036767408058077,12.700943083466765,,
COL.MC,EUR,6.409105962682754,6.790635202957749,False,False,,,0.5,0.5,2025-12-31,150391000,5091328000,2026-06-30,2026-09-28,True,https://eodhd.com/api/fundamentals/COL.MC#Financials.Balance_Sheet.quarterly.2026-06-30,filed,393408000,5079372000,,311223200,311223200,4940937000,4685964000
COLO-B.CO,DKK,213.11594465277565,212.48870425732989,False,False,fail,fail,0.5,0.5,2025-09-30,947000000,22639000000,2026-06-30,2026-09-28,True,https://eodhd.com/api/fundamentals/COLO-B.CO#Financials.Balance_Sheet.quarterly.2026-06-30,filed,817000000,23803000000,,3544800000,3544800000,21692000000,22986000000
CON.XETRA,EUR,14.033405384574525,11.29798721460908,False,False,fail,fail,0.5,0.5,2025-12-31,1571000000,6826000000,2026-06-30,2026-09-28,True,https://eodhd.com/api/fundamentals/CON.XETRA#Financials.Balance_Sheet.quarterly.2026-06-30,filed,983000000,6875000000,,131000000,131000000,5255000000,5892000000
COO.US,USD,31.550862435747604,31.767569523692263,False,False,fail,fail,0.5,0.5,2025-10-31,110600000,2783600000,2026-07-31,2026-09-09,False,https://eodhd.com/api/fundamentals/COO.US#Financials.Balance_Sheet.quarterly.2026-07-31,filed,154700000,2544200000,,365000000,365000000,2673000000,2389500000
COP.US,USD,62.898963046980874,63.41753506432822,False,False,fail,fail,0.5,0.5,2025-12-31,6981000000,23444000000,2026-06-30,2026-08-06,False,https://eodhd.com/api/fundamentals/COP.US#Financials.Balance_Sheet.quarterly.2026-06-30,filed,7692000000,23290000000,,5609000000,5609000000,16463000000,15598000000
COR.LS,EUR,6.3283059062876,,False,False,fail,,0.25,0.25,2025-12-31,74945000,135885000,2026-03-31,2026-06-29,True,https://eodhd.com/api/fundamentals/COR.LS#Financials.Balance_Sheet.quarterly.2026-03-31,filed,78405000,,net cash unavailable,62351000,,60940000,
COR.US,USD,117.08608984212557,117.08608984212557,False,False,fail,fail,0.35,0.35,2025-09-30,4394549000,10747809000,2026-06-30,2026-08-05,False,https://eodhd.com/api/fundamentals/COR.US#Financials.Balance_Sheet.quarterly.2026-06-30,filed,2815291000,11723241000,,1796468999,1796468999,6353260000,8907950000
COST.LSE,GBP,2.1624090840468044,2.114377232250349,False,False,fail,fail,0.5,0.5,2025-12-31,215300000,25000000,2026-06-30,2026-09-28,True,https://eodhd.com/api/fundamentals/COST.LSE#Financials.Balance_Sheet.quarterly.2026-06-30,filed,202700000,32500000,,29980000,29980000,-190300000,-170200000
COV.PA,EUR,37.32721083778299,32.42992291336827,False,False,fail,fail,0.5,0.5,2025-12-31,1207000000,10936200000,2026-06-30,2026-09-28,True,https://eodhd.com/api/fundamentals/COV.PA#Financials.Balance_Sheet.quarterly.2026-06-30,filed,665000000,10366800000,,236820000,236820000,9729200000,9701800000
CP.TO,CAD,49.22497133622473,49.25695692823094,False,False,fail,fail,0.5,0.5,2025-12-31,184000000,23188000000,2026-06-30,2026-09-28,True,https://eodhd.com/api/fundamentals/CP.TO#Financials.Balance_Sheet.quarterly.2026-06-30,filed,366000000,25147000000,,2960469880,2960469880,23004000000,24781000000
CPAMF.US,SGD,1.044126553274623,1.0378167122169526,False,False,fail,fail,0.5,0.5,2025-12-31,149489000,10012621000,2026-06-30,2026-09-28,True,https://eodhd.com/api/fundamentals/CPAMF.US#Financials.Balance_Sheet.quarterly.2026-06-30,filed,99749335,9928085045,,652361525.7499571,652361525.7499571,9863132000,9828335710
CPAY.US,USD,445.7194953699085,356.8026717992984,False,False,,fail,0.25,0.5,2025-12-31,8991940000,10116212000,2026-06-30,2026-08-10,False,https://eodhd.com/api/fundamentals/CPAY.US#Financials.Balance_Sheet.quarterly.2026-06-30,filed,3163539000,10623531000,,1048586000,1048586000,1124272000,7459992000
CPFE3.SA,BRL,38.11489422398388,38.878478680208666,False,False,fail,fail,0.35,0.35,2025-12-31,3083530000,29055727000,2026-06-30,2026-09-28,True,https://eodhd.com/api/fundamentals/CPFE3.SA#Financials.Balance_Sheet.quarterly.2026-06-30,filed,3988266000,36626140000,,7098516000,7098516000,25972197000,32637874000
CPG.LSE,USD,8.209224896932719,8.209224896932719,False,False,fail,fail,0.35,0.5,2025-09-30,575000000,5426000000,2026-03-31,2026-06-29,True,https://eodhd.com/api/fundamentals/CPG.LSE#Financials.Balance_Sheet.quarterly.2026-03-31,filed,522999999,9130999999,,1122295477.3899999,1122295477.3899999,4851000000,8608000000
CPLE3.SA,BRL,9.80317343613398,9.838241522259663,False,False,fail,fail,0.35,0.5,2025-12-31,3131267000,20542526000,2026-06-30,2026-09-28,True,https://eodhd.com/api/fundamentals/CPLE3.SA#Financials.Balance_Sheet.quarterly.2026-06-30,filed,3272776000,23569670000,,3949807600,3949807600,17411259000,20296894000
CPT.US,USD,48.75798196242881,48.88987201343868,False,False,fail,fail,0.5,0.5,2025-12-31,25203000,3900790000,2026-06-30,2026-07-31,False,https://eodhd.com/api/fundamentals/CPT.US#Financials.Balance_Sheet.quarterly.2026-06-30,filed,44717000,4848328000,,394145000,394145000,3875587000,4803611000
CR.US,USD,100.76649065493861,77.12952819760072,False,False,fail,fail,0.5,0.5,2025-12-31,1729800000,1216200000,2026-06-30,2026-07-31,False,https://eodhd.com/api/fundamentals/CR.US#Financials.Balance_Sheet.quarterly.2026-06-30,filed,350400000,1115700000,,339400000,339400000,-513600000,765300000
CRAI.US,USD,183.62360595656602,183.48640041111815,False,False,,,0.35,0.35,2026-01-03,18210000,127232000,2026-06-30,2026-08-06,False,https://eodhd.com/api/fundamentals/CRAI.US#Financials.Balance_Sheet.quarterly.2026-06-30,filed,18210000,194188000,,59184000,59184000,109022000,175978000
CRH.US,USD,56.53490251760151,54.30866224969904,False,False,fail,fail,0.35,0.5,2025-12-31,4096000000,17653000000,2026-06-30,2026-07-30,False,https://eodhd.com/api/fundamentals/CRH.US#Financials.Balance_Sheet.quarterly.2026-06-30,filed,3025000000,19813000000,,2755000000,2755000000,13557000000,16788000000
CRM.US,USD,68.56805416525555,70.74270787120938,False,False,fail,fail,0.5,0.5,2026-01-31,9565000000,17176000000,2026-07-31,2026-08-27,False,https://eodhd.com/api/fundamentals/CRM.US#Financials.Balance_Sheet.quarterly.2026-07-31,filed,11403000000,41743000000,,3835000000,3835000000,7611000000,30340000000
CRUS.US,USD,130.84367310463617,130.89527138572572,False,False,,,0.15,0.15,2026-03-28,887627000,133977000,2026-06-30,2026-08-05,False,https://eodhd.com/api/fundamentals/CRUS.US#Financials.Balance_Sheet.quarterly.2026-06-30,filed,891262000,172381000,,269559000,269559000,-753650000,-718881000
CS.PA,EUR,38.9516158345896,35.05855860638912,False,False,fail,fail,0.5,0.5,2025-12-31,22200000000,61883000000,2026-06-30,2026-09-28,True,https://eodhd.com/api/fundamentals/CS.PA#Financials.Balance_Sheet.quarterly.2026-06-30,filed,18518000000,64882000000,,9.7379039586474,8.76463965159728,,
CSC.AU,USD,3.6140602506211055,3.689302585696391,False,False,fail,fail,0.5,0.5,2025-12-31,304397371,1545994053,2026-06-30,2026-09-28,True,https://eodhd.com/api/fundamentals/CSC.AU#Financials.Balance_Sheet.quarterly.2026-06-30,filed,367075000,1312845000,,129448095,129448095,1241596682,945770000
CSG.AS,EUR,9.334662767712155,,False,False,fail,,0.5,0.35,2025-12-31,837226000,4312259000,2026-06-30,2026-09-28,True,https://eodhd.com/api/fundamentals/CSG.AS#Financials.Balance_Sheet.quarterly.2026-06-30,filed,2287000000,,net cash unavailable,694063000,,3475033000,
CSL.US,USD,281.7454684147189,270.4562379536133,False,False,fail,fail,0.15,0.15,2025-12-31,1112100000,2881600000,2026-06-30,2026-07-30,False,https://eodhd.com/api/fundamentals/CSL.US#Financials.Balance_Sheet.quarterly.2026-06-30,filed,665300000,2884900000,,783100000,783100000,1769500000,2219600000
CSMG3.SA,BRL,23.076703366779412,24.559122599368354,False,False,fail,fail,0.5,0.5,2025-12-31,815033000,7750901000,2026-06-30,2026-09-28,True,https://eodhd.com/api/fundamentals/CSMG3.SA#Financials.Balance_Sheet.quarterly.2026-06-30,filed,1384306000,9370937000,,1378436200,1378436200,6935868000,7986631000
CSN.LSE,GBP,1.462610373289738,0.6700415953602071,False,False,fail,fail,0.5,0.5,2025-12-31,145300000,203000000,2026-06-30,2026-09-28,True,https://eodhd.com/api/fundamentals/CSN.LSE#Financials.Balance_Sheet.quarterly.2026-06-30,filed,410700000,352000000,,2.0475287371565583,0.9380006094886872,,
CSU.TO,USD,647.8125788765363,635.4270471768431,False,False,fail,fail,0.5,0.5,2025-12-31,3135283851,5776468527,2026-06-30,2026-09-28,True,https://eodhd.com/api/fundamentals/CSU.TO#Financials.Balance_Sheet.quarterly.2026-06-30,filed,2887298691,5817527482,,870719012,870719012,2641184676,2930228791
CSX.US,USD,8.691862757509194,9.073298421504207,False,False,fail,fail,0.5,0.5,2025-12-31,675000000,19352000000,2026-06-30,2026-07-22,False,https://eodhd.com/api/fundamentals/CSX.US#Financials.Balance_Sheet.quarterly.2026-06-30,filed,1390000000,19357000000,,1263000000,1263000000,18677000000,17967000000
CTAS.US,USD,79.02761601195924,78.89912040351203,False,False,fail,fail,0.15,0.15,2026-05-31,289018000,2705957000,2026-08-31,2026-09-23,False,https://eodhd.com/api/fundamentals/CTAS.US#Financials.Balance_Sheet.quarterly.2026-08-31,filed,243599000,2711374000,,1487521000,1487521000,2416939000,2467775000
CTC-A.TO,CAD,72.09811566792096,88.13933447274475,False,False,fail,fail,0.5,0.5,2025-12-31,702000000,9755800000,2026-06-30,2026-07-04,False,https://eodhd.com/api/fundamentals/CTC-A.TO#Financials.Balance_Sheet.quarterly.2026-06-30,filed,1542900000,8469800000,,272120000,272120000,9053800000,6926900000
CTSH.US,USD,86.72018285973638,84.87307926565605,True,True,pass,pass,0.15,0.15,2025-12-31,1914000000,1575000000,2026-06-30,2026-07-29,False,https://eodhd.com/api/fundamentals/CTSH.US#Financials.Balance_Sheet.quarterly.2026-06-30,filed,1051000000,2094000000,,2266000000,2266000000,-339000000,1043000000
CTT.LS,EUR,24.522051738581347,24.82256666900191,False,False,pass,pass,0.35,0.35,2025-12-31,2254043101,381060375,2026-06-30,2026-09-28,True,https://eodhd.com/api/fundamentals/CTT.LS#Financials.Balance_Sheet.quarterly.2026-06-30,filed,2293460522,580184301,,79362858,79362858,-1872982726,-1713276221
CTVA.US,USD,37.38004669013437,34.122802941670656,False,False,pass,pass,0.5,0.5,2025-12-31,4530000000,2580000000,2026-06-30,2026-07-31,False,https://eodhd.com/api/fundamentals/CTVA.US#Financials.Balance_Sheet.quarterly.2026-06-30,filed,2365000000,4875000000,,1669000000,1669000000,-1950000000,2510000000
CURY3.SA,BRL,15.71667367267219,15.158192959461363,False,False,fail,fail,0.15,0.15,2025-12-31,1790937000,1474887000,2026-06-30,2026-09-28,True,https://eodhd.com/api/fundamentals/CURY3.SA#Financials.Balance_Sheet.quarterly.2026-06-30,filed,1633706000,1343155000,,342315000,342315000,-316050000,-290551000
CVE.TO,CAD,26.215934989785804,26.40392519716064,False,False,fail,fail,0.5,0.5,2025-12-31,2740000000,14207000000,2026-06-30,2026-09-28,True,https://eodhd.com/api/fundamentals/CVE.TO#Financials.Balance_Sheet.quarterly.2026-06-30,filed,3170000000,11631000000,,3747000000,3747000000,11467000000,8461000000
CVNA.US,USD,12.32600084419535,12.637537010515436,False,False,fail,fail,0.5,0.5,2025-12-31,2813000000,5521000000,2026-06-30,2026-07-29,False,https://eodhd.com/api/fundamentals/CVNA.US#Financials.Balance_Sheet.quarterly.2026-06-30,filed,3132000000,5621000000,,333000000,333000000,2708000000,2489000000
CVS.US,USD,31.286567007003296,33.663963758092535,False,False,fail,fail,0.5,0.5,2025-12-31,10657000000,93593000000,2026-06-30,2026-08-05,False,https://eodhd.com/api/fundamentals/CVS.US#Financials.Balance_Sheet.quarterly.2026-06-30,filed,13958000000,76306000000,,3007000000,3007000000,82936000000,62348000000
CVX.US,USD,99.11463495628591,99.91725392662924,False,False,fail,fail,0.5,0.5,2025-12-31,6471000000,46743000000,2026-06-30,2026-08-06,False,https://eodhd.com/api/fundamentals/CVX.US#Financials.Balance_Sheet.quarterly.2026-06-30,filed,8531000000,37075000000,,15408600000,15408600000,40272000000,28544000000
CW.US,USD,145.95768729738245,148.7381412281361,False,False,fail,fail,0.25,0.25,2025-12-31,371345000,1314816000,2026-06-30,2026-08-06,False,https://eodhd.com/api/fundamentals/CW.US#Financials.Balance_Sheet.quarterly.2026-06-30,filed,477149000,1148981000,,409212000,409212000,943471000,671832000
CWK.US,USD,4.73794527897016,3.4840125989531177,False,False,fail,fail,0.5,0.5,2025-12-31,784200000,3243000000,2026-06-30,2026-08-05,False,https://eodhd.com/api/fundamentals/CWK.US#Financials.Balance_Sheet.quarterly.2026-06-30,filed,500500000,3029800000,,42900000,42900000,2458800000,2529300000
CXSE3.SA,BRL,6.18167734165435,,False,False,fail,,0.25,0.25,2025-12-31,306000,18735000,2026-06-30,2026-09-28,True,https://eodhd.com/api/fundamentals/CXSE3.SA#Financials.Balance_Sheet.quarterly.2026-06-30,filed,248000,9660000,book value not positive,4.516828,,,
CYRE3.SA,BRL,32.303616736742875,32.54008834329678,False,False,,,0.5,0.5,2025-12-31,3981564000,8717269000,2026-06-30,2026-09-28,True,https://eodhd.com/api/fundamentals/CYRE3.SA#Financials.Balance_Sheet.quarterly.2026-06-30,filed,4075608000,8873618000,,925277268.7728277,925277268.7728277,4735705000,4798010000
DAL.US,USD,54.23577989953809,54.62684697270882,False,False,fail,fail,0.5,0.5,2025-12-31,4310000000,21083000000,2026-06-30,2026-07-10,False,https://eodhd.com/api/fundamentals/DAL.US#Financials.Balance_Sheet.quarterly.2026-06-30,filed,4665000000,19984000000,,2616000000,2616000000,16773000000,15319000000
DANSKE.CO,DKK,274.0047191267987,250.8481658830341,False,False,fail,fail,0.5,0.5,2025-12-31,225455000000,1136680000000,2026-06-30,2026-09-28,True,https://eodhd.com/api/fundamentals/DANSKE.CO#Financials.Balance_Sheet.quarterly.2026-06-30,filed,750175000000,1150322000000,,214.92404834787226,196.76049195076573,,
DB1.XETRA,EUR,291.72227131553643,338.3659295670219,False,False,,,0.25,0.35,2025-12-31,19326000000,8136000000,2026-06-30,2026-09-28,True,https://eodhd.com/api/fundamentals/DB1.XETRA#Financials.Balance_Sheet.quarterly.2026-06-30,filed,27743000000,33759000000,,1720640000,1720640000,-11190000000,6016000000
DBG.PA,EUR,10.39254606187889,10.644034198696929,False,False,,,0.5,0.5,2025-09-30,163500000,846100000,2026-03-31,2026-06-29,True,https://eodhd.com/api/fundamentals/DBG.PA#Financials.Balance_Sheet.quarterly.2026-03-31,filed,203300000,856900000,,124460000,124460000,682600000,653600000
DBK.XETRA,EUR,2.6298777114634473,2.248530643764323,False,False,fail,fail,0.5,0.5,2025-12-31,355979000000,358907000000,2026-06-30,2026-09-28,True,https://eodhd.com/api/fundamentals/DBK.XETRA#Financials.Balance_Sheet.quarterly.2026-06-30,filed,131899000000,152322000000,,37.82863225119745,32.34326769558275,,
DBX.US,USD,16.906720233827237,17.207757097138444,False,False,fail,fail,0.5,0.5,2025-12-31,1038200000,3942900000,2026-06-30,2026-08-07,False,https://eodhd.com/api/fundamentals/DBX.US#Financials.Balance_Sheet.quarterly.2026-06-30,filed,1113800000,3975400000,,261000000,261000000,2904700000,2861600000
DCOM.US,USD,25.75371936627254,26.63544372566235,False,False,fail,fail,0.5,0.5,2025-12-31,3151901000,370632000,2026-06-30,2026-07-31,False,https://eodhd.com/api/fundamentals/DCOM.US#Financials.Balance_Sheet.quarterly.2026-06-30,filed,3536451000,655812000,,29.82643928953308,30.847600454699915,,
DE.US,USD,165.32486337483374,167.29300130390996,False,False,fail,fail,0.5,0.5,2025-10-31,9687000000,63936000000,2026-07-31,2026-08-27,False,https://eodhd.com/api/fundamentals/DE.US#Financials.Balance_Sheet.quarterly.2026-07-31,filed,10278000000,64180000000,,2877000000,2877000000,54249000000,53902000000
DEC.PA,EUR,16.605842625107403,16.444618293360634,False,False,fail,fail,0.5,0.5,2025-12-31,1347700000,3928900000,2026-06-30,2026-09-28,True,https://eodhd.com/api/fundamentals/DEC.PA#Financials.Balance_Sheet.quarterly.2026-06-30,filed,1313400000,4013700000,,181600000,181600000,2581200000,2700300000
DECK.US,USD,116.2046860893834,113.959454112557,False,False,,,0.5,0.5,2026-03-31,1907249000,375194000,2026-06-30,2026-07-30,False,https://eodhd.com/api/fundamentals/DECK.US#Financials.Balance_Sheet.quarterly.2026-06-30,filed,1602589000,472334000,,722275000,722275000,-1532055000,-1130255000
DELL.US,USD,95.80363222846833,94.7113316149714,False,False,fail,fail,0.5,0.5,2026-01-31,11528000000,31503000000,2026-07-31,2026-09-08,False,https://eodhd.com/api/fundamentals/DELL.US#Financials.Balance_Sheet.quarterly.2026-07-31,filed,11569000000,34466000000,,4278000000,4278000000,19975000000,22897000000
DEMANT.CO,DKK,135.5808296400176,136.36793772378883,False,False,fail,fail,0.5,0.5,2025-12-31,1330000000,23559000000,2026-06-30,2026-09-28,True,https://eodhd.com/api/fundamentals/DEMANT.CO#Financials.Balance_Sheet.quarterly.2026-06-30,filed,1496000000,20282000000,,1735400000,1735400000,22229000000,18786000000
DEVL.F,SGD,96.05220197833152,,False,False,,,0.35,0.35,2025-12-31,150352000000,75004000000,2026-06-30,2026-09-28,True,https://eodhd.com/api/fundamentals/DEVL.F#Financials.Balance_Sheet.quarterly.2026-06-30,filed,152565000000,,net cash unavailable,9912000000,,-75348000000,
DEZ.XETRA,EUR,4.342924123495612,4.503670353933941,False,False,fail,fail,0.5,0.5,2025-12-31,63500000,332900000,2026-06-30,2026-09-28,True,https://eodhd.com/api/fundamentals/DEZ.XETRA#Financials.Balance_Sheet.quarterly.2026-06-30,filed,90200000,610700000,,51480000,51480000,269400000,520500000
DFIB.LSE,USD,0.7456603029551127,0.7456603029551127,False,False,fail,fail,0.5,0.5,2025-12-31,168700000,2370700000,2026-06-30,2026-09-28,True,https://eodhd.com/api/fundamentals/DFIB.LSE#Financials.Balance_Sheet.quarterly.2026-06-30,filed,164200000,2367400000,,81140000,81140000,2202000000,2203200000
DG.PA,EUR,123.42530623213067,118.11353609304162,False,False,,,0.35,0.5,2025-12-31,18498000000,37692000000,2026-06-30,2026-09-28,True,https://eodhd.com/api/fundamentals/DG.PA#Financials.Balance_Sheet.quarterly.2026-06-30,filed,15564000000,40098000000,,4115400000,4115400000,19194000000,24534000000
DG.US,USD,68.42634828188052,70.38819542869108,False,False,fail,fail,0.5,0.5,2026-01-31,1138501000,15718656000,2026-07-31,2026-08-27,False,https://eodhd.com/api/fundamentals/DG.US#Financials.Balance_Sheet.quarterly.2026-07-31,filed,1589590000,15612594000,,1049125000,1049125000,14580155000,14023004000
DGII.US,USD,13.89565245110323,14.016221623577328,False,False,fail,fail,0.5,0.5,2025-09-30,21902000,179855000,2026-06-30,2026-08-05,False,https://eodhd.com/api/fundamentals/DGII.US#Financials.Balance_Sheet.quarterly.2026-06-30,filed,27972000,118388000,,41095000,41095000,157953000,90416000
DGX.US,USD,89.92442624911014,91.69568699536268,False,False,fail,fail,0.5,0.5,2025-12-31,420000000,6919000000,2026-06-30,2026-07-23,False,https://eodhd.com/api/fundamentals/DGX.US#Financials.Balance_Sheet.quarterly.2026-06-30,filed,626000000,6383000000,,782000000,782000000,6499000000,5757000000
DHI.US,USD,135.16250831276932,131.98522560135424,False,False,,fail,0.35,0.35,2025-09-30,2985400000,6031100000,2026-06-30,2026-07-23,False,https://eodhd.com/api/fundamentals/DHI.US#Financials.Balance_Sheet.quarterly.2026-06-30,filed,2078700000,7183600000,,2854700000,2854700000,3045700000,5104900000
DHL.XETRA,EUR,32.31916940501345,31.569583819427866,False,False,fail,fail,0.5,0.5,2025-12-31,5080000000,25450000000,2026-06-30,2026-09-28,True,https://eodhd.com/api/fundamentals/DHL.XETRA#Financials.Balance_Sheet.quarterly.2026-06-30,filed,4291000000,27972000000,,2609200000,2609200000,20370000000,23681000000
DHR.US,USD,86.4002712847392,86.00512831082183,False,False,fail,fail,0.35,0.35,2025-12-31,4615000000,18418000000,2026-06-30,2026-07-21,False,https://eodhd.com/api/fundamentals/DHR.US#Financials.Balance_Sheet.quarterly.2026-06-30,filed,4348000000,26558000000,,4552000000,4552000000,13803000000,22210000000
DIE.BR,EUR,77.0263773678738,77.07715215349138,False,False,fail,fail,0.5,0.5,2025-12-31,304800000,2246700000,2026-06-30,2026-09-28,True,https://eodhd.com/api/fundamentals/DIE.BR#Financials.Balance_Sheet.quarterly.2026-06-30,filed,307500000,2621200000,,317740000,317740000,1941900000,2313700000
DIM.PA,EUR,27.704084463603653,25.421306747624516,False,False,fail,fail,0.5,0.5,2025-12-31,434200000,2599300000,2026-06-30,2026-09-28,True,https://eodhd.com/api/fundamentals/DIM.PA#Financials.Balance_Sheet.quarterly.2026-06-30,filed,203900000,2402600000,,186580000,187300000,2165100000,2198700000
DIRR3.SA,BRL,10.17872374212352,10.683097726956666,False,False,fail,,0.5,0.5,2025-12-31,2182799000,2847323000,2026-06-30,2026-09-28,True,https://eodhd.com/api/fundamentals/DIRR3.SA#Financials.Balance_Sheet.quarterly.2026-06-30,filed,2454207000,3041410000,,374794200,374794200,664524000,587203000
DIS.US,USD,24.03215636304472,23.698235559921464,False,False,fail,fail,0.5,0.5,2025-09-30,5695000000,45423000000,2026-06-30,2026-08-05,False,https://eodhd.com/api/fundamentals/DIS.US#Financials.Balance_Sheet.quarterly.2026-06-30,filed,5185000000,46041000000,,2928000000,2928000000,39728000000,40856000000
DKSH.SW,CHF,49.7275685573818,49.19400931885971,False,False,fail,fail,0.25,0.25,2025-12-31,538400000,753000000,2026-06-30,2026-09-28,True,https://eodhd.com/api/fundamentals/DKSH.SW#Financials.Balance_Sheet.quarterly.2026-06-30,filed,503700000,762500000,,234540000,234540000,214600000,258800000
DLO.US,USD,6.283081696213198,7.367370264521705,False,False,fail,fail,0.35,0.35,2025-12-31,548099000,90283000,2026-06-30,2026-08-13,False,https://eodhd.com/api/fundamentals/DLO.US#Financials.Balance_Sheet.quarterly.2026-06-30,filed,874157000,67371000,,107159000,107159000,-457816000,-806786000
DNB.OL,NOK,234.1662679803538,,False,False,fail,,0.35,0.35,2025-12-31,162780000000,938212000000,2026-06-30,2026-09-28,True,https://eodhd.com/api/fundamentals/DNB.OL#Financials.Balance_Sheet.quarterly.2026-06-30,filed,253292000000,,book value not positive,191.9055006168658,,,
DNP.WAR,PLN,1.9748614349146363,1.7249041071473994,False,False,fail,fail,0.15,0.15,2025-12-31,956821000,755332000,2026-06-30,2026-09-28,True,https://eodhd.com/api/fundamentals/DNP.WAR#Financials.Balance_Sheet.quarterly.2026-06-30,filed,772655000,851706000,,83239400,82180600,-201489000,79051000
DOC.US,USD,6.765334587169368,8.341166585457588,False,False,fail,fail,0.5,0.5,2025-12-31,537702000,10440414000,2026-06-30,2026-08-05,False,https://eodhd.com/api/fundamentals/DOC.US#Financials.Balance_Sheet.quarterly.2026-06-30,filed,1626827000,10320380000,,336378000,336378000,9902712000,8693553000
DOCS.US,USD,6.9916980595862865,6.649327925909218,False,False,fail,fail,0.35,0.35,2026-03-31,748601000,10185000,2026-06-30,2026-08-06,False,https://eodhd.com/api/fundamentals/DOCS.US#Financials.Balance_Sheet.quarterly.2026-06-30,filed,687789000,9673000,,41049000,41049000,-738416000,-678116000
DOL.TO,CAD,42.43081049576634,42.95267994038473,False,False,fail,fail,0.5,0.5,2026-01-31,331569000,5395594000,2026-07-31,2026-09-16,False,https://eodhd.com/api/fundamentals/DOL.TO#Financials.Balance_Sheet.quarterly.2026-07-31,filed,479739000,5906188000,,583512200,583512200,5064025000,5426449000
DORM.US,USD,87.53988526804875,90.3048372902779,False,False,fail,fail,0.35,0.35,2025-12-31,49436000,633049000,2026-06-30,2026-08-04,False,https://eodhd.com/api/fundamentals/DORM.US#Financials.Balance_Sheet.quarterly.2026-06-30,filed,131982000,528253000,,138657000,138657000,583613000,396271000
DOV.US,USD,122.9225375670581,123.46161552003896,False,False,fail,fail,0.25,0.25,2025-12-31,1676808000,3778917000,2026-06-30,2026-07-23,False,https://eodhd.com/api/fundamentals/DOV.US#Financials.Balance_Sheet.quarterly.2026-06-30,filed,1755971000,3259988000,,1209289000,1209289000,2102109000,1504017000
DOX.US,USD,55.061382944866324,53.90302102368642,False,False,fail,fail,0.25,0.25,2025-09-30,324999000,826402000,2026-06-30,2026-08-18,False,https://eodhd.com/api/fundamentals/DOX.US#Financials.Balance_Sheet.quarterly.2026-06-30,filed,206451000,1087013000,,443416001,443416001,501403000,880562000
DPLM.LSE,GBP,14.448352168664032,14.351405857404433,False,False,fail,fail,0.25,0.25,2025-09-30,81700000,464900000,2026-03-31,2026-06-29,True,https://eodhd.com/api/fundamentals/DPLM.LSE#Financials.Balance_Sheet.quarterly.2026-03-31,filed,68700000,501400000,,151660000,151660000,383200000,432700000
DPZ.US,USD,318.6279608514647,310.4389882960652,False,False,,,0.5,0.5,2025-12-31,433985000,5232201000,2026-06-30,2026-07-20,False,https://eodhd.com/api/fundamentals/DPZ.US#Financials.Balance_Sheet.quarterly.2026-06-30,filed,164836000,5122853000,,481797000,481797000,4798216000,4958017000
DQ7A.IR,EUR,4.555477676480404,15.86370302033704,False,False,fail,,0.5,0.5,2025-08-31,3960000,0,2026-02-28,2026-05-29,True,https://eodhd.com/api/fundamentals/DQ7A.IR#Financials.Balance_Sheet.quarterly.2026-02-28,filed,17464000,0,,119000,119000,-3960000,-17464000
DRH.US,USD,4.851629592872528,5.03206598307301,False,False,fail,fail,0.5,0.5,2025-12-31,68084000,1185903000,2026-06-30,2026-07-30,False,https://eodhd.com/api/fundamentals/DRH.US#Financials.Balance_Sheet.quarterly.2026-06-30,filed,105980000,1196275000,,77569000,77569000,1117819000,1090295000
DRI.US,USD,146.82537381516613,146.82537381516613,False,False,fail,fail,0.5,0.5,2026-05-31,219500000,6053600000,2026-08-31,2026-09-24,False,https://eodhd.com/api/fundamentals/DRI.US#Financials.Balance_Sheet.quarterly.2026-08-31,filed,220500000,6625500000,,959100000,959100000,5834100000,6405000000
DSFIR.AS,EUR,58.509929824718164,60.16600341326811,False,False,fail,fail,0.5,0.5,2025-12-31,1903000000,5663000000,2026-06-30,2026-09-28,True,https://eodhd.com/api/fundamentals/DSFIR.AS#Financials.Balance_Sheet.quarterly.2026-06-30,filed,2308000000,6765000000,,1012000000,1012000000,3760000000,4457000000
DSGX.US,USD,27.205902627310536,27.74186673648723,False,False,fail,fail,0.35,0.35,2026-01-31,354319348,8311237,2026-07-31,2026-09-11,False,https://eodhd.com/api/fundamentals/DSGX.US#Financials.Balance_Sheet.quarterly.2026-07-31,filed,401093802,7542691,,159816651,159816651,-346008111,-393551111
DSV.CO,DKK,621.2995005867665,586.371607778071,False,False,fail,fail,0.5,0.5,2025-12-31,13179000000,122019000000,2026-06-30,2026-09-28,True,https://eodhd.com/api/fundamentals/DSV.CO#Financials.Balance_Sheet.quarterly.2026-06-30,filed,10058000000,95527000000,,7967000000,7722000000,108840000000,85469000000
DSY.PA,EUR,14.10759111373367,15.275954014154976,False,False,fail,fail,0.25,0.25,2025-12-31,4125400000,3169200000,2026-06-30,2026-09-28,True,https://eodhd.com/api/fundamentals/DSY.PA#Financials.Balance_Sheet.quarterly.2026-06-30,filed,5660100000,3377700000,,1168860000,1168860000,-956200000,-2282400000
DTE.XETRA,EUR,21.983024216297345,21.464704749904797,False,False,fail,fail,0.5,0.5,2025-12-31,7828000000,141182000000,2026-06-30,2026-09-28,True,https://eodhd.com/api/fundamentals/DTE.XETRA#Financials.Balance_Sheet.quarterly.2026-06-30,filed,5373000000,144470000000,,8015400000,8015400000,133354000000,139097000000
DTG.XETRA,EUR,50.52859573445395,49.6948085442746,False,False,,,0.5,0.5,2025-12-31,11180000000,29193000000,2026-06-30,2026-09-28,True,https://eodhd.com/api/fundamentals/DTG.XETRA#Financials.Balance_Sheet.quarterly.2026-06-30,filed,10620000000,29136000000,,2262800000,2255400000,18013000000,18516000000
DTM.US,USD,32.56057794193256,33.69872428339597,False,False,fail,fail,0.5,0.5,2025-12-31,54000000,3372000000,2026-06-30,2026-07-30,False,https://eodhd.com/api/fundamentals/DTM.US#Financials.Balance_Sheet.quarterly.2026-06-30,filed,172000000,3373000000,,266000000,266000000,3318000000,3201000000
DVA.US,USD,170.26542217243534,169.96455163951998,False,False,fail,fail,0.5,0.5,2025-12-31,700741000,12874331000,2026-06-30,2026-08-04,False,https://eodhd.com/api/fundamentals/DVA.US#Financials.Balance_Sheet.quarterly.2026-06-30,filed,688877000,10781013000,,746334000,746334000,12173590000,10092136000
DVN.US,USD,4.959753564271629,4.528153564271628,False,False,fail,fail,0.5,0.5,2025-12-31,1434000000,8783000000,2026-06-30,2026-08-05,False,https://eodhd.com/api/fundamentals/DVN.US#Financials.Balance_Sheet.quarterly.2026-06-30,filed,1009000000,11744000000,,351000000,351000000,7349000000,10735000000
DWS.XETRA,EUR,44.38344273969414,45.293442739694136,False,False,fail,fail,0.25,0.25,2025-12-31,1016000000,153000000,2026-06-30,2026-09-28,True,https://eodhd.com/api/fundamentals/DWS.XETRA#Financials.Balance_Sheet.quarterly.2026-06-30,filed,1198000000,163000000,,639000000,639000000,-863000000,-1035000000
DXCM.US,USD,25.1567520051282,25.003466329019293,False,False,fail,fail,0.5,0.5,2025-12-31,1998700000,1389700000,2026-06-30,2026-07-30,False,https://eodhd.com/api/fundamentals/DXCM.US#Financials.Balance_Sheet.quarterly.2026-06-30,filed,1947000000,1398400000,,390700000,390700000,-609000000,-548600000
EBAY.US,USD,43.26152414249981,44.09262526609532,False,False,fail,fail,0.35,0.25,2025-12-31,2919000000,7376000000,2026-06-30,2026-08-06,False,https://eodhd.com/api/fundamentals/EBAY.US#Financials.Balance_Sheet.quarterly.2026-06-30,filed,3307000000,7130000000,,1331027719.6872709,1331027719.6872709,4457000000,3823000000
EBP.WAR,PLN,388.80625305373576,350.09252016100487,False,False,fail,fail,0.5,0.5,2025-12-31,41979088000,22321659000,2026-06-30,2026-09-28,True,https://eodhd.com/api/fundamentals/EBP.WAR#Financials.Balance_Sheet.quarterly.2026-06-30,filed,11533813000,25983277000,,320.4787635623036,288.5684505133286,,
EBS.VI,EUR,92.78862302889847,,False,False,fail,,0.35,0.35,2025-12-31,41240000000,55593000000,2026-06-30,2026-09-28,True,https://eodhd.com/api/fundamentals/EBS.VI#Financials.Balance_Sheet.quarterly.2026-06-30,filed,41391000000,,book value not positive,64.05952269569886,,,
EC.US,COP,88206.27503119223,87262.22093706777,False,False,,,0.5,0.5,2025-12-31,12518630745000,109083504425000,2026-06-30,2026-09-28,True,https://eodhd.com/api/fundamentals/EC.US#Financials.Balance_Sheet.quarterly.2026-06-30,filed,10825437095000,101481702032000,,13752877000000,13752877000000,96564873680000,90656264937000
ECL.US,USD,64.42493515721303,80.3843269285907,False,False,fail,fail,0.5,0.5,2025-12-31,646200000,9429300000,2026-06-30,2026-08-06,False,https://eodhd.com/api/fundamentals/ECL.US#Financials.Balance_Sheet.quarterly.2026-06-30,filed,5135300000,13752900000,,1426000000,1426000000,8783100000,8617600000
EDEN.PA,EUR,44.50158604298492,50.41186196954191,False,False,pass,pass,0.25,0.25,2025-12-31,3577000000,4626000000,2026-06-30,2026-09-28,True,https://eodhd.com/api/fundamentals/EDEN.PA#Financials.Balance_Sheet.quarterly.2026-06-30,filed,4931000000,4888000000,,378800000,378800000,1049000000,-43000000
EDV.LSE,USD,3.2325937173628274,6.704475926930486,False,False,fail,fail,0.5,0.5,2025-12-31,451917527,683608755,2026-06-30,2026-09-28,True,https://eodhd.com/api/fundamentals/EDV.LSE#Financials.Balance_Sheet.quarterly.2026-06-30,filed,1298100000,1079700000,,21280000,21280000,231691228,-218400000
EFOR.US,USD,44.246501191949264,42.25645241146145,False,False,,,0.5,0.5,2025-12-31,161200000,1169400000,2026-06-30,2026-07-31,False,https://eodhd.com/api/fundamentals/EFOR.US#Financials.Balance_Sheet.quarterly.2026-06-30,filed,52200000,1438100000,,139300000,139300000,1008200000,1385900000
EFX.US,USD,73.71960410574845,73.56554174866042,False,False,fail,fail,0.5,0.5,2025-12-31,180800000,5093300000,2026-06-30,2026-07-21,False,https://eodhd.com/api/fundamentals/EFX.US#Financials.Balance_Sheet.quarterly.2026-06-30,filed,170100000,5467100000,,691600000,691600000,4912500000,5297000000
EG.US,USD,476.03934639146195,478.1261879387044,False,False,,,0.5,0.5,2025-12-31,19513000000,3589000000,2026-06-30,2026-08-03,False,https://eodhd.com/api/fundamentals/EG.US#Financials.Balance_Sheet.quarterly.2026-06-30,filed,3620000000,3589000000,,362.91100159941647,364.50191579974444,,
EG7.IR,EUR,28.443201624776616,28.908133243326468,False,False,,,0.5,0.5,2025-12-31,1063234000,49839000,2026-06-30,2026-09-28,True,https://eodhd.com/api/fundamentals/EG7.IR#Financials.Balance_Sheet.quarterly.2026-06-30,filed,1061814000,52773000,,11.987876258251033,12.183829680979258,,
EGIE3.SA,BRL,10.580610091878128,12.751660728008995,False,False,fail,fail,0.5,0.5,2025-12-31,3369916000,34610055000,2026-06-30,2026-09-28,True,https://eodhd.com/api/fundamentals/EGIE3.SA#Financials.Balance_Sheet.quarterly.2026-06-30,filed,6461370000,34433101000,,1788015000,1788015000,31240139000,27971731000
EGP.US,USD,96.626714955048,96.97355935236689,False,False,fail,fail,0.5,0.5,2025-12-31,1006999,1751581000,2026-06-30,2026-07-22,False,https://eodhd.com/api/fundamentals/EGP.US#Financials.Balance_Sheet.quarterly.2026-06-30,filed,33382000,1668397000,,286872000,286872000,1750574001,1635015000
EIX.US,USD,15.634624741958348,15.634624741958348,False,False,fail,fail,0.5,0.5,2025-12-31,158000000,42590000000,2026-06-30,2026-07-30,False,https://eodhd.com/api/fundamentals/EIX.US#Financials.Balance_Sheet.quarterly.2026-06-30,filed,242000000,43540000000,,395000000,395000000,42432000000,43298000000
EL.PA,EUR,81.53070559862593,78.09334944335035,False,False,fail,fail,0.35,0.35,2025-12-31,3544000000,14398000000,2026-06-30,2026-09-28,True,https://eodhd.com/api/fundamentals/EL.PA#Financials.Balance_Sheet.quarterly.2026-06-30,filed,1931000000,15316000000,,2837000000,2837000000,10854000000,13385000000
ELAN.US,USD,3.745959097771854,3.703453054258558,False,False,fail,fail,0.5,0.5,2025-12-31,545000000,4017000000,2026-06-30,2026-08-05,False,https://eodhd.com/api/fundamentals/ELAN.US#Financials.Balance_Sheet.quarterly.2026-06-30,filed,530000000,3918000000,,104000000,104000000,3472000000,3388000000
ELD.AU,AUD,3.702256337659049,3.8128943625098812,False,False,fail,fail,0.5,0.5,2025-09-30,46732000,594133000,2026-03-31,2026-06-29,True,https://eodhd.com/api/fundamentals/ELD.AU#Financials.Balance_Sheet.quarterly.2026-03-31,filed,87547000,988523000,,64118600,64118600,547401000,900976000
ELE.MC,EUR,21.882829228836332,22.578168403995445,False,False,fail,fail,0.5,0.5,2025-12-31,263000000,10895000000,2026-06-30,2026-09-28,True,https://eodhd.com/api/fundamentals/ELE.MC#Financials.Balance_Sheet.quarterly.2026-06-30,filed,1129000000,11472000000,,1788200000,1788200000,10632000000,10343000000
ELG.XETRA,EUR,94.31342190028244,93.77163809702424,False,False,fail,fail,0.5,0.5,2025-12-31,114170000,99783000,2026-06-30,2026-09-28,True,https://eodhd.com/api/fundamentals/ELG.XETRA#Financials.Balance_Sheet.quarterly.2026-06-30,filed,105714000,100909000,,78037259.24360529,78037259.24360529,-14387000,-4805000
ELIS.PA,EUR,11.309636954837998,11.535740585423156,False,False,fail,fail,0.5,0.5,2025-12-31,398100000,4121500000,2026-06-30,2026-09-28,True,https://eodhd.com/api/fundamentals/ELIS.PA#Financials.Balance_Sheet.quarterly.2026-06-30,filed,446600000,4816900000,,170760000,170760000,3723400000,4370300000
ELISA.HE,EUR,26.703725726232218,26.239019321380386,False,False,fail,fail,0.35,0.35,2025-12-31,189500000,1698000000,2026-06-30,2026-09-28,True,https://eodhd.com/api/fundamentals/ELISA.HE#Financials.Balance_Sheet.quarterly.2026-06-30,filed,114700000,1597000000,,333157734.73827726,333157734.73827726,1508500000,1482300000
ELV.US,USD,387.78788544942563,516.8206313951517,False,True,,pass,0.5,0.25,2025-12-31,9491000000,33235000000,2026-06-30,2026-07-15,False,https://eodhd.com/api/fundamentals/ELV.US#Financials.Balance_Sheet.quarterly.2026-06-30,filed,37514000000,31044000000,,4559000000,4559000000,23744000000,-6470000000
EMBJ.US,BRL,196.65809218441345,177.65979891316152,False,False,fail,fail,0.5,0.5,2025-12-31,14382054000,14853076000,2026-03-31,2026-05-08,False,https://eodhd.com/api/fundamentals/EMBJ.US#Financials.Balance_Sheet.quarterly.2026-03-31,filed,10902376000,14474088000,,1394258583.0796533,1394258583.0796533,471022000,3571712000
EME.US,USD,308.01090162795776,303.0282547614413,False,False,fail,fail,0.5,0.5,2025-12-31,1111968000,468209000,2026-06-30,2026-07-30,False,https://eodhd.com/api/fundamentals/EME.US#Financials.Balance_Sheet.quarterly.2026-06-30,filed,924411000,541928000,,659816000,659816000,-643759000,-382483000
EMG.LSE,USD,0.7371702719224263,0.7284589689197822,False,False,fail,fail,0.5,0.5,2025-12-31,291106010,284000000,2026-06-30,2026-09-28,True,https://eodhd.com/api/fundamentals/EMG.LSE#Financials.Balance_Sheet.quarterly.2026-06-30,filed,281453531,305000000,,44667427,44667427,-7106010,23546469
EMR.US,USD,88.56078704592431,89.67875047367619,False,False,fail,fail,0.35,0.35,2025-09-30,1544000000,13759000000,2026-06-30,2026-08-04,False,https://eodhd.com/api/fundamentals/EMR.US#Financials.Balance_Sheet.quarterly.2026-06-30,filed,2180000000,13802000000,,3117000000,3117000000,12215000000,11622000000
EMSN.SW,CHF,286.6220943124182,293.3957832404061,False,False,fail,fail,0.25,0.25,2025-12-31,623730000,32496000,2026-06-30,2026-09-28,True,https://eodhd.com/api/fundamentals/EMSN.SW#Financials.Balance_Sheet.quarterly.2026-06-30,filed,782160000,31774000,,491994800,491994800,-591234000,-750386000
EN.PA,EUR,37.281459143001435,31.25863189155365,False,False,fail,fail,0.5,0.5,2025-12-31,7535000000,15168000000,2026-06-30,2026-09-28,True,https://eodhd.com/api/fundamentals/EN.PA#Financials.Balance_Sheet.quarterly.2026-06-30,filed,4855000000,14697000000,,536200000,561200000,7633000000,9842000000
ENB.TO,CAD,12.463560866096742,12.517791121591126,False,False,fail,fail,0.5,0.5,2025-12-31,1177000000,106505000000,2026-06-30,2026-09-28,True,https://eodhd.com/api/fundamentals/ENB.TO#Financials.Balance_Sheet.quarterly.2026-06-30,filed,2070000000,112132000000,,2233551483,2233551483,105328000000,110062000000
ENG.MC,EUR,23.04499426390098,22.949681962865885,False,False,,,0.35,0.5,2025-12-31,745000000,2822900000,2026-06-30,2026-09-28,True,https://eodhd.com/api/fundamentals/ENG.MC#Financials.Balance_Sheet.quarterly.2026-06-30,filed,719609000,3438817000,,427649000,427649000,2077900000,2719208000
ENS.US,USD,117.33451354868807,119.86148135568129,False,False,fail,fail,0.35,0.35,2026-03-31,438675000,1189684000,2026-06-30,2026-08-12,False,https://eodhd.com/api/fundamentals/ENS.US#Financials.Balance_Sheet.quarterly.2026-06-30,filed,530663000,1038932000,,244073000,244073000,751009000,508269000
ENX.PA,EUR,85.38218007320523,82.5997287325916,False,False,fail,fail,0.35,0.25,2025-12-31,1657300000,3401100000,2026-06-30,2026-09-28,True,https://eodhd.com/api/fundamentals/ENX.PA#Financials.Balance_Sheet.quarterly.2026-06-30,filed,1382700000,3031000000,,554389400,554389400,1743800000,1648300000
EOG.US,USD,86.00816229735454,88.7294217912211,False,False,fail,fail,0.5,0.5,2025-12-31,3396000000,8408000000,2026-06-30,2026-08-04,False,https://eodhd.com/api/fundamentals/EOG.US#Financials.Balance_Sheet.quarterly.2026-06-30,filed,4907000000,8250000000,,3390540000,3390540000,5012000000,3343000000
EPD.US,USD,22.209731055847435,21.92313142147815,False,False,fail,fail,0.5,0.5,2025-12-31,1679000000,34926000000,2026-06-30,2026-08-07,False,https://eodhd.com/api/fundamentals/EPD.US#Financials.Balance_Sheet.quarterly.2026-06-30,filed,246000000,34019000000,,2817000000,2817000000,33247000000,33773000000
EPI-A.ST,SEK,144.2784305275942,142.3620206765206,False,False,fail,fail,0.15,0.15,2025-12-31,10940000000,20326000000,2026-06-30,2026-09-28,True,https://eodhd.com/api/fundamentals/EPI-A.ST#Financials.Balance_Sheet.quarterly.2026-06-30,filed,8629000000,18773000000,,9099200000,9099200000,9386000000,10144000000
EQT.US,USD,27.80678335585069,27.80678335585069,False,False,fail,fail,0.5,0.5,2025-12-31,110795000,7800328000,2026-06-30,2026-07-22,False,https://eodhd.com/api/fundamentals/EQT.US#Financials.Balance_Sheet.quarterly.2026-06-30,filed,112863000,5655714000,,1398503000,1398503000,7689533000,5542851000
EQX.US,USD,4.204393921492976,4.117022078729892,False,False,fail,fail,0.5,0.5,2025-12-31,569000616,1551850715,2026-06-30,2026-08-05,False,https://eodhd.com/api/fundamentals/EQX.US#Financials.Balance_Sheet.quarterly.2026-06-30,filed,481578000,583000000,,225347968,225347968,982850099,101422000
ERF.PA,EUR,27.086866893957044,26.07583450265908,False,False,fail,fail,0.5,0.5,2025-12-31,791000000,5432000000,2026-06-30,2026-09-28,True,https://eodhd.com/api/fundamentals/ERF.PA#Financials.Balance_Sheet.quarterly.2026-06-30,filed,618000000,5472000000,,236673075.13658,236673075.13658,4641000000,4854000000
ERIC-B.ST,SEK,87.46468974372327,86.7431327568815,False,False,fail,fail,0.5,0.5,2025-12-31,56641000000,40264000000,2026-06-30,2026-09-28,True,https://eodhd.com/api/fundamentals/ERIC-B.ST#Financials.Balance_Sheet.quarterly.2026-06-30,filed,54104000000,39478000000,,18772200000,18772200000,-16377000000,-14626000000
ERIE.US,USD,126.62876293712225,126.44771025321234,False,False,fail,fail,0.5,0.5,2025-12-31,353023000,0,2026-06-30,2026-07-30,False,https://eodhd.com/api/fundamentals/ERIE.US#Financials.Balance_Sheet.quarterly.2026-06-30,filed,344617000,63157000,,433861000,433861000,-353023000,-281460000
ESAB.US,USD,42.074955917227726,42.53262965070322,False,False,fail,fail,0.5,0.5,2025-12-31,185863000,1433315000,2026-06-30,2026-08-06,False,https://eodhd.com/api/fundamentals/ESAB.US#Financials.Balance_Sheet.quarterly.2026-06-30,filed,217491000,2423396000,,199831000,199831000,1247452000,2205905000
ESS.US,USD,172.58728706093905,172.18785927959834,False,False,fail,fail,0.5,0.5,2025-12-31,183656000,6903243000,2026-06-30,2026-07-30,False,https://eodhd.com/api/fundamentals/ESS.US#Financials.Balance_Sheet.quarterly.2026-06-30,filed,158509000,6748253000,,880117000,880117000,6719587000,6589744000
ESSITY-B.ST,SEK,173.32419801707363,169.14010946741067,False,False,fail,fail,0.35,0.35,2025-12-31,9753000000,37916000000,2026-06-30,2026-09-28,True,https://eodhd.com/api/fundamentals/ESSITY-B.ST#Financials.Balance_Sheet.quarterly.2026-06-30,filed,6873000000,42609000000,,8969400000,8969400000,28163000000,35736000000
ETN.US,USD,106.98967027761823,106.57890817669134,False,False,fail,fail,0.35,0.5,2025-12-31,803000000,11169000000,2026-06-30,2026-07-31,False,https://eodhd.com/api/fundamentals/ETN.US#Financials.Balance_Sheet.quarterly.2026-06-30,filed,695000000,21326000000,,2834000000,2834000000,10366000000,20631000000
EVK.XETRA,EUR,13.535449310586676,13.042101671101697,False,False,fail,fail,0.5,0.5,2025-12-31,619000000,3871000000,2026-06-30,2026-09-28,True,https://eodhd.com/api/fundamentals/EVK.XETRA#Financials.Balance_Sheet.quarterly.2026-06-30,filed,390000000,4465000000,,480000000,480000000,3252000000,4075000000
EVO.ST,EUR,113.0952386524843,114.96727109692114,False,False,pass,pass,0.35,0.35,2025-12-31,815103622,163327452,2026-06-30,2026-09-28,True,https://eodhd.com/api/fundamentals/EVO.ST#Financials.Balance_Sheet.quarterly.2026-06-30,filed,1156669733,90447813,,1023628600,1023628600,-651776170,-1066221920
EW.US,USD,33.4240770508095,33.453580867603385,False,False,fail,fail,0.15,0.15,2025-12-31,4226800000,705400000,2026-06-30,2026-08-04,False,https://eodhd.com/api/fundamentals/EW.US#Financials.Balance_Sheet.quarterly.2026-06-30,filed,4252700000,704400000,,715700000,715700000,-3521400000,-3548300000
EWBC.US,USD,149.8285412638435,155.9884475693225,False,False,,,0.25,0.25,2025-12-31,656125000,3173851000,2026-06-30,2026-08-07,False,https://eodhd.com/api/fundamentals/EWBC.US#Financials.Balance_Sheet.quarterly.2026-06-30,filed,21277306000,3992345000,,60.616006612520664,63.10811471285848,,
EWG.LSE,EUR,0.34765552475145745,0.3129796144424529,False,False,fail,fail,0.5,0.5,2025-12-31,116666493,351147887,2026-06-30,2026-09-28,True,https://eodhd.com/api/fundamentals/EWG.LSE#Financials.Balance_Sheet.quarterly.2026-06-30,filed,92535097,366464407,,13784200,13784200,234481394,273929310
EXE.US,USD,107.90109465874914,109.45425181999101,False,False,,,0.5,0.5,2025-12-31,960000000,5060000000,2026-06-30,2026-07-28,False,https://eodhd.com/api/fundamentals/EXE.US#Financials.Balance_Sheet.quarterly.2026-06-30,filed,1366000000,3728000000,,2017000000,2017000000,4100000000,2362000000
EXP.US,USD,60.18603542452492,58.07663576861254,False,False,fail,fail,0.5,0.5,2026-03-31,297920000,1796784000,2026-06-30,2026-07-29,False,https://eodhd.com/api/fundamentals/EXP.US#Financials.Balance_Sheet.quarterly.2026-06-30,filed,233539000,1795407000,,84111000,84111000,1498864000,1561868000
EXPD.US,USD,83.21303566574703,80.88843058769764,False,False,fail,fail,0.15,0.15,2025-12-31,1314285000,570589000,2026-06-30,2026-08-05,False,https://eodhd.com/api/fundamentals/EXPD.US#Financials.Balance_Sheet.quarterly.2026-06-30,filed,1031448000,567285000,,748201000,748201000,-743696000,-464163000
EXPE.US,USD,126.28039631320028,124.63548573021292,False,False,fail,fail,0.5,0.5,2025-12-31,7296000000,6669000000,2026-06-30,2026-08-06,False,https://eodhd.com/api/fundamentals/EXPE.US#Financials.Balance_Sheet.quarterly.2026-06-30,filed,7127000000,5685000000,,384000000,384000000,-627000000,-1442000000
EXR.US,USD,65.64872775540348,68.16070155711402,False,False,fail,fail,0.5,0.5,2025-12-31,138920000,14971748000,2026-06-30,2026-07-31,False,https://eodhd.com/api/fundamentals/EXR.US#Financials.Balance_Sheet.quarterly.2026-06-30,filed,695171000,14413839000,,1161061000,1161061000,14832828000,13718668000
EYE.US,USD,3.7655428787410425,3.7655428787410425,False,False,fail,fail,0.5,0.5,2026-01-03,38708000,694600000,2026-06-30,2026-08-13,False,https://eodhd.com/api/fundamentals/EYE.US#Financials.Balance_Sheet.quarterly.2026-06-30,filed,35998000,697010000,,21031000,21031000,655892000,661012000
EZJ.LSE,GBP,6.249406282721326,6.139711128257827,False,False,fail,fail,0.5,0.5,2025-09-30,3528000000,2926000000,2026-03-31,2026-06-29,True,https://eodhd.com/api/fundamentals/EZJ.LSE#Financials.Balance_Sheet.quarterly.2026-03-31,filed,3446000000,3012000000,,108200000,108200000,-602000000,-434000000
FAN.LSE,GBP,2.9377537933060753,3.379928557982814,False,False,fail,fail,0.35,0.35,2025-07-31,18780000,183416999,2026-01-31,2026-05-01,True,https://eodhd.com/api/fundamentals/FAN.LSE#Financials.Balance_Sheet.quarterly.2026-01-31,filed,106353000,290349000,,45944600,45944600,164636999,183996000
FANG.US,USD,220.27192409578942,220.7003223855789,False,False,,,0.5,0.5,2025-12-31,106000000,14879000000,2026-06-30,2026-08-05,False,https://eodhd.com/api/fundamentals/FANG.US#Financials.Balance_Sheet.quarterly.2026-06-30,filed,462000000,12614000000,,3176000000,3176000000,14773000000,12152000000
FAST.US,USD,19.76067245934882,19.688274920604744,False,False,fail,fail,0.15,0.15,2025-12-31,276800000,441900000,2026-06-30,2026-07-16,False,https://eodhd.com/api/fundamentals/FAST.US#Financials.Balance_Sheet.quarterly.2026-06-30,filed,204700000,441500000,,1130018048.730007,1130018048.730007,165100000,236800000
FBIN.US,USD,26.684762840469073,26.24153637140079,False,False,fail,fail,0.5,0.5,2025-12-31,264000000,2544900000,2026-06-30,2026-08-05,False,https://eodhd.com/api/fundamentals/FBIN.US#Financials.Balance_Sheet.quarterly.2026-06-30,filed,209700000,2799900000,,241900000,241900000,2280900000,2590200000
FCF.US,USD,22.666399244283348,22.994254248008236,False,False,,,0.35,0.35,2025-12-31,103280000,452335000,2026-06-30,2026-08-10,False,https://eodhd.com/api/fundamentals/FCF.US#Financials.Balance_Sheet.quarterly.2026-06-30,filed,1777070000,263030000,,11.148579563044867,11.309836653541547,,
FCN.US,USD,179.43074267684204,175.66271061057995,True,False,pass,,0.25,0.35,2025-12-31,265091000,626721000,2026-06-30,2026-07-30,False,https://eodhd.com/api/fundamentals/FCN.US#Financials.Balance_Sheet.quarterly.2026-06-30,filed,163747000,1267516000,,245358000,245358000,361630000,1103769000
FCX.US,USD,5.148781725875049,5.165118573876032,False,False,fail,fail,0.5,0.5,2025-12-31,4054000000,11502000000,2026-06-30,2026-08-06,False,https://eodhd.com/api/fundamentals/FCX.US#Financials.Balance_Sheet.quarterly.2026-06-30,filed,4080000000,10359000000,,256593241.23144436,256593241.23144436,7448000000,6279000000
FDJU.PA,EUR,32.00903544852957,29.980346134424614,True,False,pass,,0.35,0.35,2025-12-31,794100000,2261700000,2026-06-30,2026-09-28,True,https://eodhd.com/api/fundamentals/FDJU.PA#Financials.Balance_Sheet.quarterly.2026-06-30,filed,419200000,2211700000,,391420000,391420000,1467600000,1792500000
FDR.MC,EUR,13.028790217042841,13.140331272183968,False,False,fail,fail,0.5,0.5,2025-12-31,120654000,1355610999,2026-06-30,2026-09-28,True,https://eodhd.com/api/fundamentals/FDR.MC#Financials.Balance_Sheet.quarterly.2026-06-30,filed,141490000,1253518000,,190624800,190624800,1234956999,1112028000
FER.AS,EUR,21.260599744881414,20.73466182225273,False,False,fail,fail,0.5,0.5,2025-12-31,4242000000,10732000000,2026-06-30,2026-09-28,True,https://eodhd.com/api/fundamentals/FER.AS#Financials.Balance_Sheet.quarterly.2026-06-30,filed,3864000000,10657000000,,903000000,903000000,6490000000,6793000000
FFIV.US,USD,80.44858467805074,84.98852099344076,False,False,fail,fail,0.35,0.35,2025-09-30,1344273000,492540000,2026-06-30,2026-08-06,False,https://eodhd.com/api/fundamentals/FFIV.US#Financials.Balance_Sheet.quarterly.2026-06-30,filed,1605782000,252380000,,216816000,216816000,-851733000,-1353402000
FG.US,USD,26.63257575757576,,False,False,,,0.5,0.5,2025-12-31,54186000000,2237000000,2026-06-30,2026-08-06,False,https://eodhd.com/api/fundamentals/FG.US#Financials.Balance_Sheet.quarterly.2026-06-30,filed,2648000000,2239000000,book value not positive,15.704545454545455,,,
FGR.PA,EUR,272.9185926657467,259.0136969650211,False,False,pass,pass,0.5,0.5,2025-12-31,5948000000,15775000000,2026-06-30,2026-09-28,True,https://eodhd.com/api/fundamentals/FGR.PA#Financials.Balance_Sheet.quarterly.2026-06-30,filed,4597000000,15396000000,,1695800000,1695800000,9827000000,10799000000
FHZN.SW,CHF,76.0931956116304,71.04074261475375,False,False,fail,fail,0.5,0.5,2025-12-31,422200000,1692800000,2026-06-30,2026-09-28,True,https://eodhd.com/api/fundamentals/FHZN.SW#Financials.Balance_Sheet.quarterly.2026-06-30,filed,267100000,1792800000,,156057132.78763938,156057132.78763938,1270600000,1525700000
FICO.US,USD,288.45363301621217,293.37333278889554,False,False,fail,fail,0.5,0.5,2025-09-30,134136000,3074878000,2026-06-30,2026-07-29,False,https://eodhd.com/api/fundamentals/FICO.US#Financials.Balance_Sheet.quarterly.2026-06-30,filed,248444000,5598010000,,315929000,315929000,2940742000,5349566000
FII.PA,EUR,20.089716791658635,19.57172314569361,False,False,fail,fail,0.5,0.5,2025-12-31,270437000,504158000,2026-06-30,2026-09-28,True,https://eodhd.com/api/fundamentals/FII.PA#Financials.Balance_Sheet.quarterly.2026-06-30,filed,246756000,511807000,,52548335,52548335,233721000,265051000
FINV.US,CNY,50.979458101364536,46.37608167478429,False,False,pass,pass,0.5,0.5,2025-12-31,9219064000,1324818000,2026-06-30,2026-08-28,False,https://eodhd.com/api/fundamentals/FINV.US#Financials.Balance_Sheet.quarterly.2026-06-30,filed,8055760000,1575062000,,196736023,196736023,-7894246000,-6480698000
FIS.US,USD,47.2932918057971,47.51535635116084,False,False,pass,,0.25,0.5,2025-12-31,599000000,4013000000,2026-06-30,2026-08-04,False,https://eodhd.com/api/fundamentals/FIS.US#Financials.Balance_Sheet.quarterly.2026-06-30,filed,744000000,21174000000,,1930000000,1930000000,3414000000,20430000000
FISV.US,USD,75.33135029091788,75.02509330767765,False,False,,,0.5,0.5,2025-12-31,798000000,29123000000,2026-06-30,2026-08-07,False,https://eodhd.com/api/fundamentals/FISV.US#Financials.Balance_Sheet.quarterly.2026-06-30,filed,627000000,27886000000,,3222470000,3222470000,28325000000,27259000000
FITB.US,USD,45.157094242831135,62.64911686310904,False,False,fail,,0.25,0.25,2025-12-31,22375000000,14515000000,2026-06-30,2026-08-04,False,https://eodhd.com/api/fundamentals/FITB.US#Financials.Balance_Sheet.quarterly.2026-06-30,filed,88942000000,22269000000,,18.429845142090045,25.568817955090214,,
FIVE.US,USD,103.73647628871612,108.15054457512974,False,False,fail,fail,0.35,0.35,2026-01-31,932207000,2032189000,2026-07-31,2026-09-03,False,https://eodhd.com/api/fundamentals/FIVE.US#Financials.Balance_Sheet.quarterly.2026-07-31,filed,1187904000,2038638000,,253023000,253023000,1099982000,850734000
FIX.US,USD,209.58230575538198,233.1761165650724,False,False,fail,fail,0.15,0.15,2025-12-31,981898000,785948000,2026-06-30,2026-07-23,False,https://eodhd.com/api/fundamentals/FIX.US#Financials.Balance_Sheet.quarterly.2026-06-30,filed,1854794000,328033000,,310459000,310459000,-195950000,-1526761000
FLEX.US,USD,23.99163809972273,25.139273677257247,False,False,fail,fail,0.5,0.5,2026-03-31,2389000000,4316000000,2026-06-30,2026-07-31,False,https://eodhd.com/api/fundamentals/FLEX.US#Financials.Balance_Sheet.quarterly.2026-06-30,filed,2840000000,5930000000,,431000000,431000000,1927000000,3090000000
FLG.US,USD,19.593185960828674,19.709301208728455,False,False,,,0.5,0.5,2025-12-31,16254000000,12184000000,2026-06-30,2026-08-06,False,https://eodhd.com/api/fundamentals/FLG.US#Financials.Balance_Sheet.quarterly.2026-06-30,filed,16969000000,10937000000,,18.688863495491255,18.79961945024423,,
FLRY3.SA,BRL,7.789547163140942,7.28687581290317,False,False,fail,fail,0.5,0.5,2025-12-31,2162391000,5271443000,2026-06-30,2026-09-28,True,https://eodhd.com/api/fundamentals/FLRY3.SA#Financials.Balance_Sheet.quarterly.2026-06-30,filed,1899129000,5408985000,,380776800,380776800,3109052000,3509856000
FLS.CO,DKK,19.039235424172617,20.080220078860712,False,False,fail,fail,0.5,0.5,2025-12-31,594000000,2571000000,2026-06-30,2026-09-28,True,https://eodhd.com/api/fundamentals/FLS.CO#Financials.Balance_Sheet.quarterly.2026-06-30,filed,652000000,2836000000,,57000000,57000000,1977000000,2184000000
FLS.US,USD,22.63548134550386,22.420930298787706,False,False,fail,fail,0.5,0.5,2025-12-31,760183000,1760273000,2026-06-30,2026-07-29,False,https://eodhd.com/api/fundamentals/FLS.US#Financials.Balance_Sheet.quarterly.2026-06-30,filed,731007000,2318345000,,177825000,177825000,1000090000,1587338000
FMS.US,EUR,36.28217124540203,36.00852483527607,False,False,,,0.5,0.5,2025-12-31,1599000000,10795000000,2026-06-30,2026-08-04,False,https://eodhd.com/api/fundamentals/FMS.US#Financials.Balance_Sheet.quarterly.2026-06-30,filed,1449351000,10963345000,,1455592482,1455592482,9196000000,9513994000
FN.US,USD,131.0144182547805,131.0144182547805,False,False,fail,fail,0.15,0.15,2026-06-26,875055000,4013000,2026-06-30,2026-08-18,False,https://eodhd.com/api/fundamentals/FN.US#Financials.Balance_Sheet.quarterly.2026-06-30,filed,875055000,4013000,,184713000,184713000,-871042000,-871042000
FNTN.XETRA,EUR,29.292497956478602,28.50765704560273,False,False,,,0.35,0.35,2025-12-31,168200000,829200000,2026-06-30,2026-09-28,True,https://eodhd.com/api/fundamentals/FNTN.XETRA#Financials.Balance_Sheet.quarterly.2026-06-30,filed,81600000,836400000,,268269400,268269400,661000000,754800000
FNV.TO,USD,76.35197601327238,,False,False,fail,,0.5,0.5,2025-12-31,669679062,8584349,2026-06-30,2026-09-28,True,https://eodhd.com/api/fundamentals/FNV.TO#Financials.Balance_Sheet.quarterly.2026-06-30,filed,1012551291,,net cash unavailable,725700000,,-661094713,
FORTUM.HE,EUR,10.720200675788442,9.816342302215162,False,False,fail,fail,0.5,0.5,2025-12-31,2903000000,4833000000,2026-06-30,2026-09-28,True,https://eodhd.com/api/fundamentals/FORTUM.HE#Financials.Balance_Sheet.quarterly.2026-06-30,filed,2102000000,3864000000,,548000000,548000000,1930000000,1762000000
FOUR.LSE,USD,74.18378659657867,74.35359545431305,False,False,,,0.5,0.5,2025-12-31,132848378,3401237,2026-06-30,2026-09-28,True,https://eodhd.com/api/fundamentals/FOUR.LSE#Financials.Balance_Sheet.quarterly.2026-06-30,filed,137610672,2915053,,101702187.47493795,101702187.47493795,-129447141,-134695619
FPE3.XETRA,EUR,33.32239739294956,32.87980197310223,False,False,fail,fail,0.25,0.25,2025-12-31,244000000,93000000,2026-06-30,2026-09-28,True,https://eodhd.com/api/fundamentals/FPE3.XETRA#Financials.Balance_Sheet.quarterly.2026-06-30,filed,190000000,177000000,,289795000,289795000,-151000000,-13000000
FPH.US,USD,13.648375449485624,12.557688476727327,False,False,pass,pass,0.5,0.5,2025-12-31,426538000,518073000,2026-06-30,2026-07-24,False,https://eodhd.com/api/fundamentals/FPH.US#Financials.Balance_Sheet.quarterly.2026-06-30,filed,348382000,444048000,,44655000,44655000,91535000,95666000
FR.PA,EUR,24.808165478550507,27.00245621062907,False,False,,,0.5,0.5,2025-12-31,2567000000,6561000000,2026-06-30,2026-09-28,True,https://eodhd.com/api/fundamentals/FR.PA#Financials.Balance_Sheet.quarterly.2026-06-30,filed,3097000000,6887000000,,309000000,309000000,3994000000,3790000000
FRE.XETRA,EUR,11.98286321575849,11.420684516069903,False,False,fail,fail,0.5,0.5,2025-12-31,1585000000,11933000000,2026-06-30,2026-09-28,True,https://eodhd.com/api/fundamentals/FRE.XETRA#Financials.Balance_Sheet.quarterly.2026-06-30,filed,1279000000,11417000000,,452000000,452000000,10348000000,10138000000
FRLOF.US,SGD,0.5630064282322838,0.5338417952585905,False,False,fail,fail,0.5,0.5,2025-09-30,231865420,2643098000,2026-03-31,2026-06-29,True,https://eodhd.com/api/fundamentals/FRLOF.US#Financials.Balance_Sheet.quarterly.2026-03-31,filed,120788732,2489202141,,154522060.3954937,154522060.3954937,2411232580,2368413409
FRO.US,USD,42.03587843614305,42.277996577013994,False,False,fail,fail,0.5,0.5,2025-12-31,253414000,3067745000,2026-06-30,2026-09-16,False,https://eodhd.com/api/fundamentals/FRO.US#Financials.Balance_Sheet.quarterly.2026-06-30,filed,322307000,2434842000,,470837000,470837000,2814331000,2112535000
FRT.US,USD,49.40484653790787,48.46296903062511,False,False,fail,fail,0.5,0.5,2025-12-31,107415000,5028307000,2026-06-30,2026-07-31,False,https://eodhd.com/api/fundamentals/FRT.US#Financials.Balance_Sheet.quarterly.2026-06-30,filed,-107246000,4851821000,,304264000,304264000,4920892000,4959067000
FSLR.US,USD,92.87041972057065,82.35931573097426,False,False,fail,fail,0.5,0.5,2025-12-31,2855363000,498572000,2026-06-30,2026-07-30,False,https://eodhd.com/api/fundamentals/FSLR.US#Financials.Balance_Sheet.quarterly.2026-06-30,filed,1726964000,194010000,,524457924.57635677,524457924.57635677,-2356791000,-1532954000
FSM.US,USD,5.827184688062638,5.99584474580264,False,False,fail,fail,0.5,0.5,2025-12-31,559724528,266497129,2026-06-30,2026-08-06,False,https://eodhd.com/api/fundamentals/FSM.US#Financials.Balance_Sheet.quarterly.2026-06-30,filed,614385000,234166000,,60956000,60956000,-293227399,-380219000
FSV.TO,USD,35.26631077466776,35.7737072592382,False,False,fail,fail,0.5,0.5,2025-12-31,179762262,1384382000,2026-06-30,2026-09-28,True,https://eodhd.com/api/fundamentals/FSV.TO#Financials.Balance_Sheet.quarterly.2026-06-30,filed,200811024,1556763165,,118368560,118368560,1204619738,1355952141
FTK.XETRA,EUR,17.140458439972484,25.245259726310614,False,False,fail,fail,0.35,0.35,2025-12-31,4707600000,123800000,2026-06-30,2026-09-28,True,https://eodhd.com/api/fundamentals/FTK.XETRA#Financials.Balance_Sheet.quarterly.2026-06-30,filed,4618800000,160700000,,4.285114609993121,6.311314931577654,,
FTNT.US,USD,33.13585365300957,33.77989782210451,False,False,fail,fail,0.5,0.5,2025-12-31,3582500000,996300000,2026-06-30,2026-07-30,False,https://eodhd.com/api/fundamentals/FTNT.US#Financials.Balance_Sheet.quarterly.2026-06-30,filed,4069600000,496900000,,1074400000,1074400000,-2586200000,-3572700000
FTV.US,USD,29.041567200829537,29.092014683510087,False,False,fail,fail,0.35,0.35,2025-12-31,375500000,3206000000,2026-06-30,2026-07-29,False,https://eodhd.com/api/fundamentals/FTV.US#Financials.Balance_Sheet.quarterly.2026-06-30,filed,374200000,3509300000,,683300000,683300000,2830500000,3135100000
FUL.US,USD,37.96940869525703,37.77665031751338,False,False,fail,fail,0.5,0.5,2025-11-29,107213000,2016937000,2026-08-31,2026-09-24,False,https://eodhd.com/api/fundamentals/FUL.US#Financials.Balance_Sheet.quarterly.2026-08-31,filed,97230000,2054547000,,165957000,165957000,1909724000,1957317000
FULT.US,USD,24.65218909901816,21.836533494112675,False,False,,fail,0.25,0.25,2025-12-31,3406686000,1297375000,2026-06-30,2026-08-07,False,https://eodhd.com/api/fundamentals/FULT.US#Financials.Balance_Sheet.quarterly.2026-06-30,filed,6385826000,1713976000,,15.072171314662883,13.350699705396492,,
FWONK.US,USD,14.615588342781408,16.2623614864985,False,False,fail,fail,0.5,0.5,2025-12-31,1055000000,5124000000,2026-06-30,2026-08-06,False,https://eodhd.com/api/fundamentals/FWONK.US#Financials.Balance_Sheet.quarterly.2026-06-30,filed,1465000000,4924000000,,217000000,217000000,4069000000,3459000000
G.US,USD,57.080016113271974,52.97456632881206,True,True,pass,pass,0.25,0.25,2025-12-31,1203836000,1764497000,2026-06-30,2026-08-07,False,https://eodhd.com/api/fundamentals/G.US#Financials.Balance_Sheet.quarterly.2026-06-30,filed,517387000,1414616000,,458306000,458306000,560661000,897229000
G1A.XETRA,EUR,25.22837958053424,23.39837789209941,False,False,fail,fail,0.5,0.5,2025-12-31,628175000,246984000,2026-06-30,2026-09-28,True,https://eodhd.com/api/fundamentals/G1A.XETRA#Financials.Balance_Sheet.quarterly.2026-06-30,filed,333155000,327220000,,288564002.95277745,288564002.95277745,-381191000,-5935000
G24.XETRA,EUR,31.474168499153063,31.272864451172406,False,False,fail,fail,0.25,0.25,2025-12-31,49497000,149596000,2026-06-30,2026-09-28,True,https://eodhd.com/api/fundamentals/G24.XETRA#Financials.Balance_Sheet.quarterly.2026-06-30,filed,36458000,436093000,,173298400,173298400,100099000,399635000
GALE.SW,CHF,39.27126908545412,38.613065664414336,False,False,fail,fail,0.5,0.5,2025-12-31,115507000,1060963000,2026-06-30,2026-09-28,True,https://eodhd.com/api/fundamentals/GALE.SW#Financials.Balance_Sheet.quarterly.2026-06-30,filed,39605000,1126794000,,154685800,154685800,945456000,1087189000
GAMA.LSE,GBP,15.404022629166139,15.382742477753606,True,True,pass,pass,0.15,0.15,2025-12-31,23700000,50600000,2026-06-30,2026-09-07,False,https://gammagroup.co/wp-content/uploads/2026/09/HY-RNS-2026-Final.pdf,filed,21800000,40300000,,64420000,64420000,26900000,18500000
GBF.XETRA,EUR,73.62325277825832,65.78757329802009,False,False,,,0.5,0.5,2025-12-31,519200000,373600000,2026-06-30,2026-09-28,True,https://eodhd.com/api/fundamentals/GBF.XETRA#Financials.Balance_Sheet.quarterly.2026-06-30,filed,232600000,222500000,,185650000,185650000,-145600000,-10100000
GCARSOA1.MX,MXN,45.66455697663166,46.5454354622537,False,False,fail,fail,0.35,0.35,2025-12-31,23596663000,36807949000,2026-06-30,2026-09-28,True,https://eodhd.com/api/fundamentals/GCARSOA1.MX#Financials.Balance_Sheet.quarterly.2026-06-30,filed,25581208000,48192700000,,6867521600,6867521600,13211286000,22611492000
GCC.MX,USD,4.487274461044281,4.006067996797383,False,False,fail,fail,0.25,0.25,2025-12-31,969456000,621998000,2026-06-30,2026-09-28,True,https://eodhd.com/api/fundamentals/GCC.MX#Financials.Balance_Sheet.quarterly.2026-06-30,filed,812504000,657690000,,62896683.759148896,62896683.759148896,-347458000,-154814000
GD.US,USD,179.27966890773268,186.41285620236576,False,False,fail,fail,0.25,0.25,2025-12-31,2333000000,9789000000,2026-06-30,2026-07-29,False,https://eodhd.com/api/fundamentals/GD.US#Financials.Balance_Sheet.quarterly.2026-06-30,filed,4333000000,9479000000,,3134000000,3134000000,7456000000,5146000000
GDDY.US,USD,71.57550217410623,72.140376212407,False,False,fail,fail,0.5,0.5,2025-12-31,1080900000,3862600000,2026-06-30,2026-07-31,False,https://eodhd.com/api/fundamentals/GDDY.US#Financials.Balance_Sheet.quarterly.2026-06-30,filed,1155500000,3841400000,,649900000,649900000,2781700000,2685900000
GE.US,USD,91.07288674326963,88.04320905097235,False,False,fail,fail,0.5,0.5,2025-12-31,12392000000,20494000000,2026-06-30,2026-07-16,False,https://eodhd.com/api/fundamentals/GE.US#Financials.Balance_Sheet.quarterly.2026-06-30,filed,9345000000,19157000000,,6675000000,6675000000,8102000000,9812000000
GEBN.SW,CHF,251.67193744676652,238.37709015193263,False,False,fail,fail,0.15,0.15,2025-12-31,585800000,1354800000,2026-06-30,2026-09-28,True,https://eodhd.com/api/fundamentals/GEBN.SW#Financials.Balance_Sheet.quarterly.2026-06-30,filed,155600000,1490000000,,586400000,586400000,769000000,1334400000
GEHC.US,USD,61.64385647270265,56.36928332400219,False,False,fail,fail,0.25,0.35,2025-12-31,4512000000,10003000000,2026-06-30,2026-07-29,False,https://eodhd.com/api/fundamentals/GEHC.US#Financials.Balance_Sheet.quarterly.2026-06-30,filed,2105000000,10093000000,,1925000000,1925000000,5491000000,7988000000
GEN.LSE,GBP,1.9643893937192756,1.8822714740289586,False,False,fail,fail,0.5,0.5,2025-12-31,44800000,252900000,2026-06-30,2026-09-28,True,https://eodhd.com/api/fundamentals/GEN.LSE#Financials.Balance_Sheet.quarterly.2026-06-30,filed,24100000,241100000,,37180000,37180000,208100000,217000000
GEN.US,USD,19.91093787642461,20.17893566358683,False,False,fail,fail,0.5,0.5,2026-03-31,402000000,8260000000,2026-06-30,2026-08-07,False,https://eodhd.com/api/fundamentals/GEN.US#Financials.Balance_Sheet.quarterly.2026-06-30,filed,564000000,8176000000,,934000000,934000000,7858000000,7612000000
GENTERA.MX,MXN,34.78467155844929,,False,False,fail,,0.5,0.5,2025-12-31,11741000000,31737000000,2026-06-30,2026-09-28,True,https://eodhd.com/api/fundamentals/GENTERA.MX#Financials.Balance_Sheet.quarterly.2026-06-30,filed,14997046447,,net cash unavailable,5075840024,,19996000000,
GET.PA,EUR,10.589547269460128,10.336999452793888,False,False,fail,fail,0.5,0.5,2025-12-31,1498000000,5115000000,2026-06-30,2026-09-28,True,https://eodhd.com/api/fundamentals/GET.PA#Financials.Balance_Sheet.quarterly.2026-06-30,filed,1361000000,5096000000,,344000000,344000000,3617000000,3735000000
GETI-B.ST,SEK,133.70278202958042,128.8037843426105,False,False,fail,fail,0.5,0.5,2025-12-31,3401000000,10884000000,2026-06-30,2026-09-28,True,https://eodhd.com/api/fundamentals/GETI-B.ST#Financials.Balance_Sheet.quarterly.2026-06-30,filed,2052000000,11100000000,,2710800000,2710800000,7483000000,9048000000
GFI.US,USD,12.591907710305172,13.059026666989855,False,False,fail,fail,0.5,0.5,2025-12-31,1779199110,3221200000,2026-06-30,2026-08-26,False,https://eodhd.com/api/fundamentals/GFI.US#Financials.Balance_Sheet.quarterly.2026-06-30,filed,2196998713,2634378548,,776600000,776600000,1442000890,437379835
GFINBURO.MX,MXN,35.22585944425191,35.76349744634741,False,False,fail,fail,0.25,0.25,2025-12-31,41954000000,43828000000,2026-06-30,2026-09-28,True,https://eodhd.com/api/fundamentals/GFINBURO.MX#Financials.Balance_Sheet.quarterly.2026-06-30,filed,25205846205,,,45.743197671895764,46.44135754063363,,
GFNORTEO.MX,MXN,161.46313399154081,160.90740351815782,False,False,fail,fail,0.25,0.25,2025-12-31,100295000000,153459000000,2026-06-30,2026-09-28,True,https://eodhd.com/api/fundamentals/GFNORTEO.MX#Financials.Balance_Sheet.quarterly.2026-06-30,filed,92632590508,,,75.69287023846037,75.43234739606625,,
GFTU.LSE,GBP,13.567352998141624,13.025907780503807,False,False,,,0.35,0.35,2025-12-31,495764000,619147000,2026-06-30,2026-09-28,True,https://eodhd.com/api/fundamentals/GFTU.LSE#Financials.Balance_Sheet.quarterly.2026-06-30,filed,394912000,710288000,,167379200,167379200,123383000,315376000
GGG.US,USD,52.13994280693058,51.416772973040146,False,False,fail,fail,0.15,0.15,2025-12-26,624083000,60958000,2026-06-30,2026-07-22,False,https://eodhd.com/api/fundamentals/GGG.US#Financials.Balance_Sheet.quarterly.2026-06-30,filed,507575000,45230000,,406213609.4351741,406213609.4351741,-563125000,-462345000
GHC.US,USD,1387.8470634980163,1362.0004547625945,False,False,,,0.5,0.5,2025-12-31,1355958000,1733962000,2026-06-30,2026-07-30,False,https://eodhd.com/api/fundamentals/GHC.US#Financials.Balance_Sheet.quarterly.2026-06-30,filed,1246067000,1338627000,,386847000,386847000,378004000,92560000
GHM.US,USD,3.7928799551582877,5.501650817436684,False,False,fail,fail,0.5,0.5,2026-03-31,6580000,18387000,2026-06-30,2026-08-06,False,https://eodhd.com/api/fundamentals/GHM.US#Financials.Balance_Sheet.quarterly.2026-06-30,filed,26953000,6792000,,2862997.3786594197,2862997.3786594197,11807000,-20161000
GIB-A.TO,CAD,104.80088203200101,103.61869877061548,False,False,,,0.25,0.25,2025-09-30,867884000,4470510000,2026-06-30,2026-09-28,True,https://eodhd.com/api/fundamentals/GIB-A.TO#Financials.Balance_Sheet.quarterly.2026-06-30,filed,633424000,4337091000,,1425594568.5211952,1425594568.5211952,3602626000,3703667000
GIGNF.US,SGD,0.3503844476861372,0.3298033147773373,False,False,fail,fail,0.35,0.35,2025-12-31,3197953942,2572000,2026-06-30,2026-09-28,True,https://eodhd.com/api/fundamentals/GIGNF.US#Financials.Balance_Sheet.quarterly.2026-06-30,filed,2948914000,1478000,,87458000,87458000,-3195381942,-2947436000
GIVN.SW,CHF,1227.7125750931486,1181.5653135485609,False,False,fail,fail,0.35,0.5,2025-12-31,742000000,4416000000,2026-06-30,2026-09-28,True,https://eodhd.com/api/fundamentals/GIVN.SW#Financials.Balance_Sheet.quarterly.2026-06-30,filed,316000000,4912000000,,863600000,863600000,3674000000,4596000000
GL9.IR,USD,12.188061744962297,11.710179350338384,False,False,fail,fail,0.5,0.5,2025-12-31,491200000,1017200000,2026-06-30,2026-09-28,True,https://eodhd.com/api/fundamentals/GL9.IR#Financials.Balance_Sheet.quarterly.2026-06-30,filed,375700000,1207900000,,203700000,203700000,526000000,832200000
GLE.PA,EUR,33.05408341815738,33.814039482721036,False,False,fail,fail,0.5,0.5,2025-12-31,369173000000,167072000000,2026-06-30,2026-09-28,True,https://eodhd.com/api/fundamentals/GLE.PA#Financials.Balance_Sheet.quarterly.2026-06-30,filed,404009000000,172398000000,,85.40790801966968,87.37154612271833,,
GLEN.LSE,USD,0.952249073806359,0.952249073806359,False,False,fail,fail,0.5,0.5,2025-12-31,2946073000,41486000000,2026-06-30,2026-09-28,True,https://eodhd.com/api/fundamentals/GLEN.LSE#Financials.Balance_Sheet.quarterly.2026-06-30,filed,3644823000,45490932000,,897766109,897766109,38539927000,41846109000
GLOB.US,USD,48.30186761571635,46.48522050309841,False,False,,,0.35,0.35,2025-12-31,250336000,473645000,2026-06-30,2026-08-13,False,https://eodhd.com/api/fundamentals/GLOB.US#Financials.Balance_Sheet.quarterly.2026-06-30,filed,168815000,517854000,,101143000,101143000,223309000,349039000
GLW.US,USD,20.64450351689058,21.751132346304875,False,False,fail,fail,0.5,0.5,2025-12-31,1526000000,10223000000,2026-06-30,2026-07-29,False,https://eodhd.com/api/fundamentals/GLW.US#Financials.Balance_Sheet.quarterly.2026-06-30,filed,2504000000,9379000000,,1053000000,1053000000,8697000000,6875000000
GM.US,USD,46.25083989406963,43.031328972251664,False,False,fail,fail,0.5,0.5,2025-12-31,27669000000,130277000000,2026-06-30,2026-07-21,False,https://eodhd.com/api/fundamentals/GM.US#Financials.Balance_Sheet.quarterly.2026-06-30,filed,24719000000,127697000000,,1492000000,1492000000,102608000000,102978000000
GMAB.CO,USD,160.34658516663478,157.3721673271967,False,False,fail,fail,0.5,0.5,2025-12-31,1715000000,5547886094,2026-06-30,2026-09-28,True,https://eodhd.com/api/fundamentals/GMAB.CO#Financials.Balance_Sheet.quarterly.2026-06-30,filed,1503000000,5273000000,,672651799,675451799,3832886094,3770000000
GMEXICOB.MX,USD,4.957549268783017,5.347948718084559,False,False,fail,fail,0.5,0.5,2025-12-31,10245134000,9854357000,2026-06-30,2026-09-28,True,https://eodhd.com/api/fundamentals/GMEXICOB.MX#Financials.Balance_Sheet.quarterly.2026-06-30,filed,13300060000,11952305000,,3481618000,3481618000,-390777000,-1347755000
GN.CO,DKK,83.05850344299873,81.44174703955281,False,False,fail,fail,0.5,0.5,2025-12-31,1119000000,10815000000,2026-06-30,2026-09-28,True,https://eodhd.com/api/fundamentals/GN.CO#Financials.Balance_Sheet.quarterly.2026-06-30,filed,806000000,10548000000,,909600000,909600000,9696000000,9742000000
GNC.LSE,GBP,0.7729662432749915,0.9177631400098888,False,False,fail,fail,0.5,0.5,2025-09-30,81800000,207700000,2026-03-31,2026-06-29,True,https://eodhd.com/api/fundamentals/GNC.LSE#Financials.Balance_Sheet.quarterly.2026-03-31,filed,197700000,1147600000,,46300000,46300000,125900000,949900000
GNRC.US,USD,32.6965998082729,31.323787448243042,False,False,fail,fail,0.5,0.5,2025-12-31,341413000,1333066000,2026-06-30,2026-08-04,False,https://eodhd.com/api/fundamentals/GNRC.US#Financials.Balance_Sheet.quarterly.2026-06-30,filed,264921000,1513703000,,134592000,134592000,991653000,1248782000
GNTX.US,USD,23.93351844197442,24.360398067301784,False,False,,,0.25,0.5,2025-12-31,151032281,3795925,2026-06-30,2026-08-04,False,https://eodhd.com/api/fundamentals/GNTX.US#Financials.Balance_Sheet.quarterly.2026-06-30,filed,242810933,3706980000,,348191549,348191549,-147236356,3464169067
GOOGL.US,USD,106.03445406933035,115.41883768101438,False,False,fail,fail,0.25,0.25,2025-12-31,126843000000,66997000000,2026-06-30,2026-07-23,False,https://eodhd.com/api/fundamentals/GOOGL.US#Financials.Balance_Sheet.quarterly.2026-06-30,filed,242474000000,112756000000,,60657000000,60657000000,-59846000000,-129718000000
GOOS.US,CAD,15.510015938698718,13.437197359203683,False,False,,,0.5,0.5,2026-03-31,409254896,787229164,2026-06-30,2026-07-30,False,https://eodhd.com/api/fundamentals/GOOS.US#Financials.Balance_Sheet.quarterly.2026-06-30,filed,206989645,833761095,,80267470,80267470,377974268,626771450
GPC.US,USD,7.693974298330649,8.112423023592447,False,False,fail,fail,0.5,0.5,2025-12-31,477179000,8274707000,2026-06-30,2026-07-21,False,https://eodhd.com/api/fundamentals/GPC.US#Financials.Balance_Sheet.quarterly.2026-06-30,filed,559118000,6652785000,,85283000,85283000,7797528000,6093667000
GPN.US,USD,54.96774360575695,43.716749523297295,False,False,fail,fail,0.5,0.5,2025-12-31,8336402000,21865376000,2026-06-30,2026-08-05,False,https://eodhd.com/api/fundamentals/GPN.US#Financials.Balance_Sheet.quarterly.2026-06-30,filed,5408962000,22418326000,,511622000,511622000,13528974000,17009364000
GRF.MC,EUR,1.6715124993014638,1.238899938633727,False,False,fail,fail,0.5,0.5,2025-12-31,825486000,9566000000,2026-06-30,2026-09-28,True,https://eodhd.com/api/fundamentals/GRF.MC#Financials.Balance_Sheet.quarterly.2026-06-30,filed,529000000,8517000000,,37194200,37194200,8740514000,7988000000
GRI.LSE,GBP,1.9273252516626012,2.015107356919877,False,False,,,0.5,0.5,2025-09-30,85800000,1596400000,2026-03-31,2026-06-29,True,https://eodhd.com/api/fundamentals/GRI.LSE#Financials.Balance_Sheet.quarterly.2026-03-31,filed,150900000,1663500000,,108440000,108440000,1510600000,1512600000
GRMN.US,USD,143.95218763904225,143.53645634543793,False,False,fail,fail,0.15,0.15,2025-12-31,2737848000,195988000,2026-06-30,2026-07-29,False,https://eodhd.com/api/fundamentals/GRMN.US#Financials.Balance_Sheet.quarterly.2026-06-30,filed,2666190000,177957000,,1188214000,1188214000,-2541860000,-2488233000
GRUMAB.MX,USD,11.207309524991606,11.50750935579023,False,False,fail,fail,0.35,0.35,2025-12-31,409692711,2160342052,2026-06-30,2026-09-28,True,https://eodhd.com/api/fundamentals/GRUMAB.MX#Financials.Balance_Sheet.quarterly.2026-06-30,filed,515436000,2117052000,,442387000,442387000,1750649341,1601616000
GS.US,USD,443.8080798299093,426.1204984420478,False,False,fail,fail,0.5,0.5,2025-12-31,624527000000,609534000000,2026-06-30,2026-08-03,False,https://eodhd.com/api/fundamentals/GS.US#Financials.Balance_Sheet.quarterly.2026-06-30,filed,746286000000,741874000000,,405.8811983352432,389.70515951209063,,
GSK.LSE,GBP,14.219012590016082,14.203110539797464,False,False,fail,fail,0.35,0.35,2025-12-31,3159000000,17720000000,2026-06-30,2026-09-28,True,https://eodhd.com/api/fundamentals/GSK.LSE#Financials.Balance_Sheet.quarterly.2026-06-30,filed,3106000000,18238000000,,4379600000,4379600000,14561000000,15132000000
GTES.US,USD,19.637246227763832,19.676288986973812,False,False,fail,fail,0.35,0.35,2025-12-31,812100000,2509900000,2026-06-30,2026-07-31,False,https://eodhd.com/api/fundamentals/GTES.US#Financials.Balance_Sheet.quarterly.2026-06-30,filed,823500000,2362800000,,351600000,351600000,1697800000,1539300000
GTT.PA,EUR,102.01716218050721,102.96110001351667,False,False,fail,fail,0.25,0.25,2025-12-31,346900000,126300000,2026-06-30,2026-09-28,True,https://eodhd.com/api/fundamentals/GTT.PA#Financials.Balance_Sheet.quarterly.2026-06-30,filed,381900000,104700000,,177738454.3945836,177738454.3945836,-220600000,-277200000
GWW.US,USD,581.2940636382917,580.9955558080238,False,False,fail,fail,0.15,0.15,2025-12-31,585000000,3163000000,2026-06-30,2026-08-04,False,https://eodhd.com/api/fundamentals/GWW.US#Financials.Balance_Sheet.quarterly.2026-06-30,filed,589000000,2797000000,,1315053218.3943121,1315053218.3943121,2578000000,2208000000
HAL.US,USD,19.34733724262004,19.154742004524802,False,False,fail,fail,0.5,0.5,2025-12-31,2206000000,8133000000,2026-06-30,2026-07-24,False,https://eodhd.com/api/fundamentals/HAL.US#Financials.Balance_Sheet.quarterly.2026-06-30,filed,2048000000,8199000000,,1165000000,1165000000,5927000000,6151000000
HBAN.SW,CHF,19.2927659082999,93.04133619709933,False,False,fail,fail,0.35,0.35,2025-12-31,4530900000,4505600000,2026-06-30,2026-09-28,True,https://eodhd.com/api/fundamentals/HBAN.SW#Financials.Balance_Sheet.quarterly.2026-06-30,filed,4042200000,6654600000,,9.803528185466716,47.27851704401497,,
HBR.LSE,USD,6.724737767951307,6.932784694733965,False,False,,,0.5,0.5,2025-12-31,1331484880,870316939,2026-06-30,2026-09-28,True,https://eodhd.com/api/fundamentals/HBR.LSE#Financials.Balance_Sheet.quarterly.2026-06-30,filed,1643000000,7668000000,,718940000,718940000,-461167941,6025000000
HCA.US,USD,416.7125732643561,416.7125732643561,False,False,fail,fail,0.5,0.5,2025-12-31,1040000000,48697000000,2026-06-30,2026-07-28,False,https://eodhd.com/api/fundamentals/HCA.US#Financials.Balance_Sheet.quarterly.2026-06-30,filed,1013000000,48776000000,,5012000000,5012000000,47657000000,47763000000
HD.US,USD,260.99369727267975,260.99369727267975,False,False,fail,fail,0.35,0.35,2026-01-31,1389000000,65350000000,2026-07-31,2026-08-25,False,https://eodhd.com/api/fundamentals/HD.US#Financials.Balance_Sheet.quarterly.2026-07-31,filed,2085000000,62567000000,,13634000000,13634000000,63961000000,60482000000
HE.US,USD,8.307605789309136,3.996308286751585,False,False,fail,fail,0.5,0.5,2025-12-31,980746000,2958843000,2026-06-30,2026-08-07,False,https://eodhd.com/api/fundamentals/HE.US#Financials.Balance_Sheet.quarterly.2026-06-30,filed,238732000,2816809000,,41677000,41677000,1978097000,2578077000
HEI-A.US,USD,53.49464594606892,53.56078756241788,False,False,fail,fail,0.35,0.35,2025-10-31,217781000,2193681000,2026-07-31,2026-08-27,False,https://eodhd.com/api/fundamentals/HEI-A.US#Financials.Balance_Sheet.quarterly.2026-07-31,filed,240959000,2541173000,,467187000,467187000,1975900000,2300214000
HEIA.AS,EUR,47.17763022277966,43.7132207859567,False,False,fail,fail,0.5,0.5,2025-12-31,4773000000,20449000000,2026-06-30,2026-09-28,True,https://eodhd.com/api/fundamentals/HEIA.AS#Financials.Balance_Sheet.quarterly.2026-06-30,filed,2831000000,20644000000,,1788800000,1788800000,15676000000,17813000000
HEN.XETRA,EUR,54.1463533665179,56.30517270594872,False,False,fail,fail,0.25,0.25,2025-12-31,3113000000,3708000000,2026-06-30,2026-09-28,True,https://eodhd.com/api/fundamentals/HEN.XETRA#Financials.Balance_Sheet.quarterly.2026-06-30,filed,3987000000,6091000000,,1545200000,1545200000,595000000,2104000000
HEXA-B.ST,EUR,3.6638449733809106,4.191557560469543,False,False,fail,fail,0.35,0.25,2025-12-31,758200000,4114100000,2026-06-30,2026-09-28,True,https://eodhd.com/api/fundamentals/HEXA-B.ST#Financials.Balance_Sheet.quarterly.2026-06-30,filed,2161500000,2644300000,,738540000,738540000,3355900000,482800000
HIAB.HE,EUR,35.00107478149058,,False,False,fail,,0.5,0.5,2025-12-31,459700000,250800000,2026-06-30,2026-09-28,True,https://eodhd.com/api/fundamentals/HIAB.HE#Financials.Balance_Sheet.quarterly.2026-06-30,filed,1314200000,,net cash unavailable,146380000,,-208900000,
HIG.US,USD,152.07052737028457,161.01856288577036,False,False,,,0.5,0.5,2025-12-31,4486000000,4371000000,2026-06-30,2026-07-23,False,https://eodhd.com/api/fundamentals/HIG.US#Financials.Balance_Sheet.quarterly.2026-06-30,filed,3991000000,4374000000,,60.92176333528926,64.5064822904805,,
HII.US,USD,170.80564800605893,157.49958661697943,False,False,fail,fail,0.5,0.5,2025-12-31,774000000,3146000000,2026-06-30,2026-07-30,False,https://eodhd.com/api/fundamentals/HII.US#Financials.Balance_Sheet.quarterly.2026-06-30,filed,12000000,2935000000,,499000000,499000000,2372000000,2923000000
HIK.LSE,USD,25.815565493353642,25.50820401348192,False,False,,,0.35,0.5,2025-12-31,354128961,1604000000,2026-06-30,2026-09-28,True,https://eodhd.com/api/fundamentals/HIK.LSE#Financials.Balance_Sheet.quarterly.2026-06-30,filed,290500251,1967159147,,334600000,334600000,1249871039,1676658896
HLF.US,USD,21.547940417759733,21.684388294207608,False,False,,,0.5,0.5,2025-12-31,353100000,2339500000,2026-06-30,2026-08-05,False,https://eodhd.com/api/fundamentals/HLF.US#Financials.Balance_Sheet.quarterly.2026-06-30,filed,370500000,2203800000,,159200000,159200000,1986400000,1833300000
HLI.AU,AUD,4.378793725660443,3.8303063444384944,False,False,fail,fail,0.5,0.5,2025-12-31,45700000,8500000,2026-06-30,2026-09-28,True,https://eodhd.com/api/fundamentals/HLI.AU#Financials.Balance_Sheet.quarterly.2026-06-30,filed,81900000,4200000,,3.685766423357664,3.224087591240876,,
HLT.US,USD,66.72482084982728,67.08951563943265,False,False,fail,fail,0.5,0.5,2025-12-31,918000000,13093000000,2026-06-30,2026-07-28,False,https://eodhd.com/api/fundamentals/HLT.US#Financials.Balance_Sheet.quarterly.2026-06-30,filed,1009000000,14023000000,,1153000000,1153000000,12175000000,13014000000
HM-B.ST,SEK,92.5518332495885,91.2621847777088,False,False,fail,fail,0.5,0.5,2025-11-30,20908000000,122450000000,2026-05-31,2026-08-29,True,https://eodhd.com/api/fundamentals/HM-B.ST#Financials.Balance_Sheet.quarterly.2026-05-31,filed,18697000000,77182000000,,10565400000,10565400000,101542000000,58485000000
HNR1.XETRA,EUR,182.19269231614132,188.70488909546614,False,False,fail,fail,0.35,0.35,2025-12-31,1051500000,4142300000,2026-06-30,2026-09-28,True,https://eodhd.com/api/fundamentals/HNR1.XETRA#Financials.Balance_Sheet.quarterly.2026-06-30,filed,1064100000,4131200000,,105.57796506175679,109.35168658319856,,
HO.PA,EUR,134.5830404903103,137.33032418892125,False,False,fail,fail,0.25,0.25,2025-12-31,4491100000,6129500000,2026-06-30,2026-09-28,True,https://eodhd.com/api/fundamentals/HO.PA#Financials.Balance_Sheet.quarterly.2026-06-30,filed,5056100000,5575900000,,1655755930,1655755930,1638400000,519800000
HOC.LSE,USD,3.3775590341609245,3.3586476850706255,False,False,fail,fail,0.5,0.5,2025-12-31,320015538,344112312,2026-06-30,2026-09-28,True,https://eodhd.com/api/fundamentals/HOC.LSE#Financials.Balance_Sheet.quarterly.2026-06-30,filed,310286435,264857823,,74268800,74268800,24096774,-45428612
HOLM-B.ST,SEK,178.4804845687221,178.4804845687221,False,False,fail,fail,0.5,0.5,2025-12-31,390000000,5096000000,2026-06-30,2026-09-28,True,https://eodhd.com/api/fundamentals/HOLM-B.ST#Financials.Balance_Sheet.quarterly.2026-06-30,filed,182000000,6917000000,,2158800000,2158800000,4706000000,6735000000
HOLN.SW,CHF,19.039596518614246,15.424031142483638,False,False,fail,fail,0.5,0.5,2025-12-31,5443000000,9506000000,2026-06-30,2026-09-28,True,https://eodhd.com/api/fundamentals/HOLN.SW#Financials.Balance_Sheet.quarterly.2026-06-30,filed,3602000000,10952000000,,434400000,434400000,4063000000,7350000000
HON.US,USD,232.0918333649408,220.39321569909296,False,False,,,0.35,0.5,2025-12-31,12930000000,34580000000,2026-06-30,2026-07-23,False,https://eodhd.com/api/fundamentals/HON.US#Financials.Balance_Sheet.quarterly.2026-06-30,filed,9196000000,33988000000,,4935000000,4935000000,21650000000,24792000000
HOT.XETRA,EUR,173.84049000991922,198.42451152539033,False,False,fail,fail,0.5,0.5,2025-12-31,7073116000,8199841000,2026-06-30,2026-09-28,True,https://eodhd.com/api/fundamentals/HOT.XETRA#Financials.Balance_Sheet.quarterly.2026-06-30,filed,8958300000,9924463000,,544524199,544524199,1126725000,966163000
HPQ.US,USD,30.035299714286257,30.480702267436023,False,False,fail,fail,0.35,0.35,2025-10-31,3690000000,10882000000,2026-07-31,2026-08-27,False,https://eodhd.com/api/fundamentals/HPQ.US#Financials.Balance_Sheet.quarterly.2026-07-31,filed,4169000000,10339000000,,1970000000,1970000000,7192000000,6170000000
HRL.US,USD,7.122642291069581,7.42071214033663,False,False,fail,fail,0.5,0.5,2025-10-31,703588000,2857424000,2026-07-31,2026-08-27,False,https://eodhd.com/api/fundamentals/HRL.US#Financials.Balance_Sheet.quarterly.2026-07-31,filed,868446000,2855123000,,278074000,278074000,2153836000,1986677000
HSBA.LSE,USD,7.035087094888843,7.868889282400274,False,False,fail,fail,0.5,0.5,2025-12-31,609233862000,499287824000,2026-06-30,2026-09-28,True,https://eodhd.com/api/fundamentals/HSBA.LSE#Financials.Balance_Sheet.quarterly.2026-06-30,filed,632765000000,132899000000,,9.613950569350342,10.753400999349283,,
HSIC.US,USD,57.58493459705906,57.58493459705906,False,False,fail,fail,0.5,0.5,2025-12-31,156000000,3687000000,2026-06-30,2026-08-04,False,https://eodhd.com/api/fundamentals/HSIC.US#Financials.Balance_Sheet.quarterly.2026-06-30,filed,157000000,3813000000,,516000000,516000000,3531000000,3656000000
HST.US,USD,14.67808288744929,16.382795382045053,False,False,fail,fail,0.5,0.5,2025-12-31,768000000,5640000000,2026-06-30,2026-08-07,False,https://eodhd.com/api/fundamentals/HST.US#Financials.Balance_Sheet.quarterly.2026-06-30,filed,1953000000,5645000000,,767000000,767000000,4872000000,3692000000
HSTM.US,USD,15.540718402801103,15.84748966914811,False,False,fail,fail,0.35,0.35,2025-12-31,57004000,14684000,2026-06-30,2026-08-06,False,https://eodhd.com/api/fundamentals/HSTM.US#Financials.Balance_Sheet.quarterly.2026-06-30,filed,66730999,13429000,,34136000,34136000,-42320000,-53301999
HSX.LSE,USD,10.55542024056395,10.548349400184707,False,False,fail,fail,0.5,0.5,2025-12-31,878319853,902000000,2026-06-30,2026-09-28,True,https://eodhd.com/api/fundamentals/HSX.LSE#Financials.Balance_Sheet.quarterly.2026-06-30,filed,1333788181,832499338,,11.272363998224142,11.264812893226743,,
HSY.US,USD,89.65948880102044,88.94244388922999,False,False,fail,fail,0.5,0.5,2025-12-31,925859000,5403067000,2026-06-30,2026-07-30,False,https://eodhd.com/api/fundamentals/HSY.US#Financials.Balance_Sheet.quarterly.2026-06-30,filed,791213000,5610680000,,817799000,817799000,4477208000,4819467000
HUBB.US,USD,203.25073920419987,201.15392661485987,False,False,fail,fail,0.25,0.5,2025-12-31,497900000,2608500000,2026-06-30,2026-07-29,False,https://eodhd.com/api/fundamentals/HUBB.US#Financials.Balance_Sheet.quarterly.2026-06-30,filed,394700000,5372600000,,733300000,733300000,2110600000,4977900000
HUBN.SW,CHF,53.4299522390624,,False,False,fail,,0.25,0.25,2025-12-31,211124000,0,2026-06-30,2026-09-28,True,https://eodhd.com/api/fundamentals/HUBN.SW#Financials.Balance_Sheet.quarterly.2026-06-30,filed,146074000,,net cash unavailable,63707000,,-211124000,
HUH1V.HE,EUR,22.408131420256513,22.44400281169788,False,False,fail,fail,0.5,0.5,2025-12-31,378600000,1583900000,2026-06-30,2026-09-28,True,https://eodhd.com/api/fundamentals/HUH1V.HE#Financials.Balance_Sheet.quarterly.2026-06-30,filed,381300000,1604200000,,165080000,165080000,1205300000,1222900000
HUM.US,USD,136.8415054686118,297.98949319695777,False,False,fail,fail,0.5,0.5,2025-12-31,4200000000,12937000000,2026-06-30,2026-07-29,False,https://eodhd.com/api/fundamentals/HUM.US#Financials.Balance_Sheet.quarterly.2026-06-30,filed,23871000000,14247000000,,1192000000,1192000000,8737000000,-9624000000
HVT.US,USD,12.036095706193043,10.729761275013395,False,False,fail,fail,0.5,0.5,2025-12-31,125325000,216417000,2026-06-30,2026-08-04,False,https://eodhd.com/api/fundamentals/HVT.US#Financials.Balance_Sheet.quarterly.2026-06-30,filed,104295000,230713000,,7040200,7040200,91092000,126418000
HWM.US,USD,25.398102994050493,24.905878040747357,False,False,fail,fail,0.35,0.5,2025-12-31,742000000,3050000000,2026-06-30,2026-08-06,False,https://eodhd.com/api/fundamentals/HWM.US#Financials.Balance_Sheet.quarterly.2026-06-30,filed,563000000,4510000000,,768000000,768000000,2308000000,3947000000
HYPE3.SA,BRL,13.744625906966522,13.61760574532369,False,False,fail,fail,0.5,0.5,2025-12-31,1645541000,9490320000,2026-06-30,2026-09-28,True,https://eodhd.com/api/fundamentals/HYPE3.SA#Financials.Balance_Sheet.quarterly.2026-06-30,filed,1578512000,7670395000,,1072533300.2194998,1072533300.2194998,7844779000,6091883000
IAG.MC,EUR,4.065869918959992,4.212935960355252,False,False,fail,fail,0.5,0.5,2025-12-31,8331872000,14267000000,2026-06-30,2026-09-28,True,https://eodhd.com/api/fundamentals/IAG.MC#Financials.Balance_Sheet.quarterly.2026-06-30,filed,9175000000,13867000000,,809600000,809600000,5935128000,4692000000
IBE.MC,EUR,7.081540348123274,7.117176921656789,False,False,fail,fail,0.5,0.5,2025-12-31,6347000000,59791000000,2026-06-30,2026-09-28,True,https://eodhd.com/api/fundamentals/IBE.MC#Financials.Balance_Sheet.quarterly.2026-06-30,filed,6609000000,62465000000,,3364200000,3364200000,53444000000,55856000000
IBM.US,USD,130.04374685366213,123.28226986310244,False,False,fail,fail,0.5,0.5,2025-12-31,14471000000,67154000000,2026-06-30,2026-07-23,False,https://eodhd.com/api/fundamentals/IBM.US#Financials.Balance_Sheet.quarterly.2026-06-30,filed,8132000000,65272000000,,8796000000,8796000000,52683000000,57140000000
IBN.US,INR,1786.7839596573483,1875.3313289501036,False,False,fail,fail,0.5,0.5,2026-03-31,2649807200000,2202642800000,2026-06-30,2026-09-28,True,https://eodhd.com/api/fundamentals/IBN.US#Financials.Balance_Sheet.quarterly.2026-06-30,filed,1964932800000,2263177200000,,972.1394671646449,1020.3156285510487,,
IBP.US,USD,230.39213483571427,233.12871317295924,True,True,pass,pass,0.15,0.15,2025-12-31,321900000,1053100000,2026-06-30,2026-08-06,False,https://eodhd.com/api/fundamentals/IBP.US#Financials.Balance_Sheet.quarterly.2026-06-30,filed,394500000,1199500000,,276700000,276700000,731200000,805000000
IBS.LS,EUR,11.52447878628547,,False,False,,,0.5,0.5,2025-12-31,117872202,26017974,2026-06-30,2026-09-28,True,https://eodhd.com/api/fundamentals/IBS.LS#Financials.Balance_Sheet.quarterly.2026-06-30,filed,89443492,495421319,owner earnings not positive,29031982.199999996,,-91854228,
ICE.US,USD,86.94260480083399,83.95233674713292,False,False,fail,fail,0.35,0.5,2025-12-31,3616000000,20279000000,2026-06-30,2026-07-30,False,https://eodhd.com/api/fundamentals/ICE.US#Financials.Balance_Sheet.quarterly.2026-06-30,filed,1953000000,20527000000,,3654000000,3654000000,16663000000,18574000000
ICFI.US,USD,72.52012192327183,72.52012192327183,False,False,fail,fail,0.5,0.5,2025-12-31,5297000,571339000,2026-06-30,2026-08-06,False,https://eodhd.com/api/fundamentals/ICFI.US#Financials.Balance_Sheet.quarterly.2026-06-30,filed,4618000,564750000,,104570000,104570000,566042000,560132000
IDL.PA,EUR,217.2177114865624,229.94309002707814,False,False,fail,fail,0.5,0.5,2025-12-31,283361000,1655297000,2026-06-30,2026-09-28,True,https://eodhd.com/api/fundamentals/IDL.PA#Financials.Balance_Sheet.quarterly.2026-06-30,filed,366568000,1832055000,,97424200,97424200,1371936000,1465487000
IDR.MC,EUR,26.17254422711982,34.644656167422966,False,False,fail,fail,0.5,0.35,2025-12-31,976192000,3358242000,2026-06-30,2026-09-28,True,https://eodhd.com/api/fundamentals/IDR.MC#Financials.Balance_Sheet.quarterly.2026-06-30,filed,2473536000,1622409000,,217318400,217318400,2382050000,-851127000
IDXX.US,USD,212.34199500288753,212.49269837703116,False,False,fail,fail,0.15,0.15,2025-12-31,180070000,1077213000,2026-06-30,2026-08-04,False,https://eodhd.com/api/fundamentals/IDXX.US#Financials.Balance_Sheet.quarterly.2026-06-30,filed,196933000,1096081000,,785303000,785303000,897143000,899148000
IEX.US,USD,107.95321082615072,108.47876772601396,False,False,fail,fail,0.25,0.25,2025-12-31,580000000,1848600000,2026-06-30,2026-07-29,False,https://eodhd.com/api/fundamentals/IEX.US#Financials.Balance_Sheet.quarterly.2026-06-30,filed,621300000,1885500000,,598800000,598800000,1268600000,1264200000
IFC.TO,CAD,248.22471910112358,264.3820224719101,False,False,,,0.35,0.35,2025-12-31,18923000000,5252000000,2026-06-30,2026-09-28,True,https://eodhd.com/api/fundamentals/IFC.TO#Financials.Balance_Sheet.quarterly.2026-06-30,filed,19400000000,5042000000,,62.056179775280896,66.09550561797752,,
IFX.XETRA,EUR,10.530504146606487,10.17302810051235,False,False,fail,fail,0.5,0.5,2025-09-30,2102000000,7216000000,2026-06-30,2026-09-28,True,https://eodhd.com/api/fundamentals/IFX.XETRA#Financials.Balance_Sheet.quarterly.2026-06-30,filed,1656000000,7837000000,,866600000,866600000,5114000000,6181000000
IHG.LSE,USD,53.31833146074824,51.2585644960764,False,False,fail,fail,0.5,0.5,2025-12-31,1132000000,4985000000,2026-06-30,2026-09-28,True,https://eodhd.com/api/fundamentals/IHG.LSE#Financials.Balance_Sheet.quarterly.2026-06-30,filed,831000000,4541000000,,543796072,543796072,3853000000,3710000000
IHP.LSE,GBP,2.532119343777367,2.5999210525674123,False,False,fail,fail,0.5,0.5,2025-09-30,268399999,20000000,2026-03-31,2026-06-29,True,https://eodhd.com/api/fundamentals/IHP.LSE#Financials.Balance_Sheet.quarterly.2026-03-31,filed,290800000,13200000,,46000000,46000000,-248399999,-277600000
IIIN.US,USD,26.8010489525826,25.937848216311,False,False,fail,fail,0.5,0.5,2025-09-27,38630000,3903000,2026-06-30,2026-07-16,False,https://eodhd.com/api/fundamentals/IIIN.US#Financials.Balance_Sheet.quarterly.2026-06-30,filed,22947000,2579000,,40081000,40081000,-34727000,-20368000
IMB.LSE,GBP,39.98744555527673,38.92896508680981,False,False,pass,pass,0.35,0.35,2025-09-30,1439000000,9996000000,2026-03-31,2026-06-29,True,https://eodhd.com/api/fundamentals/IMB.LSE#Financials.Balance_Sheet.quarterly.2026-03-31,filed,497000000,11232000000,,2352600000,2352600000,8557000000,10735000000
IMCD.AS,EUR,91.96836517029094,92.13906559347015,False,False,fail,fail,0.35,0.35,2025-12-31,238587000,1703109000,2026-06-30,2026-09-28,True,https://eodhd.com/api/fundamentals/IMCD.AS#Financials.Balance_Sheet.quarterly.2026-06-30,filed,248666000,1808295000,,316283200,316283200,1464522000,1559629000
IMI.LSE,GBP,13.395353324829541,13.29016838033476,False,False,fail,fail,0.25,0.25,2025-12-31,114900000,643700000,2026-06-30,2026-09-28,True,https://eodhd.com/api/fundamentals/IMI.LSE#Financials.Balance_Sheet.quarterly.2026-06-30,filed,90200000,765400000,,247380000,247380000,528800000,675200000
IMO.TO,CAD,95.72732732330493,98.86805312104572,False,False,fail,fail,0.5,0.5,2025-12-31,1142000000,4382000000,2026-06-30,2026-09-28,True,https://eodhd.com/api/fundamentals/IMO.TO#Financials.Balance_Sheet.quarterly.2026-06-30,filed,2839000000,4200000000,,3706000000,3706000000,3240000000,1361000000
INCY.US,USD,57.09982033297828,61.74501377286982,False,False,fail,fail,0.5,0.5,2025-12-31,3580604000,69428000,2026-06-30,2026-07-28,False,https://eodhd.com/api/fundamentals/INCY.US#Financials.Balance_Sheet.quarterly.2026-06-30,filed,4535740000,38267000,,416884000,416884000,-3511176000,-4497473000
INDT.ST,SEK,123.77715490307605,120.89817114415884,False,False,fail,fail,0.25,0.25,2025-12-31,2393000000,9549000000,2026-06-30,2026-09-28,True,https://eodhd.com/api/fundamentals/INDT.ST#Financials.Balance_Sheet.quarterly.2026-06-30,filed,1362000000,5848000000,,3485200000,3485200000,7156000000,4486000000
INF.LSE,GBP,3.437938843889976,3.6517381700830294,False,False,fail,fail,0.5,0.5,2025-12-31,330500000,3479100000,2026-06-30,2026-09-28,True,https://eodhd.com/api/fundamentals/INF.LSE#Financials.Balance_Sheet.quarterly.2026-06-30,filed,597600000,3689300000,,325260000,325260000,3148600000,3091700000
INFY.US,USD,15.638219983210258,15.482485045960704,True,True,pass,pass,0.15,0.15,2026-03-31,3752000000,967000000,2026-06-30,2026-07-23,False,https://eodhd.com/api/fundamentals/INFY.US#Financials.Balance_Sheet.quarterly.2026-06-30,filed,3124000000,923000000,,3370709000,3370709000,-2785000000,-2201000000
ING.WAR,PLN,326.7500374631687,290.61909926260955,False,False,fail,fail,0.5,0.5,2025-12-31,7310000000,19111000000,2026-06-30,2026-09-28,True,https://eodhd.com/api/fundamentals/ING.WAR#Financials.Balance_Sheet.quarterly.2026-06-30,filed,11424000000,28415000000,,159.8078401229823,142.13681783243655,,
INGA.AS,EUR,16.259006283355262,16.36630195858783,False,False,fail,fail,0.5,0.5,2025-12-31,106313000000,244666000000,2026-06-30,2026-09-28,True,https://eodhd.com/api/fundamentals/INGA.AS#Financials.Balance_Sheet.quarterly.2026-06-30,filed,64954000000,216766000000,,16.92961097286461,17.041332071257795,,
INPST.AS,PLN,10.577710532118362,9.860078228918272,False,False,fail,fail,0.5,0.5,2025-12-31,952143973,10040055601,2026-06-30,2026-09-28,True,https://eodhd.com/api/fundamentals/INPST.AS#Financials.Balance_Sheet.quarterly.2026-06-30,filed,625728341,10697507669,,371880000,371880000,9087911628,10071779328
INVH.US,USD,19.52051804327282,19.42451667132542,False,False,fail,fail,0.5,0.5,2025-12-31,129971000,8380020000,2026-06-30,2026-07-30,False,https://eodhd.com/api/fundamentals/INVH.US#Financials.Balance_Sheet.quarterly.2026-06-30,filed,75786000,8546673000,,920931000,920931000,8250049000,8470887000
IPN.PA,EUR,127.06289910694964,132.45791905960857,False,False,fail,fail,0.35,0.35,2025-12-31,1525500000,867100000,2026-06-30,2026-09-28,True,https://eodhd.com/api/fundamentals/IPN.PA#Financials.Balance_Sheet.quarterly.2026-06-30,filed,1970300000,963200000,,600160000,600160000,-658400000,-1007100000
IPS.PA,EUR,53.59876550094354,52.94189844163409,True,True,pass,pass,0.25,0.25,2025-12-31,317561000,661559000,2026-06-30,2026-09-28,True,https://eodhd.com/api/fundamentals/IPS.PA#Financials.Balance_Sheet.quarterly.2026-06-30,filed,290322000,641087000,,157234400,157234400,343998000,350765000
IQV.US,USD,123.68651242521628,123.23414304490036,False,False,fail,fail,0.5,0.5,2025-12-31,2141000000,16174000000,2026-06-30,2026-07-28,False,https://eodhd.com/api/fundamentals/IQV.US#Financials.Balance_Sheet.quarterly.2026-06-30,filed,2080000000,16241000000,,1491000000,1491000000,14033000000,14161000000
IR.US,USD,31.62873502219459,31.419647085676008,False,False,fail,fail,0.5,0.5,2025-12-31,1248800000,4849500000,2026-06-30,2026-07-31,False,https://eodhd.com/api/fundamentals/IR.US#Financials.Balance_Sheet.quarterly.2026-06-30,filed,1173500000,4832800000,,898600000,898600000,3600700000,3659300000
IRE.AU,AUD,4.2755213941231895,4.227044358420418,False,False,fail,fail,0.35,0.35,2025-12-31,55350000,164102000,2026-06-30,2026-09-28,True,https://eodhd.com/api/fundamentals/IRE.AU#Financials.Balance_Sheet.quarterly.2026-06-30,filed,46295000,172736000,,60656200,60656200,108752000,126441000
ISAE3.SA,BRL,32.36291798624761,31.707669131409492,False,False,fail,fail,0.5,0.5,2025-12-31,2164986000,15402589000,2026-06-30,2026-09-28,True,https://eodhd.com/api/fundamentals/ISAE3.SA#Financials.Balance_Sheet.quarterly.2026-06-30,filed,1757264000,17725699000,,2436771800,2436771800,13237603000,15968435000
ISRG.US,USD,84.05341655371812,,False,False,fail,,0.25,0.25,2025-12-31,5934900000,302800000,2026-06-30,2026-07-21,False,https://eodhd.com/api/fundamentals/ISRG.US#Financials.Balance_Sheet.quarterly.2026-06-30,filed,5216200000,,net cash unavailable,1255400000,,-5632100000,
ISS.CO,DKK,218.37781130657493,224.04406456694525,False,False,fail,fail,0.5,0.5,2025-12-31,1864000000,15077000000,2026-06-30,2026-09-28,True,https://eodhd.com/api/fundamentals/ISS.CO#Financials.Balance_Sheet.quarterly.2026-06-30,filed,2797000000,18632000000,,2686000000,2686000000,13213000000,15835000000
IT.US,USD,227.73787367676414,224.0459214905561,False,False,,,0.5,0.5,2025-12-31,1722521000,3618150000,2026-06-30,2026-08-04,False,https://eodhd.com/api/fundamentals/IT.US#Financials.Balance_Sheet.quarterly.2026-06-30,filed,1488706000,2979281000,,658512000,658512000,1895629000,1490575000
ITIC.US,USD,259.2582938421327,267.7062279620649,False,False,fail,fail,0.5,0.5,2025-12-31,117815000,8050000,2026-06-30,2026-08-10,False,https://eodhd.com/api/fundamentals/ITIC.US#Financials.Balance_Sheet.quarterly.2026-06-30,filed,72190000,8717000,,130.5292875989446,134.7825857519789,,
ITRK.LSE,GBP,27.021637355927165,27.734358568972414,False,False,fail,fail,0.35,0.35,2025-12-31,329200000,1648200000,2026-06-30,2026-09-28,True,https://eodhd.com/api/fundamentals/ITRK.LSE#Financials.Balance_Sheet.quarterly.2026-06-30,filed,438600000,1903400000,,312540000,312540000,1319000000,1464800000
ITSA3.SA,BRL,7.431131702257912,7.485405290180648,False,False,fail,fail,0.5,0.5,2025-12-31,5919000000,11686000000,2026-06-30,2026-09-28,True,https://eodhd.com/api/fundamentals/ITSA3.SA#Financials.Balance_Sheet.quarterly.2026-06-30,filed,6532000000,11577000000,,13195800000,13195800000,5767000000,5045000000
ITUB.US,BRL,58.68230522362637,62.25668596410717,False,False,,pass,0.25,0.25,2025-12-31,427124000000,1012599574000,2026-06-30,2026-08-05,False,https://eodhd.com/api/fundamentals/ITUB.US#Financials.Balance_Sheet.quarterly.2026-06-30,filed,393011000000,1023799947000,,16.177322504876216,17.162694667295895,,
ITW.US,USD,173.85938229253355,173.78740195545492,False,False,fail,fail,0.15,0.15,2025-12-31,851000000,8969000000,2026-06-30,2026-08-06,False,https://eodhd.com/api/fundamentals/ITW.US#Financials.Balance_Sheet.quarterly.2026-06-30,filed,839000000,9694000000,,2971000000,2971000000,8118000000,8855000000
ITX.MC,EUR,38.30954864055919,38.254159866925356,False,False,fail,fail,0.15,0.15,2026-01-31,10960020000,5935000000,2026-04-30,2026-07-29,True,https://eodhd.com/api/fundamentals/ITX.MC#Financials.Balance_Sheet.quarterly.2026-04-30,filed,10797000000,6041000000,,5476733000,5476733000,-5025020000,-4756000000
IVT.US,USD,13.394991910580744,13.829429411379362,False,False,fail,fail,0.5,0.5,2025-12-31,40518000,825881000,2026-06-30,2026-08-03,False,https://eodhd.com/api/fundamentals/IVT.US#Financials.Balance_Sheet.quarterly.2026-06-30,filed,74904000,1096717000,,81594000,81594000,785363000,1021813000
J.US,USD,49.69252481661056,48.837040808858625,False,False,fail,fail,0.35,0.5,2025-09-30,1235448000,2709857000,2026-06-30,2026-08-04,False,https://eodhd.com/api/fundamentals/J.US#Financials.Balance_Sheet.quarterly.2026-06-30,filed,1179112000,4054663000,,387632000,387632000,1474409000,2875551000
JBHT.US,USD,67.62306762471196,67.62306762471196,False,False,fail,fail,0.35,0.25,2025-12-31,17284000,1888597000,2026-06-30,2026-07-24,False,https://eodhd.com/api/fundamentals/JBHT.US#Financials.Balance_Sheet.quarterly.2026-06-30,filed,4162000,1145337000,,510627000,510627000,1871313000,1141175000
JBTM.US,USD,21.690506778060545,20.208545239599008,False,False,fail,fail,0.5,0.5,2025-12-31,186500000,1881900000,2026-06-30,2026-08-05,False,https://eodhd.com/api/fundamentals/JBTM.US#Financials.Balance_Sheet.quarterly.2026-06-30,filed,112000000,1679000000,,81800000,81800000,1695400000,1567000000
JCI.US,USD,38.06696006855486,38.2998977275862,False,False,fail,fail,0.5,0.35,2025-09-30,379000000,11190000000,2026-06-30,2026-07-29,False,https://eodhd.com/api/fundamentals/JCI.US#Financials.Balance_Sheet.quarterly.2026-06-30,filed,641000000,9475000000,,1854000000,1854000000,10811000000,8834000000
JEN.XETRA,EUR,18.391273227309707,19.133198079307366,False,False,fail,fail,0.35,0.35,2025-12-31,83797000,401204000,2026-06-30,2026-09-28,True,https://eodhd.com/api/fundamentals/JEN.XETRA#Financials.Balance_Sheet.quarterly.2026-06-30,filed,126359000,435758000,,71745600,71745600,317407000,309399000
JHX.US,USD,2.168483937319598,1.7158157873966133,False,False,fail,fail,0.5,0.5,2026-03-31,542900000,4785700000,2026-06-30,2026-08-06,False,https://eodhd.com/api/fundamentals/JHX.US#Financials.Balance_Sheet.quarterly.2026-06-30,filed,289900000,4522000000,,66000000,66000000,4242800000,4232100000
JNJ.US,USD,160.05156864732223,160.29277381700183,False,False,fail,fail,0.15,0.15,2025-12-31,20102000000,47933000000,2026-06-30,2026-07-23,False,https://eodhd.com/api/fundamentals/JNJ.US#Financials.Balance_Sheet.quarterly.2026-06-30,filed,20758000000,49036000000,,22379000000,22379000000,27831000000,28278000000
JPM.US,USD,305.36408660404976,306.1029533281303,False,False,fail,fail,0.35,0.35,2025-12-31,314338000000,499982000000,2026-06-30,2026-08-06,False,https://eodhd.com/api/fundamentals/JPM.US#Financials.Balance_Sheet.quarterly.2026-06-30,filed,2622548000000,1237871000000,,112.09899463043445,112.37023221392509,,
JYSK.CO,DKK,730.9327332754115,648.1102804906621,False,False,fail,fail,0.35,0.35,2025-12-31,57755000000,496593000000,2026-06-30,2026-09-28,True,https://eodhd.com/api/fundamentals/JYSK.CO#Financials.Balance_Sheet.quarterly.2026-06-30,filed,21717000000,473925000000,,873.9665756382071,774.9368672245732,,
K.TO,USD,7.567102547297898,8.317672507896345,False,False,fail,fail,0.5,0.5,2025-12-31,1752604707,777382700,2026-06-30,2026-09-28,True,https://eodhd.com/api/fundamentals/K.TO#Financials.Balance_Sheet.quarterly.2026-06-30,filed,2667955842,737598987,,409600000,409600000,-975222007,-1930356855
KBC.BR,EUR,127.90438306900431,120.88596265550677,False,False,,fail,0.25,0.25,2025-12-31,42372000000,27334000000,2026-06-30,2026-09-28,True,https://eodhd.com/api/fundamentals/KBC.BR#Financials.Balance_Sheet.quarterly.2026-06-30,filed,23996000000,67178000000,,59.86156379363488,56.5768161467425,,
KBX.XETRA,EUR,52.44179660142915,49.22920354931996,False,False,fail,fail,0.25,0.35,2025-12-31,1738000000,3084000000,2026-06-30,2026-09-28,True,https://eodhd.com/api/fundamentals/KBX.XETRA#Financials.Balance_Sheet.quarterly.2026-06-30,filed,1223000000,3190000000,,552529000,552529000,1346000000,1967000000
KCR.HE,EUR,20.604216183591305,19.55294935522061,False,False,fail,fail,0.5,0.5,2025-12-31,631900000,469900000,2026-06-30,2026-09-28,True,https://eodhd.com/api/fundamentals/KCR.HE#Financials.Balance_Sheet.quarterly.2026-06-30,filed,379900000,403400000,,308020000,308020000,-162000000,23500000
KDP.US,USD,19.172830480747777,19.48239245872045,False,False,fail,fail,0.5,0.5,2025-12-31,1026000000,16141000000,2026-06-30,2026-08-10,False,https://eodhd.com/api/fundamentals/KDP.US#Financials.Balance_Sheet.quarterly.2026-06-30,filed,1517000000,34398000000,,2042000000,2042000000,15115000000,32881000000
KEMIRA.HE,EUR,12.077820603115411,11.59595311559697,False,False,fail,fail,0.35,0.35,2025-12-31,242300000,748300000,2026-06-30,2026-09-28,True,https://eodhd.com/api/fundamentals/KEMIRA.HE#Financials.Balance_Sheet.quarterly.2026-06-30,filed,171900000,793900000,,125540001,125540001,506000000,622000000
KER.PA,EUR,37.203037912281395,71.18660123626404,False,False,fail,fail,0.5,0.5,2025-12-31,4313000000,23596000000,2026-06-30,2026-09-28,True,https://eodhd.com/api/fundamentals/KER.PA#Financials.Balance_Sheet.quarterly.2026-06-30,filed,8480000000,17907000000,,43600000,43600000,19283000000,9427000000
KEY.US,USD,18.044491390045412,17.452600122611877,False,False,fail,fail,0.5,0.5,2025-12-31,11450000000,11001000000,2026-06-30,2026-08-04,False,https://eodhd.com/api/fundamentals/KEY.US#Financials.Balance_Sheet.quarterly.2026-06-30,filed,40170000000,14647000000,,15.903515723009331,15.381852248297374,,
KEYS.US,USD,71.07936459026787,75.23726091769929,False,False,fail,fail,0.5,0.5,2025-10-31,1873000000,2971000000,2026-07-31,2026-09-02,False,https://eodhd.com/api/fundamentals/KEYS.US#Financials.Balance_Sheet.quarterly.2026-07-31,filed,2605000000,2746000000,,831000000,831000000,1098000000,141000000
KFY.US,USD,89.03958136380037,83.33807795015808,False,False,,,0.35,0.35,2026-04-30,1134359000,591575000,2026-07-31,2026-09-09,False,https://eodhd.com/api/fundamentals/KFY.US#Financials.Balance_Sheet.quarterly.2026-07-31,filed,816291000,593100000,,215904000,215904000,-542784000,-223191000
KGH.WAR,PLN,97.39941336532118,99.20271336532117,False,False,fail,fail,0.5,0.5,2025-12-31,480000000,5849000000,2026-06-30,2026-09-28,True,https://eodhd.com/api/fundamentals/KGH.WAR#Financials.Balance_Sheet.quarterly.2026-06-30,filed,1239000000,5898000000,,1207664001.9542885,1207664001.9542885,5369000000,4659000000
KIMBERA.MX,MXN,30.544705934877932,33.867124926581155,False,False,fail,fail,0.25,0.25,2025-12-31,9660279000,20505000000,2026-06-30,2026-09-28,True,https://eodhd.com/api/fundamentals/KIMBERA.MX#Financials.Balance_Sheet.quarterly.2026-06-30,filed,19581583000,29759724000,,7104705600,7104705600,10844721000,10178141000
KLBN3.SA,BRL,2.476326936178555,2.3207998549717583,False,False,fail,fail,0.5,0.5,2025-12-31,10891385000,39944193000,2026-06-30,2026-09-28,True,https://eodhd.com/api/fundamentals/KLBN3.SA#Financials.Balance_Sheet.quarterly.2026-06-30,filed,10108760000,36700043000,,567421800,546869400,29052808000,26591283000
KMB.US,USD,32.44643432032369,33.29140639580368,False,False,fail,fail,0.5,0.5,2025-12-31,688000000,7296000000,2026-06-30,2026-08-04,False,https://eodhd.com/api/fundamentals/KMB.US#Financials.Balance_Sheet.quarterly.2026-06-30,filed,956000000,6517000000,,840000000,840000000,6608000000,5561000000
KMI.US,USD,17.082408709184687,17.082408709184687,False,False,fail,fail,0.5,0.5,2025-12-31,109000000,32386000000,2026-06-30,2026-07-24,False,https://eodhd.com/api/fundamentals/KMI.US#Financials.Balance_Sheet.quarterly.2026-06-30,filed,89000000,32248000000,,3056000000,3056000000,32277000000,32159000000
KNEBV.HE,EUR,14.549382502875131,13.446213586041779,False,False,fail,fail,0.15,0.15,2025-12-31,1698900000,857900000,2026-06-30,2026-09-28,True,https://eodhd.com/api/fundamentals/KNEBV.HE#Financials.Balance_Sheet.quarterly.2026-06-30,filed,1130600000,684400000,,458400000,458400000,-841000000,-446200000
KNIN.SW,CHF,115.69941257631083,115.49877411905707,False,False,fail,fail,0.35,0.35,2025-12-31,750000000,3957000000,2026-06-30,2026-09-28,True,https://eodhd.com/api/fundamentals/KNIN.SW#Financials.Balance_Sheet.quarterly.2026-06-30,filed,617000000,4084000000,,1037200000,1045200000,3207000000,3467000000
KNSL.US,USD,267.44526665665893,295.7236266609999,False,False,fail,fail,0.35,0.35,2025-12-31,2680445000,224397000,2026-06-30,2026-07-23,False,https://eodhd.com/api/fundamentals/KNSL.US#Financials.Balance_Sheet.quarterly.2026-06-30,filed,210511000,224535000,,78.99342190119954,87.34580162517734,,
KO.US,USD,46.47208884423405,47.042736583825764,False,False,fail,fail,0.35,0.15,2025-12-31,13872000000,47214000000,2026-06-30,2026-07-29,False,https://eodhd.com/api/fundamentals/KO.US#Financials.Balance_Sheet.quarterly.2026-06-30,filed,16371000000,43543000000,,9684792239.082045,9684792239.082045,33342000000,27172000000
KOG.OL,NOK,69.3759035029837,51.716698477233884,False,False,fail,fail,0.5,0.5,2025-12-31,20189000000,4965000000,2026-06-30,2026-09-28,True,https://eodhd.com/api/fundamentals/KOG.OL#Financials.Balance_Sheet.quarterly.2026-06-30,filed,4859000000,3154000000,,3334000000,3334000000,-15224000000,-1705000000
KPN.AS,EUR,2.37420215605218,2.329664886842732,False,False,fail,fail,0.5,0.5,2025-12-31,587000000,8549000000,2026-06-30,2026-09-28,True,https://eodhd.com/api/fundamentals/KPN.AS#Financials.Balance_Sheet.quarterly.2026-06-30,filed,419000000,8155000000,,682200000,682200000,7962000000,7736000000
KR.US,USD,4.541789711944547,1.7900269369371693,False,False,fail,fail,0.5,0.5,2026-01-31,4578000000,24680000000,2026-07-31,2026-09-18,False,https://eodhd.com/api/fundamentals/KR.US#Financials.Balance_Sheet.quarterly.2026-07-31,filed,1676000000,24158000000,,85000000,85000000,20102000000,22482000000
KRN.XETRA,EUR,116.73354325570094,112.18013990195301,False,False,,,0.5,0.5,2025-12-31,549488000,148844000,2026-06-30,2026-09-28,True,https://eodhd.com/api/fundamentals/KRN.XETRA#Financials.Balance_Sheet.quarterly.2026-06-30,filed,405400000,174100000,,200976000,200976000,-400644000,-231300000
KRX.IR,EUR,62.03239062591423,62.08516103108007,False,False,fail,fail,0.35,0.35,2025-12-31,584700000,2468900000,2026-06-30,2026-09-28,True,https://eodhd.com/api/fundamentals/KRX.IR#Financials.Balance_Sheet.quarterly.2026-06-30,filed,594200000,2683700000,,566380000,566380000,1884200000,2089500000
KSPI.US,KZT,42562.338962555616,45226.283487155786,False,False,,,0.35,0.35,2025-12-31,2058425000000,470576000000,2026-06-30,2026-08-12,False,https://eodhd.com/api/fundamentals/KSPI.US#Financials.Balance_Sheet.quarterly.2026-06-30,filed,2572914000000,1210736000000,,491098000000,491098000000,-1587849000000,-1362178000000
KTY.WAR,PLN,678.3477310420744,678.3477310420744,False,False,fail,fail,0.25,0.25,2025-12-31,64000000,1436000000,2026-06-30,2026-09-28,True,https://eodhd.com/api/fundamentals/KTY.WAR#Financials.Balance_Sheet.quarterly.2026-06-30,filed,69000000,1194000000,,571000000,571000000,1372000000,1125000000
KVUE.US,USD,9.564232056972443,9.586264847786708,False,False,fail,fail,0.5,0.5,2025-12-31,1062000000,8524000000,2026-06-30,2026-08-06,False,https://eodhd.com/api/fundamentals/KVUE.US#Financials.Balance_Sheet.quarterly.2026-06-30,filed,1110000000,8480000000,,1416000000,1416000000,7462000000,7370000000
KWR.US,USD,23.4324596602627,21.917525711378293,False,False,fail,fail,0.5,0.5,2025-12-31,179829000,928612000,2026-06-30,2026-07-30,False,https://eodhd.com/api/fundamentals/KWR.US#Financials.Balance_Sheet.quarterly.2026-06-30,filed,155093000,911072000,,21498000,21498000,748783000,755979000
L.TO,CAD,13.117781848963489,13.117781848963489,False,False,fail,fail,0.5,0.5,2025-12-31,1041000000,25135000000,2026-06-30,2026-09-28,True,https://eodhd.com/api/fundamentals/L.TO#Financials.Balance_Sheet.quarterly.2026-06-30,filed,1012000000,16578000000,,1253000000,1253000000,24094000000,15566000000
L.US,USD,9.617108895145488,10.32712655952687,False,False,fail,fail,0.5,0.5,2025-12-31,8561000000,9489000000,2026-06-30,2026-08-03,False,https://eodhd.com/api/fundamentals/L.US#Financials.Balance_Sheet.quarterly.2026-06-30,filed,7439000000,8936000000,,84.87596496209028,91.14223844007066,,
LABB.MX,MXN,20.588026507296835,19.716976977476374,False,False,pass,,0.35,0.35,2025-12-31,3286791000,7568995000,2026-06-30,2026-09-28,True,https://eodhd.com/api/fundamentals/LABB.MX#Financials.Balance_Sheet.quarterly.2026-06-30,filed,2435120000,4566034000,,1376480400,1376480400,4282204000,2130914000
LAGR-B.ST,SEK,102.08865868226069,102.3129284256965,False,False,fail,fail,0.35,0.35,2026-03-31,331000000,4544000000,2026-06-30,2026-09-28,True,https://eodhd.com/api/fundamentals/LAGR-B.ST#Financials.Balance_Sheet.quarterly.2026-06-30,filed,386000000,4918000000,,989800000,989800000,4213000000,4532000000
LATO-B.ST,SEK,35.324206096075365,38.805087599222404,False,False,fail,fail,0.5,0.5,2025-12-31,2590000000,19162000000,2026-06-30,2026-09-28,True,https://eodhd.com/api/fundamentals/LATO-B.ST#Financials.Balance_Sheet.quarterly.2026-06-30,filed,4822000000,18552000000,,1658515324.60851,1658515324.60851,16572000000,13730000000
LDOS.US,USD,120.92722476512022,117.22022172718658,False,False,,fail,0.5,0.5,2025-12-31,1204000000,5929000000,2026-06-30,2026-08-04,False,https://eodhd.com/api/fundamentals/LDOS.US#Financials.Balance_Sheet.quarterly.2026-06-30,filed,748000000,6578000000,,907000000,907000000,4725000000,5830000000
LEG.XETRA,EUR,190.04562757078057,186.26658040898403,False,False,pass,pass,0.5,0.5,2025-12-31,756500000,10155300000,2026-06-30,2026-09-28,True,https://eodhd.com/api/fundamentals/LEG.XETRA#Financials.Balance_Sheet.quarterly.2026-06-30,filed,463600000,9634500000,,1115840000,1115840000,9398800000,9170900000
LEGH.US,USD,17.95500749119341,18.79682384907519,False,False,fail,fail,0.25,0.25,2025-12-31,8478000,2539000,2026-06-30,2026-08-05,False,https://eodhd.com/api/fundamentals/LEGH.US#Financials.Balance_Sheet.quarterly.2026-06-30,filed,28965000,1109000,,34206000,34206000,-5939000,-27856000
LGEN.LSE,GBP,4.782782181519343,4.302154730154305,False,False,,,0.5,0.5,2025-12-31,17098000000,25114000000,2026-06-30,2026-09-28,True,https://eodhd.com/api/fundamentals/LGEN.LSE#Financials.Balance_Sheet.quarterly.2026-06-30,filed,14517000000,26564000000,,729000000,729000000,8016000000,12047000000
LGIH.US,USD,34.94851197320153,34.94061761941898,False,False,fail,fail,0.5,0.5,2025-12-31,61247000,1656803000,2026-06-30,2026-08-04,False,https://eodhd.com/api/fundamentals/LGIH.US#Financials.Balance_Sheet.quarterly.2026-06-30,filed,61081000,1585511000,,63163000,63163000,1595556000,1524430000
LH.US,USD,156.0662846776308,152.94339936320418,False,False,fail,fail,0.5,0.5,2025-12-31,532299999,7204000000,2026-06-30,2026-08-05,False,https://eodhd.com/api/fundamentals/LH.US#Financials.Balance_Sheet.quarterly.2026-06-30,filed,141800000,6766100000,,997300000,997300000,6671700001,6624300000
LI.PA,EUR,19.46536861107899,17.802498801420782,False,False,fail,fail,0.5,0.5,2025-12-31,831900000,8792100000,2026-06-30,2026-09-28,True,https://eodhd.com/api/fundamentals/LI.PA#Financials.Balance_Sheet.quarterly.2026-06-30,filed,355000000,8022300000,,366220000,366220000,7960200000,7667300000
LIFCO-B.ST,SEK,160.46992637706026,159.2345678045035,False,False,fail,fail,0.15,0.35,2025-12-31,1878000000,10995000000,2026-06-30,2026-09-28,True,https://eodhd.com/api/fundamentals/LIFCO-B.ST#Financials.Balance_Sheet.quarterly.2026-06-30,filed,1337000000,11898000000,,3379000000,3379000000,9117000000,10561000000
LIGHT.AS,EUR,32.947639783984144,31.944664236837752,False,False,pass,pass,0.35,0.35,2025-12-31,623000000,1579000000,2026-06-30,2026-09-28,True,https://eodhd.com/api/fundamentals/LIGHT.AS#Financials.Balance_Sheet.quarterly.2026-06-30,filed,498000000,1586000000,,275600000,275600000,956000000,1088000000
LII.US,USD,291.31257068522257,291.31257068522257,False,False,fail,fail,0.35,0.35,2025-12-31,34700000,2064100000,2026-06-30,2026-07-29,False,https://eodhd.com/api/fundamentals/LII.US#Financials.Balance_Sheet.quarterly.2026-06-30,filed,52100000,2024700000,,475300000,475300000,2029400000,1972600000
LIN.US,USD,184.76165103600897,184.35542965159772,False,False,fail,fail,0.35,0.35,2025-12-31,5056000000,26989000000,2026-06-30,2026-07-31,False,https://eodhd.com/api/fundamentals/LIN.US#Financials.Balance_Sheet.quarterly.2026-06-30,filed,4898000000,28013000000,,5419000000,5419000000,21933000000,23115000000
LIVEPOLC-1.MX,MXN,147.69644889062636,144.4515929414845,False,False,,,0.5,0.5,2025-12-31,26068466000,40407343000,2026-06-30,2026-09-28,True,https://eodhd.com/api/fundamentals/LIVEPOLC-1.MX#Financials.Balance_Sheet.quarterly.2026-06-30,filed,21713233000,54480745000,,14147587600,14147587600,14338877000,32767512000
LLOY.LSE,GBP,0.6989244462402703,0.68470448629757,False,False,fail,fail,0.5,0.5,2025-12-31,60596000000,141605000000,2026-06-30,2026-09-28,True,https://eodhd.com/api/fundamentals/LLOY.LSE#Financials.Balance_Sheet.quarterly.2026-06-30,filed,61530000000,102265000000,,0.6794661046632285,0.6656420342036695,,
LLY.US,USD,120.78401918535796,122.34530588869177,False,False,fail,fail,0.5,0.5,2025-12-31,7268000000,42503000000,2026-06-30,2026-08-05,False,https://eodhd.com/api/fundamentals/LLY.US#Financials.Balance_Sheet.quarterly.2026-06-30,filed,8950000000,54908000000,,5238900000,5238900000,35235000000,45958000000
LMT.US,USD,342.44692540678074,340.8466879830569,False,False,fail,fail,0.35,0.35,2025-12-31,4121000000,21700000000,2026-06-30,2026-07-23,False,https://eodhd.com/api/fundamentals/LMT.US#Financials.Balance_Sheet.quarterly.2026-06-30,filed,3791000000,20538000000,,4269409875.6444397,4269409875.6444397,17579000000,16747000000
LNW.AU,USD,41.53209130563137,42.5830969792524,False,False,fail,fail,0.5,0.5,2025-12-31,167000000,5210000000,2026-06-30,2026-09-28,True,https://eodhd.com/api/fundamentals/LNW.AU#Financials.Balance_Sheet.quarterly.2026-06-30,filed,245893477,5171759575,,241600000,241600000,5043000000,4925866098
LOCO.US,USD,5.537295149026438,5.648402820620269,False,False,fail,fail,0.5,0.5,2025-12-31,6228000,239570000,2026-06-30,2026-08-07,False,https://eodhd.com/api/fundamentals/LOCO.US#Financials.Balance_Sheet.quarterly.2026-06-30,filed,13282000,219402000,,13088000,13088000,233342000,206120000
LOG.MC,EUR,30.78302136996693,47.36664135081686,False,True,fail,pass,0.25,0.25,2025-09-30,174627000,274513000,2026-06-30,2026-09-28,True,https://eodhd.com/api/fundamentals/LOG.MC#Financials.Balance_Sheet.quarterly.2026-06-30,filed,2467000000,67000000,,269949000,269949000,99886000,-2400000000
LOGI.US,USD,95.16915718622492,95.15148464625847,False,False,fail,fail,0.15,0.15,2026-03-31,1751037378,88635442,2026-06-30,2026-07-29,False,https://eodhd.com/api/fundamentals/LOGI.US#Financials.Balance_Sheet.quarterly.2026-06-30,filed,1749679000,84388000,,565250000,565250000,-1662401936,-1665291000
LOMA.US,ARS,5863.7176397620215,5834.086144242871,False,False,fail,fail,0.5,0.5,2025-12-31,31404039000,301326240000,2026-06-30,2026-08-06,False,https://eodhd.com/api/fundamentals/LOMA.US#Financials.Balance_Sheet.quarterly.2026-06-30,filed,28854000000,305889000000,,53856876000,53856876000,269922201000,277035000000
LOOMIS.ST,SEK,426.55847276288074,434.5913129995671,False,False,fail,fail,0.5,0.35,2025-12-31,7507000000,16747000000,2026-06-30,2026-09-28,True,https://eodhd.com/api/fundamentals/LOOMIS.ST#Financials.Balance_Sheet.quarterly.2026-06-30,filed,8051000000,13880000000,,1763800000,1763800000,9240000000,5829000000
LOTB.BR,EUR,2932.7493148896087,2904.5987174966604,False,False,fail,fail,0.25,0.25,2025-12-31,121885000,312250000,2026-06-30,2026-09-28,True,https://eodhd.com/api/fundamentals/LOTB.BR#Financials.Balance_Sheet.quarterly.2026-06-30,filed,99000000,409188000,,124792800,124792800,190365000,310188000
LOW.US,USD,148.4147736176538,151.26362585981192,False,False,fail,fail,0.5,0.5,2026-01-31,1352000000,44677000000,2026-07-31,2026-08-27,False,https://eodhd.com/api/fundamentals/LOW.US#Financials.Balance_Sheet.quarterly.2026-07-31,filed,3407000000,42023000000,,6407000000,6407000000,43325000000,38616000000
LPP.WAR,PLN,4009.854229757857,,False,False,fail,,0.5,0.5,2026-01-31,1261000000,7384000000,2026-04-30,2026-07-29,True,https://eodhd.com/api/fundamentals/LPP.WAR#Financials.Balance_Sheet.quarterly.2026-04-30,filed,1164000000,8251000000,owner earnings not positive,365600000,,6123000000,
LR.PA,EUR,64.0791094318375,62.442719670090185,False,False,fail,fail,0.35,0.35,2025-12-31,2382000000,6603800000,2026-06-30,2026-09-28,True,https://eodhd.com/api/fundamentals/LR.PA#Financials.Balance_Sheet.quarterly.2026-06-30,filed,1965600000,7724400000,,1174180000,1174180000,4221800000,5758800000
LREN3.SA,BRL,7.589855732198797,7.601812176887826,False,False,fail,fail,0.35,0.35,2025-12-31,1902811000,2885366000,2026-06-30,2026-09-28,True,https://eodhd.com/api/fundamentals/LREN3.SA#Financials.Balance_Sheet.quarterly.2026-06-30,filed,1916985000,3287978000,,659744000,659744000,982555000,1370993000
LSEG.LSE,GBP,47.9090017062472,48.52638969689084,False,False,fail,fail,0.5,0.5,2025-12-31,3958000000,11718000000,2026-06-30,2026-09-28,True,https://eodhd.com/api/fundamentals/LSEG.LSE#Financials.Balance_Sheet.quarterly.2026-06-30,filed,4255000000,13511000000,,1549800000,1549800000,7760000000,9256000000
LSTR.US,USD,62.42437373951925,59.275587842120274,False,False,fail,fail,0.25,0.25,2025-12-27,452225000,133476000,2026-06-30,2026-07-29,False,https://eodhd.com/api/fundamentals/LSTR.US#Financials.Balance_Sheet.quarterly.2026-06-30,filed,347702000,138623000,,145517000,145517000,-318749000,-209079000
LULU.US,USD,246.40402407116625,242.7085246423722,True,True,pass,pass,0.15,0.15,2026-02-01,1807202000,1798441000,2026-07-31,2026-09-03,False,https://eodhd.com/api/fundamentals/LULU.US#Financials.Balance_Sheet.quarterly.2026-07-31,filed,1389737000,2141127000,,1238700000,1238700000,-8761000,751390000
LUMO.HE,EUR,1.1462767156580174,0.33014012716665886,False,False,fail,fail,0.5,0.5,2025-12-31,239100000,3466700000,2026-06-30,2026-09-28,True,https://eodhd.com/api/fundamentals/LUMO.HE#Financials.Balance_Sheet.quarterly.2026-06-30,filed,23100000,3826000000,,5920000,5920000,3227600000,3802900000
LUND-B.ST,SEK,345.9664988874132,,False,False,fail,,0.5,0.5,2025-12-31,1534000000,24575000000,2026-06-30,2026-09-28,True,https://eodhd.com/api/fundamentals/LUND-B.ST#Financials.Balance_Sheet.quarterly.2026-06-30,filed,,25583000000,net cash unavailable,6822800000,,23041000000,
LVS.US,USD,32.238525146735675,31.49892483129145,False,False,fail,fail,0.5,0.5,2025-12-31,3841000000,16138000000,2026-06-30,2026-07-24,False,https://eodhd.com/api/fundamentals/LVS.US#Financials.Balance_Sheet.quarterly.2026-06-30,filed,3376000000,15262000000,,1391000000,1391000000,12297000000,11886000000
M.US,USD,45.277618582652345,45.44922657550482,False,False,,,0.5,0.5,2026-01-31,1246000000,5204000000,2026-07-31,2026-09-10,False,https://eodhd.com/api/fundamentals/M.US#Financials.Balance_Sheet.quarterly.2026-07-31,filed,1294000000,5089000000,,887000000,887000000,3958000000,3795000000
M2L.F,SGD,0.9045427337273947,0.9047133114558527,False,False,fail,fail,0.5,0.5,2026-03-31,95213000,2252618000,2026-06-30,2026-09-28,True,https://eodhd.com/api/fundamentals/M2L.F#Financials.Balance_Sheet.quarterly.2026-06-30,filed,95700000,2651009000,,201019400,201019400,2157405000,2555309000
MA.US,USD,283.7385348842431,284.50355783173995,False,False,fail,fail,0.15,0.15,2025-12-31,10898000000,19000000000,2026-06-30,2026-07-30,False,https://eodhd.com/api/fundamentals/MA.US#Financials.Balance_Sheet.quarterly.2026-06-30,filed,11609000000,24643000000,,11163000000,11163000000,8102000000,13034000000
MAA.US,USD,62.67506363615538,62.20543862868626,False,False,fail,fail,0.5,0.5,2025-12-31,106659000,5405372000,2026-06-30,2026-07-30,False,https://eodhd.com/api/fundamentals/MAA.US#Financials.Balance_Sheet.quarterly.2026-06-30,filed,51836000,5691901000,,585324000,585324000,5298713000,5640065000
MAERSK-B.CO,USD,2207.3061567701343,2771.369353254127,False,False,fail,fail,0.5,0.5,2025-12-31,10319000000,18920000000,2026-06-30,2026-09-28,True,https://eodhd.com/api/fundamentals/MAERSK-B.CO#Financials.Balance_Sheet.quarterly.2026-06-30,filed,18488553000,17470632000,,1813250934,1813250934,8601000000,-1017921000
MAP.MC,EUR,3.3455485893346535,3.623852615784943,False,False,fail,fail,0.35,0.35,2025-12-31,25244800000,3334400000,2026-06-30,2026-09-28,True,https://eodhd.com/api/fundamentals/MAP.MC#Financials.Balance_Sheet.quarterly.2026-06-30,filed,26485700000,2904500000,,2.3092080389768723,2.50130266202536,,
MAPGF.US,SGD,0.7446332550412161,0.749172612475084,False,False,fail,fail,0.5,0.5,2026-03-31,302270000,5570712000,2026-06-30,2026-09-28,True,https://eodhd.com/api/fundamentals/MAPGF.US#Financials.Balance_Sheet.quarterly.2026-06-30,filed,325672000,5593017000,,283962000,283962000,5268442000,5267345000
MAR.US,USD,112.4709760457791,112.4709760457791,False,False,fail,fail,0.5,0.5,2025-12-31,358000000,17083000000,2026-06-30,2026-08-03,False,https://eodhd.com/api/fundamentals/MAR.US#Financials.Balance_Sheet.quarterly.2026-06-30,filed,462000000,17774000000,,2196274128.4544344,2196274128.4544344,16725000000,17312000000
MAS.US,USD,51.265887865905626,50.773959994142224,False,False,fail,fail,0.35,0.35,2025-12-31,647000000,3215000000,2026-06-30,2026-07-29,False,https://eodhd.com/api/fundamentals/MAS.US#Financials.Balance_Sheet.quarterly.2026-06-30,filed,548000000,3493000000,,765000000,765000000,2568000000,2945000000
MAU.PA,USD,15.003368217786011,14.898593184338665,False,False,,,0.5,0.5,2025-12-31,460303862,282989728,2026-06-30,2026-09-28,True,https://eodhd.com/api/fundamentals/MAU.PA#Financials.Balance_Sheet.quarterly.2026-06-30,filed,439384000,176644999,,204817000,204817000,-177314134,-262739001
MBG.XETRA,EUR,91.85308834173686,90.65687277128838,False,False,pass,pass,0.5,0.5,2025-12-31,19194000000,100006000000,2026-06-30,2026-09-28,True,https://eodhd.com/api/fundamentals/MBG.XETRA#Financials.Balance_Sheet.quarterly.2026-06-30,filed,17652000000,102231000000,,6042200000,6065800000,80812000000,84579000000
MBK.WAR,PLN,134.20528742006462,146.82280287532902,False,False,fail,fail,0.5,0.5,2025-12-31,57946513000,21478731000,2026-06-30,2026-09-28,True,https://eodhd.com/api/fundamentals/MBK.WAR#Financials.Balance_Sheet.quarterly.2026-06-30,filed,28298000000,19760000000,,450.3301869553266,492.6686685689164,,
MBRF3.SA,BRL,19.028376802097945,17.505048922193303,False,False,,,0.5,0.5,2025-12-31,25511971000,74562689000,2026-06-30,2026-09-28,True,https://eodhd.com/api/fundamentals/MBRF3.SA#Financials.Balance_Sheet.quarterly.2026-06-30,filed,23112841000,74324611000,,778271200,827764600,49050718000,51211770000
MC.PA,EUR,391.7609419545501,389.12383911484005,False,False,,,0.25,0.25,2025-12-31,13502000000,36731000000,2026-06-30,2026-09-28,True,https://eodhd.com/api/fundamentals/MC.PA#Financials.Balance_Sheet.quarterly.2026-06-30,filed,12202000000,36617000000,,10371600000,10371600000,23229000000,24415000000
MCD.US,USD,200.07910775546415,200.1237913962834,False,False,fail,fail,0.5,0.5,2025-12-31,774000000,54814000000,2026-06-30,2026-08-07,False,https://eodhd.com/api/fundamentals/MCD.US#Financials.Balance_Sheet.quarterly.2026-06-30,filed,822000000,54592000000,,7250000000,7250000000,54040000000,53770000000
MCHP.US,USD,12.75184240639874,12.795701741239478,False,False,fail,fail,0.5,0.5,2026-03-31,240300000,5535200000,2026-06-30,2026-08-06,False,https://eodhd.com/api/fundamentals/MCHP.US#Financials.Balance_Sheet.quarterly.2026-06-30,filed,272300000,5398700000,,545000000,545000000,5294900000,5126400000
MCK.US,USD,351.49450368320964,351.49450368320964,False,False,fail,fail,0.25,0.25,2026-03-31,3975000000,8614000000,2026-06-30,2026-08-05,False,https://eodhd.com/api/fundamentals/MCK.US#Financials.Balance_Sheet.quarterly.2026-06-30,filed,5164000000,11701000000,,3295000000,3295000000,4639000000,6537000000
MCO.US,USD,217.76283501755879,212.21465081276182,False,False,fail,fail,0.15,0.35,2025-12-31,2448000000,7351000000,2026-06-30,2026-07-23,False,https://eodhd.com/api/fundamentals/MCO.US#Financials.Balance_Sheet.quarterly.2026-06-30,filed,1496000000,7522000000,,1952000000,1952000000,4903000000,6026000000
MCY.US,USD,44.5424562780541,52.4284199829069,False,False,fail,fail,0.5,0.5,2025-12-31,1652566000,586855000,2026-06-30,2026-08-04,False,https://eodhd.com/api/fundamentals/MCY.US#Financials.Balance_Sheet.quarterly.2026-06-30,filed,2069187000,962128000,,42.74588817274188,50.313780714582315,,
MDLZ.US,USD,24.60436833207638,24.266080097012765,False,False,fail,fail,0.5,0.5,2025-12-31,2125000000,22403000000,2026-06-30,2026-07-28,False,https://eodhd.com/api/fundamentals/MDLZ.US#Financials.Balance_Sheet.quarterly.2026-06-30,filed,1716000000,22059000000,,2416000000,2416000000,20278000000,20343000000
MDT.US,USD,57.540266514434215,57.20835546456296,False,False,fail,fail,0.35,0.35,2026-04-30,9220000000,27961000000,2026-07-31,2026-09-03,False,https://eodhd.com/api/fundamentals/MDT.US#Financials.Balance_Sheet.quarterly.2026-07-31,filed,8819000000,28153000000,,5235000000,5235000000,18741000000,19334000000
MELE.BR,EUR,40.36327853681595,40.42032201814817,False,False,fail,fail,0.35,0.35,2025-12-31,34633000,322039000,2026-06-30,2026-09-28,True,https://eodhd.com/api/fundamentals/MELE.BR#Financials.Balance_Sheet.quarterly.2026-06-30,filed,37348000,301033000,,119054101,119032701,287406000,263685000
MELI.US,USD,432.7157043308539,419.0112269720991,False,False,fail,fail,0.5,0.5,2025-12-31,6299000000,11392000000,2026-06-30,2026-08-06,False,https://eodhd.com/api/fundamentals/MELI.US#Financials.Balance_Sheet.quarterly.2026-06-30,filed,5730000000,13176000000,,835000000,835000000,5093000000,7446000000
MEOH.US,USD,61.136298121247435,60.37210752849274,False,False,,,0.5,0.5,2025-12-31,428050591,3501698814,2026-06-30,2026-07-28,False,https://eodhd.com/api/fundamentals/MEOH.US#Financials.Balance_Sheet.quarterly.2026-06-30,filed,382449509,3129306320,,351644000,351644000,3073648223,2746856811
METSO.HE,EUR,6.263687898150134,6.1183696465360145,False,False,fail,fail,0.5,0.5,2025-12-31,501000000,1594000000,2026-06-30,2026-09-28,True,https://eodhd.com/api/fundamentals/METSO.HE#Financials.Balance_Sheet.quarterly.2026-06-30,filed,383000000,1600000000,,385200000,385200000,1093000000,1217000000
MFC.TO,CAD,42.296253418511725,44.41254409896582,False,False,fail,fail,0.35,0.35,2025-12-31,36331000000,14675000000,2026-06-30,2026-09-28,True,https://eodhd.com/api/fundamentals/MFC.TO#Financials.Balance_Sheet.quarterly.2026-06-30,filed,37916000000,14127000000,,23.283420385067817,24.4484050252546,,
MG.TO,USD,29.0527323528578,28.432544540324443,False,False,fail,fail,0.5,0.5,2025-12-31,1609066000,6689000000,2026-06-30,2026-09-28,True,https://eodhd.com/api/fundamentals/MG.TO#Financials.Balance_Sheet.quarterly.2026-06-30,filed,1450638000,6469000000,,563090213,563090213,5079934000,5018362000
MIL.WAR,PLN,4.607108286998995,5.773092889644897,False,False,fail,fail,0.5,0.5,2025-12-31,4708626000,9301612000,2026-06-30,2026-09-28,True,https://eodhd.com/api/fundamentals/MIL.WAR#Financials.Balance_Sheet.quarterly.2026-06-30,filed,6358537000,11776011000,,7.025626967392851,8.803699536477156,,
MIO.IR,EUR,0.5420824705659772,,False,False,fail,,0.35,0.35,2025-12-31,11650000,25913000,2026-06-30,2026-09-28,True,https://eodhd.com/api/fundamentals/MIO.IR#Financials.Balance_Sheet.quarterly.2026-06-30,filed,12961000,,net cash unavailable,8873000,,14263000,
MKC-V.US,USD,33.66258773080396,34.32237934695948,False,False,fail,fail,0.5,0.5,2025-11-30,95900000,3996300000,2026-08-31,2026-10-01,False,https://eodhd.com/api/fundamentals/MKC-V.US#Financials.Balance_Sheet.quarterly.2026-08-31,filed,331100000,4246300000,,688639317.7571177,688639317.7571177,3900400000,3915200000
MKTX.US,USD,143.2078830717268,134.02726337635733,False,False,fail,fail,0.25,0.25,2025-12-31,568456000,284938000,2026-06-30,2026-08-07,False,https://eodhd.com/api/fundamentals/MKTX.US#Financials.Balance_Sheet.quarterly.2026-06-30,filed,245794000,178913000,,252827000,252827000,-283518000,-66881000
MLKN.US,USD,17.727187308322755,17.893744194488537,False,False,fail,fail,0.5,0.5,2026-05-31,167700000,1801500000,2026-08-31,2026-09-28,False,https://eodhd.com/api/fundamentals/MLKN.US#Financials.Balance_Sheet.quarterly.2026-08-31,filed,178600000,1820700000,,91500000,91500000,1633800000,1642100000
MLM.US,USD,224.7604266795724,224.76042667957236,False,False,fail,fail,0.5,0.5,2025-12-31,67000000,5323000000,2026-06-30,2026-07-30,False,https://eodhd.com/api/fundamentals/MLM.US#Financials.Balance_Sheet.quarterly.2026-06-30,filed,112000000,5951000000,,931459828.3760239,931459828.3760239,5256000000,5839000000
MMM.US,USD,83.4884076338158,78.43212170548857,False,False,fail,fail,0.5,0.5,2025-12-31,5933000000,12936000000,2026-06-30,2026-07-21,False,https://eodhd.com/api/fundamentals/MMM.US#Financials.Balance_Sheet.quarterly.2026-06-30,filed,3330000000,12551000000,,3025000000,3025000000,7003000000,9221000000
MMS.US,USD,121.31806273065287,118.41813975266008,True,True,pass,pass,0.35,0.5,2025-09-30,260459000,1444167000,2026-06-30,2026-08-06,False,https://eodhd.com/api/fundamentals/MMS.US#Financials.Balance_Sheet.quarterly.2026-06-30,filed,56953000,1731818000,,292702000,292702000,1183708000,1674865000
MMT.PA,EUR,14.230645995385917,12.778656849599859,False,False,pass,,0.25,0.25,2025-12-31,216000000,105500000,2026-06-30,2026-09-28,True,https://eodhd.com/api/fundamentals/MMT.PA#Financials.Balance_Sheet.quarterly.2026-06-30,filed,33000000,98400000,,128860000,128860000,-110500000,65400000
MNDI.LSE,EUR,1.6069773744540572,1.320138122778496,False,False,fail,fail,0.5,0.5,2025-12-31,296361972,2882000000,2026-06-30,2026-09-28,True,https://eodhd.com/api/fundamentals/MNDI.LSE#Financials.Balance_Sheet.quarterly.2026-06-30,filed,169923848,2808268101,,45448017.590650916,45448017.590650916,2585638028,2638344253
MNST.US,USD,14.283522440881253,,False,False,fail,,0.25,0.25,2025-12-31,2765201000,0,2026-06-30,2026-08-07,False,https://eodhd.com/api/fundamentals/MNST.US#Financials.Balance_Sheet.quarterly.2026-06-30,filed,3419256000,,net cash unavailable,1306992000,,-2765201000,
MO.US,USD,45.160266260786905,43.87348212188776,False,False,fail,fail,0.35,0.35,2025-12-31,4481000000,25709000000,2026-06-30,2026-07-30,False,https://eodhd.com/api/fundamentals/MO.US#Financials.Balance_Sheet.quarterly.2026-06-30,filed,2367000000,24577000000,,5735000000,5735000000,21228000000,22210000000
MOBN.SW,CHF,279.8292760780288,278.7917151360997,False,False,fail,fail,0.5,0.5,2025-12-31,27495000,1943261000,2026-06-30,2026-09-28,True,https://eodhd.com/api/fundamentals/MOBN.SW#Financials.Balance_Sheet.quarterly.2026-06-30,filed,19771000,1947187000,,131746893.31976327,131746893.31976327,1915766000,1927416000
MONT.BR,EUR,88.37028619580812,88.5113448588883,False,False,,,0.5,0.5,2025-12-31,6322000,1263879000,2026-06-30,2026-09-28,True,https://eodhd.com/api/fundamentals/MONT.BR#Financials.Balance_Sheet.quarterly.2026-06-30,filed,11112000,1341583000,,122679400,122679400,1257557000,1330471000
MORN.US,USD,125.89069966660755,125.69557028263074,False,False,fail,fail,0.35,0.5,2025-12-31,528700000,1407800000,2026-06-30,2026-07-29,False,https://eodhd.com/api/fundamentals/MORN.US#Financials.Balance_Sheet.quarterly.2026-06-30,filed,523800000,1904800000,,200300000,200300000,879100000,1381000000
MOWI.OL,EUR,6.995718671441955,6.713738340402361,False,False,fail,fail,0.5,0.5,2025-12-31,289300000,3133700000,2026-06-30,2026-09-28,True,https://eodhd.com/api/fundamentals/MOWI.OL#Financials.Balance_Sheet.quarterly.2026-06-30,filed,264200000,3649800000,,221760000,214460000,2844400000,3385600000
MPC.US,USD,165.88863846923843,178.46355905089138,False,False,fail,fail,0.5,0.5,2025-12-31,3672000000,34358000000,2026-06-30,2026-08-04,False,https://eodhd.com/api/fundamentals/MPC.US#Financials.Balance_Sheet.quarterly.2026-06-30,filed,7768000000,34292000000,,3812000000,3812000000,30686000000,26524000000
MPLX.US,USD,46.20960736086094,45.10315004977164,False,False,fail,fail,0.5,0.5,2025-12-31,2137000000,26162000000,2026-06-30,2026-08-04,False,https://eodhd.com/api/fundamentals/MPLX.US#Financials.Balance_Sheet.quarterly.2026-06-30,filed,1031000000,25895000000,,3479000000,3479000000,24025000000,24864000000
MPWR.US,USD,133.77461768377327,136.77732447823027,False,False,fail,fail,0.35,0.35,2025-12-31,1256545000,24103000,2026-06-30,2026-08-05,False,https://eodhd.com/api/fundamentals/MPWR.US#Financials.Balance_Sheet.quarterly.2026-06-30,filed,1413761000,18934000,,276680000,276680000,-1232442000,-1394827000
MRK.US,USD,30.63317671193567,27.612114097077573,False,False,fail,fail,0.5,0.5,2025-12-31,14565000000,50534000000,2026-06-30,2026-08-07,False,https://eodhd.com/api/fundamentals/MRK.US#Financials.Balance_Sheet.quarterly.2026-06-30,filed,7141000000,53906000000,,5010000000,5010000000,35969000000,46765000000
MRK.XETRA,EUR,85.12157651470716,82.88903422330749,False,False,fail,fail,0.35,0.35,2025-12-31,2925000000,11968000000,2026-06-30,2026-09-28,True,https://eodhd.com/api/fundamentals/MRK.XETRA#Financials.Balance_Sheet.quarterly.2026-06-30,filed,1955000000,12302000000,,2774400000,2774400000,9043000000,10347000000
MRL.MC,EUR,5.829174086448324,6.4019557314959465,False,False,fail,fail,0.5,0.5,2025-12-31,1215528000,5062260000,2026-06-30,2026-09-28,True,https://eodhd.com/api/fundamentals/MRL.MC#Financials.Balance_Sheet.quarterly.2026-06-30,filed,1570998000,4998484000,,193336000,193336000,3846732000,3427486000
MRSH.US,USD,100.67025800826845,98.56150646051582,False,False,fail,fail,0.5,0.5,2025-12-31,2687000000,21449000000,2026-06-30,2026-07-21,False,https://eodhd.com/api/fundamentals/MRSH.US#Financials.Balance_Sheet.quarterly.2026-06-30,filed,1700000000,22382000000,,3690000000,3690000000,18762000000,20682000000
MRU.TO,CAD,48.55510116448483,48.55510116448483,False,False,fail,fail,0.5,0.5,2025-09-30,67300000,4602000000,2026-06-30,2026-07-04,False,https://eodhd.com/api/fundamentals/MRU.TO#Financials.Balance_Sheet.quarterly.2026-06-30,filed,49900000,4948200000,,659860000,659860000,4534700000,4898300000
MRVL.US,USD,5.325519469348979,6.772488897793044,False,False,fail,fail,0.5,0.5,2026-01-31,2638800000,4790300000,2026-07-31,2026-08-28,False,https://eodhd.com/api/fundamentals/MRVL.US#Financials.Balance_Sheet.quarterly.2026-07-31,filed,3932800000,5286100000,,176500000,176500000,2151500000,1353300000
MSA.US,USD,65.787690351274,66.64063499621885,False,False,fail,fail,0.5,0.5,2025-12-31,165067000,627085000,2026-06-30,2026-07-31,False,https://eodhd.com/api/fundamentals/MSA.US#Financials.Balance_Sheet.quarterly.2026-06-30,filed,200057000,643508000,,172355000,172355000,462018000,443451000
MSCI.US,USD,339.92995782828126,337.6889963427242,False,False,fail,fail,0.5,0.5,2025-12-31,515332000,6338406000,2026-06-30,2026-07-21,False,https://eodhd.com/api/fundamentals/MSCI.US#Financials.Balance_Sheet.quarterly.2026-06-30,filed,356400000,6544200000,,1145307000,1145307000,5823074000,6187800000
MSI.US,USD,119.71509539622781,116.8987963336914,False,False,fail,fail,0.5,0.5,2025-12-31,1165000000,9766000000,2026-06-30,2026-08-05,False,https://eodhd.com/api/fundamentals/MSI.US#Financials.Balance_Sheet.quarterly.2026-06-30,filed,710000000,9619000000,,1413000000,1413000000,8601000000,8909000000
MTD.US,USD,901.6096649503816,901.6096649503816,False,False,fail,fail,0.15,0.15,2025-12-31,66888000,2343366000,2026-06-30,2026-07-31,False,https://eodhd.com/api/fundamentals/MTD.US#Financials.Balance_Sheet.quarterly.2026-06-30,filed,51383000,2111963000,,852841000,852841000,2276478000,2060580000
MTLN.LSE,EUR,32.257546057751725,35.31174405049901,False,False,fail,fail,0.5,0.5,2025-12-31,2074944948,5092244000,2026-06-30,2026-09-28,True,https://eodhd.com/api/fundamentals/MTLN.LSE#Financials.Balance_Sheet.quarterly.2026-06-30,filed,2591943000,5436288000,,162151739,162151739,3017299052,2844345000
MTX.XETRA,EUR,132.43800990508143,135.76223240637418,False,False,fail,fail,0.5,0.5,2025-12-31,2357000000,2428000000,2026-06-30,2026-09-28,True,https://eodhd.com/api/fundamentals/MTX.XETRA#Financials.Balance_Sheet.quarterly.2026-06-30,filed,2537000000,2556000000,,286800000,286800000,71000000,19000000
MULT3.SA,BRL,14.946540840202461,14.3861838122351,False,False,fail,fail,0.35,0.35,2025-12-31,771863000,5439999000,2026-06-30,2026-09-28,True,https://eodhd.com/api/fundamentals/MULT3.SA#Financials.Balance_Sheet.quarterly.2026-06-30,filed,506817000,5058114000,,1122031000,1122031000,4668136000,4551297000
MUV2.XETRA,EUR,252.7079369565441,254.11469785811505,False,False,fail,fail,0.5,0.5,2025-12-31,5502000000,7434000000,2026-06-30,2026-09-28,True,https://eodhd.com/api/fundamentals/MUV2.XETRA#Financials.Balance_Sheet.quarterly.2026-06-30,filed,5819000000,7391000000,,217.02591642342688,218.234044579309,,
MYCR.ST,SEK,66.6593956285279,68.45065770483653,False,False,fail,fail,0.25,0.25,2025-12-31,2323000000,348000000,2026-06-30,2026-09-28,True,https://eodhd.com/api/fundamentals/MYCR.ST#Financials.Balance_Sheet.quarterly.2026-06-30,filed,2687000000,420000000,,558800000,558800000,-1975000000,-2267000000
MYE.US,USD,14.708665477130515,14.816116194341863,False,False,fail,fail,0.5,0.5,2025-12-31,45050000,378667000,2026-06-30,2026-07-30,False,https://eodhd.com/api/fundamentals/MYE.US#Financials.Balance_Sheet.quarterly.2026-06-30,filed,47635000,338909000,,42127000,42127000,333617000,291274000
NA.TO,CAD,214.18632219872822,213.28276994049017,False,False,,,0.25,0.25,2025-10-31,33197000000,149845000000,2026-04-30,2026-07-29,True,https://eodhd.com/api/fundamentals/NA.TO#Financials.Balance_Sheet.quarterly.2026-04-30,filed,43431000000,98784000000,,75.54113646264163,75.22246361864293,,
NAB.AU,AUD,23.57842956188435,23.121674643669834,False,False,fail,fail,0.5,0.5,2025-09-30,166791000000,289673000000,2026-03-31,2026-06-29,True,https://eodhd.com/api/fundamentals/NAB.AU#Financials.Balance_Sheet.quarterly.2026-03-31,filed,1773000000,190004000000,,18.717324304592605,18.354737393980077,,
NDA-FI.HE,EUR,11.4295751513944,11.787159197666893,False,False,fail,fail,0.35,0.35,2025-12-31,45153000000,205086000000,2026-06-30,2026-09-28,True,https://eodhd.com/api/fundamentals/NDA-FI.HE#Financials.Balance_Sheet.quarterly.2026-06-30,filed,47133000000,219893000000,,7.704153763127468,7.945184811021534,,
NDA.XETRA,EUR,40.9754022646022,40.9754022646022,False,False,fail,fail,0.5,0.5,2025-09-30,355000000,541000000,2026-06-30,2026-09-28,True,https://eodhd.com/api/fundamentals/NDA.XETRA#Financials.Balance_Sheet.quarterly.2026-06-30,filed,53000000,739000000,,143837304.0407436,143837304.0407436,186000000,686000000
NDAQ.US,USD,28.179380276062073,31.641452440228313,False,False,fail,fail,0.5,0.5,2025-12-31,842000000,9928000000,2026-06-30,2026-07-23,False,https://eodhd.com/api/fundamentals/NDAQ.US#Financials.Balance_Sheet.quarterly.2026-06-30,filed,2787000000,9243000000,,1212000000,1212000000,9086000000,6456000000
NEM.US,USD,45.87220638683536,50.500863286227194,False,False,fail,fail,0.5,0.5,2025-12-31,8244000000,5712000000,2026-06-30,2026-07-23,False,https://eodhd.com/api/fundamentals/NEM.US#Financials.Balance_Sheet.quarterly.2026-06-30,filed,13131000000,5466000000,,3259000000,3259000000,-2532000000,-7665000000
NEM.XETRA,EUR,22.79565838707612,23.9411060397558,False,False,fail,fail,0.25,0.25,2025-12-31,258365000,404534000,2026-06-30,2026-09-28,True,https://eodhd.com/api/fundamentals/NEM.XETRA#Financials.Balance_Sheet.quarterly.2026-06-30,filed,392065000,550253000,,192902000,192902000,146169000,158188000
NEU.AU,AUD,6.986049388088082,,False,False,fail,,0.5,0.5,2025-12-31,296122000,0,2026-06-30,2026-09-28,True,https://eodhd.com/api/fundamentals/NEU.AU#Financials.Balance_Sheet.quarterly.2026-06-30,filed,286542000,,net cash unavailable,30422000,,-296122000,
NEX.PA,EUR,75.16814196475343,71.08730227283756,False,False,fail,fail,0.35,0.5,2025-12-31,1634000000,1900000000,2026-06-30,2026-09-28,True,https://eodhd.com/api/fundamentals/NEX.PA#Financials.Balance_Sheet.quarterly.2026-06-30,filed,1456000000,2494000000,,144800000,144800000,266000000,1038000000
NFLX.US,USD,59.53032434053912,59.53075576849913,False,False,fail,fail,0.5,0.5,2025-12-31,9062359000,14462836000,2026-06-30,2026-07-17,False,https://eodhd.com/api/fundamentals/NFLX.US#Financials.Balance_Sheet.quarterly.2026-06-30,filed,9127910000,14309306000,,19274454000,19274454000,5400477000,5181396000
NHY.OL,NOK,28.02064272109807,24.7003191311056,False,False,fail,fail,0.5,0.5,2025-12-31,27749000000,28528000000,2026-06-30,2026-09-28,True,https://eodhd.com/api/fundamentals/NHY.OL#Financials.Balance_Sheet.quarterly.2026-06-30,filed,21157000000,35726000000,,2531000000,2531000000,779000000,14569000000
NICE.US,USD,58.08180976402768,57.03013437987786,False,False,fail,fail,0.25,0.25,2025-12-31,417391528,163857458,2026-06-30,2026-08-05,False,https://eodhd.com/api/fundamentals/NICE.US#Financials.Balance_Sheet.quarterly.2026-06-30,filed,358473420,88218365,,244824000,244824000,-253534070,-270255055
NKE.US,USD,26.45660266348016,26.019424385620034,False,False,fail,fail,0.35,0.35,2026-05-31,9027000000,11033000000,2026-08-31,2026-10-02,False,https://eodhd.com/api/fundamentals/NKE.US#Financials.Balance_Sheet.quarterly.2026-08-31,filed,8368000000,11072000000,,2506000000,2506000000,2006000000,2704000000
NN.AS,EUR,24.1386978805883,26.779395054958655,False,False,fail,fail,0.35,0.35,2025-12-31,6404000000,13689000000,2026-06-30,2026-09-28,True,https://eodhd.com/api/fundamentals/NN.AS#Financials.Balance_Sheet.quarterly.2026-06-30,filed,7265000000,12845000000,,68.7936914112205,76.31950359142947,,
NOC.US,USD,478.10764675217814,463.2215778041607,False,False,,fail,0.35,0.35,2025-12-31,4403000000,19741000000,2026-06-30,2026-07-21,False,https://eodhd.com/api/fundamentals/NOC.US#Financials.Balance_Sheet.quarterly.2026-06-30,filed,2307000000,16289000000,,4085000000,4085000000,15338000000,13982000000
NOKIA.HE,EUR,2.420189465164287,2.1878796663846645,False,False,fail,fail,0.5,0.5,2025-12-31,6423000000,4413000000,2026-06-30,2026-09-28,True,https://eodhd.com/api/fundamentals/NOKIA.HE#Financials.Balance_Sheet.quarterly.2026-06-30,filed,5130000000,3359000000,,605000000,605000000,-2010000000,-1771000000
NOS.LS,EUR,2.8713469506203353,2.8713469506203353,False,False,fail,fail,0.5,0.5,2025-12-31,14489000,1036488000,2026-06-30,2026-09-28,True,https://eodhd.com/api/fundamentals/NOS.LS#Financials.Balance_Sheet.quarterly.2026-06-30,filed,4772000,1705019000,,118142200,118142200,1021999000,1700247000
NOVN.SW,USD,98.99147500556624,96.95691877130965,False,False,fail,fail,0.35,0.35,2025-12-31,11582399000,37008712000,2026-06-30,2026-09-28,True,https://eodhd.com/api/fundamentals/NOVN.SW#Financials.Balance_Sheet.quarterly.2026-06-30,filed,7710749000,49146250000,,14288859457,14285459457,25426313000,41435501000
NOVO-B.CO,DKK,108.81229625592549,112.80104960325352,False,False,fail,fail,0.35,0.25,2025-12-31,26962000000,130958000000,2026-06-30,2026-09-28,True,https://eodhd.com/api/fundamentals/NOVO-B.CO#Financials.Balance_Sheet.quarterly.2026-06-30,filed,44982000000,140127000000,,34212516539.61119,34212516539.61119,103996000000,95145000000
NRG.US,USD,121.0279917043508,90.9971392468166,False,False,,fail,0.5,0.5,2025-12-31,6927000000,16766000000,2026-06-30,2026-08-04,False,https://eodhd.com/api/fundamentals/NRG.US#Financials.Balance_Sheet.quarterly.2026-06-30,filed,162000000,23467000000,,1538000000,1538000000,9839000000,23305000000
NSC.US,USD,112.94425596813197,110.86151575460883,False,False,fail,fail,0.5,0.5,2025-12-31,1530000000,17087000000,2026-06-30,2026-07-23,False,https://eodhd.com/api/fundamentals/NSC.US#Financials.Balance_Sheet.quarterly.2026-06-30,filed,1069000000,16616000000,,1938000000,1938000000,15557000000,15547000000
NSIS-B.CO,EUR,12.711306872664657,12.787420645924962,False,False,fail,fail,0.5,0.5,2025-12-31,275300000,22447429433,2026-06-30,2026-09-28,True,https://eodhd.com/api/fundamentals/NSIS-B.CO#Financials.Balance_Sheet.quarterly.2026-06-30,filed,313620777,3068603298,,461300000,461300000,22172129433,2754982521
NSIT.US,USD,93.62573927415717,93.58529816658398,False,False,fail,fail,0.5,0.5,2025-12-31,358020000,1586370000,2026-06-30,2026-08-06,False,https://eodhd.com/api/fundamentals/NSIT.US#Financials.Balance_Sheet.quarterly.2026-06-30,filed,363482000,1741725000,,205409000,205409000,1228350000,1378243000
NSRGY.US,CHF,38.58277275986029,38.534417435499094,False,False,fail,fail,0.5,0.5,2025-12-31,6237077000,57917720000,2026-06-30,2026-09-28,True,https://eodhd.com/api/fundamentals/NSRGY.US#Financials.Balance_Sheet.quarterly.2026-06-30,filed,6112328000,62622960000,,7639094725,7639094725,51680643000,56510632000
NTAP.US,USD,72.9467552074,72.85857636747562,False,False,fail,fail,0.25,0.25,2026-04-30,3584000000,2733000000,2026-07-31,2026-09-02,False,https://eodhd.com/api/fundamentals/NTAP.US#Financials.Balance_Sheet.quarterly.2026-07-31,filed,3576000000,2534000000,,875000000,875000000,-851000000,-1042000000
NTES.US,CNY,1029.0792460738248,1049.0527407272025,False,False,,,0.35,0.35,2025-12-31,167036429000,6388483000,2026-06-30,2026-08-20,False,https://eodhd.com/api/fundamentals/NTES.US#Financials.Balance_Sheet.quarterly.2026-06-30,filed,179903918000,12608628000,,25445220706.268753,25445220706.268753,-160647946000,-167295290000
NTGY.MC,EUR,20.062459782024227,20.42006157285099,False,False,fail,fail,0.5,0.5,2025-12-31,4662000000,16747000000,2026-06-30,2026-09-28,True,https://eodhd.com/api/fundamentals/NTGY.MC#Financials.Balance_Sheet.quarterly.2026-06-30,filed,4996000000,16531000000,,1150800000,1150800000,12085000000,11535000000
NTR.TO,USD,57.683717648633895,57.80549477034943,False,False,fail,fail,0.5,0.5,2025-12-31,699724000,12019000000,2026-06-30,2026-09-28,True,https://eodhd.com/api/fundamentals/NTR.TO#Financials.Balance_Sheet.quarterly.2026-06-30,filed,919503000,12707309000,,2228195112,2216795112,11319276000,11787806000
NTRS.US,USD,480.1658699123144,414.35106833304866,False,False,pass,pass,0.35,0.35,2025-12-31,63781600000,16427500000,2026-06-30,2026-07-30,False,https://eodhd.com/api/fundamentals/NTRS.US#Financials.Balance_Sheet.quarterly.2026-06-30,filed,51758100000,15764600000,,1958100000,1958100000,-47354100000,-35993500000
NUE.US,USD,23.195482592811178,22.846657185895364,False,False,fail,fail,0.5,0.5,2025-12-31,2699000000,7121000000,2026-06-30,2026-07-27,False,https://eodhd.com/api/fundamentals/NUE.US#Financials.Balance_Sheet.quarterly.2026-06-30,filed,2692000000,7099000000,,258365825.44789505,258365825.44789505,4422000000,4407000000
NVDA.US,USD,23.845689950780503,25.29814284347939,False,False,fail,fail,0.5,0.5,2026-01-31,62556000000,11412000000,2026-07-31,2026-08-26,False,https://eodhd.com/api/fundamentals/NVDA.US#Financials.Balance_Sheet.quarterly.2026-07-31,filed,99369000000,38860000000,,26650000000,26650000000,-51144000000,-60509000000
NVEC.US,USD,38.46812666835436,38.84700757538612,False,False,fail,fail,0.25,0.25,2026-03-31,19839100,905539,2026-06-30,2026-07-22,False,https://eodhd.com/api/fundamentals/NVEC.US#Financials.Balance_Sheet.quarterly.2026-06-30,filed,21771157,905825,,13414601.20544719,13414601.20544719,-18933561,-20865332
NVG.LS,EUR,1.092409341691651,1.165758880585131,False,False,fail,fail,0.5,0.5,2025-12-31,130229469,833858339,2026-06-30,2026-09-28,True,https://eodhd.com/api/fundamentals/NVG.LS#Financials.Balance_Sheet.quarterly.2026-06-30,filed,179386775,1007452274,,55162246.400000006,55162246.400000006,703628870,828065499
NVR.US,USD,5817.4271687914115,5540.501459169892,False,False,fail,fail,0.15,0.15,2025-12-31,1956881000,1196626000,2026-06-30,2026-08-05,False,https://eodhd.com/api/fundamentals/NVR.US#Financials.Balance_Sheet.quarterly.2026-06-30,filed,1197259000,1050702000,,1064097000,1064097000,-760255000,-146557000
NWG.LSE,GBP,3.3739733842035045,3.1332418761491616,False,False,fail,fail,0.5,0.5,2025-12-31,98233000000,71826000000,2026-06-30,2026-09-28,True,https://eodhd.com/api/fundamentals/NWG.LSE#Financials.Balance_Sheet.quarterly.2026-06-30,filed,76743000000,166080000000,,3.875022916717977,3.5985417462220592,,
NXPI.US,USD,103.4260970708727,103.17499082141792,False,False,fail,fail,0.5,0.5,2025-12-31,3267000000,12222000000,2026-06-30,2026-07-28,False,https://eodhd.com/api/fundamentals/NXPI.US#Financials.Balance_Sheet.quarterly.2026-06-30,filed,3222000000,10976000000,,1853999999,1853999999,8955000000,7754000000
NYT.US,USD,23.04367388793304,,False,False,fail,,0.35,0.35,2025-12-31,642157000,48721000,2026-06-30,2026-08-05,False,https://eodhd.com/api/fundamentals/NYT.US#Financials.Balance_Sheet.quarterly.2026-06-30,filed,660812000,,net cash unavailable,250289000,,-593436000,
O.US,USD,26.440086548774694,26.560677909349625,False,False,fail,fail,0.5,0.25,2025-12-31,434842000,32853271000,2026-06-30,2026-08-06,False,https://eodhd.com/api/fundamentals/O.US#Financials.Balance_Sheet.quarterly.2026-06-30,filed,552648000,2760395000,,1706901000,1706901000,32418429000,2207747000
OCA.AU,NZD,0.030834856955554487,0.030834856955554487,False,False,fail,fail,0.5,0.5,2026-03-31,16707769,530646730,2026-05-31,2026-08-29,True,https://eodhd.com/api/fundamentals/OCA.AU#Financials.Balance_Sheet.yearly.2026-05-31,filed,16707769,530646730,,884877,884877,513938961,513938961
OCBA.F,SGD,29.395853548808468,,False,False,fail,,0.35,0.35,2025-12-31,45715000000,30736000000,2026-06-30,2026-09-28,True,https://eodhd.com/api/fundamentals/OCBA.F#Financials.Balance_Sheet.quarterly.2026-06-30,filed,28358000000,,net cash unavailable,6973000000,,-14979000000,
OCSL.US,USD,13.343813306315733,12.891263206988372,False,False,,,0.5,0.5,2025-09-30,79630000,1486880000,2026-06-30,2026-08-05,False,https://eodhd.com/api/fundamentals/OCSL.US#Financials.Balance_Sheet.quarterly.2026-06-30,filed,39921000,1438842000,,86460000,86460000,1407250000,1398921000
ODFL.US,USD,57.490463870124536,58.268109565261625,False,False,fail,fail,0.25,0.25,2025-12-31,120091000,141395000,2026-06-30,2026-08-05,False,https://eodhd.com/api/fundamentals/ODFL.US#Financials.Balance_Sheet.quarterly.2026-06-30,filed,283939000,19997000,,960501000,960501000,21304000,-263942000
OGN.US,USD,15.363308607472382,17.510000635513062,False,False,,,0.5,0.5,2025-12-31,574000000,8800000000,2026-06-30,2026-07-31,False,https://eodhd.com/api/fundamentals/OGN.US#Financials.Balance_Sheet.quarterly.2026-06-30,filed,1132000000,8553000000,,285956000,285956000,8226000000,7421000000
OIZ.IR,EUR,3.1446929071825607,2.5700276148971257,False,False,fail,fail,0.35,0.5,2024-07-31,124540000,196226000,2026-01-31,2026-05-01,True,https://eodhd.com/api/fundamentals/OIZ.IR#Financials.Balance_Sheet.quarterly.2026-01-31,filed,62771000,411145000,,20453600,20453600,71686000,348374000
OKE.US,USD,41.45011274198712,41.45011274198712,False,False,fail,fail,0.5,0.5,2025-12-31,78000000,32816000000,2026-06-30,2026-08-04,False,https://eodhd.com/api/fundamentals/OKE.US#Financials.Balance_Sheet.quarterly.2026-06-30,filed,161000000,33022000000,,1770000000,1770000000,32738000000,32861000000
OMAB.MX,MXN,79.3494089666881,78.05515451812425,False,False,fail,fail,0.35,0.35,2025-12-31,3098092000,13428359000,2026-06-30,2026-09-28,True,https://eodhd.com/api/fundamentals/OMAB.MX#Financials.Balance_Sheet.quarterly.2026-06-30,filed,2577375000,14272323000,,3355373800,3358761600,10330267000,11694948000
ON.US,USD,16.50648245454973,19.878661323377663,False,False,fail,fail,0.5,0.5,2025-12-31,2547600000,3467700000,2026-06-30,2026-08-03,False,https://eodhd.com/api/fundamentals/ON.US#Financials.Balance_Sheet.quarterly.2026-06-30,filed,3864500000,4482700000,,321500000,321500000,920100000,618200000
OPM.PA,EUR,23.782084799895667,24.37692349510733,False,False,pass,pass,0.5,0.5,2025-12-31,730000000,2245000000,2026-06-30,2026-09-28,True,https://eodhd.com/api/fundamentals/OPM.PA#Financials.Balance_Sheet.quarterly.2026-06-30,filed,815000000,2248000000,,227013600,227013600,1515000000,1433000000
OR.PA,EUR,214.64751213477112,203.72814288478952,False,False,fail,fail,0.15,0.15,2025-12-31,9865000000,11916000000,2026-06-30,2026-09-28,True,https://eodhd.com/api/fundamentals/OR.PA#Financials.Balance_Sheet.quarterly.2026-06-30,filed,4048800000,16712600000,,5841520000,5841520000,2051000000,12663800000
ORA.PA,EUR,6.554870520179045,5.1314991117194815,False,False,fail,fail,0.5,0.5,2025-12-31,15212000000,50017000000,2026-06-30,2026-09-28,True,https://eodhd.com/api/fundamentals/ORA.PA#Financials.Balance_Sheet.quarterly.2026-06-30,filed,11429000000,56751000000,,242600000,242600000,34805000000,45322000000
ORI.AU,AUD,6.191813593646218,6.239274179819061,False,False,fail,fail,0.5,0.5,2025-09-30,746700000,3004800000,2026-03-31,2026-06-29,True,https://eodhd.com/api/fundamentals/ORI.AU#Financials.Balance_Sheet.quarterly.2026-03-31,filed,768700000,3240800000,,179380000,179380000,2258100000,2472100000
ORK.OL,NOK,78.66373786324768,80.16475281255951,False,False,fail,fail,0.25,0.35,2025-12-31,1918000000,14965000000,2026-06-30,2026-09-28,True,https://eodhd.com/api/fundamentals/ORK.OL#Financials.Balance_Sheet.quarterly.2026-06-30,filed,3369000000,22671000000,,4794800000,4793400000,13047000000,19302000000
ORLY.US,USD,52.48070375160923,52.48070375160923,False,False,fail,fail,0.35,0.35,2025-12-31,193793000,8491499000,2026-06-30,2026-08-07,False,https://eodhd.com/api/fundamentals/ORLY.US#Financials.Balance_Sheet.quarterly.2026-06-30,filed,262181000,9587433000,,2021093000,2021093000,8297706000,9325252000
ORNBV.HE,EUR,40.645516267783954,40.402893596864644,False,False,fail,fail,0.25,0.25,2025-12-31,160900000,305400000,2026-06-30,2026-09-28,True,https://eodhd.com/api/fundamentals/ORNBV.HE#Financials.Balance_Sheet.quarterly.2026-06-30,filed,130199999,132700000,,331880000,331880000,144500000,2500001
OSB.LSE,GBP,14.35066916868224,17.522209768181003,False,False,pass,pass,0.5,0.5,2025-12-31,400000,4005000000,2026-06-30,2026-09-28,True,https://eodhd.com/api/fundamentals/OSB.LSE#Financials.Balance_Sheet.quarterly.2026-06-30,filed,1111400000,2478300000,,252600000,252600000,4004600000,1366900000
OSW.US,USD,6.933813977391286,7.128376900625519,False,False,fail,fail,0.5,0.5,2025-12-31,16306000,94359000,2026-06-30,2026-07-30,False,https://eodhd.com/api/fundamentals/OSW.US#Financials.Balance_Sheet.quarterly.2026-06-30,filed,40360000,90852000,,57794000,57794000,78053000,50492000
OTIS.US,USD,45.47690751663966,44.70826142402647,False,False,fail,fail,0.5,0.5,2025-12-31,1096000000,8750000000,2026-06-30,2026-07-23,False,https://eodhd.com/api/fundamentals/OTIS.US#Financials.Balance_Sheet.quarterly.2026-06-30,filed,813000000,8846000000,,1327000000,1327000000,7654000000,8033000000
OXY.US,USD,46.12811608715122,48.23886150465122,False,False,fail,fail,0.5,0.5,2025-12-31,1968000000,23351000000,2026-06-30,2026-08-05,False,https://eodhd.com/api/fundamentals/OXY.US#Financials.Balance_Sheet.quarterly.2026-06-30,filed,4150000000,14626000000,,3584000000,3584000000,21383000000,10476000000
P911.XETRA,EUR,42.64705895251787,41.35239374944432,False,False,fail,fail,0.5,0.5,2025-12-31,8322000000,11367000000,2026-06-30,2026-09-28,True,https://eodhd.com/api/fundamentals/P911.XETRA#Financials.Balance_Sheet.quarterly.2026-06-30,filed,7124000000,11688000000,,2513000000,2513000000,3045000000,4564000000
PAAS.US,USD,7.55076841622165,8.452735371008947,False,False,fail,fail,0.5,0.5,2025-12-31,1316599617,935294799,2026-06-30,2026-08-13,False,https://eodhd.com/api/fundamentals/PAAS.US#Financials.Balance_Sheet.quarterly.2026-06-30,filed,1702954000,839990800,,151780000,151780000,-381304818,-862963200
PAG.LSE,GBP,25.89743812908836,21.71818370997665,False,False,pass,pass,0.35,0.35,2025-09-30,2389500000,1706600000,2026-03-31,2026-06-29,True,https://eodhd.com/api/fundamentals/PAG.LSE#Financials.Balance_Sheet.quarterly.2026-03-31,filed,1641600000,2536300000,,182500000,182500000,-682900000,894700000
PAGE.LSE,GBP,1.0447587494352863,1.0447587494352863,False,False,fail,fail,0.5,0.5,2025-12-31,31376000,132254000,2026-06-30,2026-09-28,True,https://eodhd.com/api/fundamentals/PAGE.LSE#Financials.Balance_Sheet.quarterly.2026-06-30,filed,30434000,169980999,,26155200,26155200,100878000,139546999
PAYX.US,USD,88.73879469143776,88.05080751636594,False,False,fail,fail,0.15,0.15,2026-05-31,1177300000,4630300000,2026-08-31,2026-09-24,False,https://eodhd.com/api/fundamentals/PAYX.US#Financials.Balance_Sheet.quarterly.2026-08-31,filed,934200000,4620900000,,1563200000,1563200000,3453000000,3686700000
PBYI.US,USD,4.4641090458664285,4.391409710662431,False,False,fail,fail,0.5,0.5,2025-12-31,97528000,28546000,2026-06-30,2026-08-06,False,https://eodhd.com/api/fundamentals/PBYI.US#Financials.Balance_Sheet.quarterly.2026-06-30,filed,93903000,4817000,,10706608.502045562,10706608.502045562,-68982000,-89086000
PCAR.US,USD,59.87146106763746,58.62264557788803,False,False,fail,fail,0.35,0.35,2025-12-31,9515600000,15636300000,2026-06-30,2026-07-29,False,https://eodhd.com/api/fundamentals/PCAR.US#Financials.Balance_Sheet.quarterly.2026-06-30,filed,8834300000,14696400000,,1816600000,1816600000,6120700000,5862100000
PDD.US,CNY,807.1267907814843,778.7542136126083,False,False,,,0.5,0.5,2025-12-31,496455031000,5382220000,2026-06-30,2026-08-25,False,https://eodhd.com/api/fundamentals/PDD.US#Financials.Balance_Sheet.quarterly.2026-06-30,filed,456414000000,4844000000,,53150106000,53150106000,-491072811000,-451570000000
PE&OLES.MX,USD,16.707255170688192,16.512304911245067,False,False,fail,fail,0.5,0.5,2025-12-31,3743243000,3340482000,2026-06-30,2026-09-28,True,https://eodhd.com/api/fundamentals/PE&OLES.MX#Financials.Balance_Sheet.quarterly.2026-06-30,filed,3665755000,2910589000,,369746800,369746800,-402761000,-755166000
PEO.WAR,PLN,128.62181859776248,116.05698741047955,False,False,fail,fail,0.5,0.5,2025-12-31,24231000000,33526000000,2026-06-30,2026-09-28,True,https://eodhd.com/api/fundamentals/PEO.WAR#Financials.Balance_Sheet.quarterly.2026-06-30,filed,18955000000,38207000000,,124.92092716382244,112.71762931992457,,
PEP.US,USD,92.9937433145293,93.81835532038582,False,False,fail,fail,0.5,0.5,2025-12-31,9530000000,49901000000,2026-06-30,2026-07-09,False,https://eodhd.com/api/fundamentals/PEP.US#Financials.Balance_Sheet.quarterly.2026-06-30,filed,10716000000,53214000000,,7952000000,7952000000,40371000000,42498000000
PETR3.SA,USD,75.36178539903742,75.77646318068555,False,False,pass,pass,0.5,0.5,2025-12-31,50587681000,383870809000,2026-06-30,2026-09-28,True,https://eodhd.com/api/fundamentals/PETR3.SA#Financials.Balance_Sheet.quarterly.2026-06-30,filed,53673809000,365918327000,,88510205097.30234,88510205097.30234,333283128000,312244518000
PFE.US,USD,16.761916942946584,16.425171343390815,False,False,fail,fail,0.5,0.5,2025-12-31,13596000000,67416000000,2026-06-30,2026-08-04,False,https://eodhd.com/api/fundamentals/PFE.US#Financials.Balance_Sheet.quarterly.2026-06-30,filed,11699000000,63194000000,,6689000000,6689000000,53820000000,51495000000
PFG.US,USD,226.33439763448663,94.46825093101559,False,False,pass,fail,0.5,0.5,2025-12-31,33491300000,3954000000,2026-06-30,2026-07-29,False,https://eodhd.com/api/fundamentals/PFG.US#Financials.Balance_Sheet.quarterly.2026-06-30,filed,5259500000,4340600000,,1228600000,1228600000,-29537300000,-918900000
PFS.US,USD,18.84142999766047,28.281679734748707,False,False,fail,,0.5,0.5,2025-12-31,3376240000,2518537000,2026-06-30,2026-08-07,False,https://eodhd.com/api/fundamentals/PFS.US#Financials.Balance_Sheet.quarterly.2026-06-30,filed,3514749000,4791595000,,10.934204560718435,16.412643391656864,,
PGHN.SW,CHF,727.1020821203956,721.0980331470995,False,False,,,0.25,0.25,2025-12-31,328800000,2486099999,2026-06-30,2026-09-28,True,https://eodhd.com/api/fundamentals/PGHN.SW#Financials.Balance_Sheet.quarterly.2026-06-30,filed,173100000,2823500000,,956853035.200465,956853035.200465,2157299999,2650400000
PGR.US,USD,194.89317711922808,,False,False,fail,,0.5,0.5,2025-12-31,19836000000,6897000000,2026-06-30,2026-08-03,False,https://eodhd.com/api/fundamentals/PGR.US#Financials.Balance_Sheet.quarterly.2026-06-30,filed,94763000000,8388000000,book value not positive,48.72329427980702,,,
PHM.US,USD,194.47216110505798,193.9195941712997,False,False,,,0.5,0.5,2025-12-31,2008776000,2403146000,2026-06-30,2026-07-22,False,https://eodhd.com/api/fundamentals/PHM.US#Financials.Balance_Sheet.quarterly.2026-06-30,filed,1885422000,2298181000,,1821847413,1821847413,394370000,412759000
PHP.LSE,GBP,0.0841624081486741,0.08840132915060088,False,False,fail,fail,0.5,0.5,2025-12-31,20000000,3307000000,2026-06-30,2026-09-28,True,https://eodhd.com/api/fundamentals/PHP.LSE#Financials.Balance_Sheet.quarterly.2026-06-30,filed,31000000,3363000000,,16368633.605131403,16368633.605131403,3287000000,3332000000
PIPR.US,USD,26.458802153792448,19.302281209176197,False,False,fail,fail,0.5,0.5,2025-12-31,809415000,116351000,2026-06-30,2026-08-05,False,https://eodhd.com/api/fundamentals/PIPR.US#Financials.Balance_Sheet.quarterly.2026-06-30,filed,304231000,175009000,,89324000,89324000,-693064000,-129222000
PKG.US,USD,91.69641534183476,91.49542385040348,False,False,fail,fail,0.5,0.5,2025-12-31,600800000,4364900000,2026-06-30,2026-08-07,False,https://eodhd.com/api/fundamentals/PKG.US#Financials.Balance_Sheet.quarterly.2026-06-30,filed,593800000,4404300000,,535600000,535600000,3764100000,3810500000
PKO.WAR,PLN,43.54662108974203,41.478697614469915,False,False,fail,fail,0.5,0.5,2025-12-31,24281000000,41535000000,2026-06-30,2026-09-28,True,https://eodhd.com/api/fundamentals/PKO.WAR#Financials.Balance_Sheet.quarterly.2026-06-30,filed,15762000000,46798000000,,43.464,41.4,,
PLPC.US,USD,97.84304925595805,96.10421072904586,False,False,fail,fail,0.25,0.25,2025-12-31,83389000,47892000,2026-06-30,2026-07-30,False,https://eodhd.com/api/fundamentals/PLPC.US#Financials.Balance_Sheet.quarterly.2026-06-30,filed,76212000,51469000,,22651000,22651000,-35497000,-24743000
PLUS.LSE,USD,56.3193873432391,57.2204741138514,False,True,,pass,0.25,0.25,2025-12-31,801892021,22400000,2026-06-30,2026-09-28,True,https://eodhd.com/api/fundamentals/PLUS.LSE#Financials.Balance_Sheet.quarterly.2026-06-30,filed,865771166,23219914,,257840634,257840634,-779492021,-842551252
PLXS.US,USD,40.19602067985043,40.05187453268936,False,False,fail,fail,0.25,0.25,2025-09-27,306758000,175455000,2026-06-30,2026-08-06,False,https://eodhd.com/api/fundamentals/PLXS.US#Financials.Balance_Sheet.quarterly.2026-06-30,filed,314053000,299346000,,50939000,50939000,-131303000,-14707000
PM.US,USD,94.59333192620737,95.29206836254832,False,False,fail,fail,0.5,0.5,2025-12-31,4872000000,48835000000,2026-06-30,2026-07-24,False,https://eodhd.com/api/fundamentals/PM.US#Financials.Balance_Sheet.quarterly.2026-06-30,filed,5999000000,49113000000,,7656000000,7656000000,43963000000,43114000000
PNC.US,USD,250.96211579982398,256.00134030617073,False,False,,,0.35,0.35,2025-12-31,50386000000,57101000000,2026-06-30,2026-08-05,False,https://eodhd.com/api/fundamentals/PNC.US#Financials.Balance_Sheet.quarterly.2026-06-30,filed,37349000000,85723000000,,115.22178142509529,117.5353912811956,,
PNDORA.CO,DKK,786.9654611848667,781.6831528749584,False,False,fail,fail,0.35,0.35,2025-12-31,1305000000,19217000000,2026-06-30,2026-09-28,True,https://eodhd.com/api/fundamentals/PNDORA.CO#Financials.Balance_Sheet.quarterly.2026-06-30,filed,908000000,16551000000,,4680400000,4680400000,17912000000,15643000000
PNR.US,USD,48.88834614073242,48.847519073063246,False,False,fail,fail,0.25,0.25,2025-12-31,101600000,1765900000,2026-06-30,2026-07-28,False,https://eodhd.com/api/fundamentals/PNR.US#Financials.Balance_Sheet.quarterly.2026-06-30,filed,91800000,1764700000,,625900000,625900000,1664300000,1672900000
PODD.US,USD,46.24727070290374,43.6305163974757,False,False,fail,fail,0.5,0.5,2025-12-31,716100000,1050800000,2026-06-30,2026-08-05,False,https://eodhd.com/api/fundamentals/PODD.US#Financials.Balance_Sheet.quarterly.2026-06-30,filed,534900000,948400000,,137100000,137100000,334700000,413500000
POLN.LSE,GBP,8.93793078934079,8.985945820180197,False,False,fail,fail,0.35,0.35,2025-12-31,11899000,203523000,2026-06-30,2026-09-28,True,https://eodhd.com/api/fundamentals/POLN.LSE#Financials.Balance_Sheet.quarterly.2026-06-30,filed,14733000,193800000,,41676000,41676000,191624000,179067000
POMO3.SA,BRL,7.066297332163116,6.5552357589927714,False,False,,,0.5,0.5,2025-12-31,2221956000,3762242000,2026-06-30,2026-09-28,True,https://eodhd.com/api/fundamentals/POMO3.SA#Financials.Balance_Sheet.quarterly.2026-06-30,filed,1588447000,3466111000,,802360400,802360400,1540286000,1877664000
POOL.US,USD,100.38300170041103,100.38300170041103,False,False,fail,fail,0.5,0.5,2025-12-31,104963000,1535031000,2026-06-30,2026-07-29,False,https://eodhd.com/api/fundamentals/POOL.US#Financials.Balance_Sheet.quarterly.2026-06-30,filed,28762000,1695166000,,280690000,280690000,1430068000,1666404000
POW.TO,CAD,6.958431944506838,19.568996796319134,False,False,fail,fail,0.25,0.25,2025-12-31,34134000000,25876000000,2026-06-30,2026-09-28,True,https://eodhd.com/api/fundamentals/POW.TO#Financials.Balance_Sheet.quarterly.2026-06-30,filed,32035000000,21976000000,,1.7396079861267093,4.892249199079783,,
PPG.US,USD,74.85852273027977,72.05834659641803,False,False,fail,fail,0.35,0.35,2025-12-31,2219000000,7896000000,2026-06-30,2026-07-29,False,https://eodhd.com/api/fundamentals/PPG.US#Financials.Balance_Sheet.quarterly.2026-06-30,filed,1594000000,7459000000,,1214000000,1214000000,5677000000,5865000000
PPL.TO,CAD,35.2231813728348,35.2231813728348,False,False,fail,fail,0.5,0.5,2025-12-31,106000000,13849000000,2026-06-30,2026-09-28,True,https://eodhd.com/api/fundamentals/PPL.TO#Financials.Balance_Sheet.quarterly.2026-06-30,filed,153000000,13807000000,,1647000000,1647000000,13743000000,13654000000
PRDO.US,USD,37.18633685945701,49.658172218305786,False,True,,pass,0.35,0.35,2025-12-31,643491000,105091000,2026-06-30,2026-08-06,False,https://eodhd.com/api/fundamentals/PRDO.US#Financials.Balance_Sheet.quarterly.2026-06-30,filed,1468828000,56595000,,147422000,147422000,-538400000,-1412233000
PRLB.US,USD,15.38949628395533,15.971253562169462,False,False,fail,fail,0.5,0.5,2025-12-31,128122999,3047000,2026-06-30,2026-07-31,False,https://eodhd.com/api/fundamentals/PRLB.US#Financials.Balance_Sheet.quarterly.2026-06-30,filed,142776000,2241000,,20556000,20556000,-125075999,-140535000
PRTH.US,USD,7.34240935408132,7.8594413175516395,False,False,fail,,0.5,0.5,2025-12-31,77192000,1046461999,2026-06-30,2026-08-06,False,https://eodhd.com/api/fundamentals/PRTH.US#Financials.Balance_Sheet.quarterly.2026-06-30,filed,120261000,1047797000,,43421000,43421000,969269999,927536000
PRU.LSE,USD,24.795301967991712,24.803900890303062,False,False,pass,pass,0.5,0.5,2025-12-31,7708807000,6037198000,2026-06-30,2026-09-28,True,https://eodhd.com/api/fundamentals/PRU.LSE#Financials.Balance_Sheet.quarterly.2026-06-30,filed,5919571000,5949727000,,6.198825491997928,6.2009752225757655,,
PSA.US,USD,174.70743139671617,174.38907362112664,False,False,fail,fail,0.35,0.35,2025-12-31,318095000,10253881000,2026-06-30,2026-07-29,False,https://eodhd.com/api/fundamentals/PSA.US#Financials.Balance_Sheet.quarterly.2026-06-30,filed,259935999,10180215000,,2606908000,2606908000,9935786000,9920279001
PSN.LSE,GBP,10.571078653537716,10.549283048320728,False,False,fail,fail,0.35,0.35,2025-12-31,117000000,16800000,2026-06-30,2026-09-28,True,https://eodhd.com/api/fundamentals/PSN.LSE#Financials.Balance_Sheet.quarterly.2026-06-30,filed,110000000,291800000,,269600000,269600000,-100200000,181800000
PSON.LSE,GBP,13.37987550290157,13.389857717340549,False,False,,,0.5,0.5,2025-12-31,333000000,1481000000,2026-06-30,2026-09-28,True,https://eodhd.com/api/fundamentals/PSON.LSE#Financials.Balance_Sheet.quarterly.2026-06-30,filed,339000000,1757000000,,625600000,625600000,1148000000,1418000000
PSPN.SW,CHF,93.10548914760507,92.91817946728862,False,False,fail,fail,0.5,0.5,2025-12-31,45345000,3376104000,2026-06-30,2026-09-28,True,https://eodhd.com/api/fundamentals/PSPN.SW#Financials.Balance_Sheet.quarterly.2026-06-30,filed,39385000,3386075000,,340325062.85534656,340325062.85534656,3330759000,3346690000
PSSA3.SA,BRL,28.584313620521414,29.19487813103547,False,False,fail,fail,0.25,0.25,2025-12-31,1897923000,719917000,2026-06-30,2026-09-28,True,https://eodhd.com/api/fundamentals/PSSA3.SA#Financials.Balance_Sheet.quarterly.2026-06-30,filed,2125387000,23867489000,,18.45493553594401,18.849135264916427,,
PSX.US,USD,169.62126121103415,172.1827735478712,False,False,fail,fail,0.5,0.5,2025-12-31,1116000000,22882000000,2026-06-30,2026-08-05,False,https://eodhd.com/api/fundamentals/PSX.US#Financials.Balance_Sheet.quarterly.2026-06-30,filed,4099000000,20565000000,,5468000000,5468000000,21766000000,16466000000
PUB.PA,EUR,81.49624168480551,73.13090861654659,False,False,fail,fail,0.25,0.25,2025-12-31,4200000000,5661000000,2026-06-30,2026-09-28,True,https://eodhd.com/api/fundamentals/PUB.PA#Financials.Balance_Sheet.quarterly.2026-06-30,filed,2111000000,5443000000,,1326600000,1326600000,1461000000,3332000000
PUIG.MC,EUR,11.771745387593247,10.295893022786046,False,False,fail,fail,0.5,0.5,2025-12-31,1036392000,2084973000,2026-06-30,2026-09-28,True,https://eodhd.com/api/fundamentals/PUIG.MC#Financials.Balance_Sheet.quarterly.2026-06-30,filed,205056000,1798568000,,453594200,453594200,1048581000,1593512000
PWR.US,USD,102.94373924348993,102.94373924348993,False,False,fail,fail,0.5,0.5,2025-12-31,439508000,6418954000,2026-06-30,2026-07-30,False,https://eodhd.com/api/fundamentals/PWR.US#Financials.Balance_Sheet.quarterly.2026-06-30,filed,506431000,6603135000,,796924000,796924000,5979446000,6096704000
PYPL.US,USD,42.942934173281664,40.74061252741758,False,False,fail,fail,0.35,0.35,2025-12-31,10422000000,9987000000,2026-06-30,2026-07-28,False,https://eodhd.com/api/fundamentals/PYPL.US#Financials.Balance_Sheet.quarterly.2026-06-30,filed,11256000000,14221000000,,10.735733543320416,10.185153131854396,,
PZU.WAR,PLN,133.55058290282946,128.79332687143247,True,True,pass,pass,0.25,0.25,2025-12-31,75701000000,40762000000,2026-06-30,2026-09-28,True,https://eodhd.com/api/fundamentals/PZU.WAR#Financials.Balance_Sheet.quarterly.2026-06-30,filed,23978000000,47584000000,,33.387645725707365,32.19833171785812,,
Q.MX,MXN,127.82841439524069,124.51493138421547,False,False,fail,fail,0.5,0.5,2025-12-31,2955633461,0,2026-06-30,2026-09-28,True,https://eodhd.com/api/fundamentals/Q.MX#Financials.Balance_Sheet.quarterly.2026-06-30,filed,2205311172,,,64.00461078893133,62.34552590174289,,
QBE.AU,AUD,17.92037882685864,17.840664736947772,False,False,fail,fail,0.5,0.5,2025-12-31,1870261000,4105769000,2026-06-30,2026-09-28,True,https://eodhd.com/api/fundamentals/QBE.AU#Financials.Balance_Sheet.quarterly.2026-06-30,filed,2323993000,4386100000,,6.407830798658647,6.3793272494115545,,
QCOM.US,USD,47.26010741393919,43.39569592181685,False,False,fail,fail,0.5,0.5,2025-09-30,12478000000,16373000000,2026-06-30,2026-07-29,False,https://eodhd.com/api/fundamentals/QCOM.US#Financials.Balance_Sheet.quarterly.2026-06-30,filed,8304000000,15270000000,,3168000000,3168000000,3895000000,6966000000
QCRH.US,USD,87.42679710944128,90.90870930330614,False,False,fail,fail,0.5,0.5,2025-12-31,183501000,617868000,2026-06-30,2026-08-07,False,https://eodhd.com/api/fundamentals/QCRH.US#Financials.Balance_Sheet.quarterly.2026-06-30,filed,111342000,402315000,,56.89022722309158,59.15597162216706,,
QGEN.US,USD,27.674444992187873,26.194383586245834,False,False,fail,fail,0.5,0.5,2025-12-31,1098918000,1654428000,2026-06-30,2026-08-07,False,https://eodhd.com/api/fundamentals/QGEN.US#Financials.Balance_Sheet.quarterly.2026-06-30,filed,793500000,1643622000,,374480000,374480000,555510000,850122000
QLT.LSE,GBP,2.9536892771173773,3.0760143607620387,False,False,,,0.5,0.5,2025-12-31,2152000000,271000000,2026-06-30,2026-09-28,True,https://eodhd.com/api/fundamentals/QLT.LSE#Financials.Balance_Sheet.quarterly.2026-06-30,filed,2316000000,267000000,,127600000,127600000,-1881000000,-2049000000
QSR.TO,USD,25.082219912895116,24.77938824235009,False,False,fail,fail,0.5,0.5,2025-12-31,1163000000,17579000000,2026-06-30,2026-09-28,True,https://eodhd.com/api/fundamentals/QSR.TO#Financials.Balance_Sheet.quarterly.2026-06-30,filed,1062547016,15644330539,,625000000,625000000,16416000000,14581783523
QTCOM.HE,EUR,27.309242422231495,27.387830245395975,False,False,fail,fail,0.5,0.5,2025-12-31,40124000,143224000,2026-06-30,2026-09-28,True,https://eodhd.com/api/fundamentals/QTCOM.HE#Financials.Balance_Sheet.quarterly.2026-06-30,filed,42430000,126644000,,36080400,36080400,103100000,84214000
RAA.XETRA,EUR,436.72604970930934,427.23406026339904,False,False,fail,fail,0.15,0.15,2025-12-31,539377000,27144000,2026-06-30,2026-09-28,True,https://eodhd.com/api/fundamentals/RAA.XETRA#Financials.Balance_Sheet.quarterly.2026-06-30,filed,432159000,27631000,,210146400,210146400,-512233000,-404528000
RADL3.SA,BRL,1.3582520853450026,1.3582520853450026,False,False,fail,fail,0.5,0.5,2025-12-31,528739000,8834067000,2026-06-30,2026-09-28,True,https://eodhd.com/api/fundamentals/RADL3.SA#Financials.Balance_Sheet.quarterly.2026-06-30,filed,652950000,8593035000,,279403000,279403000,8305328000,7940085000
RAND.AS,EUR,28.59609024904455,28.59609024904455,False,False,fail,fail,0.35,0.35,2025-12-31,399000000,1910000000,2026-06-30,2026-09-28,True,https://eodhd.com/api/fundamentals/RAND.AS#Financials.Balance_Sheet.quarterly.2026-06-30,filed,258000000,2092000000,,403400000,403400000,1511000000,1834000000
RBA.US,USD,24.700195093139826,23.768426640705364,False,False,fail,fail,0.5,0.5,2025-12-31,693535568,5503266619,2026-06-30,2026-08-04,False,https://eodhd.com/api/fundamentals/RBA.US#Financials.Balance_Sheet.quarterly.2026-06-30,filed,524900000,2940000000,,322799000,322799000,4809731051,2415100000
RBI.VI,EUR,61.428063021476525,64.81168191599951,False,False,,,0.5,0.5,2025-12-31,43776000000,22109000000,2026-06-30,2026-09-28,True,https://eodhd.com/api/fundamentals/RBI.VI#Financials.Balance_Sheet.quarterly.2026-06-30,filed,43238000000,,,60.821546506447824,64.17175687986258,,
RBREW.CO,DKK,489.0572384337816,489.0572384337816,False,False,,,0.35,0.35,2025-12-31,82000000,6127000000,2026-06-30,2026-09-28,True,https://eodhd.com/api/fundamentals/RBREW.CO#Financials.Balance_Sheet.quarterly.2026-06-30,filed,54000000,6664000000,,1441000000,1441000000,6045000000,6610000000
RCI-B.TO,CAD,27.797794391980354,28.471683280869243,False,False,fail,fail,0.5,0.5,2025-12-31,1344000000,46604000000,2026-06-30,2026-09-28,True,https://eodhd.com/api/fundamentals/RCI-B.TO#Financials.Balance_Sheet.quarterly.2026-06-30,filed,1726000000,45698000000,,1058558349.8148155,1058558349.8148155,45260000000,43972000000
RDOR3.SA,BRL,28.236150096921886,29.48731059143857,False,False,fail,fail,0.35,0.35,2025-12-31,40560498000,52922499000,2026-06-30,2026-09-28,True,https://eodhd.com/api/fundamentals/RDOR3.SA#Financials.Balance_Sheet.quarterly.2026-06-30,filed,43320135000,54884692000,,2576522000,2576522000,12362001000,11564557000
REGN.US,USD,614.2825451287467,608.0095617680774,False,False,fail,fail,0.35,0.35,2025-12-31,8605200000,2705900000,2026-06-30,2026-07-30,False,https://eodhd.com/api/fundamentals/REGN.US#Financials.Balance_Sheet.quarterly.2026-06-30,filed,7994600000,1986600000,,2949700000,2949700000,-5899300000,-6008000000
REL.LSE,GBP,24.090775570031358,24.106999000617773,False,False,fail,fail,0.35,0.35,2025-12-31,131000000,7334000000,2026-06-30,2026-09-28,True,https://eodhd.com/api/fundamentals/REL.LSE#Financials.Balance_Sheet.quarterly.2026-06-30,filed,220000000,8906000000,,2383800000,2383800000,7203000000,8686000000
RENE.LS,EUR,0.993158431046238,0.9785209287631422,False,False,fail,fail,0.5,0.5,2025-12-31,30102000,2518332000,2026-06-30,2026-09-28,True,https://eodhd.com/api/fundamentals/RENE.LS#Financials.Balance_Sheet.quarterly.2026-06-30,filed,21565000,2378767000,,52186817.886467874,52186817.886467874,2488230000,2357202000
REP.MC,EUR,6.624341251207672,6.553641018560095,False,False,fail,fail,0.5,0.5,2025-12-31,7979000000,16474000000,2026-06-30,2026-09-28,True,https://eodhd.com/api/fundamentals/REP.MC#Financials.Balance_Sheet.quarterly.2026-06-30,filed,8024000000,12785000000,,13200000,13200000,8495000000,4761000000
REYN.US,USD,15.697330049047642,15.352368071861331,False,False,fail,fail,0.5,0.5,2025-12-31,147000000,1765000000,2026-06-30,2026-07-29,False,https://eodhd.com/api/fundamentals/REYN.US#Financials.Balance_Sheet.quarterly.2026-06-30,filed,66000000,1648000000,,259713984.7677593,259713984.7677593,1618000000,1582000000
RHI.US,USD,12.29236768016637,10.916471675700304,False,False,fail,fail,0.5,0.5,2025-12-31,464435000,421282000,2026-06-30,2026-08-04,False,https://eodhd.com/api/fundamentals/RHI.US#Financials.Balance_Sheet.quarterly.2026-06-30,filed,324714000,240809000,,70450000,70450000,-43153000,-83905000
RHM.XETRA,EUR,107.87126754431225,76.88990883653814,False,False,fail,fail,0.5,0.5,2025-12-31,1691000000,1282000000,2026-06-30,2026-09-28,True,https://eodhd.com/api/fundamentals/RHM.XETRA#Financials.Balance_Sheet.quarterly.2026-06-30,filed,255000000,2978000000,,225800000,225800000,-409000000,2723000000
RJF.US,USD,190.73175501971144,198.03336876255372,False,False,,,0.5,0.5,2025-09-30,18277000000,4545000000,2026-06-30,2026-08-05,False,https://eodhd.com/api/fundamentals/RJF.US#Financials.Balance_Sheet.quarterly.2026-06-30,filed,19700000000,5300000000,,1502000000,1502000000,-13732000000,-14400000000
RL.US,USD,155.0064342171731,152.91485183544393,False,False,fail,fail,0.5,0.5,2026-03-31,2065000000,2988700000,2026-06-30,2026-08-06,False,https://eodhd.com/api/fundamentals/RL.US#Financials.Balance_Sheet.quarterly.2026-06-30,filed,1941600000,3003900000,,611000000,611000000,923700000,1062300000
RLI.US,USD,67.19208580922384,71.54337543700144,False,False,,,0.5,0.5,2025-12-31,1693820000,100000000,2026-06-30,2026-07-24,False,https://eodhd.com/api/fundamentals/RLI.US#Financials.Balance_Sheet.quarterly.2026-06-30,filed,238220000,296968000,,16.79802145230596,17.88584385925036,,
RMNI.US,USD,1.334347258390203,1.3692969885203756,False,False,fail,fail,0.5,0.5,2025-12-31,119974000,91014000,2026-06-30,2026-07-30,False,https://eodhd.com/api/fundamentals/RMNI.US#Financials.Balance_Sheet.quarterly.2026-06-30,filed,123441000,67530000,,1169000,1169000,-28960000,-55911000
RMR.US,USD,21.954152404716076,21.78184406537457,False,False,,,0.5,0.5,2025-09-30,62297000,204039000,2026-06-30,2026-08-05,False,https://eodhd.com/api/fundamentals/RMR.US#Financials.Balance_Sheet.quarterly.2026-06-30,filed,58203000,183391000,,25497000,25497000,141742000,125188000
RMS.PA,EUR,881.6202205476164,879.7966842157364,False,False,fail,fail,0.15,0.15,2025-12-31,12501000000,2346000000,2026-06-30,2026-09-28,True,https://eodhd.com/api/fundamentals/RMS.PA#Financials.Balance_Sheet.quarterly.2026-06-30,filed,12310000000,2284000000,,3786200000,3786200000,-10155000000,-10026000000
ROK.US,USD,114.31860507498003,114.30401687763853,False,False,fail,fail,0.35,0.35,2025-09-30,468000000,3647000000,2026-06-30,2026-08-04,False,https://eodhd.com/api/fundamentals/ROK.US#Financials.Balance_Sheet.quarterly.2026-06-30,filed,479000000,3613000000,,923000000,923000000,3179000000,3134000000
ROL.US,USD,21.07946465404216,21.09156415650358,False,False,fail,fail,0.15,0.15,2025-12-31,100004000,1038005000,2026-06-30,2026-07-23,False,https://eodhd.com/api/fundamentals/ROL.US#Financials.Balance_Sheet.quarterly.2026-06-30,filed,109085000,1115303000,,477639000,477639000,938001000,1006218000
ROP.SW,CHF,203.13012617002056,195.92349256997096,False,False,fail,fail,0.15,0.15,2025-12-31,15476000000,33191000000,2026-06-30,2026-09-28,True,https://eodhd.com/api/fundamentals/ROP.SW#Financials.Balance_Sheet.quarterly.2026-06-30,filed,9734000000,31805000000,,11357000000,11357000000,17715000000,22071000000
ROP.US,USD,241.33716251514616,241.94326433786617,False,False,fail,fail,0.35,0.5,2025-12-31,297400000,9301000000,2026-06-30,2026-07-31,False,https://eodhd.com/api/fundamentals/ROP.US#Financials.Balance_Sheet.quarterly.2026-06-30,filed,364900000,11319400000,,1907900000,1907900000,9003600000,10954500000
ROR.LSE,GBP,1.8555733229342024,1.806459553944442,False,False,fail,fail,0.15,0.15,2025-12-31,110000000,44700000,2026-06-30,2026-09-28,True,https://eodhd.com/api/fundamentals/ROR.LSE#Financials.Balance_Sheet.quarterly.2026-06-30,filed,70000000,44700000,,97404800,97404800,-65300000,-25300000
ROST.US,USD,109.33488153651778,108.33680277204603,False,False,fail,fail,0.35,0.35,2026-01-31,4594392000,5212338000,2026-07-31,2026-09-01,False,https://eodhd.com/api/fundamentals/ROST.US#Financials.Balance_Sheet.quarterly.2026-07-31,filed,4309452000,4739151000,,1729030000,1729030000,617946000,429699000
ROVI.MC,EUR,26.543967411713602,27.120871409402593,False,False,fail,fail,0.5,0.5,2025-12-31,97976000,121724000,2026-06-30,2026-09-28,True,https://eodhd.com/api/fundamentals/ROVI.MC#Financials.Balance_Sheet.quarterly.2026-06-30,filed,128072000,107690000,,102468600,102468600,23748000,-20382000
RR.LSE,GBP,3.8772143676759137,3.895805028071147,False,False,fail,fail,0.5,0.5,2025-12-31,6526000000,4272000000,2026-06-30,2026-09-28,True,https://eodhd.com/api/fundamentals/RR.LSE#Financials.Balance_Sheet.quarterly.2026-06-30,filed,6679000000,4311000000,,2075000000,2075000000,-2254000000,-2368000000
RRC.US,USD,14.720555907818294,14.720555907818294,False,False,fail,fail,0.5,0.5,2025-12-31,204000,1372627000,2026-06-30,2026-07-21,False,https://eodhd.com/api/fundamentals/RRC.US#Financials.Balance_Sheet.quarterly.2026-06-30,filed,247000,1016557000,,283810000,283810000,1372423000,1016310000
RS.US,USD,160.84386111812026,160.84386111812026,False,False,fail,fail,0.5,0.5,2025-12-31,216600000,1990400000,2026-06-30,2026-07-28,False,https://eodhd.com/api/fundamentals/RS.US#Financials.Balance_Sheet.quarterly.2026-06-30,filed,235400000,1995200000,,683800000,683800000,1773800000,1759800000
RSG.US,USD,85.82658344739689,85.82658344739689,False,False,fail,fail,0.5,0.5,2025-12-31,76000000,13806000000,2026-06-30,2026-08-07,False,https://eodhd.com/api/fundamentals/RSG.US#Financials.Balance_Sheet.quarterly.2026-06-30,filed,107000000,14295000000,,1690100000,1690100000,13730000000,14188000000
RTHA.F,USD,4.737284182295663,5.042703788660159,False,False,,,0.5,0.5,2025-12-31,10905494000,30798475000,2026-06-30,2026-09-28,True,https://eodhd.com/api/fundamentals/RTHA.F#Financials.Balance_Sheet.quarterly.2026-06-30,filed,12812591000,32209736000,,1614765400,1614765400,19892981000,19397145000
RTO.LSE,USD,4.086450981821276,3.9047291214669317,False,False,,fail,0.35,0.35,2025-12-31,2319000000,5408000000,2026-06-30,2026-09-28,True,https://eodhd.com/api/fundamentals/RTO.LSE#Financials.Balance_Sheet.quarterly.2026-06-30,filed,1861744207,4586927858,,651400000,651400000,3089000000,2725183651
RTX.US,USD,60.115657337605214,60.68263978601529,False,False,fail,fail,0.5,0.5,2025-12-31,7435000000,39506000000,2026-06-30,2026-07-23,False,https://eodhd.com/api/fundamentals/RTX.US#Financials.Balance_Sheet.quarterly.2026-06-30,filed,8305000000,38856000000,,6076000000,6076000000,32071000000,30551000000
RUI.PA,EUR,21.71384441610073,20.57883674892124,False,False,fail,fail,0.5,0.5,2025-12-31,756787000,2203176000,2026-06-30,2026-09-28,True,https://eodhd.com/api/fundamentals/RUI.PA#Financials.Balance_Sheet.quarterly.2026-06-30,filed,639477000,2574754000,,130105600,130105600,1446389000,1935277000
RVTY.US,USD,57.61692878764501,58.53067633292161,False,False,fail,fail,0.5,0.5,2025-12-31,919866000,3516280000,2026-06-30,2026-08-11,False,https://eodhd.com/api/fundamentals/RVTY.US#Financials.Balance_Sheet.quarterly.2026-06-30,filed,1022943000,3341516000,,447567000,447567000,2596414000,2318573000
RXL.PA,EUR,18.61405547020532,17.37101891785566,False,False,fail,fail,0.5,0.5,2025-12-31,1037500000,5094000000,2026-06-30,2026-09-28,True,https://eodhd.com/api/fundamentals/RXL.PA#Financials.Balance_Sheet.quarterly.2026-06-30,filed,1033800000,5890400000,,331123308,306583308,4056500000,4856600000
RY.TO,CAD,253.24624873510095,257.5247198919829,False,False,fail,fail,0.25,0.25,2025-10-31,165279000000,834955000000,2026-04-30,2026-07-29,True,https://eodhd.com/api/fundamentals/RY.TO#Financials.Balance_Sheet.quarterly.2026-04-30,filed,59347000000,390272000000,,81.10559313379818,82.47583234807271,,
RYA.IR,EUR,27.651359611183423,26.93822259662251,False,False,,,0.5,0.5,2026-03-31,3545800000,1346600000,2026-06-30,2026-09-28,True,https://eodhd.com/api/fundamentals/RYA.IR#Financials.Balance_Sheet.quarterly.2026-06-30,filed,2803500000,181900000,,1552620000,1552880000,-2199200000,-2621600000
SAAB-B.ST,SEK,111.26353841509392,106.10677733841632,False,False,fail,fail,0.35,0.35,2025-12-31,15358000000,14709000000,2026-06-30,2026-09-28,True,https://eodhd.com/api/fundamentals/SAAB-B.ST#Financials.Balance_Sheet.quarterly.2026-06-30,filed,12750000000,14451000000,,2389000000,2389000000,-649000000,1701000000
SAB.MC,EUR,1.1928288424639224,1.0046545038067591,False,False,fail,fail,0.5,0.5,2025-12-31,33332000000,43469264000,2026-06-30,2026-09-28,True,https://eodhd.com/api/fundamentals/SAB.MC#Financials.Balance_Sheet.quarterly.2026-06-30,filed,5460000000,43710000000,,2.4481690499245183,2.061958911897599,,
SAF.PA,EUR,31.241158583974773,30.560616911415714,False,False,fail,fail,0.35,0.35,2025-12-31,6789000000,5325000000,2026-06-30,2026-09-28,True,https://eodhd.com/api/fundamentals/SAF.PA#Financials.Balance_Sheet.quarterly.2026-06-30,filed,6507000000,5107000000,,461200000,461200000,-1464000000,-1400000000
SAFE.LSE,GBP,4.895239197058355,4.911720810458872,False,False,fail,fail,0.5,0.5,2025-10-31,11000000,1069600000,2026-04-30,2026-07-29,True,https://eodhd.com/api/fundamentals/SAFE.LSE#Financials.Balance_Sheet.quarterly.2026-04-30,filed,14600000,1115400000,,85463123.95678332,85463123.95678332,1058600000,1100800000
SAGA-B.ST,SEK,19.087349432787416,21.018430937593056,False,False,fail,fail,0.5,0.5,2025-12-31,1660000000,39229000000,2026-06-30,2026-09-28,True,https://eodhd.com/api/fundamentals/SAGA-B.ST#Financials.Balance_Sheet.quarterly.2026-06-30,filed,2756000000,42338000000,,588400000,572600000,37569000000,39582000000
SALM.OL,NOK,57.12887747070055,55.78333569399392,False,False,fail,fail,0.5,0.5,2025-12-31,759000000,22745000000,2026-06-30,2026-09-28,True,https://eodhd.com/api/fundamentals/SALM.OL#Financials.Balance_Sheet.quarterly.2026-06-30,filed,942000000,21909000000,,605600000,580600000,21986000000,20967000000
SAMPO.HE,EUR,5.810793801318674,1.3110871805576854,False,False,fail,fail,0.5,0.5,2025-12-31,1319000000,2715000000,2026-06-30,2026-09-28,True,https://eodhd.com/api/fundamentals/SAMPO.HE#Financials.Balance_Sheet.quarterly.2026-06-30,filed,1511000000,3192000000,,1.6011474860335195,0.3612662942271881,,
SAN.MC,EUR,6.825887734007107,7.200483981504739,False,False,fail,fail,0.5,0.5,2025-12-31,457579000000,520747000000,2026-06-30,2026-09-28,True,https://eodhd.com/api/fundamentals/SAN.MC#Financials.Balance_Sheet.quarterly.2026-06-30,filed,466925000000,450849000000,,5.922985524982048,6.248031619805316,,
SAN.PA,EUR,72.74410937235899,71.64489274829697,False,False,,,0.5,0.5,2025-12-31,7657000000,20329000000,2026-06-30,2026-09-28,True,https://eodhd.com/api/fundamentals/SAN.PA#Financials.Balance_Sheet.quarterly.2026-06-30,filed,6350000000,23576000000,,6552400000,6552400000,12672000000,17226000000
SAND.ST,SEK,161.369092993296,160.16793155456065,False,False,fail,fail,0.25,0.25,2025-12-31,4958000000,37123000000,2026-06-30,2026-09-28,True,https://eodhd.com/api/fundamentals/SAND.ST#Financials.Balance_Sheet.quarterly.2026-06-30,filed,3620000000,43121000000,,16070600000,16070600000,32165000000,39501000000
SANM.US,USD,33.00551879927165,47.250728847116804,False,False,fail,fail,0.35,0.5,2025-09-27,966220000,394243000,2026-06-30,2026-07-27,False,https://eodhd.com/api/fundamentals/SANM.US#Financials.Balance_Sheet.quarterly.2026-06-30,filed,1844942000,2432902999,,76954000,76954000,-571977000,587960999
SAP.TO,CAD,4.833896359987417,4.911892733518822,False,False,fail,fail,0.5,0.5,2026-03-31,444000000,3272000000,2026-06-30,2026-09-28,True,https://eodhd.com/api/fundamentals/SAP.TO#Financials.Balance_Sheet.quarterly.2026-06-30,filed,488000000,2968000000,,146800000,146800000,2828000000,2480000000
SAP.XETRA,EUR,29.178019132497248,,False,False,fail,,0.25,0.25,2025-12-31,9772000000,8071000000,2026-06-30,2026-09-28,True,https://eodhd.com/api/fundamentals/SAP.XETRA#Financials.Balance_Sheet.quarterly.2026-06-30,filed,11625000000,,net cash unavailable,2023000000,,-1701000000,
SAVE.ST,SEK,154.49137167511907,,False,False,fail,,0.5,0.5,2025-12-31,4675000000,900000000,2026-06-30,2026-09-28,True,https://eodhd.com/api/fundamentals/SAVE.ST#Financials.Balance_Sheet.quarterly.2026-06-30,filed,2349000000,,net cash unavailable,2721600000,,-3775000000,
SB1NO.OL,NOK,182.09637108620208,,False,False,fail,,0.25,0.25,2025-12-31,121000000,211840000000,2026-06-30,2026-09-28,True,https://eodhd.com/api/fundamentals/SB1NO.OL#Financials.Balance_Sheet.quarterly.2026-06-30,filed,2578000000,,book value not positive,138.71683749420302,,,
SBAC.US,USD,103.8033120384557,102.73741822622736,False,False,fail,fail,0.5,0.5,2025-12-31,439020000,15319130000,2026-06-30,2026-08-06,False,https://eodhd.com/api/fundamentals/SBAC.US#Financials.Balance_Sheet.quarterly.2026-06-30,filed,327051000,15209066000,,854654000,854654000,14880110000,14882015000
SBNOR.OL,NOK,152.51440928182532,164.33835719313078,False,False,fail,fail,0.5,0.5,2025-12-31,86000000,269303000000,2026-06-30,2026-09-28,True,https://eodhd.com/api/fundamentals/SBNOR.OL#Financials.Balance_Sheet.quarterly.2026-06-30,filed,555000000,,,249.26215069789237,268.58663747911,,
SBSI.US,USD,39.59600656292461,41.74926297610067,False,False,,,0.35,0.35,2025-12-31,1646125000,734085000,2026-06-30,2026-07-24,False,https://eodhd.com/api/fundamentals/SBSI.US#Financials.Balance_Sheet.quarterly.2026-06-30,filed,1967092000,1637635000,,21.355356315754648,22.51667438628995,,
SBUX.US,USD,17.578520138407548,17.68391991071686,False,False,fail,fail,0.5,0.5,2025-09-30,3467000000,26611500000,2026-06-30,2026-07-29,False,https://eodhd.com/api/fundamentals/SBUX.US#Financials.Balance_Sheet.quarterly.2026-06-30,filed,3610300000,22434100000,,1394966236.7458053,1394966236.7458053,23144500000,18823800000
SCA-B.ST,SEK,41.01453386407375,40.75604383558372,False,False,fail,fail,0.5,0.5,2025-12-31,590000000,13541000000,2026-06-30,2026-09-28,True,https://eodhd.com/api/fundamentals/SCA-B.ST#Financials.Balance_Sheet.quarterly.2026-06-30,filed,162000000,15543000000,,2300400000,2300400000,12951000000,15381000000
SCCO.US,USD,83.16406750842081,85.97494895320727,False,False,fail,fail,0.5,0.5,2025-12-31,4909200000,7413500000,2026-06-30,2026-07-31,False,https://eodhd.com/api/fundamentals/SCCO.US#Financials.Balance_Sheet.quarterly.2026-06-30,filed,7329900000,8528800000,,3376700000,3376700000,2504300000,1198900000
SCG.AU,AUD,2.118539076020216,2.070426701343396,False,False,fail,fail,0.5,0.5,2025-12-31,529400000,15152900000,2026-06-30,2026-09-28,True,https://eodhd.com/api/fundamentals/SCG.AU#Financials.Balance_Sheet.quarterly.2026-06-30,filed,277800000,14029000000,,852520000,852520000,14623500000,13751200000
SCHP.SW,CHF,160.3640850766763,155.01604347378304,False,False,fail,fail,0.15,0.15,2025-12-31,4274000000,678000000,2026-06-30,2026-09-28,True,https://eodhd.com/api/fundamentals/SCHP.SW#Financials.Balance_Sheet.quarterly.2026-06-30,filed,3703000000,717000000,,1005400000,1005400000,-3596000000,-2986000000
SCMN.SW,CHF,344.7732673402351,334.058611328201,False,False,fail,fail,0.25,0.5,2025-12-31,856000000,3729000000,2026-06-30,2026-09-28,True,https://eodhd.com/api/fundamentals/SCMN.SW#Financials.Balance_Sheet.quarterly.2026-06-30,filed,215000000,16501000000,,1391371000,1391371000,2873000000,16286000000
SCR.PA,EUR,17.863250498051343,20.124710599467043,False,False,fail,fail,0.5,0.5,2025-12-31,21555000000,3567000000,2026-06-30,2026-09-28,True,https://eodhd.com/api/fundamentals/SCR.PA#Financials.Balance_Sheet.quarterly.2026-06-30,filed,2099000000,3359000000,,17.5077831835235,19.72424166839412,,
SCRPF.US,SGD,3.9188213710844453,4.1611746901505935,False,False,fail,fail,0.5,0.5,2025-12-31,1221088158,9703000000,2026-06-30,2026-09-28,True,https://eodhd.com/api/fundamentals/SCRPF.US#Financials.Balance_Sheet.quarterly.2026-06-30,filed,1657081779,15464765621,,477979107,477979107,8481911842,13807683842
SCT.LSE,GBP,10.609771807017433,10.720094833853555,False,False,fail,fail,0.35,0.35,2025-07-31,182282000,35190000,2026-01-31,2026-05-01,True,https://eodhd.com/api/fundamentals/SCT.LSE#Financials.Balance_Sheet.quarterly.2026-01-31,filed,206011000,37403000,,109619800,109619800,-147092000,-168608000
SD.US,USD,19.7599456338742,19.810661467839736,False,False,,,0.5,0.5,2025-12-31,110998000,718000,2026-06-30,2026-08-06,False,https://eodhd.com/api/fundamentals/SD.US#Financials.Balance_Sheet.quarterly.2026-06-30,filed,113345000,693000,,49965000,49965000,-110280000,-112652000
SDRL.US,USD,11.13305602469117,11.07417602469117,False,False,fail,fail,0.5,0.5,2025-12-31,339000000,613000000,2026-06-30,2026-08-10,False,https://eodhd.com/api/fundamentals/SDRL.US#Financials.Balance_Sheet.quarterly.2026-06-30,filed,337000000,737000000,,31000000,31000000,274000000,400000000
SDZ.SW,USD,27.164214368544176,26.055041506822562,False,False,fail,fail,0.5,0.5,2025-12-31,1737859476,5679272804,2026-06-30,2026-09-28,True,https://eodhd.com/api/fundamentals/SDZ.SW#Financials.Balance_Sheet.quarterly.2026-06-30,filed,1253372770,6219737033,,832957779,832957779,3941413328,4966364263
SEB-A.ST,SEK,189.45619774571685,185.6507036932896,False,False,fail,fail,0.35,0.35,2025-12-31,299859000000,844178000000,2026-06-30,2026-09-28,True,https://eodhd.com/api/fundamentals/SEB-A.ST#Financials.Balance_Sheet.quarterly.2026-06-30,filed,524375000000,954192000000,,114.38797883859365,112.0903354871542,,
SEB.US,USD,6726.420618326804,6691.6529095623755,False,False,,,0.5,0.5,2025-12-31,1230000000,1823000000,2026-06-30,2026-08-04,False,https://eodhd.com/api/fundamentals/SEB.US#Financials.Balance_Sheet.quarterly.2026-06-30,filed,1207000000,1595000000,,438194284.9632313,438194284.9632313,593000000,388000000
SECU-B.ST,SEK,84.42685887780006,82.82612457939645,False,False,fail,fail,0.5,0.5,2025-12-31,7322000000,42494000000,2026-06-30,2026-09-28,True,https://eodhd.com/api/fundamentals/SECU-B.ST#Financials.Balance_Sheet.quarterly.2026-06-30,filed,6539000000,40035000000,,3549800000,3532400000,35172000000,33496000000
SEIC.US,USD,98.2697503155329,98.14049514363879,False,False,fail,fail,0.15,0.15,2025-12-31,433581000,28562000,2026-06-30,2026-07-27,False,https://eodhd.com/api/fundamentals/SEIC.US#Financials.Balance_Sheet.quarterly.2026-06-30,filed,421196000,67852000,,541226000,541226000,-405019000,-353344000
SEM.LS,EUR,3.6256232493332936,16.94014332200245,False,False,fail,fail,0.5,0.5,2025-12-31,157424747,1163517751,2026-03-31,2026-06-29,True,https://eodhd.com/api/fundamentals/SEM.LS#Financials.Balance_Sheet.quarterly.2026-03-31,filed,1220847117,1321845215,,14026366.199999988,14026366.199999988,1006093004,100998098
SESG.PA,EUR,9.600104302142825,9.104505861891884,False,False,pass,pass,0.5,0.5,2025-12-31,1075000000,6940000000,2026-06-30,2026-09-28,True,https://eodhd.com/api/fundamentals/SESG.PA#Financials.Balance_Sheet.quarterly.2026-06-30,filed,918000000,7100000000,,232000000,232000000,5865000000,6182000000
SFSN.SW,CHF,113.72765721186956,114.05176927407807,False,False,fail,fail,0.25,0.25,2025-12-31,209800000,374600000,2026-06-30,2026-09-28,True,https://eodhd.com/api/fundamentals/SFSN.SW#Financials.Balance_Sheet.quarterly.2026-06-30,filed,222400000,542700000,,257800000,257800000,164800000,320300000
SFZN.SW,CHF,28.011894179892096,28.04305255941896,False,False,fail,fail,0.5,0.5,2025-12-31,103795000,575200000,2026-06-30,2026-09-28,True,https://eodhd.com/api/fundamentals/SFZN.SW#Financials.Balance_Sheet.quarterly.2026-06-30,filed,105160000,925200000,,68250889.80290431,68250889.80290431,471405000,820040000
SGE.LSE,GBP,3.968066772745887,4.110202414305481,False,False,fail,fail,0.35,0.5,2025-09-30,390000000,1579000000,2026-03-31,2026-06-29,True,https://eodhd.com/api/fundamentals/SGE.LSE#Financials.Balance_Sheet.quarterly.2026-03-31,filed,518000000,2022000000,,260000000,260000000,1189000000,1504000000
SGO.PA,EUR,79.30896954801942,75.25253822830378,False,False,,,0.35,0.35,2025-12-31,7732000000,17729000000,2026-06-30,2026-09-28,True,https://eodhd.com/api/fundamentals/SGO.PA#Financials.Balance_Sheet.quarterly.2026-06-30,filed,5751000000,17073000000,,2567200000,2567200000,9997000000,11322000000
SGSN.SW,CHF,64.97997693487059,59.76741833464157,False,False,fail,fail,0.35,0.5,2025-12-31,2330000000,5300000000,2026-06-30,2026-09-28,True,https://eodhd.com/api/fundamentals/SGSN.SW#Financials.Balance_Sheet.quarterly.2026-06-30,filed,1300000000,5216000000,,632800000,632800000,2970000000,3916000000
SHA0.XETRA,EUR,3.441530948155638,3.599835987214898,False,False,fail,fail,0.5,0.5,2025-12-31,2371000000,7753000000,2026-06-30,2026-09-28,True,https://eodhd.com/api/fundamentals/SHA0.XETRA#Financials.Balance_Sheet.quarterly.2026-06-30,filed,2517000000,8545000000,,108600000,108600000,5382000000,6028000000
SHAW.LSE,GBP,8.17864496628586,8.746721920286268,False,False,pass,pass,0.25,0.25,2025-12-31,1924500000,2162300000,2026-06-30,2026-09-28,True,https://eodhd.com/api/fundamentals/SHAW.LSE#Financials.Balance_Sheet.quarterly.2026-06-30,filed,2264400000,2398900000,,3.0279748760673417,3.2382936698867115,,
SHB-A.ST,SEK,134.38613923030567,123.94977855544732,False,False,fail,fail,0.25,0.25,2025-12-31,465068000000,1750763000000,2026-06-30,2026-09-28,True,https://eodhd.com/api/fundamentals/SHB-A.ST#Financials.Balance_Sheet.quarterly.2026-06-30,filed,602051000000,1785814000000,,96.64560299147284,89.14015357358583,,
SHEL.LSE,USD,38.64782203540878,38.797072809802906,False,False,fail,fail,0.5,0.5,2025-12-31,30227008000,104614097000,2026-06-30,2026-09-28,True,https://eodhd.com/api/fundamentals/SHEL.LSE#Financials.Balance_Sheet.quarterly.2026-06-30,filed,31536868000,73455351000,,15713203000,15713203000,74387089000,41918483000
SHL.XETRA,EUR,25.22897265789359,25.397968523736843,False,False,fail,fail,0.5,0.5,2025-09-30,2175000000,15062000000,2026-06-30,2026-09-28,True,https://eodhd.com/api/fundamentals/SHL.XETRA#Financials.Balance_Sheet.quarterly.2026-06-30,filed,2360000000,15003000000,,2133000000,2133000000,12887000000,12643000000
SHOP.TO,USD,15.937960942793751,15.276714436031968,False,False,fail,fail,0.5,0.5,2025-12-31,5767484906,188000000,2026-06-30,2026-09-28,True,https://eodhd.com/api/fundamentals/SHOP.TO#Financials.Balance_Sheet.quarterly.2026-06-30,filed,4947000000,178000000,,771036856,771036856,-5579484906,-4769000000
SHW.US,USD,141.38673545288952,141.38673545288952,False,False,fail,fail,0.5,0.5,2025-12-31,207200000,12942600000,2026-06-30,2026-07-28,False,https://eodhd.com/api/fundamentals/SHW.US#Financials.Balance_Sheet.quarterly.2026-06-30,filed,293500000,14215400000,,2272900000,2272900000,12735400000,13921900000
SIA1.F,SGD,6.01855919122111,,False,False,fail,,0.5,0.5,2026-03-31,8509500000,7666700000,2026-06-30,2026-09-28,True,https://eodhd.com/api/fundamentals/SIA1.F#Financials.Balance_Sheet.quarterly.2026-06-30,filed,,10743900000,net cash unavailable,560300000,,-842800000,
SIE.XETRA,EUR,149.77525951721054,143.83750149643308,False,False,fail,fail,0.35,0.35,2025-09-30,15519000000,56013000000,2026-06-30,2026-09-28,True,https://eodhd.com/api/fundamentals/SIE.XETRA#Financials.Balance_Sheet.quarterly.2026-06-30,filed,10930000000,49924000000,,8275400000,8275400000,40494000000,38994000000
SIKA.SW,CHF,92.88331720594834,91.7470615189746,False,False,fail,fail,0.35,0.35,2025-12-31,807600000,5518000000,2026-06-30,2026-09-28,True,https://eodhd.com/api/fundamentals/SIKA.SW#Financials.Balance_Sheet.quarterly.2026-06-30,filed,625300000,6053800000,,1151260000,1151260000,4710400000,5428500000
SIQ.AU,AUD,10.806477190884214,10.666141067056417,False,False,fail,fail,0.15,0.15,2025-12-31,312702000,97157000,2026-06-30,2026-09-28,True,https://eodhd.com/api/fundamentals/SIQ.AU#Financials.Balance_Sheet.quarterly.2026-06-30,filed,293380000,88606000,,61304540.01594999,61304540.01594999,-215545000,-204774000
SJM.US,USD,8.99994288490283,8.99994288490283,False,False,fail,fail,0.5,0.5,2026-04-30,58600000,7089000000,2026-07-31,2026-08-26,False,https://eodhd.com/api/fundamentals/SJM.US#Financials.Balance_Sheet.quarterly.2026-07-31,filed,43200000,6897100000,,77300000,77300000,7030400000,6853900000
SJX.F,SGD,1.213296229968236,,False,False,fail,,0.5,0.35,2025-12-31,576438000,4150949000,2026-06-30,2026-09-28,True,https://eodhd.com/api/fundamentals/SJX.F#Financials.Balance_Sheet.quarterly.2026-06-30,filed,293554000,,net cash unavailable,277804200,,3574511000,
SK.PA,EUR,73.42349425003928,70.57883084041806,False,False,,,0.5,0.5,2025-12-31,1122800000,3460800000,2026-06-30,2026-09-28,True,https://eodhd.com/api/fundamentals/SK.PA#Financials.Balance_Sheet.quarterly.2026-06-30,filed,966700000,3468400000,,225780000,225780000,2338000000,2501700000
SKF-B.ST,SEK,129.08687755802245,164.90820564152222,False,False,fail,fail,0.25,0.25,2025-12-31,9146000000,15155000000,2026-06-30,2026-09-28,True,https://eodhd.com/api/fundamentals/SKF-B.ST#Financials.Balance_Sheet.quarterly.2026-06-30,filed,25416000000,20572000000,,4138000000,4138000000,6009000000,-4844000000
SLB.US,USD,27.354675972479342,27.250818071988064,False,False,fail,fail,0.5,0.5,2025-12-31,4212000000,12308000000,2026-06-30,2026-07-29,False,https://eodhd.com/api/fundamentals/SLB.US#Financials.Balance_Sheet.quarterly.2026-06-30,filed,4071000000,12798000000,,2983000000,2983000000,8096000000,8727000000
SLF.TO,CAD,65.63929768618699,73.685649436008,False,False,fail,fail,0.25,0.25,2025-12-31,29465000000,18792000000,2026-06-30,2026-09-28,True,https://eodhd.com/api/fundamentals/SLF.TO#Financials.Balance_Sheet.quarterly.2026-06-30,filed,29661000000,9120000000,,18.37632508833922,20.62897526501767,,
SLHN.SW,CHF,184.64573892306495,158.54580481216306,False,False,fail,fail,0.5,0.5,2025-12-31,5266000000,14218000000,2026-06-30,2026-09-28,True,https://eodhd.com/api/fundamentals/SLHN.SW#Financials.Balance_Sheet.quarterly.2026-06-30,filed,5043000000,16308000000,,190.1200687137513,163.24633041071587,,
SMHN.XETRA,EUR,24.39835127239899,25.232999485009437,False,False,fail,fail,0.5,0.5,2025-12-31,98697000,49627000,2026-06-30,2026-09-28,True,https://eodhd.com/api/fundamentals/SMHN.XETRA#Financials.Balance_Sheet.quarterly.2026-06-30,filed,112287000,48723000,,19451000,19507200,-49070000,-63564000
SNA.US,USD,400.40790640783564,400.8301220330461,False,False,,,0.15,0.15,2025-12-31,1624500000,1326200000,2026-06-30,2026-07-23,False,https://eodhd.com/api/fundamentals/SNA.US#Financials.Balance_Sheet.quarterly.2026-06-30,filed,1644700000,1279300000,,970700000,970700000,-298300000,-365400000
SNPS.US,USD,65.87300284744217,69.00113242240873,False,False,fail,fail,0.5,0.5,2025-10-31,2960959000,14293418000,2026-07-31,2026-08-26,False,https://eodhd.com/api/fundamentals/SNPS.US#Financials.Balance_Sheet.quarterly.2026-07-31,filed,3607669000,10841789000,,721894000,721894000,11332459000,7234120000
SOBI.ST,SEK,181.54911797752976,181.52992282669842,False,False,fail,fail,0.35,0.35,2025-12-31,1041000000,11495000000,2026-06-30,2026-09-28,True,https://eodhd.com/api/fundamentals/SOBI.ST#Financials.Balance_Sheet.quarterly.2026-06-30,filed,1082000000,17587000000,,4081800000,4081800000,10454000000,16505000000
SOLB.BR,EUR,13.73603724883544,12.15158851457682,False,False,fail,fail,0.5,0.5,2025-12-31,545000000,2170000000,2026-06-30,2026-09-28,True,https://eodhd.com/api/fundamentals/SOLB.BR#Financials.Balance_Sheet.quarterly.2026-06-30,filed,376000000,2236000000,,79200000,79200000,1625000000,1860000000
SOLV.US,USD,110.83640622021481,108.12847695609615,False,False,,,0.25,0.35,2025-12-31,878000000,5035000000,2026-06-30,2026-08-05,False,https://eodhd.com/api/fundamentals/SOLV.US#Financials.Balance_Sheet.quarterly.2026-06-30,filed,403000000,5286000000,,1505000000,1505000000,4157000000,4883000000
SOP.PA,EUR,187.92947037510035,175.43805886733315,False,False,,,0.25,0.35,2025-12-31,511800000,1185100000,2026-06-30,2026-09-28,True,https://eodhd.com/api/fundamentals/SOP.PA#Financials.Balance_Sheet.quarterly.2026-06-30,filed,270400000,1393200000,,259940000,259940000,673300000,1122800000
SPG.US,USD,130.54608714428585,131.11607248340565,False,False,fail,fail,0.5,0.5,2025-12-31,823147000,29186714000,2026-06-30,2026-08-10,False,https://eodhd.com/api/fundamentals/SPG.US#Financials.Balance_Sheet.quarterly.2026-06-30,filed,1019091000,29427509000,,3340159000,3340159000,28363567000,28408418000
SPGI.US,USD,167.8949860768148,175.58879607350465,False,False,fail,fail,0.35,0.25,2025-12-31,1801000000,14200000000,2026-06-30,2026-07-28,False,https://eodhd.com/api/fundamentals/SPGI.US#Financials.Balance_Sheet.quarterly.2026-06-30,filed,4141000000,15748000000,,3958000000,3958000000,12399000000,11607000000
SPIE.PA,EUR,29.968542355238878,27.774077446914205,False,False,fail,fail,0.5,0.5,2025-12-31,791800000,2799800000,2026-06-30,2026-09-28,True,https://eodhd.com/api/fundamentals/SPIE.PA#Financials.Balance_Sheet.quarterly.2026-06-30,filed,421100000,3370900000,,360092600,360092600,2008000000,2949800000
SPSN.SW,CHF,52.86659057503867,52.66248689684489,False,False,fail,fail,0.5,0.5,2025-12-31,32549999,5849738000,2026-06-30,2026-09-28,True,https://eodhd.com/api/fundamentals/SPSN.SW#Financials.Balance_Sheet.quarterly.2026-06-30,filed,16174000,6080576000,,339318400,339318400,5817188001,6064402000
SPX.LSE,GBP,53.35080436567345,53.47682765957517,False,False,fail,fail,0.35,0.35,2025-12-31,369000000,1023900000,2026-06-30,2026-09-28,True,https://eodhd.com/api/fundamentals/SPX.LSE#Financials.Balance_Sheet.quarterly.2026-06-30,filed,378300000,1085800000,,190460000,190460000,654900000,707500000
SQN.SW,CHF,54.43042108625025,55.70796671647199,False,False,,,0.5,0.5,2025-12-31,5511807408,350361948,2026-06-30,2026-09-28,True,https://eodhd.com/api/fundamentals/SQN.SW#Financials.Balance_Sheet.quarterly.2026-06-30,filed,5703289933,275980398,,214058231,214058231,-5161445460,-5427309535
SRP.LSE,GBP,3.0881030434492285,3.0703605159670677,False,False,,,0.5,0.5,2025-12-31,199300000,909300000,2026-06-30,2026-09-28,True,https://eodhd.com/api/fundamentals/SRP.LSE#Financials.Balance_Sheet.quarterly.2026-06-30,filed,182200000,905900000,,231120000,231120000,710000000,723700000
SRT3.XETRA,EUR,27.22191259778087,23.842811400172117,False,False,fail,fail,0.5,0.5,2025-12-31,551800000,4282500000,2026-06-30,2026-09-28,True,https://eodhd.com/api/fundamentals/SRT3.XETRA#Financials.Balance_Sheet.quarterly.2026-06-30,filed,306900000,4052100000,,112460000,113460000,3730700000,3745200000
SSD.US,USD,149.80805744611536,151.38440736143252,False,False,fail,fail,0.15,0.15,2025-12-31,384138000,487581000,2026-06-30,2026-08-06,False,https://eodhd.com/api/fundamentals/SSD.US#Financials.Balance_Sheet.quarterly.2026-06-30,filed,450526000,423761000,,273924309.6212354,273924309.6212354,103443000,-26765000
SSNC.US,USD,76.29488046680338,62.89289860573957,False,False,fail,fail,0.35,0.5,2025-12-31,3573800000,7646600000,2026-06-30,2026-07-30,False,https://eodhd.com/api/fundamentals/SSNC.US#Financials.Balance_Sheet.quarterly.2026-06-30,filed,434800000,7777300000,,1162200000,1162200000,4072800000,7342500000
STAN.LSE,USD,3.5890863322124784,3.6736985366198263,False,False,fail,fail,0.5,0.5,2025-12-31,77746000000,105367000000,2026-06-30,2026-09-28,True,https://eodhd.com/api/fundamentals/STAN.LSE#Financials.Balance_Sheet.quarterly.2026-06-30,filed,84541000000,112978000000,,22.00830622429156,22.527148941502357,,
STB.OL,NOK,144.18129766706815,140.2609247066952,False,False,fail,fail,0.5,0.5,2025-12-31,16126000000,97119000000,2026-06-30,2026-09-28,True,https://eodhd.com/api/fundamentals/STB.OL#Financials.Balance_Sheet.quarterly.2026-06-30,filed,16012000000,63290000000,,3677000000,3677000000,80993000000,47278000000
STERV.HE,EUR,8.993214720066508,9.347200168827396,False,False,fail,fail,0.5,0.5,2025-12-31,1279000000,4469000000,2026-06-30,2026-09-28,True,https://eodhd.com/api/fundamentals/STERV.HE#Financials.Balance_Sheet.quarterly.2026-06-30,filed,1558000000,5177000000,,482400000,482400000,3190000000,3619000000
STLD.US,USD,85.0974405636743,83.35729358006283,False,False,fail,fail,0.5,0.5,2025-12-31,769878000,4211163000,2026-06-30,2026-07-28,False,https://eodhd.com/api/fundamentals/STLD.US#Financials.Balance_Sheet.quarterly.2026-06-30,filed,567708000,4182142000,,947996445.9048518,947996445.9048518,3441285000,3614434000
STMN.SW,CHF,43.01308743957322,42.33211878594994,False,False,fail,fail,0.15,0.15,2025-12-31,489569000,650716000,2026-06-30,2026-09-28,True,https://eodhd.com/api/fundamentals/STMN.SW#Financials.Balance_Sheet.quarterly.2026-06-30,filed,380988000,510936000,,303130200,303130200,161147000,129948000
STT.US,USD,633.032022814411,117.0720325318586,False,False,pass,fail,0.35,0.5,2025-12-31,146018000000,29805000000,2026-06-30,2026-07-30,False,https://eodhd.com/api/fundamentals/STT.US#Financials.Balance_Sheet.quarterly.2026-06-30,filed,4290000000,30471000000,,2277793081.9718075,2277793081.9718075,-116213000000,26181000000
SU.PA,EUR,91.93864785748686,91.73271895526761,False,False,fail,fail,0.35,0.35,2025-12-31,4634000000,19297000000,2026-06-30,2026-09-28,True,https://eodhd.com/api/fundamentals/SU.PA#Financials.Balance_Sheet.quarterly.2026-06-30,filed,4518000000,19200000000,,3856000000,3856000000,14663000000,14682000000
SU.TO,CAD,72.23216814432155,73.53204216819951,False,False,fail,fail,0.5,0.5,2025-12-31,3650000000,18383000000,2026-06-30,2026-09-28,True,https://eodhd.com/api/fundamentals/SU.TO#Financials.Balance_Sheet.quarterly.2026-06-30,filed,5372000000,14680000000,,6642600000,6642600000,14733000000,9308000000
SUBC.OL,USD,13.634766350534694,13.861940572742027,False,False,fail,fail,0.5,0.5,2025-12-31,969700000,583700000,2026-06-30,2026-09-28,True,https://eodhd.com/api/fundamentals/SUBC.OL#Financials.Balance_Sheet.quarterly.2026-06-30,filed,1045800000,855700000,,259020000,259020000,-386000000,-190100000
SUN.SW,CHF,124.00220654865278,121.51828778136169,False,False,fail,fail,0.5,0.5,2025-12-31,927400000,1194800000,2026-06-30,2026-09-28,True,https://eodhd.com/api/fundamentals/SUN.SW#Financials.Balance_Sheet.quarterly.2026-06-30,filed,843300000,1201800000,,268720000,268720000,267400000,358500000
SUZB3.SA,BRL,49.78285978605671,50.75931455480502,False,False,,,0.5,0.5,2025-12-31,25112527000,106277791000,2026-06-30,2026-09-28,True,https://eodhd.com/api/fundamentals/SUZB3.SA#Financials.Balance_Sheet.quarterly.2026-06-30,filed,26269285000,97155221000,,6329236200,6329236200,81165264000,70885936000
SVS.LSE,GBP,6.5214206208511705,6.407721010097276,False,False,fail,fail,0.5,0.5,2025-12-31,531600000,619300000,2026-06-30,2026-09-28,True,https://eodhd.com/api/fundamentals/SVS.LSE#Financials.Balance_Sheet.quarterly.2026-06-30,filed,512700000,812900000,,48520000,48520000,87700000,300200000
SW.PA,EUR,60.982201246312464,54.70584918477673,False,False,,,0.5,0.5,2025-08-31,2091000000,5446000000,2026-02-28,2026-05-29,True,https://eodhd.com/api/fundamentals/SW.PA#Financials.Balance_Sheet.quarterly.2026-02-28,filed,1176000000,5406000000,,585400000,585400000,3355000000,4230000000
SW.US,USD,19.24337639333146,18.571438647323856,False,False,fail,fail,0.5,0.5,2025-12-31,1047734000,16177628000,2026-06-30,2026-07-31,False,https://eodhd.com/api/fundamentals/SW.US#Financials.Balance_Sheet.quarterly.2026-06-30,filed,677000000,14164000000,,626513970,626513970,15129894000,13487000000
SWEC-B.ST,SEK,73.95578621373201,71.64425300283632,False,False,fail,fail,0.25,0.35,2025-12-31,1478000000,6571000000,2026-06-30,2026-09-28,True,https://eodhd.com/api/fundamentals/SWEC-B.ST#Financials.Balance_Sheet.quarterly.2026-06-30,filed,663000000,7155000000,,2080000000,2080000000,5093000000,6492000000
SWED-A.ST,SEK,467.0855858396592,422.79383951553285,False,False,,,0.25,0.25,2025-12-31,263628000000,909927000000,2026-06-30,2026-09-28,True,https://eodhd.com/api/fundamentals/SWED-A.ST#Financials.Balance_Sheet.quarterly.2026-06-30,filed,395896000000,1020428000000,,180.77631833700417,163.63406630454537,,
SWK.US,USD,34.10718761169131,35.99979878644999,False,False,fail,fail,0.5,0.5,2025-12-31,280100000,5996800000,2026-06-30,2026-07-29,False,https://eodhd.com/api/fundamentals/SWK.US#Financials.Balance_Sheet.quarterly.2026-06-30,filed,592400000,4757900000,,416500000,416500000,5716700000,4165500000
SWKS.US,USD,27.506241960229335,23.80834382999078,False,False,fail,fail,0.35,0.35,2025-09-30,1374200000,1203100000,2026-06-30,2026-07-28,False,https://eodhd.com/api/fundamentals/SWKS.US#Financials.Balance_Sheet.quarterly.2026-06-30,filed,799200000,681100000,,239100000,239100000,-171100000,-118100000
SY1.XETRA,EUR,36.2291839012122,31.80006991091774,False,False,fail,fail,0.5,0.5,2025-12-31,1009803000,2612381000,2026-06-30,2026-09-28,True,https://eodhd.com/api/fundamentals/SY1.XETRA#Financials.Balance_Sheet.quarterly.2026-06-30,filed,451077000,2276738000,,317413400,317413400,1602578000,1825661000
SYF.US,USD,200.56361872079066,197.10645581092447,False,False,pass,pass,0.35,0.35,2025-12-31,17321000000,15182000000,2026-06-30,2026-07-23,False,https://eodhd.com/api/fundamentals/SYF.US#Financials.Balance_Sheet.quarterly.2026-06-30,filed,16193000000,16432000000,,3885000000,3885000000,-2139000000,239000000
SYK.US,USD,130.6708664802655,129.0064638152253,False,False,fail,fail,0.35,0.35,2025-12-31,4100000000,16360000000,2026-06-30,2026-07-31,False,https://eodhd.com/api/fundamentals/SYK.US#Financials.Balance_Sheet.quarterly.2026-06-30,filed,3476000000,14942000000,,3059000000,3059000000,12260000000,11466000000
T.TO,CAD,3.8687276143229994,3.0870133286087134,False,False,fail,fail,0.5,0.5,2025-12-31,2621000000,31459000000,2026-06-30,2026-09-28,True,https://eodhd.com/api/fundamentals/T.TO#Financials.Balance_Sheet.quarterly.2026-06-30,filed,1387000000,31456000000,,311898000,311898000,28838000000,30069000000
T.US,USD,29.23837416793704,29.136829970698226,False,False,,,0.5,0.5,2025-12-31,18234000000,173986000000,2026-06-30,2026-07-22,False,https://eodhd.com/api/fundamentals/T.US#Financials.Balance_Sheet.quarterly.2026-06-30,filed,17570000000,162888000000,,14845000000,14845000000,155752000000,145318000000
T6W.F,THB,11.496364093785742,11.820229987768627,False,False,,,0.5,0.5,2025-09-30,43904056000,228438484000,2026-03-31,2026-06-29,True,https://eodhd.com/api/fundamentals/T6W.F#Financials.Balance_Sheet.quarterly.2026-03-31,filed,52043352000,243061510000,,20236295400,20236295400,184534428000,191018158000
TAC.US,CAD,10.524976692484595,10.594442304561738,False,False,fail,fail,0.5,0.5,2025-12-31,282769373,4480345835,2026-06-30,2026-07-31,False,https://eodhd.com/api/fundamentals/TAC.US#Financials.Balance_Sheet.quarterly.2026-06-30,filed,302000000,4239000000,,248797081,248797081,4197576462,3937000000
TBCG.LSE,GEL,388.0031247911044,419.3192458855405,False,False,pass,pass,0.25,0.25,2025-12-31,4864683000,7054530000,2026-06-30,2026-09-28,True,https://eodhd.com/api/fundamentals/TBCG.LSE#Financials.Balance_Sheet.quarterly.2026-06-30,filed,4210470000,6959790000,,97.0007811977761,104.82981147138513,,
TCAP.LSE,GBP,5.037963907946641,6.448447793511757,False,False,pass,pass,0.35,0.35,2025-12-31,2250000000,1001000000,2026-06-30,2026-09-28,True,https://eodhd.com/api/fundamentals/TCAP.LSE#Financials.Balance_Sheet.quarterly.2026-06-30,filed,3256000000,1148000000,,111800000,111800000,-1249000000,-2108000000
TD.TO,CAD,182.23960847560576,176.70179757672832,False,False,,,0.35,0.35,2025-10-31,156064000000,663579000000,2026-04-30,2026-07-29,True,https://eodhd.com/api/fundamentals/TD.TO#Financials.Balance_Sheet.quarterly.2026-04-30,filed,446587000000,692290000000,,64.3543658832383,62.39879589623271,,
TDC.US,USD,13.642992087918477,12.819389603446428,False,False,fail,fail,0.5,0.5,2025-12-31,493000000,561000000,2026-06-30,2026-08-05,False,https://eodhd.com/api/fundamentals/TDC.US#Financials.Balance_Sheet.quarterly.2026-06-30,filed,414000000,99000000,,69000000,69000000,68000000,-315000000
TDG.US,USD,468.9962961640822,467.95005530373896,False,False,fail,fail,0.5,0.5,2025-09-30,2808000000,30030000000,2026-06-30,2026-08-04,False,https://eodhd.com/api/fundamentals/TDG.US#Financials.Balance_Sheet.quarterly.2026-06-30,filed,2773000000,33346000000,,1270000000,1270000000,27222000000,30573000000
TDY.US,USD,332.9488013848279,332.5800250135199,False,False,fail,fail,0.25,0.25,2025-12-31,352400000,2642100000,2026-06-30,2026-07-24,False,https://eodhd.com/api/fundamentals/TDY.US#Financials.Balance_Sheet.quarterly.2026-06-30,filed,340100000,2027000000,,1007700000,1007700000,2289700000,1686900000
TE.PA,EUR,42.797175490385904,47.001103770564846,False,False,,pass,0.35,0.35,2025-12-31,3686800000,1244100000,2026-06-30,2026-09-28,True,https://eodhd.com/api/fundamentals/TE.PA#Financials.Balance_Sheet.quarterly.2026-06-30,filed,4490400000,1627400000,,311160000,311160000,-2442700000,-2863000000
TECK-B.TO,CAD,41.073539863182226,43.092792565024325,False,False,fail,fail,0.5,0.5,2025-12-31,5012000000,9607000000,2026-06-30,2026-09-28,True,https://eodhd.com/api/fundamentals/TECK-B.TO#Financials.Balance_Sheet.quarterly.2026-06-30,filed,6052000000,9793000000,,1209400000,1209400000,4595000000,3741000000
TEG.XETRA,EUR,9.107627092250572,5.7316297399438145,False,False,fail,fail,0.5,0.5,2025-12-31,1197900000,4333064000,2026-06-30,2026-09-28,True,https://eodhd.com/api/fundamentals/TEG.XETRA#Financials.Balance_Sheet.quarterly.2026-06-30,filed,555628000,4184548000,,44582401,44582401,3135164000,3628920000
TEL.OL,NOK,92.09686222648577,109.18519626649832,False,False,fail,fail,0.5,0.5,2025-12-31,17160000000,85586000000,2026-06-30,2026-09-28,True,https://eodhd.com/api/fundamentals/TEL.OL#Financials.Balance_Sheet.quarterly.2026-06-30,filed,40128000000,87247000000,,8785200000,8795800000,68426000000,47119000000
TEL.US,USD,86.92700368028568,86.72943066990842,False,False,fail,fail,0.35,0.25,2025-09-30,1255000000,6550000000,2026-06-30,2026-07-24,False,https://eodhd.com/api/fundamentals/TEL.US#Financials.Balance_Sheet.quarterly.2026-06-30,filed,1239000000,5632000000,,1693000000,1693000000,5295000000,4393000000
TEL2-B.ST,SEK,103.77975699727347,108.08167267841117,False,False,fail,fail,0.5,0.5,2025-12-31,305000000,29117000000,2026-06-30,2026-09-28,True,https://eodhd.com/api/fundamentals/TEL2-B.ST#Financials.Balance_Sheet.quarterly.2026-06-30,filed,3586000000,30746000000,,5787200000,5787200000,28812000000,27160000000
TELIA.ST,SEK,17.29181646051608,16.957716810329654,False,False,fail,fail,0.5,0.5,2025-12-31,11889000000,101767000000,2026-06-30,2026-09-28,True,https://eodhd.com/api/fundamentals/TELIA.ST#Financials.Balance_Sheet.quarterly.2026-06-30,filed,10958000000,86954000000,,4641200000,4611800000,89878000000,75996000000
TEMN.SW,USD,34.63115513580997,33.90756807977893,False,False,fail,fail,0.35,0.35,2025-12-31,246089000,808417451,2026-06-30,2026-09-28,True,https://eodhd.com/api/fundamentals/TEMN.SW#Financials.Balance_Sheet.quarterly.2026-06-30,filed,196605000,844456393,,169508800,169508800,562328451,647851393
TEO.US,ARS,14966.786231641216,15349.563486285344,False,False,fail,fail,0.5,0.5,2025-12-31,791812444000,4313727156000,2026-06-30,2026-08-10,False,https://eodhd.com/api/fundamentals/TEO.US#Financials.Balance_Sheet.quarterly.2026-06-30,filed,956689000000,6014187000000,,299756852000,299756852000,3521914712000,5057498000000
TEP.PA,EUR,171.55546859317835,172.60477514690112,False,False,pass,pass,0.5,0.5,2025-12-31,1118000000,4916000000,2026-06-30,2026-09-28,True,https://eodhd.com/api/fundamentals/TEP.PA#Financials.Balance_Sheet.quarterly.2026-06-30,filed,1179000000,5047000000,,728400000,728400000,3798000000,3868000000
TFI.PA,EUR,13.778628883934413,13.371583363053482,False,False,pass,pass,0.5,0.5,2025-12-31,683100000,221400000,2026-06-30,2026-09-28,True,https://eodhd.com/api/fundamentals/TFI.PA#Financials.Balance_Sheet.quarterly.2026-06-30,filed,587200000,207100000,,182160000,182800000,-461700000,-380100000
TFII.US,USD,108.04396104336102,108.3894614505671,False,False,fail,fail,0.35,0.35,2025-12-31,209632516,3686734086,2026-06-30,2026-07-27,False,https://eodhd.com/api/fundamentals/TFII.US#Financials.Balance_Sheet.quarterly.2026-06-30,filed,205446000,3048897000,,714018920,714018920,3477101570,2843451000
TFIN.US,USD,25.828663984841953,27.09734909183301,False,False,fail,fail,0.5,0.5,2025-12-31,612748000,392870000,2026-06-30,2026-07-21,False,https://eodhd.com/api/fundamentals/TFIN.US#Financials.Balance_Sheet.quarterly.2026-06-30,filed,342157000,113300000,,22.584680759131963,23.694023779819123,,
TGS.OL,USD,14.109082965754936,13.290230363173379,False,False,,fail,0.5,0.5,2025-12-31,212300000,722000000,2026-06-30,2026-09-28,True,https://eodhd.com/api/fundamentals/TGS.OL#Financials.Balance_Sheet.quarterly.2026-06-30,filed,125200000,802900000,,208302200,208302200,509700000,677700000
TGS.US,ARS,40012.32476333475,42772.09976071107,False,False,,,0.25,0.25,2025-12-31,1807485995000,1672444274000,2026-06-30,2026-08-04,False,https://eodhd.com/api/fundamentals/TGS.US#Financials.Balance_Sheet.quarterly.2026-06-30,filed,2223928001000,1688900751000,,219157465000,219157465000,-135041721000,-535027250000
TGT.US,USD,84.54307718824933,84.24631853735139,False,False,fail,fail,0.5,0.35,2026-01-31,5488000000,20290000000,2026-07-31,2026-08-28,False,https://eodhd.com/api/fundamentals/TGT.US#Financials.Balance_Sheet.quarterly.2026-07-31,filed,5411000000,18701000000,,2831000000,2831000000,14802000000,13290000000
THULE.ST,SEK,143.78698622013374,145.77552159594995,False,False,fail,fail,0.35,0.35,2025-12-31,218000000,4274000000,2026-06-30,2026-09-28,True,https://eodhd.com/api/fundamentals/THULE.ST#Financials.Balance_Sheet.quarterly.2026-06-30,filed,431000000,4511000000,,1065800000,1065800000,4056000000,4080000000
TIMS3.SA,BRL,9.62604309094877,9.055507014741163,False,False,fail,fail,0.35,0.35,2025-12-31,5884640000,16543591000,2026-06-30,2026-09-28,True,https://eodhd.com/api/fundamentals/TIMS3.SA#Financials.Balance_Sheet.quarterly.2026-06-30,filed,4529853000,16497487000,,3023073000,3023073000,10658951000,11967634000
TJX.US,USD,87.64125766760672,87.39959742358393,False,False,fail,fail,0.15,0.15,2026-01-31,6230000000,13489000000,2026-07-31,2026-08-28,False,https://eodhd.com/api/fundamentals/TJX.US#Financials.Balance_Sheet.quarterly.2026-07-31,filed,6004000000,14317000000,,4314000000,4314000000,7259000000,8313000000
TKO.US,USD,40.75185069021749,50.459443373615564,False,False,fail,fail,0.5,0.5,2025-12-31,831100000,4063100000,2026-06-30,2026-08-03,False,https://eodhd.com/api/fundamentals/TKO.US#Financials.Balance_Sheet.quarterly.2026-06-30,filed,1552167000,4953577000,,180346000,180346000,3232000000,3401410000
TLX.XETRA,EUR,51.2407382653543,55.414150738579565,False,False,fail,fail,0.35,0.35,2025-12-31,5260000000,8476000000,2026-06-30,2026-09-28,True,https://eodhd.com/api/fundamentals/TLX.XETRA#Financials.Balance_Sheet.quarterly.2026-06-30,filed,4358000000,8898000000,,43.45755275789309,46.997046896256506,,
TMO.US,USD,269.4286813959029,252.99426732423342,False,False,fail,fail,0.35,0.5,2025-12-31,10105000000,39385000000,2026-06-30,2026-07-31,False,https://eodhd.com/api/fundamentals/TMO.US#Financials.Balance_Sheet.quarterly.2026-06-30,filed,4064000000,42549000000,,7269000000,7269000000,29280000000,38485000000
TMUS.US,USD,137.35247982632254,134.69500295693138,False,False,fail,fail,0.5,0.5,2025-12-31,5598000000,122269000000,2026-06-30,2026-07-23,False,https://eodhd.com/api/fundamentals/TMUS.US#Financials.Balance_Sheet.quarterly.2026-06-30,filed,2825000000,116000000000,,9657000000,9657000000,116671000000,113175000000
TNE.AU,AUD,3.7763177509920816,3.5497199240493886,False,False,fail,fail,0.35,0.35,2025-09-30,319641000,53381000,2026-03-31,2026-06-29,True,https://eodhd.com/api/fundamentals/TNE.AU#Financials.Balance_Sheet.quarterly.2026-03-31,filed,245460000,49448000,,53563686.57624508,53563686.57624508,-266260000,-196012000
TOM.OL,EUR,2.068866017678709,2.0006712298482885,False,False,fail,fail,0.5,0.5,2025-12-31,87000000,667000000,2026-06-30,2026-09-28,True,https://eodhd.com/api/fundamentals/TOM.OL#Financials.Balance_Sheet.quarterly.2026-06-30,filed,69000000,709000000,,44300000,44300000,580000000,640000000
TOTS3.SA,BRL,9.613881717836742,10.004022515530181,False,False,fail,fail,0.35,0.35,2025-12-31,1785703000,1836282000,2026-06-30,2026-09-28,True,https://eodhd.com/api/fundamentals/TOTS3.SA#Financials.Balance_Sheet.quarterly.2026-06-30,filed,2020196000,5027038000,,643040800,643040800,50579000,3006842000
TPB.US,USD,30.304748980486266,32.532481723423764,False,False,fail,fail,0.35,0.35,2025-12-31,222760000,308974000,2026-06-30,2026-08-04,False,https://eodhd.com/api/fundamentals/TPB.US#Financials.Balance_Sheet.quarterly.2026-06-30,filed,268307000,310669000,,31020000,31020000,86214000,42362000
TPG.AU,AUD,2.6305013713335383,2.6305013713335383,False,False,fail,fail,0.5,0.5,2025-12-31,72000000,6766000000,2026-06-30,2026-09-28,True,https://eodhd.com/api/fundamentals/TPG.AU#Financials.Balance_Sheet.quarterly.2026-06-30,filed,55000000,4182000000,,415183000,415183000,6694000000,4127000000
TREL-B.ST,SEK,245.39967195039586,246.7394242822461,False,False,fail,fail,0.25,0.25,2025-12-31,2026000000,9064000000,2026-06-30,2026-09-28,True,https://eodhd.com/api/fundamentals/TREL-B.ST#Financials.Balance_Sheet.quarterly.2026-06-30,filed,2330000000,12064000000,,3684600000,3684600000,7038000000,9734000000
TRGP.US,USD,17.192384644957013,17.192384644957013,False,False,fail,fail,0.5,0.5,2025-12-31,166100000,17546300000,2026-06-30,2026-08-06,False,https://eodhd.com/api/fundamentals/TRGP.US#Financials.Balance_Sheet.quarterly.2026-06-30,filed,132300000,20136000000,,297200000,297200000,17380200000,20003700000
TRI.PA,EUR,292.4786244733021,287.8329994120529,False,False,pass,pass,0.25,0.25,2025-08-31,650800000,371800000,2026-02-28,2026-05-29,True,https://eodhd.com/api/fundamentals/TRI.PA#Financials.Balance_Sheet.quarterly.2026-02-28,filed,562200000,195300000,,257480000,257480000,-279000000,-366900000
TRI.TO,USD,51.817062920684364,52.32688241388566,False,False,fail,fail,0.35,0.35,2025-12-31,465000000,2372000000,2026-06-30,2026-09-28,True,https://eodhd.com/api/fundamentals/TRI.TO#Financials.Balance_Sheet.quarterly.2026-06-30,filed,693000000,3176827261,,1779674950,1779674950,1907000000,2483827261
TRP.TO,CAD,21.825592749499993,23.51043424805907,False,False,fail,fail,0.5,0.5,2025-12-31,261000000,60998000000,2026-06-30,2026-09-28,True,https://eodhd.com/api/fundamentals/TRP.TO#Financials.Balance_Sheet.quarterly.2026-06-30,filed,2074000000,63743000000,,1826800000,1826800000,60737000000,61669000000
TRV.US,USD,296.6709515114908,299.2115843968202,False,False,fail,fail,0.35,0.35,2025-12-31,26169000000,9267000000,2026-06-30,2026-07-17,False,https://eodhd.com/api/fundamentals/TRV.US#Financials.Balance_Sheet.quarterly.2026-06-30,filed,5200000000,9068000000,,136.60312594860952,137.77296880735796,,
TRYG.CO,DKK,36.251247982834855,30.43058780313141,False,False,fail,fail,0.5,0.5,2025-12-31,2864000000,5638000000,2026-06-30,2026-09-28,True,https://eodhd.com/api/fundamentals/TRYG.CO#Financials.Balance_Sheet.quarterly.2026-06-30,filed,3837000000,7258000000,,13.795988714837598,11.580843950990667,,
TSEM.US,USD,14.798621846793127,17.659034839060467,False,False,fail,fail,0.5,0.5,2025-12-31,1151910000,161518000,2026-06-30,2026-08-04,False,https://eodhd.com/api/fundamentals/TSEM.US#Financials.Balance_Sheet.quarterly.2026-06-30,filed,1481413000,141696000,,39964322,39964322,-990392000,-1339717000
TSN.US,USD,27.160795181225524,26.762331856826844,False,False,fail,fail,0.5,0.5,2025-09-30,1229000000,8830000000,2026-06-30,2026-08-03,False,https://eodhd.com/api/fundamentals/TSN.US#Financials.Balance_Sheet.quarterly.2026-06-30,filed,740000000,8006000000,,757000000,757000000,7601000000,7266000000
TT.US,USD,198.58380236362117,196.48056939376002,False,False,fail,fail,0.15,0.15,2025-12-31,1763300000,4615100000,2026-06-30,2026-07-30,False,https://eodhd.com/api/fundamentals/TT.US#Financials.Balance_Sheet.quarterly.2026-06-30,filed,1318300000,4616800000,,1999600000,1999600000,2851800000,3298500000
TTE.PA,USD,62.15813912960162,63.015071583746646,False,False,fail,fail,0.5,0.5,2025-12-31,29537521000,61040275000,2026-06-30,2026-09-28,True,https://eodhd.com/api/fundamentals/TTE.PA#Financials.Balance_Sheet.quarterly.2026-06-30,filed,31710619000,62695385000,,8954627000,8954627000,31502754000,30984766000
TTWO.US,USD,18.33031484973165,17.456950783522863,False,False,fail,fail,0.5,0.5,2026-03-31,1989300000,2958300000,2026-06-30,2026-08-07,False,https://eodhd.com/api/fundamentals/TTWO.US#Financials.Balance_Sheet.quarterly.2026-06-30,filed,1826600000,2944700000,,120500000,120500000,969000000,1118100000
TUB.BR,EUR,25.239651100292193,26.33228489803188,False,False,fail,fail,0.5,0.5,2025-12-31,1268071,0,2026-06-30,2026-09-28,True,https://eodhd.com/api/fundamentals/TUB.BR#Financials.Balance_Sheet.quarterly.2026-06-30,filed,49904040,0,,90229812,90229812,-1268071,-49904040
TW.US,USD,34.31808704047128,34.17773225397316,False,False,fail,fail,0.35,0.35,2025-12-31,2084739000,278336000,2026-06-30,2026-07-30,False,https://eodhd.com/api/fundamentals/TW.US#Financials.Balance_Sheet.quarterly.2026-06-30,filed,2057929000,150337000,,423324000,423324000,-1806403000,-1907592000
TXN.US,USD,47.16293329963573,49.44553421060043,False,False,fail,fail,0.35,0.25,2025-12-31,4881000000,15391000000,2026-06-30,2026-07-24,False,https://eodhd.com/api/fundamentals/TXN.US#Financials.Balance_Sheet.quarterly.2026-06-30,filed,7001000000,14052000000,,3099073716.773491,3099073716.773491,10510000000,7051000000
TXT.US,USD,65.96259935325547,63.582677241615485,False,False,fail,fail,0.25,0.25,2025-12-31,2025000000,4282000000,2026-06-30,2026-07-28,False,https://eodhd.com/api/fundamentals/TXT.US#Financials.Balance_Sheet.quarterly.2026-06-30,filed,1606000000,3805000000,,817000000,817000000,2257000000,2199000000
U1O.F,SGD,8.535243531131462,8.396758191668082,False,False,,,0.5,0.5,2025-12-31,1246936000,4644734000,2026-06-30,2026-09-28,True,https://eodhd.com/api/fundamentals/U1O.F#Financials.Balance_Sheet.quarterly.2026-06-30,filed,1129582000,5518459000,,486489000,486489000,3397798000,4388877000
UAL.US,USD,38.534629988296004,51.74674008003912,False,False,fail,fail,0.5,0.5,2025-12-31,12240000000,31036000000,2026-06-30,2026-07-16,False,https://eodhd.com/api/fundamentals/UAL.US#Financials.Balance_Sheet.quarterly.2026-06-30,filed,16637000000,33668000000,,124000000,124000000,18796000000,17031000000
UAN.US,USD,146.5115398329521,152.8309948944469,False,False,,,0.5,0.5,2025-12-31,69243000,593417000,2026-06-30,2026-07-29,False,https://eodhd.com/api/fundamentals/UAN.US#Financials.Balance_Sheet.quarterly.2026-06-30,filed,137456000,568955000,,119922000,119922000,524174000,431499000
UBER.US,USD,6.588811828439394,5.459738575569399,False,False,fail,fail,0.5,0.5,2025-12-31,7633000000,12080000000,2026-06-30,2026-08-05,False,https://eodhd.com/api/fundamentals/UBER.US#Financials.Balance_Sheet.quarterly.2026-06-30,filed,5391000000,14731000000,,552000000,552000000,4447000000,9340000000
UBS.US,USD,22.886038182630205,22.241164114223853,False,False,fail,fail,0.5,0.5,2025-12-31,398425000000,356115000000,2026-06-30,2026-07-29,False,https://eodhd.com/api/fundamentals/UBS.US#Financials.Balance_Sheet.quarterly.2026-06-30,filed,367549000000,375262000000,,25.842233983374125,25.11406135547842,,
UCB.BR,EUR,72.62675660464794,63.85209263966167,False,False,fail,fail,0.35,0.35,2025-12-31,2470000000,2245000000,2026-06-30,2026-09-28,True,https://eodhd.com/api/fundamentals/UCB.BR#Financials.Balance_Sheet.quarterly.2026-06-30,filed,797000000,3588000000,,927213554.1586456,927213554.1586456,-225000000,2791000000
UGI.US,USD,21.214512971951812,21.765799703107135,False,False,fail,fail,0.5,0.5,2025-09-30,355000000,7561000000,2026-06-30,2026-08-06,False,https://eodhd.com/api/fundamentals/UGI.US#Financials.Balance_Sheet.quarterly.2026-06-30,filed,476000000,6713000000,,357000000,357000000,7206000000,6237000000
UGPA3.SA,BRL,17.726958558366515,19.60953650458841,False,False,fail,fail,0.5,0.5,2025-12-31,7026883000,21832894000,2026-06-30,2026-09-28,True,https://eodhd.com/api/fundamentals/UGPA3.SA#Financials.Balance_Sheet.quarterly.2026-06-30,filed,9250766000,19563366000,,1911111200,1911111200,14806011000,10312600000
UHR.SW,CHF,24.129692369957972,26.591420195175296,False,False,fail,fail,0.5,0.5,2025-12-31,1231000000,38000000,2026-06-30,2026-09-28,True,https://eodhd.com/api/fundamentals/UHR.SW#Financials.Balance_Sheet.quarterly.2026-06-30,filed,1359000000,236000000,,12000000,12000000,-1193000000,-1123000000
ULVR.LSE,EUR,33.22868434757331,33.60147069945137,False,False,fail,fail,0.35,0.35,2025-12-31,5068190000,29640202000,2026-06-30,2026-09-28,True,https://eodhd.com/api/fundamentals/ULVR.LSE#Financials.Balance_Sheet.quarterly.2026-06-30,filed,5871000000,32285531000,,5427319000,5427319000,24572012000,26414531000
UMG.AS,EUR,6.389445554701902,6.520053169582192,False,False,fail,fail,0.35,0.5,2025-12-31,82000000,3407000000,2026-06-30,2026-09-28,True,https://eodhd.com/api/fundamentals/UMG.AS#Financials.Balance_Sheet.quarterly.2026-06-30,filed,485000000,5556000000,,923800000,923800000,3325000000,5071000000
UMI.BR,EUR,24.246128365905793,25.244186357795332,False,False,,,0.5,0.5,2025-12-31,1558800000,2841600000,2026-06-30,2026-09-28,True,https://eodhd.com/api/fundamentals/UMI.BR#Financials.Balance_Sheet.quarterly.2026-06-30,filed,1799000000,3250400000,,374996000,374996000,1282800000,1451400000
UNH.US,USD,278.7798160034106,282.4515839631035,False,False,fail,fail,0.35,0.35,2025-12-31,28121000000,78389000000,2026-06-30,2026-08-10,False,https://eodhd.com/api/fundamentals/UNH.US#Financials.Balance_Sheet.quarterly.2026-06-30,filed,31468000000,73328000000,,11824000000,11824000000,50268000000,41860000000
UNI.MC,EUR,0.4953386319805346,0.5126818744950509,False,False,fail,fail,0.5,0.5,2025-12-31,12849000000,13143563000,2026-06-30,2026-09-28,True,https://eodhd.com/api/fundamentals/UNI.MC#Financials.Balance_Sheet.quarterly.2026-06-30,filed,4173000000,9128000000,,2.500262815353529,2.587804269940514,,
UNP.US,USD,133.98645766268393,134.94761495990005,False,False,fail,fail,0.35,0.35,2025-12-31,1525000000,31814000000,2026-06-30,2026-07-23,False,https://eodhd.com/api/fundamentals/UNP.US#Financials.Balance_Sheet.quarterly.2026-06-30,filed,2114000000,31169000000,,6095000000,6095000000,30289000000,29055000000
UPBD.US,USD,19.00115518504506,18.7245715502945,False,False,,,0.5,0.5,2025-12-31,120528000,1856682000,2026-06-30,2026-07-31,False,https://eodhd.com/api/fundamentals/UPBD.US#Financials.Balance_Sheet.quarterly.2026-06-30,filed,105302000,1708210000,,87404000,87404000,1736154000,1602908000
UPM.HE,EUR,12.584390940239397,12.191311956695374,False,False,fail,fail,0.5,0.5,2025-12-31,715000000,3794000000,2026-06-30,2026-09-28,True,https://eodhd.com/api/fundamentals/UPM.HE#Financials.Balance_Sheet.quarterly.2026-06-30,filed,504000000,3868000000,,491600000,491600000,3079000000,3364000000
UPR.IR,EUR,1.2034065963725542,0.837947356577883,False,False,fail,fail,0.5,0.5,2025-12-31,183697000,355071000,2026-06-30,2026-09-28,True,https://eodhd.com/api/fundamentals/UPR.IR#Financials.Balance_Sheet.quarterly.2026-06-30,filed,88011000,520936000,,15508024.892405048,15508024.892405048,171374000,432925000
UPS.US,USD,76.72988629797645,75.24962388204654,False,False,fail,fail,0.5,0.35,2025-12-31,5887000000,32290000000,2026-06-30,2026-08-05,False,https://eodhd.com/api/fundamentals/UPS.US#Financials.Balance_Sheet.quarterly.2026-06-30,filed,4653000000,28673000000,,4918000000,4918000000,26403000000,24020000000
UQA.VI,EUR,7.260368143348299,8.082489261835772,False,False,fail,fail,0.5,0.5,2025-12-31,14001396000,1308918000,2026-06-30,2026-09-28,True,https://eodhd.com/api/fundamentals/UQA.VI#Financials.Balance_Sheet.quarterly.2026-06-30,filed,14374600000,1776800000,,6.226658983408549,6.9317289945718,,
URBN.US,USD,60.813548072414555,60.966223933937705,False,False,fail,fail,0.5,0.5,2026-01-31,695930000,1225566000,2026-07-31,2026-09-09,False,https://eodhd.com/api/fundamentals/URBN.US#Financials.Balance_Sheet.quarterly.2026-07-31,filed,716127000,1213374000,,258000000,258000000,529636000,497247000
UTDI.XETRA,EUR,0.8462439847780789,0.9854137013223649,False,False,fail,fail,0.5,0.5,2025-12-31,64646000,4508455000,2026-06-30,2026-09-28,True,https://eodhd.com/api/fundamentals/UTDI.XETRA#Financials.Balance_Sheet.quarterly.2026-06-30,filed,55954000,3734305999,,11760000,13694000,4443809000,3678351999
UVV.US,USD,15.034036129092646,19.515937282483975,False,False,fail,fail,0.5,0.5,2026-03-31,62178000,939822000,2026-06-30,2026-08-05,False,https://eodhd.com/api/fundamentals/UVV.US#Financials.Balance_Sheet.quarterly.2026-06-30,filed,173593000,1217209000,,30130000,30130000,877644000,1043616000
V.US,USD,197.1481287421113,192.7351334071671,False,False,fail,fail,0.15,0.15,2025-09-30,21987000000,25171000000,2026-06-30,2026-07-29,False,https://eodhd.com/api/fundamentals/V.US#Financials.Balance_Sheet.quarterly.2026-06-30,filed,13792000000,23858000000,,16508000000,16508000000,3184000000,10066000000
VACN.SW,CHF,92.92992970974105,92.07408617076746,False,False,fail,fail,0.25,0.25,2025-12-31,140983000,248282000,2026-06-30,2026-09-28,True,https://eodhd.com/api/fundamentals/VACN.SW#Financials.Balance_Sheet.quarterly.2026-06-30,filed,115336000,396896000,,214300000,214300000,107299000,281560000
VALMT.HE,EUR,26.090031554482024,26.401160645317987,False,False,fail,fail,0.35,0.35,2025-12-31,560000000,1462000000,2026-06-30,2026-09-28,True,https://eodhd.com/api/fundamentals/VALMT.HE#Financials.Balance_Sheet.quarterly.2026-06-30,filed,620000000,1581000000,,349800000,349800000,902000000,961000000
VAMO3.SA,BRL,8.067115669421726,7.805342198623547,False,False,,,0.5,0.5,2025-12-31,4718008000,16690214000,2026-06-30,2026-09-28,True,https://eodhd.com/api/fundamentals/VAMO3.SA#Financials.Balance_Sheet.quarterly.2026-06-30,filed,4407007000,15677572000,,893744600,893744600,11972206000,11270565000
VATN.SW,CHF,70.04295527995545,,False,False,fail,,0.25,0.25,2025-12-31,4199478000,12110771000,2026-06-30,2026-09-28,True,https://eodhd.com/api/fundamentals/VATN.SW#Financials.Balance_Sheet.quarterly.2026-06-30,filed,4172425000,12807591000,book value not positive,175.34888746116485,,,
VBBR3.SA,BRL,12.043764468372869,13.573174300509377,False,False,fail,fail,0.5,0.5,2025-12-31,3685000000,23216000000,2026-06-30,2026-09-28,True,https://eodhd.com/api/fundamentals/VBBR3.SA#Financials.Balance_Sheet.quarterly.2026-06-30,filed,5912000000,21926000000,,1833800000,1833800000,19531000000,16014000000
VC.US,USD,66.6619824006244,62.19748964700121,False,False,fail,fail,0.5,0.5,2025-12-31,771000000,540000000,2026-06-30,2026-07-23,False,https://eodhd.com/api/fundamentals/VC.US#Financials.Balance_Sheet.quarterly.2026-06-30,filed,648000000,434000000,,92000000,92000000,-231000000,-214000000
VCT.LSE,GBP,3.865642363788676,3.951694587896755,False,False,fail,fail,0.35,0.35,2025-09-30,24200000,49000000,2026-03-31,2026-06-29,True,https://eodhd.com/api/fundamentals/VCT.LSE#Financials.Balance_Sheet.quarterly.2026-03-31,filed,31700000,77100000,,25620000,25620000,24800000,45400000
VCT.PA,EUR,82.11139155162266,81.27795805729284,False,False,,,0.5,0.5,2025-12-31,528409999,1686184000,2026-06-30,2026-09-28,True,https://eodhd.com/api/fundamentals/VCT.PA#Financials.Balance_Sheet.quarterly.2026-06-30,filed,491300000,1825500000,,212394800,212394800,1157774001,1334200000
VEEV.US,USD,65.97656541441498,70.15717234232534,False,False,fail,fail,0.25,0.25,2026-01-31,6560814000,95859000,2026-07-31,2026-08-27,False,https://eodhd.com/api/fundamentals/VEEV.US#Financials.Balance_Sheet.quarterly.2026-07-31,filed,7242947000,151695000,,215505000,215505000,-6464955000,-7091252000
VEM.F,SGD,13.998829319519766,13.524116691702966,False,False,fail,fail,0.25,0.25,2025-12-31,1283570000,19633000,2026-06-30,2026-09-28,True,https://eodhd.com/api/fundamentals/VEM.F#Financials.Balance_Sheet.quarterly.2026-06-30,filed,1145966000,16248000,,227130400,227130400,-1263937000,-1129718000
VFC.US,USD,3.163358498668332,2.748418782848945,False,False,fail,fail,0.5,0.5,2026-03-28,836153000,4983354000,2026-06-30,2026-07-29,False,https://eodhd.com/api/fundamentals/VFC.US#Financials.Balance_Sheet.quarterly.2026-06-30,filed,670063000,4953682000,,48905000,48905000,4147201000,4283619000
VICI.US,USD,46.152756368963175,45.85000690018006,False,False,pass,pass,0.5,0.5,2025-12-31,607963000,17689740000,2026-06-30,2026-07-29,False,https://eodhd.com/api/fundamentals/VICI.US#Financials.Balance_Sheet.quarterly.2026-06-30,filed,288063000,17843674000,,2498267000,2498267000,17081777000,17555611000
VIE.PA,EUR,18.538354990422054,17.550572263170036,False,False,fail,fail,0.5,0.5,2025-12-31,8021000000,20190000000,2026-06-30,2026-09-28,True,https://eodhd.com/api/fundamentals/VIE.PA#Financials.Balance_Sheet.quarterly.2026-06-30,filed,7288000000,37524000000,,532560000,532560000,12169000000,30236000000
VIG.VI,EUR,51.67647987888393,54.22932828773207,False,False,fail,fail,0.35,0.35,2025-12-31,27794511000,1593563000,2026-06-30,2026-09-28,True,https://eodhd.com/api/fundamentals/VIG.VI#Financials.Balance_Sheet.quarterly.2026-06-30,filed,29251167000,1951128000,,41.1971640625,43.232328125,,
VIRP.PA,EUR,230.31960826512093,236.09318419567154,False,False,fail,fail,0.35,0.35,2025-12-31,122500000,288831000,2026-06-30,2026-09-28,True,https://eodhd.com/api/fundamentals/VIRP.PA#Financials.Balance_Sheet.quarterly.2026-06-30,filed,171050000,359515000,,120037000,120037000,166331000,188465000
VIS.MC,EUR,46.29060771825029,46.1707011810731,False,False,fail,fail,0.25,0.25,2025-12-31,63764000,268893000,2026-06-30,2026-09-28,True,https://eodhd.com/api/fundamentals/VIS.MC#Financials.Balance_Sheet.quarterly.2026-06-30,filed,58545000,352616000,,142894800,142894800,205129000,294071000
VIST.US,USD,33.89503020209481,34.342568992570534,False,False,fail,fail,0.5,0.5,2025-12-31,538412654,3298045266,2026-06-30,2026-07-16,False,https://eodhd.com/api/fundamentals/VIST.US#Financials.Balance_Sheet.quarterly.2026-06-30,filed,607572000,3754569000,,252871705,252871705,2759632612,3146997000
VIVA3.SA,BRL,7.933113228644453,7.9986252151771975,False,False,fail,fail,0.35,0.35,2025-12-31,398644232,1228467047,2026-06-30,2026-09-28,True,https://eodhd.com/api/fundamentals/VIVA3.SA#Financials.Balance_Sheet.quarterly.2026-06-30,filed,416659228,1225760153,,259843034.6,259843034.6,829822815,809100925
VIVT3.SA,BRL,15.09302418840767,15.494101967965168,False,False,fail,fail,0.25,0.25,2025-12-31,7239006000,20346681000,2026-06-30,2026-09-28,True,https://eodhd.com/api/fundamentals/VIVT3.SA#Financials.Balance_Sheet.quarterly.2026-06-30,filed,8564253000,19716000000,,7177184200,7177184200,13107675000,11151747000
VK.PA,EUR,20.029691323436147,20.978744946774878,False,False,,,0.5,0.5,2025-12-31,965000000,923045000,2026-06-30,2026-09-28,True,https://eodhd.com/api/fundamentals/VK.PA#Financials.Balance_Sheet.quarterly.2026-06-30,filed,1231000000,1072000000,,357800000,357800000,-41955000,-159000000
VLO.US,USD,211.21256528505072,221.5664925889837,False,False,fail,fail,0.5,0.5,2025-12-31,4688000000,11703000000,2026-06-30,2026-07-30,False,https://eodhd.com/api/fundamentals/VLO.US#Financials.Balance_Sheet.quarterly.2026-06-30,filed,7874000000,11349000000,,4710000000,4710000000,7015000000,3475000000
VLTO.US,USD,50.40754982113727,50.743706433202796,False,False,fail,fail,0.25,0.25,2025-12-31,2031000000,2673000000,2026-06-30,2026-07-29,False,https://eodhd.com/api/fundamentals/VLTO.US#Financials.Balance_Sheet.quarterly.2026-06-30,filed,2119000000,3379000000,,860000000,860000000,642000000,1260000000
VLY.US,USD,11.74945512470133,11.993227829382676,False,False,fail,fail,0.25,0.25,2025-12-31,315166000,3431143000,2026-06-30,2026-08-06,False,https://eodhd.com/api/fundamentals/VLY.US#Financials.Balance_Sheet.quarterly.2026-06-30,filed,9131271000,3454165000,,10.353937529857047,10.568756628186861,,
VMC.US,USD,120.80702245650845,120.86315522270327,False,False,fail,fail,0.5,0.5,2025-12-31,183300000,5407300000,2026-06-30,2026-07-29,False,https://eodhd.com/api/fundamentals/VMC.US#Financials.Balance_Sheet.quarterly.2026-06-30,filed,194200000,4885500000,,870000000,870000000,5224000000,4691300000
VMRK.US,USD,23.495813486437616,23.495813486437616,False,False,fail,fail,0.5,0.5,2025-12-31,55904000,8784160000,2026-06-30,2026-07-30,False,https://eodhd.com/api/fundamentals/VMRK.US#Financials.Balance_Sheet.quarterly.2026-06-30,filed,36405000,8565500000,,1461779000,1461779000,8728256000,8529095000
VNA.XETRA,EUR,47.03282878113081,45.34679632183601,False,False,pass,pass,0.5,0.5,2025-12-31,3256900000,43309800000,2026-06-30,2026-09-28,True,https://eodhd.com/api/fundamentals/VNA.XETRA#Financials.Balance_Sheet.quarterly.2026-06-30,filed,1854200000,42908400000,,2954580000,2954580000,40052900000,41054200000
VNT.AU,AUD,4.324087714146928,4.6238634451178635,False,False,fail,fail,0.35,0.35,2025-12-31,236300000,935100000,2026-06-30,2026-09-28,True,https://eodhd.com/api/fundamentals/VNT.AU#Financials.Balance_Sheet.quarterly.2026-06-30,filed,480800000,1223700000,,274440000,274440000,698800000,742900000
VNT.US,USD,34.55476353115733,32.88128719979638,False,False,,,0.35,0.35,2025-12-31,492200000,2135500000,2026-06-30,2026-08-06,False,https://eodhd.com/api/fundamentals/VNT.US#Financials.Balance_Sheet.quarterly.2026-06-30,filed,265800000,1931100000,,341000001,341000001,1643300000,1665300000
VOLV-B.ST,SEK,221.77694515275843,208.85212621711838,False,False,fail,fail,0.5,0.5,2025-12-31,73503000000,247001000000,2026-06-30,2026-09-28,True,https://eodhd.com/api/fundamentals/VOLV-B.ST#Financials.Balance_Sheet.quarterly.2026-06-30,filed,47068000000,260355000000,,31120400000,31120400000,173498000000,213287000000
VPK.AS,EUR,23.716213056636704,,False,False,fail,,0.5,0.25,2025-12-31,99500000,2799400000,2026-09-30,2026-10-03,False,https://eodhd.com/api/fundamentals/VPK.AS#Financials.Balance_Sheet.quarterly.2026-09-30,filed,,,net cash unavailable,212720000,,2699900000,
VRSK.US,USD,141.95658611762443,129.44263478359,False,False,fail,fail,0.35,0.35,2025-12-31,2178900000,5037300000,2026-06-30,2026-07-29,False,https://eodhd.com/api/fundamentals/VRSK.US#Financials.Balance_Sheet.quarterly.2026-06-30,filed,551400000,4617100000,,869000000,869000000,2858400000,4065700000
VRSN.US,USD,143.36799453862,148.37434409614212,False,False,fail,fail,0.25,0.25,2025-12-31,580500000,1798000000,2026-06-30,2026-07-23,False,https://eodhd.com/api/fundamentals/VRSN.US#Financials.Balance_Sheet.quarterly.2026-06-30,filed,1034100000,2340300000,,733400000,733400000,1217500000,1306200000
VRT.US,USD,22.117054996713776,25.383924184406983,False,False,fail,fail,0.5,0.5,2025-12-31,1827900000,3227900000,2026-06-30,2026-07-29,False,https://eodhd.com/api/fundamentals/VRT.US#Financials.Balance_Sheet.quarterly.2026-06-30,filed,3110600000,3338200000,,554100000,554100000,1400000000,227600000
VRTX.US,USD,242.02586764106704,246.87989397610875,False,False,fail,fail,0.5,0.5,2025-12-31,6611100000,3882500000,2026-06-30,2026-08-04,False,https://eodhd.com/api/fundamentals/VRTX.US#Financials.Balance_Sheet.quarterly.2026-06-30,filed,7852400000,1977600000,,2830700000,2830700000,-2728600000,-5874800000
VU.PA,EUR,24.69209885047272,17.911130771507256,False,False,fail,fail,0.5,0.5,2025-12-31,352956000,53369000,2026-06-30,2026-09-28,True,https://eodhd.com/api/fundamentals/VU.PA#Financials.Balance_Sheet.quarterly.2026-06-30,filed,238786000,51960000,,4748547.424729127,4748547.424729127,-299587000,-186826000
VWS.CO,EUR,7.599222973585362,6.642073523739799,False,False,fail,fail,0.5,0.5,2025-12-31,4531000000,3371325000,2026-06-30,2026-09-28,True,https://eodhd.com/api/fundamentals/VWS.CO#Financials.Balance_Sheet.quarterly.2026-06-30,filed,3627240000,3535234000,,227000000,227000000,-1159675000,-92006000
VZ.US,USD,55.536216394224866,51.68652845096245,False,False,,,0.5,0.5,2025-12-31,19048000000,200594000000,2026-06-30,2026-07-31,False,https://eodhd.com/api/fundamentals/VZ.US#Financials.Balance_Sheet.quarterly.2026-06-30,filed,1752000000,188458000000,,17506000000,17506000000,181546000000,186706000000
VZN.SW,CHF,112.13267893377825,112.47708904977748,False,False,fail,fail,0.25,0.25,2025-12-31,2087984000,720303000,2026-06-30,2026-09-28,True,https://eodhd.com/api/fundamentals/VZN.SW#Financials.Balance_Sheet.quarterly.2026-06-30,filed,2101547999,941287000,,188201800,188201800,-1367681000,-1160260999
WAB.US,USD,90.28987875371611,89.48910130691962,False,False,fail,fail,0.35,0.5,2025-12-31,789000000,5541000000,2026-06-30,2026-07-22,False,https://eodhd.com/api/fundamentals/WAB.US#Financials.Balance_Sheet.quarterly.2026-06-30,filed,670000000,6936000000,,1059000000,1059000000,4752000000,6266000000
WAF.AU,AUD,2.9244880578834356,3.1407425652606094,False,False,fail,fail,0.5,0.5,2025-12-31,592000000,453100000,2026-06-30,2026-09-28,True,https://eodhd.com/api/fundamentals/WAF.AU#Financials.Balance_Sheet.quarterly.2026-06-30,filed,885100000,411200000,,143882000,143882000,-138900000,-473900000
WAL.US,USD,141.27388433468525,146.09411850073258,False,False,pass,pass,0.25,0.25,2025-12-31,13957000000,6476000000,2026-06-30,2026-07-31,False,https://eodhd.com/api/fundamentals/WAL.US#Financials.Balance_Sheet.quarterly.2026-06-30,filed,15879000000,7453000000,,50.31963470319635,52.0365296803653,,
WALMEX.MX,MXN,16.35914184087835,16.447822412514675,False,False,fail,fail,0.25,0.25,2025-12-31,28591153000,0,2026-06-30,2026-09-28,True,https://eodhd.com/api/fundamentals/WALMEX.MX#Financials.Balance_Sheet.quarterly.2026-06-30,filed,30118253000,83098100000,,32915263699.211,32915263699.211,-28591153000,52979847000
WAT.US,USD,85.44992330641993,84.65133312252838,False,False,fail,fail,0.25,0.5,2025-12-31,587831000,1491084000,2026-06-30,2026-08-11,False,https://eodhd.com/api/fundamentals/WAT.US#Financials.Balance_Sheet.quarterly.2026-06-30,filed,539000000,5254000000,,499795000,499795000,903253000,4715000000
WBC.AU,AUD,22.399296325976717,21.7722699091856,False,False,fail,fail,0.35,0.35,2025-09-30,122642000000,232443000000,2026-03-31,2026-06-29,True,https://eodhd.com/api/fundamentals/WBC.AU#Financials.Balance_Sheet.quarterly.2026-03-31,filed,53491000000,225709000000,,18.243833190593445,17.733131194086248,,
WBD.US,USD,12.462594051233525,11.998807489968703,False,False,fail,fail,0.5,0.5,2025-12-31,4566000000,32567000000,2026-06-30,2026-08-06,False,https://eodhd.com/api/fundamentals/WBD.US#Financials.Balance_Sheet.quarterly.2026-06-30,filed,3369000000,32023000000,,2228000000,2228000000,28001000000,28654000000
WCN.TO,USD,31.65188392716333,31.58794962560166,False,False,fail,fail,0.5,0.5,2025-12-31,45968000,9131043000,2026-06-30,2026-09-28,True,https://eodhd.com/api/fundamentals/WCN.TO#Financials.Balance_Sheet.quarterly.2026-06-30,filed,98020396,9622891315,,640223093,638929893,9085075000,9524870919
WDP.BR,EUR,18.210956857548,18.22856998492494,False,False,fail,fail,0.5,0.5,2025-12-31,14786000,3504686000,2026-06-30,2026-09-28,True,https://eodhd.com/api/fundamentals/WDP.BR#Financials.Balance_Sheet.quarterly.2026-06-30,filed,19634000,3724532000,,353918000,353918000,3489900000,3704898000
WEGE3.SA,BRL,10.9956088267857,11.396031759927494,False,False,fail,fail,0.15,0.15,2025-12-31,7279865000,6063194000,2026-06-30,2026-09-28,True,https://eodhd.com/api/fundamentals/WEGE3.SA#Financials.Balance_Sheet.quarterly.2026-06-30,filed,8801142000,5834735000,,4299554400,4315307200,-1216671000,-2966407000
WEIR.LSE,GBP,12.972383891195777,12.500911172356053,False,False,fail,fail,0.5,0.5,2025-12-31,509000000,1782600000,2026-06-30,2026-09-28,True,https://eodhd.com/api/fundamentals/WEIR.LSE#Financials.Balance_Sheet.quarterly.2026-06-30,filed,386600000,1835200000,,233980000,233980000,1273600000,1448600000
WELL.US,USD,32.31841652961122,28.005974257967114,False,False,fail,fail,0.5,0.5,2025-12-31,5033678000,21380295000,2026-06-30,2026-07-28,False,https://eodhd.com/api/fundamentals/WELL.US#Financials.Balance_Sheet.quarterly.2026-06-30,filed,1965164000,19720804000,,1484842000,1484842000,16346617000,17755640000
WGO.US,USD,8.126205418772123,3.968678917005339,False,False,fail,fail,0.5,0.5,2025-08-30,174000000,595400000,2026-05-31,2026-06-25,False,https://eodhd.com/api/fundamentals/WGO.US#Financials.Balance_Sheet.quarterly.2026-05-31,filed,57100000,477000000,,9000000,9000000,421400000,419900000
WHC.AU,AUD,10.8684540199694,,False,False,,,0.5,0.5,2026-06-30,778000000,299000000,2026-09-30,2026-10-03,False,https://eodhd.com/api/fundamentals/WHC.AU#Financials.Balance_Sheet.quarterly.2026-09-30,filed,,,net cash unavailable,664200000,,-479000000,
WIHL.ST,SEK,24.15004197489426,25.99182906004361,False,False,fail,fail,0.5,0.5,2025-12-31,263000000,33411000000,2026-06-30,2026-09-28,True,https://eodhd.com/api/fundamentals/WIHL.ST#Financials.Balance_Sheet.quarterly.2026-06-30,filed,828000000,35876000000,,582800000,583200000,33148000000,35048000000
WIT.US,INR,243.23273766492164,229.30352263378856,False,False,pass,pass,0.25,0.25,2026-03-31,543625000000,202910000000,2026-06-30,2026-07-22,False,https://eodhd.com/api/fundamentals/WIT.US#Financials.Balance_Sheet.quarterly.2026-06-30,filed,398207198000,214156933000,,128839000000,128839000000,-340715000000,-184050265000
WKL.AS,EUR,105.85737143966328,108.38392828319786,True,True,pass,pass,0.35,0.35,2025-12-31,932000000,4972000000,2026-06-30,2026-09-28,True,https://eodhd.com/api/fundamentals/WKL.AS#Financials.Balance_Sheet.quarterly.2026-06-30,filed,1494000000,5524000000,,1073400000,1073400000,4040000000,4030000000
WM.US,USD,86.01009820244217,86.11932597698674,False,False,fail,fail,0.5,0.5,2025-12-31,201000000,22907000000,2026-06-30,2026-07-29,False,https://eodhd.com/api/fundamentals/WM.US#Financials.Balance_Sheet.quarterly.2026-06-30,filed,557000000,23356000000,,2154000000,2154000000,22706000000,22799000000
WMT.US,USD,14.59586725397676,14.59586725397676,False,False,fail,fail,0.5,0.5,2026-01-31,10727000000,67095000000,2026-07-31,2026-08-28,False,https://eodhd.com/api/fundamentals/WMT.US#Financials.Balance_Sheet.quarterly.2026-07-31,filed,11529000000,73755000000,,7755000000,7755000000,56368000000,62226000000
WN.TO,CAD,0.8075830162406888,,False,False,fail,,0.5,0.35,2025-12-31,1493000000,19579000000,2026-06-30,2026-09-28,True,https://eodhd.com/api/fundamentals/WN.TO#Financials.Balance_Sheet.quarterly.2026-06-30,filed,1294000000,19861000000,owner earnings not positive,8000000,,18086000000,
WOR.AU,AUD,11.91119783698478,,False,False,,,0.35,0.25,2026-06-30,1107000000,2845000000,2026-09-30,2026-10-03,False,https://eodhd.com/api/fundamentals/WOR.AU#Financials.Balance_Sheet.quarterly.2026-09-30,filed,,,net cash unavailable,395200000,,1738000000,
WPC.US,USD,43.09259458462804,43.11332811735534,False,False,fail,fail,0.5,0.5,2025-12-31,155329000,8722690000,2026-06-30,2026-07-29,False,https://eodhd.com/api/fundamentals/WPC.US#Financials.Balance_Sheet.quarterly.2026-06-30,filed,163538000,8949043000,,756379000,756379000,8567361000,8785505000
WPR.AU,AUD,2.098760877443973,2.10026762407075,False,False,fail,,0.5,0.5,2025-12-31,14400000,932800000,2026-06-30,2026-09-28,True,https://eodhd.com/api/fundamentals/WPR.AU#Financials.Balance_Sheet.quarterly.2026-06-30,filed,15400000,926300000,,111100000,111100000,918400000,910900000
WRB.US,USD,51.88159741822912,54.87517551072821,False,False,fail,fail,0.35,0.35,2025-12-31,28778097000,2839725000,2026-06-30,2026-07-31,False,https://eodhd.com/api/fundamentals/WRB.US#Financials.Balance_Sheet.quarterly.2026-06-30,filed,29780934000,2841035000,,22.939556834428622,24.26317365057266,,
WRT1V.HE,EUR,8.470755549801474,7.847055541112757,False,False,fail,fail,0.5,0.5,2025-12-31,2590000000,770000000,2026-06-30,2026-09-28,True,https://eodhd.com/api/fundamentals/WRT1V.HE#Financials.Balance_Sheet.quarterly.2026-06-30,filed,2219000000,551000000,,204400000,204400000,-1820000000,-1668000000
WSC.US,USD,3.601744439698245,3.601744439698245,False,False,fail,fail,0.5,0.5,2025-12-31,14587000,4142786000,2026-06-30,2026-08-06,False,https://eodhd.com/api/fundamentals/WSC.US#Financials.Balance_Sheet.quarterly.2026-06-30,filed,18167000,3794303000,,52820000,52820000,4128199000,3776136000
WSP.TO,CAD,83.63046370794406,75.7526673801971,False,False,fail,fail,0.5,0.5,2025-12-31,1719500000,5844100000,2026-06-30,2026-09-28,True,https://eodhd.com/api/fundamentals/WSP.TO#Financials.Balance_Sheet.quarterly.2026-06-30,filed,678600000,8819100000,,797680000,797680000,4124600000,8140500000
WST.US,USD,116.89741270912391,111.93790789481854,False,False,fail,fail,0.35,0.35,2025-12-31,791300000,416700000,2026-06-30,2026-07-23,False,https://eodhd.com/api/fundamentals/WST.US#Financials.Balance_Sheet.quarterly.2026-06-30,filed,435800000,312100000,,400014992.80134034,400014992.80134034,-374600000,-123700000
WTFC.US,USD,147.43513675328057,153.85417536699882,False,False,,,0.25,0.25,2025-12-31,6704137000,4481477000,2026-06-30,2026-08-05,False,https://eodhd.com/api/fundamentals/WTFC.US#Financials.Balance_Sheet.quarterly.2026-06-30,filed,15021802000,4373802000,,93.71602792588446,97.7962411995169,,
XOM.US,USD,81.11309653861194,80.90976047302166,False,False,fail,fail,0.5,0.5,2025-12-31,10681000000,43537000000,2026-06-30,2026-08-03,False,https://eodhd.com/api/fundamentals/XOM.US#Financials.Balance_Sheet.quarterly.2026-06-30,filed,10588000000,42368000000,,26479000000,26479000000,32856000000,31780000000
XYL.US,USD,41.716293539455556,40.87684666781117,False,False,fail,fail,0.25,0.25,2025-12-31,1479000000,2063000000,2026-06-30,2026-07-28,False,https://eodhd.com/api/fundamentals/XYL.US#Financials.Balance_Sheet.quarterly.2026-06-30,filed,1276000000,3055000000,,714000000,714000000,584000000,1779000000
YAL.AU,AUD,6.7398766023739425,6.714884922274646,False,False,,,0.5,0.5,2025-12-31,2127000000,84000000,2026-06-30,2026-09-28,True,https://eodhd.com/api/fundamentals/YAL.AU#Financials.Balance_Sheet.quarterly.2026-06-30,filed,2094000000,60000000,,554000000,554000000,-2043000000,-2034000000
YAR.OL,USD,28.68148312780772,27.79263761400748,False,False,fail,fail,0.5,0.5,2025-12-31,913000000,3290000000,2026-06-30,2026-09-28,True,https://eodhd.com/api/fundamentals/YAR.OL#Financials.Balance_Sheet.quarterly.2026-06-30,filed,705000000,3772000000,,539000000,539000000,2377000000,3067000000
YDUQ3.SA,BRL,7.504653253157655,4.530072268649047,False,False,fail,fail,0.5,0.5,2025-12-31,1478087000,5726171000,2026-06-30,2026-09-28,True,https://eodhd.com/api/fundamentals/YDUQ3.SA#Financials.Balance_Sheet.quarterly.2026-06-30,filed,721898000,5042132000,,92206400,92206400,4248084000,4320234000
YSHLF.US,CNY,19.441855680394365,17.02887849473168,False,False,fail,fail,0.35,0.35,2025-12-31,26159744000,5500636000,2026-06-30,2026-09-28,True,https://eodhd.com/api/fundamentals/YSHLF.US#Financials.Balance_Sheet.quarterly.2026-06-30,filed,16663257000,4122583000,,4094024000,4094024000,-20659108000,-12540674000
YUM.US,USD,113.19550039246032,113.0300191888953,False,False,fail,fail,0.5,0.5,2025-12-31,709000000,11910000000,2026-06-30,2026-08-05,False,https://eodhd.com/api/fundamentals/YUM.US#Financials.Balance_Sheet.quarterly.2026-06-30,filed,674000000,12275000000,,1442808874.5115952,1442808874.5115952,11201000000,11601000000
YUMC.US,USD,50.76271166582262,49.22841498815448,True,True,pass,pass,0.15,0.15,2025-12-31,1384000000,2342000000,2026-08-07,2026-08-10,False,https://www.sec.gov/Archives/edgar/data/1673358/000119312526339048/yumc-ex99_1.htm,pro-forma,1386000000,3496000000,,756749049,732749049,958000000,2110000000
ZAL.XETRA,EUR,8.783765279802694,6.986143255879128,False,False,fail,fail,0.5,0.5,2025-12-31,1879700000,1441600000,2026-06-30,2026-09-28,True,https://eodhd.com/api/fundamentals/ZAL.XETRA#Financials.Balance_Sheet.quarterly.2026-06-30,filed,1464000000,1369600000,,41200000,41200000,-438100000,-94400000
ZION.US,USD,74.19089346518538,80.35620666823742,False,False,,,0.5,0.5,2025-12-31,12180000000,4344000000,2026-06-30,2026-08-06,False,https://eodhd.com/api/fundamentals/ZION.US#Financials.Balance_Sheet.quarterly.2026-06-30,filed,21369000000,3175000000,,41.37757633004206,44.81608078446829,,
ZTS.US,USD,118.44205201840107,116.90051374005269,True,True,pass,pass,0.35,0.35,2025-12-31,2312000000,9493000000,2026-06-30,2026-08-06,False,https://eodhd.com/api/fundamentals/ZTS.US#Financials.Balance_Sheet.quarterly.2026-06-30,filed,1676000000,9238000000,,2210351853.9021597,2210351853.9021597,7181000000,7562000000
ZURN.SW,USD,241.6006940124513,258.7839076977942,False,False,fail,fail,0.35,0.35,2025-12-31,7081353000,18648761000,2026-06-30,2026-09-28,True,https://eodhd.com/api/fundamentals/ZURN.SW#Financials.Balance_Sheet.quarterly.2026-06-30,filed,6733119000,15399439000,,118.69350448518296,127.13526769686474,,
