company,residual_leaf_differences,changed_source_cache_files,by_field,cause
000001.SHE,90,,"{""asOf"": 1, ""company"": 2, ""ownerMemo"": 8, ""series"": 32, ""tests"": 35, ""valuation"": 1, ""valueHistory"": 10, ""versions"": 1}",same inventoried inputs; recomputation mismatch
000002.SHE,88,,"{""asOf"": 1, ""company"": 2, ""ownerMemo"": 19, ""series"": 29, ""tests"": 30, ""valueHistory"": 6, ""versions"": 1}",same inventoried inputs; recomputation mismatch
000063.SHE,37,,"{""asOf"": 1, ""company"": 2, ""ownerMemo"": 17, ""series"": 1, ""tests"": 12, ""valuation"": 3, ""versions"": 1}",same inventoried inputs; recomputation mismatch
000069.SHE,79,,"{""asOf"": 1, ""company"": 2, ""ownerMemo"": 17, ""series"": 29, ""tests"": 29, ""versions"": 1}",same inventoried inputs; recomputation mismatch
000080.KO,106,,"{""asOf"": 1, ""company"": 2, ""ownerMemo"": 26, ""series"": 30, ""tests"": 31, ""valuation"": 6, ""valueHistory"": 9, ""versions"": 1}",same inventoried inputs; recomputation mismatch
0001.HK,70,,"{""asOf"": 1, ""company"": 2, ""ownerMemo"": 37, ""series"": 1, ""tests"": 28, ""versions"": 1}",same inventoried inputs; recomputation mismatch
000100.KO,38,,"{""asOf"": 1, ""company"": 2, ""ownerMemo"": 19, ""series"": 1, ""tests"": 11, ""valuation"": 3, ""versions"": 1}",same inventoried inputs; recomputation mismatch
000100.SHE,34,,"{""asOf"": 1, ""company"": 2, ""ownerMemo"": 14, ""series"": 1, ""tests"": 12, ""valuation"": 3, ""versions"": 1}",same inventoried inputs; recomputation mismatch
000120.KO,94,,"{""asOf"": 1, ""company"": 2, ""ownerMemo"": 19, ""series"": 31, ""tests"": 34, ""valueHistory"": 6, ""versions"": 1}",same inventoried inputs; recomputation mismatch
000150.KO,31,,"{""asOf"": 1, ""company"": 2, ""ownerMemo"": 15, ""series"": 1, ""tests"": 11, ""versions"": 1}",same inventoried inputs; recomputation mismatch
000157.SHE,118,,"{""asOf"": 1, ""company"": 2, ""ownerMemo"": 26, ""series"": 30, ""tests"": 34, ""valuation"": 12, ""valueHistory"": 12, ""versions"": 1}",same inventoried inputs; recomputation mismatch
000166.SHE,95,,"{""asOf"": 1, ""company"": 2, ""ownerMemo"": 20, ""series"": 29, ""tests"": 30, ""valueHistory"": 12, ""versions"": 1}",same inventoried inputs; recomputation mismatch
0002.HK,79,,"{""asOf"": 1, ""company"": 2, ""ownerMemo"": 43, ""series"": 1, ""tests"": 28, ""valuation"": 3, ""versions"": 1}",same inventoried inputs; recomputation mismatch
000210.KO,108,,"{""asOf"": 1, ""company"": 2, ""ownerMemo"": 24, ""series"": 32, ""tests"": 33, ""valuation"": 6, ""valueHistory"": 9, ""versions"": 1}",same inventoried inputs; recomputation mismatch
000240.KO,116,,"{""asOf"": 1, ""company"": 2, ""ownerMemo"": 26, ""series"": 29, ""tests"": 31, ""valuation"": 14, ""valueHistory"": 12, ""versions"": 1}",same inventoried inputs; recomputation mismatch
000270.KO,109,,"{""asOf"": 1, ""company"": 2, ""ownerMemo"": 28, ""series"": 29, ""tests"": 30, ""valuation"": 6, ""valueHistory"": 12, ""versions"": 1}",same inventoried inputs; recomputation mismatch
0003.HK,76,,"{""asOf"": 1, ""company"": 2, ""ownerMemo"": 40, ""series"": 1, ""tests"": 28, ""valuation"": 3, ""versions"": 1}",same inventoried inputs; recomputation mismatch
000301.SHE,78,,"{""asOf"": 1, ""company"": 2, ""ownerMemo"": 14, ""series"": 29, ""tests"": 31, ""versions"": 1}",same inventoried inputs; recomputation mismatch
000333.SHE,169,,"{""asOf"": 1, ""company"": 2, ""ownerMemo"": 26, ""series"": 72, ""tests"": 36, ""valuation"": 7, ""valueHistory"": 24, ""versions"": 1}",same inventoried inputs; recomputation mismatch
000338.SHE,24,,"{""asOf"": 1, ""company"": 2, ""ownerMemo"": 20, ""versions"": 1}",same inventoried inputs; recomputation mismatch
000408.SHE,39,,"{""asOf"": 1, ""company"": 2, ""ownerMemo"": 20, ""series"": 1, ""tests"": 11, ""valuation"": 3, ""versions"": 1}",same inventoried inputs; recomputation mismatch
000425.SHE,117,,"{""asOf"": 1, ""company"": 2, ""ownerMemo"": 28, ""series"": 30, ""tests"": 32, ""valuation"": 14, ""valueHistory"": 9, ""versions"": 1}",same inventoried inputs; recomputation mismatch
000538.SHE,116,,"{""asOf"": 1, ""company"": 2, ""ownerMemo"": 28, ""series"": 29, ""tests"": 32, ""valuation"": 11, ""valueHistory"": 12, ""versions"": 1}",same inventoried inputs; recomputation mismatch
000568.SHE,103,,"{""asOf"": 1, ""company"": 2, ""ownerMemo"": 26, ""series"": 28, ""tests"": 30, ""valuation"": 3, ""valueHistory"": 12, ""versions"": 1}",same inventoried inputs; recomputation mismatch
000596.SHE,99,,"{""asOf"": 1, ""company"": 2, ""ownerMemo"": 26, ""series"": 28, ""tests"": 28, ""valuation"": 1, ""valueHistory"": 12, ""versions"": 1}",same inventoried inputs; recomputation mismatch
0006.HK,95,,"{""asOf"": 1, ""company"": 2, ""ownerMemo"": 59, ""series"": 1, ""tests"": 28, ""valuation"": 3, ""versions"": 1}",same inventoried inputs; recomputation mismatch
000617.SHE,111,,"{""asOf"": 1, ""company"": 2, ""ownerMemo"": 21, ""series"": 30, ""tests"": 32, ""valuation"": 12, ""valueHistory"": 12, ""versions"": 1}",same inventoried inputs; recomputation mismatch
000625.SHE,114,,"{""asOf"": 1, ""company"": 2, ""ownerMemo"": 24, ""series"": 30, ""tests"": 40, ""valuation"": 4, ""valueHistory"": 12, ""versions"": 1}",same inventoried inputs; recomputation mismatch
000651.SHE,101,,"{""asOf"": 1, ""company"": 2, ""ownerMemo"": 26, ""series"": 28, ""tests"": 30, ""valuation"": 1, ""valueHistory"": 12, ""versions"": 1}",same inventoried inputs; recomputation mismatch
000660.KO,108,,"{""asOf"": 1, ""company"": 2, ""ownerMemo"": 28, ""series"": 29, ""tests"": 29, ""valuation"": 12, ""valueHistory"": 6, ""versions"": 1}",same inventoried inputs; recomputation mismatch
000661.SHE,98,,"{""asOf"": 1, ""company"": 2, ""ownerMemo"": 23, ""series"": 30, ""tests"": 32, ""valueHistory"": 9, ""versions"": 1}",same inventoried inputs; recomputation mismatch
000670.KO,115,,"{""asOf"": 1, ""company"": 2, ""ownerMemo"": 42, ""series"": 20, ""tests"": 49, ""versions"": 1}",same inventoried inputs; recomputation mismatch
000708.SHE,32,,"{""asOf"": 1, ""company"": 2, ""ownerMemo"": 16, ""series"": 1, ""tests"": 11, ""versions"": 1}",same inventoried inputs; recomputation mismatch
000720.KO,122,,"{""asOf"": 1, ""company"": 2, ""ownerMemo"": 27, ""series"": 31, ""tests"": 39, ""valuation"": 12, ""valueHistory"": 9, ""versions"": 1}",same inventoried inputs; recomputation mismatch
000725.SHE,96,,"{""asOf"": 1, ""company"": 2, ""ownerMemo"": 27, ""series"": 23, ""tests"": 29, ""valuation"": 4, ""valueHistory"": 9, ""versions"": 1}",same inventoried inputs; recomputation mismatch
000733.SHE,114,,"{""asOf"": 1, ""company"": 2, ""ownerMemo"": 26, ""series"": 29, ""tests"": 31, ""valuation"": 12, ""valueHistory"": 12, ""versions"": 1}",same inventoried inputs; recomputation mismatch
000768.SHE,118,,"{""asOf"": 1, ""company"": 2, ""ownerMemo"": 26, ""series"": 30, ""tests"": 38, ""valuation"": 8, ""valueHistory"": 12, ""versions"": 1}",same inventoried inputs; recomputation mismatch
000776.SHE,107,,"{""asOf"": 1, ""company"": 2, ""ownerMemo"": 24, ""series"": 30, ""tests"": 37, ""valueHistory"": 12, ""versions"": 1}",same inventoried inputs; recomputation mismatch
000786.SHE,22,,"{""asOf"": 1, ""company"": 2, ""ownerMemo"": 18, ""versions"": 1}",same inventoried inputs; recomputation mismatch
000792.SHE,113,,"{""asOf"": 1, ""company"": 2, ""ownerMemo"": 22, ""series"": 30, ""tests"": 33, ""valuation"": 12, ""valueHistory"": 12, ""versions"": 1}",same inventoried inputs; recomputation mismatch
000800.SHE,37,,"{""asOf"": 1, ""company"": 2, ""ownerMemo"": 17, ""series"": 1, ""tests"": 12, ""valuation"": 3, ""versions"": 1}",same inventoried inputs; recomputation mismatch
000810.KO,93,,"{""asOf"": 1, ""company"": 2, ""ownerMemo"": 10, ""series"": 32, ""tests"": 34, ""valuation"": 1, ""valueHistory"": 12, ""versions"": 1}",same inventoried inputs; recomputation mismatch
000858.SHE,109,,"{""asOf"": 1, ""company"": 2, ""ownerMemo"": 26, ""series"": 29, ""tests"": 33, ""valuation"": 5, ""valueHistory"": 12, ""versions"": 1}",same inventoried inputs; recomputation mismatch
000876.SHE,86,,"{""asOf"": 1, ""company"": 2, ""ownerMemo"": 16, ""series"": 30, ""tests"": 36, ""versions"": 1}",same inventoried inputs; recomputation mismatch
000877.SHE,116,,"{""asOf"": 1, ""company"": 2, ""events"": 1, ""ownerMemo"": 31, ""series"": 30, ""tests"": 47, ""valueHistory"": 3, ""versions"": 1}",same inventoried inputs; recomputation mismatch
000880.KO,94,,"{""asOf"": 1, ""company"": 2, ""ownerMemo"": 23, ""series"": 30, ""tests"": 31, ""valueHistory"": 6, ""versions"": 1}",same inventoried inputs; recomputation mismatch
000895.SHE,110,,"{""asOf"": 1, ""company"": 2, ""ownerMemo"": 19, ""series"": 63, ""tests"": 12, ""valuation"": 3, ""valueHistory"": 9, ""versions"": 1}",same inventoried inputs; recomputation mismatch
000938.SHE,111,,"{""asOf"": 1, ""company"": 2, ""ownerMemo"": 25, ""series"": 29, ""tests"": 29, ""valuation"": 12, ""valueHistory"": 12, ""versions"": 1}",same inventoried inputs; recomputation mismatch
000963.SHE,111,,"{""asOf"": 1, ""company"": 2, ""ownerMemo"": 27, ""series"": 28, ""tests"": 31, ""valuation"": 9, ""valueHistory"": 12, ""versions"": 1}",same inventoried inputs; recomputation mismatch
000977.SHE,114,,"{""asOf"": 1, ""company"": 2, ""ownerMemo"": 26, ""series"": 29, ""tests"": 31, ""valuation"": 12, ""valueHistory"": 12, ""versions"": 1}",same inventoried inputs; recomputation mismatch
000983.SHE,109,,"{""asOf"": 1, ""company"": 2, ""ownerMemo"": 25, ""series"": 29, ""tests"": 30, ""valuation"": 12, ""valueHistory"": 9, ""versions"": 1}",same inventoried inputs; recomputation mismatch
000990.KO,101,,"{""asOf"": 1, ""company"": 2, ""ownerMemo"": 28, ""series"": 28, ""tests"": 26, ""valuation"": 3, ""valueHistory"": 12, ""versions"": 1}",same inventoried inputs; recomputation mismatch
000999.SHE,41,,"{""asOf"": 1, ""company"": 2, ""ownerMemo"": 21, ""series"": 1, ""tests"": 12, ""valuation"": 3, ""versions"": 1}",same inventoried inputs; recomputation mismatch
001040.KO,97,,"{""asOf"": 1, ""company"": 2, ""ownerMemo"": 20, ""series"": 32, ""tests"": 35, ""valueHistory"": 6, ""versions"": 1}",same inventoried inputs; recomputation mismatch
0012.HK,88,,"{""asOf"": 1, ""company"": 2, ""ownerMemo"": 44, ""series"": 1, ""tests"": 29, ""valuation"": 1, ""valueHistory"": 9, ""versions"": 1}",same inventoried inputs; recomputation mismatch
001289.SHE,90,,"{""asOf"": 1, ""company"": 2, ""ownerMemo"": 19, ""series"": 32, ""tests"": 35, ""versions"": 1}",same inventoried inputs; recomputation mismatch
001430.KO,97,,"{""asOf"": 1, ""company"": 2, ""ownerMemo"": 25, ""series"": 30, ""tests"": 32, ""valueHistory"": 6, ""versions"": 1}",same inventoried inputs; recomputation mismatch
001440.KO,364,,"{""asOf"": 1, ""company"": 2, ""events"": 6, ""historyCoverage"": 2, ""ownerMemo"": 92, ""priceHistory"": 1, ""requiredMos"": 1, ""series"": 152, ""status"": 1, ""tests"": 97, ""valueHistory"": 7, ""versions"": 1, ""volatility"": 1}",same inventoried inputs; recomputation mismatch
001450.KO,95,,"{""asOf"": 1, ""company"": 2, ""ownerMemo"": 12, ""series"": 31, ""tests"": 33, ""valuation"": 3, ""valueHistory"": 12, ""versions"": 1}",same inventoried inputs; recomputation mismatch
001680.KO,99,,"{""asOf"": 1, ""company"": 2, ""ownerMemo"": 25, ""series"": 30, ""tests"": 31, ""valueHistory"": 9, ""versions"": 1}",same inventoried inputs; recomputation mismatch
001800.KO,92,,"{""asOf"": 1, ""company"": 5, ""ownerMemo"": 9, ""series"": 30, ""tests"": 29, ""valuation"": 5, ""valueHistory"": 12, ""versions"": 1}",same inventoried inputs; recomputation mismatch
001979.SHE,40,,"{""asOf"": 1, ""company"": 2, ""ownerMemo"": 20, ""series"": 1, ""tests"": 12, ""valuation"": 3, ""versions"": 1}",same inventoried inputs; recomputation mismatch
002001.SHE,114,,"{""asOf"": 1, ""company"": 2, ""ownerMemo"": 26, ""series"": 30, ""tests"": 33, ""valuation"": 12, ""valueHistory"": 9, ""versions"": 1}",same inventoried inputs; recomputation mismatch
002007.SHE,39,,"{""asOf"": 1, ""company"": 2, ""ownerMemo"": 19, ""series"": 1, ""tests"": 12, ""valuation"": 3, ""versions"": 1}",same inventoried inputs; recomputation mismatch
002027.SHE,102,,"{""asOf"": 1, ""company"": 2, ""ownerMemo"": 25, ""series"": 28, ""tests"": 24, ""valuation"": 9, ""valueHistory"": 12, ""versions"": 1}",same inventoried inputs; recomputation mismatch
002049.SHE,39,,"{""asOf"": 1, ""company"": 2, ""ownerMemo"": 19, ""series"": 1, ""tests"": 12, ""valuation"": 3, ""versions"": 1}",same inventoried inputs; recomputation mismatch
002050.SHE,41,,"{""asOf"": 1, ""company"": 2, ""ownerMemo"": 21, ""series"": 1, ""tests"": 12, ""valuation"": 3, ""versions"": 1}",same inventoried inputs; recomputation mismatch
002074.SHE,81,,"{""asOf"": 1, ""company"": 2, ""ownerMemo"": 17, ""series"": 29, ""tests"": 31, ""versions"": 1}",same inventoried inputs; recomputation mismatch
002129.SHE,33,,"{""asOf"": 1, ""company"": 2, ""ownerMemo"": 16, ""series"": 1, ""tests"": 12, ""versions"": 1}",same inventoried inputs; recomputation mismatch
002142.SHE,93,,"{""asOf"": 1, ""company"": 2, ""ownerMemo"": 11, ""series"": 32, ""tests"": 35, ""valuation"": 1, ""valueHistory"": 10, ""versions"": 1}",same inventoried inputs; recomputation mismatch
002179.SHE,116,,"{""asOf"": 1, ""company"": 2, ""ownerMemo"": 29, ""series"": 30, ""tests"": 35, ""valuation"": 6, ""valueHistory"": 12, ""versions"": 1}",same inventoried inputs; recomputation mismatch
002180.SHE,88,,"{""asOf"": 1, ""company"": 2, ""ownerMemo"": 19, ""series"": 29, ""tests"": 30, ""valueHistory"": 6, ""versions"": 1}",same inventoried inputs; recomputation mismatch
002202.SHE,31,,"{""asOf"": 1, ""company"": 2, ""ownerMemo"": 14, ""series"": 1, ""tests"": 12, ""versions"": 1}",same inventoried inputs; recomputation mismatch
002230.SHE,160,,"{""asOf"": 1, ""company"": 2, ""ownerMemo"": 21, ""series"": 89, ""tests"": 40, ""valueHistory"": 6, ""versions"": 1}",same inventoried inputs; recomputation mismatch
002236.SHE,119,,"{""asOf"": 1, ""company"": 2, ""judgement"": 1, ""ownerMemo"": 27, ""series"": 29, ""tests"": 40, ""valuation"": 6, ""valueHistory"": 12, ""versions"": 1}",same inventoried inputs; recomputation mismatch
002241.SHE,103,,"{""asOf"": 1, ""company"": 2, ""ownerMemo"": 25, ""series"": 29, ""tests"": 31, ""valuation"": 5, ""valueHistory"": 9, ""versions"": 1}",same inventoried inputs; recomputation mismatch
002252.SHE,39,,"{""asOf"": 1, ""company"": 2, ""ownerMemo"": 19, ""series"": 1, ""tests"": 12, ""valuation"": 3, ""versions"": 1}",same inventoried inputs; recomputation mismatch
002271.SHE,108,,"{""asOf"": 1, ""company"": 2, ""ownerMemo"": 27, ""series"": 30, ""tests"": 34, ""valuation"": 7, ""valueHistory"": 6, ""versions"": 1}",same inventoried inputs; recomputation mismatch
002304.SHE,114,,"{""asOf"": 1, ""company"": 2, ""ownerMemo"": 26, ""series"": 29, ""tests"": 31, ""valuation"": 12, ""valueHistory"": 12, ""versions"": 1}",same inventoried inputs; recomputation mismatch
002311.SHE,109,,"{""asOf"": 1, ""company"": 2, ""ownerMemo"": 28, ""series"": 29, ""tests"": 31, ""valuation"": 5, ""valueHistory"": 12, ""versions"": 1}",same inventoried inputs; recomputation mismatch
002352.SHE,114,,"{""asOf"": 1, ""company"": 2, ""ownerMemo"": 27, ""series"": 29, ""tests"": 30, ""valuation"": 12, ""valueHistory"": 12, ""versions"": 1}",same inventoried inputs; recomputation mismatch
002371.SHE,111,,"{""asOf"": 1, ""company"": 2, ""ownerMemo"": 27, ""series"": 29, ""tests"": 31, ""valuation"": 8, ""valueHistory"": 12, ""versions"": 1}",same inventoried inputs; recomputation mismatch
002380.KO,124,,"{""asOf"": 1, ""company"": 2, ""ownerMemo"": 29, ""series"": 32, ""tests"": 35, ""valuation"": 12, ""valueHistory"": 12, ""versions"": 1}",same inventoried inputs; recomputation mismatch
002410.SHE,38,,"{""asOf"": 1, ""company"": 2, ""ownerMemo"": 18, ""series"": 1, ""tests"": 12, ""valuation"": 3, ""versions"": 1}",same inventoried inputs; recomputation mismatch
002415.SHE,116,,"{""asOf"": 1, ""company"": 2, ""ownerMemo"": 27, ""series"": 29, ""tests"": 35, ""valuation"": 9, ""valueHistory"": 12, ""versions"": 1}",same inventoried inputs; recomputation mismatch
002459.SHE,90,,"{""asOf"": 1, ""company"": 2, ""ownerMemo"": 20, ""series"": 30, ""tests"": 33, ""valueHistory"": 3, ""versions"": 1}",same inventoried inputs; recomputation mismatch
002460.SHE,98,,"{""asOf"": 1, ""company"": 2, ""ownerMemo"": 24, ""series"": 29, ""tests"": 31, ""valuation"": 4, ""valueHistory"": 6, ""versions"": 1}",same inventoried inputs; recomputation mismatch
002466.SHE,31,,"{""asOf"": 1, ""company"": 2, ""ownerMemo"": 14, ""series"": 1, ""tests"": 12, ""versions"": 1}",same inventoried inputs; recomputation mismatch
002475.SHE,104,,"{""asOf"": 1, ""company"": 2, ""ownerMemo"": 27, ""series"": 28, ""tests"": 28, ""valuation"": 5, ""valueHistory"": 12, ""versions"": 1}",same inventoried inputs; recomputation mismatch
002493.SHE,88,,"{""asOf"": 1, ""company"": 2, ""ownerMemo"": 17, ""series"": 30, ""tests"": 34, ""valueHistory"": 3, ""versions"": 1}",same inventoried inputs; recomputation mismatch
002555.SHE,118,,"{""asOf"": 1, ""company"": 2, ""ownerMemo"": 29, ""series"": 29, ""tests"": 35, ""valuation"": 9, ""valueHistory"": 12, ""versions"": 1}",same inventoried inputs; recomputation mismatch
002594.SHE,33,,"{""asOf"": 1, ""company"": 2, ""ownerMemo"": 16, ""series"": 1, ""tests"": 12, ""versions"": 1}",same inventoried inputs; recomputation mismatch
002601.SHE,108,,"{""asOf"": 1, ""company"": 2, ""ownerMemo"": 27, ""series"": 29, ""tests"": 32, ""valuation"": 4, ""valueHistory"": 12, ""versions"": 1}",same inventoried inputs; recomputation mismatch
002603.SHE,103,,"{""asOf"": 1, ""company"": 2, ""ownerMemo"": 25, ""series"": 30, ""tests"": 31, ""valuation"": 4, ""valueHistory"": 9, ""versions"": 1}",same inventoried inputs; recomputation mismatch
002648.SHE,38,,"{""asOf"": 1, ""company"": 2, ""ownerMemo"": 18, ""series"": 1, ""tests"": 12, ""valuation"": 3, ""versions"": 1}",same inventoried inputs; recomputation mismatch
0027.HK,79,,"{""asOf"": 1, ""company"": 2, ""ownerMemo"": 39, ""series"": 1, ""tests"": 29, ""valuation"": 1, ""valueHistory"": 5, ""versions"": 1}",same inventoried inputs; recomputation mismatch
002709.SHE,42,,"{""asOf"": 1, ""company"": 2, ""ownerMemo"": 25, ""series"": 1, ""tests"": 12, ""versions"": 1}",same inventoried inputs; recomputation mismatch
002714.SHE,39,,"{""asOf"": 1, ""company"": 2, ""ownerMemo"": 19, ""series"": 1, ""tests"": 12, ""valuation"": 3, ""versions"": 1}",same inventoried inputs; recomputation mismatch
002736.SHE,106,,"{""asOf"": 1, ""company"": 2, ""ownerMemo"": 24, ""series"": 31, ""tests"": 36, ""valuation"": 1, ""valueHistory"": 10, ""versions"": 1}",same inventoried inputs; recomputation mismatch
002790.KO,137,,"{""asOf"": 1, ""company"": 2, ""ownerMemo"": 27, ""series"": 32, ""tests"": 39, ""valuation"": 23, ""valueHistory"": 12, ""versions"": 1}",same inventoried inputs; recomputation mismatch
002812.SHE,90,,"{""asOf"": 1, ""company"": 2, ""ownerMemo"": 19, ""series"": 29, ""tests"": 34, ""valuation"": 1, ""valueHistory"": 3, ""versions"": 1}",same inventoried inputs; recomputation mismatch
002821.SHE,113,,"{""asOf"": 1, ""company"": 2, ""ownerMemo"": 28, ""series"": 30, ""tests"": 33, ""valuation"": 6, ""valueHistory"": 12, ""versions"": 1}",same inventoried inputs; recomputation mismatch
002840.KO,113,,"{""asOf"": 1, ""company"": 2, ""ownerMemo"": 29, ""series"": 29, ""tests"": 29, ""valuation"": 10, ""valueHistory"": 12, ""versions"": 1}",same inventoried inputs; recomputation mismatch
002841.SHE,36,,"{""asOf"": 1, ""company"": 2, ""ownerMemo"": 19, ""series"": 1, ""tests"": 12, ""versions"": 1}",same inventoried inputs; recomputation mismatch
002916.SHE,46,,"{""asOf"": 1, ""company"": 2, ""ownerMemo"": 21, ""series"": 1, ""tests"": 13, ""valuation"": 1, ""valueHistory"": 6, ""versions"": 1}",same inventoried inputs; recomputation mismatch
002920.SHE,41,,"{""asOf"": 1, ""company"": 2, ""ownerMemo"": 21, ""series"": 1, ""tests"": 12, ""valuation"": 3, ""versions"": 1}",same inventoried inputs; recomputation mismatch
002938.SHE,118,,"{""asOf"": 1, ""company"": 2, ""ownerMemo"": 27, ""series"": 29, ""tests"": 32, ""valuation"": 14, ""valueHistory"": 12, ""versions"": 1}",same inventoried inputs; recomputation mismatch
003030.KO,91,,"{""asOf"": 1, ""company"": 2, ""ownerMemo"": 21, ""series"": 30, ""tests"": 33, ""valueHistory"": 3, ""versions"": 1}",same inventoried inputs; recomputation mismatch
003090.KO,92,,"{""asOf"": 1, ""company"": 2, ""ownerMemo"": 21, ""series"": 30, ""tests"": 31, ""valueHistory"": 6, ""versions"": 1}",same inventoried inputs; recomputation mismatch
003230.KO,121,,"{""asOf"": 1, ""company"": 4, ""ownerMemo"": 30, ""series"": 30, ""tests"": 34, ""valuation"": 9, ""valueHistory"": 12, ""versions"": 1}",same inventoried inputs; recomputation mismatch
003240.KO,88,,"{""asOf"": 1, ""company"": 2, ""ownerMemo"": 23, ""series"": 24, ""tests"": 31, ""valueHistory"": 6, ""versions"": 1}",same inventoried inputs; recomputation mismatch
003490.KO,101,,"{""asOf"": 1, ""company"": 2, ""ownerMemo"": 27, ""series"": 32, ""tests"": 32, ""valueHistory"": 6, ""versions"": 1}",same inventoried inputs; recomputation mismatch
003550.KO,119,,"{""asOf"": 1, ""company"": 2, ""ownerMemo"": 33, ""series"": 30, ""tests"": 32, ""valuation"": 8, ""valueHistory"": 12, ""versions"": 1}",same inventoried inputs; recomputation mismatch
003670.KO,81,,"{""asOf"": 1, ""company"": 2, ""ownerMemo"": 14, ""series"": 31, ""tests"": 32, ""versions"": 1}",same inventoried inputs; recomputation mismatch
003816.SHE,35,,"{""asOf"": 1, ""company"": 2, ""ownerMemo"": 18, ""series"": 1, ""tests"": 12, ""versions"": 1}",same inventoried inputs; recomputation mismatch
004000.KO,116,,"{""asOf"": 1, ""company"": 2, ""ownerMemo"": 30, ""series"": 31, ""tests"": 34, ""valuation"": 8, ""valueHistory"": 9, ""versions"": 1}",same inventoried inputs; recomputation mismatch
004020.KO,116,,"{""asOf"": 1, ""company"": 2, ""ownerMemo"": 29, ""series"": 31, ""tests"": 31, ""valuation"": 12, ""valueHistory"": 9, ""versions"": 1}",same inventoried inputs; recomputation mismatch
004170.KO,82,,"{""asOf"": 1, ""company"": 2, ""ownerMemo"": 17, ""series"": 29, ""tests"": 29, ""valueHistory"": 3, ""versions"": 1}",same inventoried inputs; recomputation mismatch
004370.KO,117,,"{""asOf"": 1, ""company"": 2, ""ownerMemo"": 35, ""series"": 30, ""tests"": 30, ""valuation"": 6, ""valueHistory"": 12, ""versions"": 1}",same inventoried inputs; recomputation mismatch
004990.KO,85,,"{""asOf"": 1, ""company"": 2, ""ownerMemo"": 18, ""series"": 31, ""tests"": 32, ""versions"": 1}",same inventoried inputs; recomputation mismatch
005250.KO,101,,"{""asOf"": 1, ""company"": 2, ""ownerMemo"": 22, ""series"": 31, ""tests"": 38, ""valueHistory"": 6, ""versions"": 1}",same inventoried inputs; recomputation mismatch
005300.KO,114,,"{""asOf"": 1, ""company"": 2, ""ownerMemo"": 27, ""series"": 31, ""tests"": 35, ""valuation"": 8, ""valueHistory"": 9, ""versions"": 1}",same inventoried inputs; recomputation mismatch
005380.KO,104,,"{""asOf"": 1, ""company"": 2, ""ownerMemo"": 28, ""series"": 29, ""tests"": 28, ""valuation"": 3, ""valueHistory"": 12, ""versions"": 1}",same inventoried inputs; recomputation mismatch
005420.KO,82,,"{""asOf"": 1, ""company"": 2, ""ownerMemo"": 17, ""series"": 30, ""tests"": 31, ""versions"": 1}",same inventoried inputs; recomputation mismatch
005490.KO,75,fundamentals/005490.KO.json;companies/005490.KO.json;raw/eodhd/005490.KO.json,"{""asOf"": 1, ""company"": 4, ""ownerMemo"": 8, ""series"": 29, ""tests"": 29, ""valueHistory"": 3, ""versions"": 1}",source-cache arrival observed; per-field attribution unproven
005830.KO,103,,"{""asOf"": 1, ""company"": 2, ""ownerMemo"": 12, ""series"": 32, ""tests"": 35, ""valuation"": 8, ""valueHistory"": 12, ""versions"": 1}",same inventoried inputs; recomputation mismatch
005850.KO,116,,"{""asOf"": 1, ""company"": 2, ""ownerMemo"": 30, ""series"": 30, ""tests"": 32, ""valuation"": 8, ""valueHistory"": 12, ""versions"": 1}",same inventoried inputs; recomputation mismatch
005930.KO,128,fundamentals/005930.KO.json;companies/005930.KO.json;raw/eodhd/005930.KO.json,"{""asOf"": 1, ""company"": 7, ""ownerMemo"": 29, ""series"": 28, ""tests"": 44, ""valuation"": 9, ""valueHistory"": 9, ""versions"": 1}",source-cache arrival observed; per-field attribution unproven
005940.KO,128,,"{""asOf"": 1, ""company"": 2, ""ownerMemo"": 34, ""series"": 33, ""tests"": 35, ""valuation"": 10, ""valueHistory"": 12, ""versions"": 1}",same inventoried inputs; recomputation mismatch
006040.KO,205,,"{""asOf"": 1, ""company"": 2, ""ownerMemo"": 85, ""series"": 44, ""tests"": 63, ""valuation"": 1, ""valueHistory"": 8, ""versions"": 1}",same inventoried inputs; recomputation mismatch
006260.KO,96,,"{""asOf"": 1, ""company"": 2, ""ownerMemo"": 22, ""series"": 29, ""tests"": 29, ""valueHistory"": 12, ""versions"": 1}",same inventoried inputs; recomputation mismatch
006400.KO,89,,"{""asOf"": 1, ""company"": 4, ""ownerMemo"": 20, ""series"": 29, ""tests"": 28, ""valueHistory"": 6, ""versions"": 1}",same inventoried inputs; recomputation mismatch
0066.HK,76,,"{""asOf"": 1, ""company"": 2, ""ownerMemo"": 40, ""series"": 1, ""tests"": 28, ""valuation"": 3, ""versions"": 1}",same inventoried inputs; recomputation mismatch
006650.KO,106,,"{""asOf"": 1, ""company"": 2, ""ownerMemo"": 25, ""series"": 30, ""tests"": 30, ""valuation"": 8, ""valueHistory"": 9, ""versions"": 1}",same inventoried inputs; recomputation mismatch
007070.KO,86,,"{""asOf"": 1, ""company"": 2, ""ownerMemo"": 21, ""series"": 30, ""tests"": 31, ""versions"": 1}",same inventoried inputs; recomputation mismatch
007310.KO,106,,"{""asOf"": 1, ""company"": 2, ""ownerMemo"": 28, ""series"": 30, ""tests"": 32, ""valueHistory"": 12, ""versions"": 1}",same inventoried inputs; recomputation mismatch
007340.KO,134,,"{""asOf"": 1, ""company"": 2, ""events"": 2, ""ownerMemo"": 54, ""series"": 23, ""tests"": 30, ""valuation"": 12, ""valueHistory"": 9, ""versions"": 1}",same inventoried inputs; recomputation mismatch
007660.KO,105,,"{""asOf"": 1, ""company"": 2, ""ownerMemo"": 26, ""series"": 30, ""tests"": 30, ""valuation"": 6, ""valueHistory"": 9, ""versions"": 1}",same inventoried inputs; recomputation mismatch
008730.KO,91,,"{""asOf"": 1, ""company"": 2, ""ownerMemo"": 22, ""series"": 32, ""tests"": 33, ""versions"": 1}",same inventoried inputs; recomputation mismatch
008770.KO,88,,"{""asOf"": 1, ""company"": 2, ""ownerMemo"": 19, ""series"": 30, ""tests"": 32, ""valueHistory"": 3, ""versions"": 1}",same inventoried inputs; recomputation mismatch
008930.KO,99,,"{""asOf"": 1, ""company"": 2, ""ownerMemo"": 26, ""series"": 29, ""tests"": 30, ""valuation"": 1, ""valueHistory"": 9, ""versions"": 1}",same inventoried inputs; recomputation mismatch
009150.KO,112,,"{""asOf"": 1, ""company"": 2, ""ownerMemo"": 26, ""series"": 31, ""tests"": 32, ""valuation"": 10, ""valueHistory"": 9, ""versions"": 1}",same inventoried inputs; recomputation mismatch
009240.KO,101,,"{""asOf"": 1, ""company"": 2, ""ownerMemo"": 25, ""series"": 30, ""tests"": 32, ""valuation"": 4, ""valueHistory"": 6, ""versions"": 1}",same inventoried inputs; recomputation mismatch
009420.KO,91,,"{""asOf"": 1, ""company"": 2, ""ownerMemo"": 19, ""series"": 33, ""tests"": 35, ""versions"": 1}",same inventoried inputs; recomputation mismatch
009540.KO,111,,"{""asOf"": 1, ""company"": 2, ""ownerMemo"": 25, ""series"": 32, ""tests"": 35, ""valuation"": 12, ""valueHistory"": 3, ""versions"": 1}",same inventoried inputs; recomputation mismatch
009830.KO,90,,"{""asOf"": 1, ""company"": 2, ""ownerMemo"": 19, ""series"": 31, ""tests"": 36, ""versions"": 1}",same inventoried inputs; recomputation mismatch
009970.KO,109,,"{""asOf"": 1, ""company"": 2, ""ownerMemo"": 28, ""series"": 29, ""tests"": 33, ""valuation"": 3, ""valueHistory"": 12, ""versions"": 1}",same inventoried inputs; recomputation mismatch
010060.KO,87,,"{""asOf"": 1, ""company"": 2, ""ownerMemo"": 18, ""series"": 29, ""tests"": 30, ""valueHistory"": 6, ""versions"": 1}",same inventoried inputs; recomputation mismatch
0101.HK,63,,"{""asOf"": 1, ""company"": 2, ""ownerMemo"": 27, ""series"": 1, ""tests"": 28, ""valuation"": 3, ""versions"": 1}",same inventoried inputs; recomputation mismatch
010120.KO,389,,"{""asOf"": 1, ""businessOverview"": 1, ""company"": 2, ""events"": 6, ""historyCoverage"": 2, ""judgement"": 1, ""ownerMemo"": 106, ""priceHistory"": 1, ""requiredMos"": 1, ""series"": 161, ""status"": 1, ""tests"": 93, ""valuation"": 1, ""valueHistory"": 10, ""versions"": 1, ""volatility"": 1}",same inventoried inputs; recomputation mismatch
010130.KO,106,,"{""asOf"": 1, ""company"": 2, ""ownerMemo"": 29, ""series"": 30, ""tests"": 30, ""valuation"": 1, ""valueHistory"": 12, ""versions"": 1}",same inventoried inputs; recomputation mismatch
010140.KO,83,,"{""asOf"": 1, ""company"": 2, ""ownerMemo"": 15, ""series"": 31, ""tests"": 33, ""versions"": 1}",same inventoried inputs; recomputation mismatch
010950.KO,88,,"{""asOf"": 1, ""company"": 2, ""ownerMemo"": 20, ""series"": 30, ""tests"": 31, ""valueHistory"": 3, ""versions"": 1}",same inventoried inputs; recomputation mismatch
011070.KO,110,,"{""asOf"": 1, ""company"": 2, ""ownerMemo"": 27, ""series"": 31, ""tests"": 33, ""valuation"": 6, ""valueHistory"": 9, ""versions"": 1}",same inventoried inputs; recomputation mismatch
011170.KO,87,,"{""asOf"": 1, ""company"": 2, ""ownerMemo"": 18, ""series"": 30, ""tests"": 32, ""valueHistory"": 3, ""versions"": 1}",same inventoried inputs; recomputation mismatch
011200.KO,93,,"{""asOf"": 1, ""company"": 2, ""ownerMemo"": 22, ""series"": 30, ""tests"": 31, ""valueHistory"": 6, ""versions"": 1}",same inventoried inputs; recomputation mismatch
011210.KO,94,,"{""asOf"": 1, ""company"": 2, ""ownerMemo"": 21, ""series"": 29, ""tests"": 28, ""valueHistory"": 12, ""versions"": 1}",same inventoried inputs; recomputation mismatch
011780.KO,86,,"{""asOf"": 1, ""company"": 2, ""ownerMemo"": 24, ""series"": 29, ""tests"": 29, ""versions"": 1}",same inventoried inputs; recomputation mismatch
011790.KO,31,,"{""asOf"": 1, ""company"": 2, ""ownerMemo"": 15, ""series"": 1, ""tests"": 11, ""versions"": 1}",same inventoried inputs; recomputation mismatch
012330.KO,112,,"{""asOf"": 1, ""company"": 4, ""ownerMemo"": 28, ""series"": 29, ""tests"": 29, ""valuation"": 8, ""valueHistory"": 12, ""versions"": 1}",same inventoried inputs; recomputation mismatch
012450.KO,114,,"{""asOf"": 1, ""company"": 2, ""ownerMemo"": 30, ""series"": 31, ""tests"": 33, ""valuation"": 4, ""valueHistory"": 12, ""versions"": 1}",same inventoried inputs; recomputation mismatch
0126Z0.KO,9,,"{""asOf"": 1, ""company"": 2, ""ownerMemo"": 4, ""series"": 1, ""versions"": 1}",same inventoried inputs; recomputation mismatch
012750.KO,114,,"{""asOf"": 1, ""company"": 2, ""ownerMemo"": 27, ""series"": 32, ""tests"": 30, ""valuation"": 9, ""valueHistory"": 12, ""versions"": 1}",same inventoried inputs; recomputation mismatch
014680.KO,111,,"{""asOf"": 1, ""company"": 2, ""ownerMemo"": 27, ""series"": 30, ""tests"": 33, ""valuation"": 8, ""valueHistory"": 9, ""versions"": 1}",same inventoried inputs; recomputation mismatch
014820.KO,122,,"{""asOf"": 1, ""company"": 2, ""ownerMemo"": 31, ""series"": 32, ""tests"": 34, ""valuation"": 12, ""valueHistory"": 9, ""versions"": 1}",same inventoried inputs; recomputation mismatch
015760.KO,28,fundamentals/015760.KO.json;companies/015760.KO.json;raw/eodhd/015760.KO.json,"{""asOf"": 1, ""company"": 4, ""ownerMemo"": 10, ""series"": 1, ""tests"": 11, ""versions"": 1}",source-cache arrival observed; per-field attribution unproven
016360.KO,121,,"{""asOf"": 1, ""company"": 2, ""ownerMemo"": 30, ""series"": 32, ""tests"": 35, ""valuation"": 8, ""valueHistory"": 12, ""versions"": 1}",same inventoried inputs; recomputation mismatch
0175.HK,186,,"{""asOf"": 1, ""company"": 3, ""ownerMemo"": 69, ""series"": 22, ""tests"": 52, ""valuation"": 8, ""valueHistory"": 30, ""versions"": 1}",same inventoried inputs; recomputation mismatch
017670.KO,98,fundamentals/017670.KO.json;companies/017670.KO.json;raw/eodhd/017670.KO.json,"{""asOf"": 1, ""company"": 4, ""ownerMemo"": 10, ""series"": 29, ""tests"": 32, ""valuation"": 9, ""valueHistory"": 12, ""versions"": 1}",source-cache arrival observed; per-field attribution unproven
017800.KO,110,,"{""asOf"": 1, ""company"": 2, ""ownerMemo"": 28, ""series"": 30, ""tests"": 33, ""valuation"": 3, ""valueHistory"": 12, ""versions"": 1}",same inventoried inputs; recomputation mismatch
017960.KO,96,,"{""asOf"": 1, ""company"": 2, ""ownerMemo"": 24, ""series"": 30, ""tests"": 33, ""valuation"": 1, ""valueHistory"": 4, ""versions"": 1}",same inventoried inputs; recomputation mismatch
018260.KO,107,,"{""asOf"": 1, ""company"": 2, ""ownerMemo"": 26, ""series"": 30, ""tests"": 32, ""valuation"": 3, ""valueHistory"": 12, ""versions"": 1}",same inventoried inputs; recomputation mismatch
018880.KO,92,,"{""asOf"": 1, ""company"": 2, ""ownerMemo"": 24, ""series"": 30, ""tests"": 31, ""valueHistory"": 3, ""versions"": 1}",same inventoried inputs; recomputation mismatch
021240.KO,99,,"{""asOf"": 1, ""company"": 2, ""ownerMemo"": 24, ""series"": 29, ""tests"": 31, ""valuation"": 1, ""valueHistory"": 10, ""versions"": 1}",same inventoried inputs; recomputation mismatch
022100.KO,31,,"{""asOf"": 1, ""company"": 2, ""ownerMemo"": 26, ""series"": 1, ""versions"": 1}",same inventoried inputs; recomputation mismatch
023530.KO,73,,"{""asOf"": 1, ""company"": 2, ""ownerMemo"": 16, ""series"": 24, ""tests"": 29, ""versions"": 1}",same inventoried inputs; recomputation mismatch
0241.HK,143,,"{""asOf"": 1, ""company"": 2, ""ownerMemo"": 50, ""series"": 22, ""tests"": 53, ""valuation"": 8, ""valueHistory"": 6, ""versions"": 1}",same inventoried inputs; recomputation mismatch
024110.KO,103,,"{""asOf"": 1, ""company"": 2, ""ownerMemo"": 11, ""series"": 32, ""tests"": 34, ""valuation"": 10, ""valueHistory"": 12, ""versions"": 1}",same inventoried inputs; recomputation mismatch
0267.HK,41,,"{""asOf"": 1, ""company"": 2, ""ownerMemo"": 31, ""series"": 6, ""versions"": 1}",same inventoried inputs; recomputation mismatch
026960.KO,122,,"{""asOf"": 1, ""company"": 2, ""ownerMemo"": 28, ""series"": 31, ""tests"": 35, ""valuation"": 12, ""valueHistory"": 12, ""versions"": 1}",same inventoried inputs; recomputation mismatch
027410.KO,116,,"{""asOf"": 1, ""company"": 2, ""ownerMemo"": 28, ""series"": 34, ""tests"": 41, ""valueHistory"": 9, ""versions"": 1}",same inventoried inputs; recomputation mismatch
028050.KO,122,,"{""asOf"": 1, ""company"": 2, ""ownerMemo"": 27, ""series"": 32, ""tests"": 35, ""valuation"": 12, ""valueHistory"": 12, ""versions"": 1}",same inventoried inputs; recomputation mismatch
028260.KO,123,,"{""asOf"": 1, ""company"": 2, ""ownerMemo"": 30, ""series"": 31, ""tests"": 34, ""valuation"": 12, ""valueHistory"": 12, ""versions"": 1}",same inventoried inputs; recomputation mismatch
0285.HK,146,,"{""asOf"": 1, ""company"": 2, ""ownerMemo"": 53, ""series"": 11, ""tests"": 40, ""valuation"": 8, ""valueHistory"": 30, ""versions"": 1}",same inventoried inputs; recomputation mismatch
028670.KO,100,,"{""asOf"": 1, ""company"": 2, ""events"": 3, ""ownerMemo"": 36, ""series"": 16, ""tests"": 41, ""versions"": 1}",same inventoried inputs; recomputation mismatch
0288.HK,181,,"{""asOf"": 1, ""company"": 3, ""ownerMemo"": 67, ""series"": 22, ""tests"": 52, ""valuation"": 8, ""valueHistory"": 27, ""versions"": 1}",same inventoried inputs; recomputation mismatch
0291.HK,169,,"{""asOf"": 1, ""company"": 2, ""ownerMemo"": 63, ""series"": 22, ""tests"": 51, ""valuation"": 8, ""valueHistory"": 21, ""versions"": 1}",same inventoried inputs; recomputation mismatch
029780.KO,126,,"{""asOf"": 1, ""company"": 2, ""ownerMemo"": 32, ""series"": 35, ""tests"": 37, ""valuation"": 6, ""valueHistory"": 12, ""versions"": 1}",same inventoried inputs; recomputation mismatch
030000.KO,110,,"{""asOf"": 1, ""company"": 2, ""ownerMemo"": 29, ""series"": 30, ""tests"": 32, ""valuation"": 3, ""valueHistory"": 12, ""versions"": 1}",same inventoried inputs; recomputation mismatch
030200.KO,80,fundamentals/030200.KO.json;companies/030200.KO.json;raw/eodhd/030200.KO.json,"{""asOf"": 1, ""company"": 4, ""ownerMemo"": 8, ""series"": 28, ""tests"": 27, ""valuation"": 1, ""valueHistory"": 10, ""versions"": 1}",source-cache arrival observed; per-field attribution unproven
0316.HK,126,,"{""asOf"": 1, ""company"": 3, ""ownerMemo"": 37, ""series"": 11, ""tests"": 41, ""valuation"": 8, ""valueHistory"": 24, ""versions"": 1}",same inventoried inputs; recomputation mismatch
0322.HK,173,,"{""asOf"": 1, ""company"": 3, ""ownerMemo"": 65, ""series"": 23, ""tests"": 45, ""valuation"": 5, ""valueHistory"": 30, ""versions"": 1}",same inventoried inputs; recomputation mismatch
032640.KO,111,,"{""asOf"": 1, ""company"": 2, ""ownerMemo"": 27, ""series"": 29, ""tests"": 29, ""valuation"": 10, ""valueHistory"": 12, ""versions"": 1}",same inventoried inputs; recomputation mismatch
032830.KO,91,,"{""asOf"": 1, ""company"": 2, ""ownerMemo"": 14, ""series"": 32, ""tests"": 35, ""valuation"": 1, ""valueHistory"": 5, ""versions"": 1}",same inventoried inputs; recomputation mismatch
033780.KO,100,,"{""asOf"": 1, ""company"": 2, ""ownerMemo"": 27, ""series"": 29, ""tests"": 30, ""valuation"": 1, ""valueHistory"": 9, ""versions"": 1}",same inventoried inputs; recomputation mismatch
034020.KO,76,,"{""asOf"": 1, ""company"": 2, ""ownerMemo"": 15, ""series"": 29, ""tests"": 28, ""versions"": 1}",same inventoried inputs; recomputation mismatch
034220.KO,44,,"{""asOf"": 1, ""company"": 4, ""ownerMemo"": 6, ""series"": 15, ""tests"": 17, ""versions"": 1}",same inventoried inputs; recomputation mismatch
034230.KO,62,,"{""asOf"": 1, ""company"": 2, ""ownerMemo"": 41, ""series"": 17, ""versions"": 1}",same inventoried inputs; recomputation mismatch
034730.KO,90,,"{""asOf"": 1, ""company"": 2, ""ownerMemo"": 20, ""series"": 32, ""tests"": 31, ""valueHistory"": 3, ""versions"": 1}",same inventoried inputs; recomputation mismatch
035250.KO,100,,"{""asOf"": 1, ""company"": 2, ""ownerMemo"": 23, ""series"": 30, ""tests"": 33, ""valuation"": 1, ""valueHistory"": 9, ""versions"": 1}",same inventoried inputs; recomputation mismatch
035420.KO,106,,"{""asOf"": 1, ""company"": 2, ""ownerMemo"": 26, ""series"": 30, ""tests"": 30, ""valuation"": 4, ""valueHistory"": 12, ""versions"": 1}",same inventoried inputs; recomputation mismatch
035720.KO,129,,"{""asOf"": 1, ""company"": 2, ""events"": 4, ""ownerMemo"": 27, ""series"": 31, ""tests"": 35, ""valuation"": 22, ""valueHistory"": 6, ""versions"": 1}",same inventoried inputs; recomputation mismatch
036460.KO,94,,"{""asOf"": 1, ""company"": 2, ""ownerMemo"": 21, ""series"": 31, ""tests"": 32, ""valueHistory"": 6, ""versions"": 1}",same inventoried inputs; recomputation mismatch
036570.KO,117,,"{""asOf"": 1, ""company"": 2, ""ownerMemo"": 30, ""series"": 30, ""tests"": 31, ""valuation"": 10, ""valueHistory"": 12, ""versions"": 1}",same inventoried inputs; recomputation mismatch
0388.HK,78,,"{""asOf"": 1, ""company"": 2, ""ownerMemo"": 47, ""tests"": 16, ""valuation"": 1, ""valueHistory"": 10, ""versions"": 1}",same inventoried inputs; recomputation mismatch
039490.KO,118,,"{""asOf"": 1, ""company"": 2, ""ownerMemo"": 34, ""series"": 32, ""tests"": 33, ""valuation"": 3, ""valueHistory"": 12, ""versions"": 1}",same inventoried inputs; recomputation mismatch
042660.KO,86,,"{""asOf"": 1, ""company"": 2, ""ownerMemo"": 19, ""series"": 29, ""tests"": 30, ""valuation"": 1, ""valueHistory"": 3, ""versions"": 1}",same inventoried inputs; recomputation mismatch
042700.KO,54,,"{""asOf"": 1, ""company"": 2, ""ownerMemo"": 21, ""series"": 7, ""tests"": 19, ""valuation"": 3, ""versions"": 1}",same inventoried inputs; recomputation mismatch
047040.KO,107,,"{""asOf"": 1, ""company"": 2, ""ownerMemo"": 25, ""series"": 31, ""tests"": 38, ""valueHistory"": 9, ""versions"": 1}",same inventoried inputs; recomputation mismatch
047050.KO,101,,"{""asOf"": 1, ""company"": 2, ""ownerMemo"": 24, ""series"": 32, ""tests"": 35, ""valueHistory"": 6, ""versions"": 1}",same inventoried inputs; recomputation mismatch
047810.KO,111,,"{""asOf"": 1, ""company"": 2, ""ownerMemo"": 27, ""series"": 31, ""tests"": 37, ""valueHistory"": 12, ""versions"": 1}",same inventoried inputs; recomputation mismatch
051600.KO,128,,"{""asOf"": 1, ""company"": 2, ""ownerMemo"": 30, ""series"": 36, ""tests"": 40, ""valuation"": 6, ""valueHistory"": 12, ""versions"": 1}",same inventoried inputs; recomputation mismatch
051900.KO,127,,"{""asOf"": 1, ""company"": 2, ""ownerMemo"": 30, ""series"": 31, ""tests"": 33, ""valuation"": 17, ""valueHistory"": 12, ""versions"": 1}",same inventoried inputs; recomputation mismatch
051910.KO,92,,"{""asOf"": 1, ""company"": 2, ""ownerMemo"": 19, ""series"": 31, ""tests"": 35, ""valueHistory"": 3, ""versions"": 1}",same inventoried inputs; recomputation mismatch
052690.KO,116,,"{""asOf"": 1, ""company"": 2, ""ownerMemo"": 29, ""series"": 31, ""tests"": 34, ""valuation"": 6, ""valueHistory"": 12, ""versions"": 1}",same inventoried inputs; recomputation mismatch
055550.KO,86,fundamentals/055550.KO.json;companies/055550.KO.json;raw/eodhd/055550.KO.json,"{""asOf"": 1, ""company"": 4, ""ownerMemo"": 8, ""series"": 24, ""tests"": 29, ""valuation"": 10, ""valueHistory"": 9, ""versions"": 1}",source-cache arrival observed; per-field attribution unproven
062040.KO,62,,"{""asOf"": 1, ""company"": 2, ""ownerMemo"": 41, ""series"": 17, ""versions"": 1}",same inventoried inputs; recomputation mismatch
064350.KO,103,,"{""asOf"": 1, ""company"": 2, ""ownerMemo"": 26, ""series"": 31, ""tests"": 34, ""valuation"": 1, ""valueHistory"": 7, ""versions"": 1}",same inventoried inputs; recomputation mismatch
064400.KO,65,,"{""asOf"": 1, ""company"": 2, ""ownerMemo"": 44, ""series"": 17, ""versions"": 1}",same inventoried inputs; recomputation mismatch
066570.KO,118,fundamentals/066570.KO.json;companies/066570.KO.json;raw/eodhd/066570.KO.json,"{""asOf"": 1, ""company"": 4, ""ownerMemo"": 32, ""series"": 31, ""tests"": 32, ""valuation"": 8, ""valueHistory"": 9, ""versions"": 1}",source-cache arrival observed; per-field attribution unproven
0669.HK,102,,"{""asOf"": 1, ""company"": 2, ""ownerMemo"": 44, ""series"": 8, ""tests"": 29, ""valuation"": 5, ""valueHistory"": 12, ""versions"": 1}",same inventoried inputs; recomputation mismatch
068270.KO,41,,"{""asOf"": 1, ""company"": 2, ""ownerMemo"": 21, ""series"": 1, ""tests"": 12, ""valuation"": 3, ""versions"": 1}",same inventoried inputs; recomputation mismatch
0688.HK,184,,"{""asOf"": 1, ""company"": 2, ""ownerMemo"": 63, ""series"": 23, ""tests"": 56, ""valuation"": 8, ""valueHistory"": 30, ""versions"": 1}",same inventoried inputs; recomputation mismatch
069260.KO,115,,"{""asOf"": 1, ""company"": 2, ""ownerMemo"": 31, ""series"": 31, ""tests"": 33, ""valuation"": 4, ""valueHistory"": 12, ""versions"": 1}",same inventoried inputs; recomputation mismatch
069620.KO,94,,"{""asOf"": 1, ""company"": 2, ""ownerMemo"": 24, ""series"": 29, ""tests"": 28, ""valueHistory"": 9, ""versions"": 1}",same inventoried inputs; recomputation mismatch
069960.KO,91,,"{""asOf"": 1, ""company"": 2, ""ownerMemo"": 23, ""series"": 30, ""tests"": 31, ""valueHistory"": 3, ""versions"": 1}",same inventoried inputs; recomputation mismatch
0700.HK,113,,"{""asOf"": 1, ""company"": 3, ""ownerMemo"": 56, ""series"": 10, ""tests"": 31, ""valuation"": 1, ""valueHistory"": 10, ""versions"": 1}",same inventoried inputs; recomputation mismatch
071050.KO,135,,"{""asOf"": 1, ""company"": 2, ""ownerMemo"": 37, ""series"": 35, ""tests"": 43, ""valuation"": 4, ""valueHistory"": 12, ""versions"": 1}",same inventoried inputs; recomputation mismatch
071320.KO,91,,"{""asOf"": 1, ""company"": 2, ""ownerMemo"": 20, ""series"": 31, ""tests"": 36, ""versions"": 1}",same inventoried inputs; recomputation mismatch
071970.KO,106,,"{""asOf"": 1, ""company"": 2, ""ownerMemo"": 25, ""series"": 31, ""tests"": 31, ""valuation"": 6, ""valueHistory"": 9, ""versions"": 1}",same inventoried inputs; recomputation mismatch
073240.KO,104,,"{""asOf"": 1, ""company"": 2, ""ownerMemo"": 25, ""series"": 30, ""tests"": 30, ""valuation"": 6, ""valueHistory"": 9, ""versions"": 1}",same inventoried inputs; recomputation mismatch
0762.HK,173,,"{""asOf"": 1, ""company"": 2, ""ownerMemo"": 60, ""series"": 22, ""tests"": 52, ""valuation"": 8, ""valueHistory"": 27, ""versions"": 1}",same inventoried inputs; recomputation mismatch
078930.KO,93,,"{""asOf"": 1, ""company"": 2, ""ownerMemo"": 22, ""series"": 30, ""tests"": 31, ""valueHistory"": 6, ""versions"": 1}",same inventoried inputs; recomputation mismatch
079550.KO,116,,"{""asOf"": 1, ""company"": 2, ""ownerMemo"": 31, ""series"": 30, ""tests"": 33, ""valuation"": 6, ""valueHistory"": 12, ""versions"": 1}",same inventoried inputs; recomputation mismatch
081660.KO,111,,"{""asOf"": 1, ""company"": 2, ""ownerMemo"": 30, ""series"": 31, ""tests"": 37, ""valueHistory"": 9, ""versions"": 1}",same inventoried inputs; recomputation mismatch
0823.HK,60,,"{""asOf"": 1, ""company"": 2, ""ownerMemo"": 27, ""series"": 1, ""tests"": 28, ""versions"": 1}",same inventoried inputs; recomputation mismatch
082740.KO,81,,"{""asOf"": 1, ""company"": 2, ""ownerMemo"": 20, ""series"": 29, ""tests"": 28, ""versions"": 1}",same inventoried inputs; recomputation mismatch
0836.HK,62,,"{""asOf"": 1, ""company"": 2, ""ownerMemo"": 29, ""series"": 1, ""tests"": 28, ""versions"": 1}",same inventoried inputs; recomputation mismatch
086280.KO,146,,"{""asOf"": 1, ""company"": 2, ""judgement"": 1, ""ownerMemo"": 32, ""series"": 37, ""tests"": 48, ""valuation"": 12, ""valueHistory"": 12, ""versions"": 1}",same inventoried inputs; recomputation mismatch
086790.KO,103,,"{""asOf"": 1, ""company"": 2, ""ownerMemo"": 10, ""series"": 32, ""tests"": 35, ""valuation"": 10, ""valueHistory"": 12, ""versions"": 1}",same inventoried inputs; recomputation mismatch
0868.HK,144,,"{""asOf"": 1, ""company"": 3, ""ownerMemo"": 55, ""series"": 20, ""tests"": 50, ""valuation"": 8, ""valueHistory"": 6, ""versions"": 1}",same inventoried inputs; recomputation mismatch
0881.HK,116,,"{""asOf"": 1, ""company"": 3, ""ownerMemo"": 39, ""series"": 11, ""tests"": 40, ""valueHistory"": 21, ""versions"": 1}",same inventoried inputs; recomputation mismatch
0883.HK,480,,"{""asOf"": 1, ""company"": 2, ""historyCoverage"": 2, ""ownerMemo"": 62, ""series"": 272, ""tests"": 102, ""valuation"": 8, ""valueHistory"": 30, ""versions"": 1}",same inventoried inputs; recomputation mismatch
090430.KO,87,,"{""asOf"": 1, ""company"": 2, ""ownerMemo"": 23, ""series"": 29, ""tests"": 31, ""versions"": 1}",same inventoried inputs; recomputation mismatch
093050.KO,94,,"{""asOf"": 1, ""company"": 2, ""ownerMemo"": 24, ""series"": 30, ""tests"": 33, ""valueHistory"": 3, ""versions"": 1}",same inventoried inputs; recomputation mismatch
093370.KO,106,,"{""asOf"": 1, ""company"": 2, ""ownerMemo"": 24, ""series"": 30, ""tests"": 36, ""valuation"": 6, ""valueHistory"": 6, ""versions"": 1}",same inventoried inputs; recomputation mismatch
0941.HK,191,,"{""asOf"": 1, ""company"": 2, ""ownerMemo"": 69, ""series"": 23, ""tests"": 57, ""valuation"": 8, ""valueHistory"": 30, ""versions"": 1}",same inventoried inputs; recomputation mismatch
0960.HK,127,,"{""asOf"": 1, ""company"": 2, ""ownerMemo"": 45, ""series"": 11, ""tests"": 40, ""valueHistory"": 27, ""versions"": 1}",same inventoried inputs; recomputation mismatch
096770.KO,79,,"{""asOf"": 1, ""company"": 2, ""ownerMemo"": 17, ""series"": 29, ""tests"": 29, ""versions"": 1}",same inventoried inputs; recomputation mismatch
0968.HK,120,,"{""asOf"": 1, ""company"": 3, ""ownerMemo"": 51, ""series"": 16, ""tests"": 45, ""valuation"": 1, ""valueHistory"": 2, ""versions"": 1}",same inventoried inputs; recomputation mismatch
097950.KO,107,,"{""asOf"": 1, ""company"": 2, ""ownerMemo"": 26, ""series"": 33, ""tests"": 35, ""valueHistory"": 9, ""versions"": 1}",same inventoried inputs; recomputation mismatch
0981.HK,103,,"{""asOf"": 1, ""company"": 2, ""ownerMemo"": 33, ""series"": 11, ""tests"": 41, ""valuation"": 8, ""valueHistory"": 6, ""versions"": 1}",same inventoried inputs; recomputation mismatch
0992.HK,179,,"{""asOf"": 1, ""company"": 2, ""ownerMemo"": 65, ""series"": 22, ""tests"": 53, ""valuation"": 8, ""valueHistory"": 27, ""versions"": 1}",same inventoried inputs; recomputation mismatch
0AAL.LSE,74,fundamentals/0AAL.LSE.json;companies/0AAL.LSE.json;raw/eodhd/0AAL.LSE.json,"{""asOf"": 1, ""company"": 2, ""ownerMemo"": 45, ""series"": 12, ""tests"": 13, ""versions"": 1}",source-cache arrival observed; per-field attribution unproven
0H2Z.LSE,110,,"{""asOf"": 1, ""company"": 1, ""events"": 7, ""ownerMemo"": 48, ""report"": 1, ""series"": 25, ""tests"": 26, ""versions"": 1}",same inventoried inputs; recomputation mismatch
0MNC.LSE,120,fundamentals/0MNC.LSE.json;companies/0MNC.LSE.json;raw/eodhd/0MNC.LSE.json,"{""asOf"": 1, ""company"": 2, ""ownerMemo"": 71, ""series"": 18, ""tests"": 27, ""versions"": 1}",source-cache arrival observed; per-field attribution unproven
1024.HK,115,,"{""asOf"": 1, ""company"": 2, ""ownerMemo"": 48, ""series"": 16, ""tests"": 44, ""valueHistory"": 3, ""versions"": 1}",same inventoried inputs; recomputation mismatch
103140.KO,112,,"{""asOf"": 1, ""company"": 2, ""ownerMemo"": 30, ""series"": 32, ""tests"": 35, ""valuation"": 1, ""valueHistory"": 10, ""versions"": 1}",same inventoried inputs; recomputation mismatch
1038.HK,83,,"{""asOf"": 1, ""company"": 2, ""ownerMemo"": 47, ""series"": 1, ""tests"": 28, ""valuation"": 3, ""versions"": 1}",same inventoried inputs; recomputation mismatch
1044.HK,142,,"{""asOf"": 1, ""company"": 2, ""ownerMemo"": 48, ""series"": 11, ""tests"": 41, ""valuation"": 8, ""valueHistory"": 30, ""versions"": 1}",same inventoried inputs; recomputation mismatch
105560.KO,67,fundamentals/105560.KO.json;companies/105560.KO.json;raw/eodhd/105560.KO.json,"{""asOf"": 1, ""company"": 4, ""ownerMemo"": 5, ""series"": 25, ""tests"": 22, ""valueHistory"": 9, ""versions"": 1}",source-cache arrival observed; per-field attribution unproven
1093.HK,184,,"{""asOf"": 1, ""company"": 2, ""ownerMemo"": 72, ""requiredMos"": 1, ""series"": 22, ""tests"": 53, ""valuation"": 11, ""valueHistory"": 21, ""versions"": 1}",same inventoried inputs; recomputation mismatch
1099.HK,141,,"{""asOf"": 1, ""company"": 2, ""ownerMemo"": 47, ""series"": 11, ""tests"": 41, ""valuation"": 8, ""valueHistory"": 30, ""versions"": 1}",same inventoried inputs; recomputation mismatch
1109.HK,183,,"{""asOf"": 1, ""company"": 3, ""ownerMemo"": 65, ""series"": 22, ""tests"": 53, ""valuation"": 8, ""valueHistory"": 30, ""versions"": 1}",same inventoried inputs; recomputation mismatch
1113.HK,83,,"{""asOf"": 1, ""company"": 2, ""ownerMemo"": 47, ""series"": 1, ""tests"": 28, ""valuation"": 3, ""versions"": 1}",same inventoried inputs; recomputation mismatch
111770.KO,116,,"{""asOf"": 1, ""company"": 2, ""ownerMemo"": 31, ""series"": 30, ""tests"": 33, ""valuation"": 6, ""valueHistory"": 12, ""versions"": 1}",same inventoried inputs; recomputation mismatch
112610.KO,104,,"{""asOf"": 1, ""company"": 4, ""ownerMemo"": 26, ""series"": 30, ""tests"": 32, ""valuation"": 4, ""valueHistory"": 6, ""versions"": 1}",same inventoried inputs; recomputation mismatch
1177.HK,178,,"{""asOf"": 1, ""company"": 2, ""ownerMemo"": 67, ""series"": 29, ""tests"": 43, ""valuation"": 5, ""valueHistory"": 30, ""versions"": 1}",same inventoried inputs; recomputation mismatch
120110.KO,120,,"{""asOf"": 1, ""company"": 2, ""ownerMemo"": 27, ""series"": 30, ""tests"": 35, ""valuation"": 15, ""valueHistory"": 9, ""versions"": 1}",same inventoried inputs; recomputation mismatch
1209.HK,119,,"{""asOf"": 1, ""company"": 2, ""ownerMemo"": 59, ""series"": 16, ""tests"": 34, ""valuation"": 1, ""valueHistory"": 5, ""versions"": 1}",same inventoried inputs; recomputation mismatch
1216.TW,39,,"{""asOf"": 1, ""company"": 2, ""ownerMemo"": 19, ""series"": 1, ""tests"": 12, ""valuation"": 3, ""versions"": 1}",same inventoried inputs; recomputation mismatch
128940.KO,109,,"{""asOf"": 1, ""company"": 4, ""ownerMemo"": 24, ""series"": 29, ""tests"": 30, ""valuation"": 8, ""valueHistory"": 12, ""versions"": 1}",same inventoried inputs; recomputation mismatch
1299.HK,114,,"{""asOf"": 1, ""company"": 2, ""ownerMemo"": 47, ""series"": 17, ""tests"": 42, ""valuation"": 1, ""valueHistory"": 3, ""versions"": 1}",same inventoried inputs; recomputation mismatch
1301.TW,34,,"{""asOf"": 1, ""company"": 2, ""ownerMemo"": 17, ""series"": 1, ""tests"": 12, ""versions"": 1}",same inventoried inputs; recomputation mismatch
1303.TW,39,,"{""asOf"": 1, ""company"": 2, ""ownerMemo"": 19, ""series"": 1, ""tests"": 12, ""valuation"": 3, ""versions"": 1}",same inventoried inputs; recomputation mismatch
1332.JP,84,,"{""asOf"": 1, ""ownerMemo"": 13, ""series"": 23, ""tests"": 38, ""valuation"": 5, ""valueHistory"": 3, ""versions"": 1}",same inventoried inputs; recomputation mismatch
137310.KO,81,,"{""asOf"": 1, ""company"": 2, ""ownerMemo"": 16, ""series"": 30, ""tests"": 31, ""versions"": 1}",same inventoried inputs; recomputation mismatch
1378.HK,148,,"{""asOf"": 1, ""company"": 2, ""ownerMemo"": 52, ""requiredMos"": 1, ""series"": 11, ""tests"": 41, ""valuation"": 8, ""valueHistory"": 30, ""versions"": 1, ""volatility"": 1}",same inventoried inputs; recomputation mismatch
138040.KO,115,,"{""asOf"": 1, ""company"": 2, ""ownerMemo"": 32, ""series"": 33, ""tests"": 39, ""valuation"": 1, ""valueHistory"": 6, ""versions"": 1}",same inventoried inputs; recomputation mismatch
138930.KO,103,,"{""asOf"": 1, ""company"": 4, ""ownerMemo"": 10, ""series"": 32, ""tests"": 35, ""valuation"": 8, ""valueHistory"": 12, ""versions"": 1}",same inventoried inputs; recomputation mismatch
139130.KO,104,,"{""asOf"": 1, ""businessOverview"": 1, ""company"": 2, ""judgement"": 1, ""ownerMemo"": 12, ""series"": 32, ""tests"": 44, ""valuation"": 1, ""valueHistory"": 9, ""versions"": 1}",same inventoried inputs; recomputation mismatch
139480.KO,105,,"{""asOf"": 1, ""company"": 2, ""ownerMemo"": 22, ""series"": 30, ""tests"": 31, ""valuation"": 12, ""valueHistory"": 6, ""versions"": 1}",same inventoried inputs; recomputation mismatch
1605.JP,85,,"{""asOf"": 1, ""ownerMemo"": 7, ""series"": 31, ""tests"": 29, ""valuation"": 13, ""valueHistory"": 3, ""versions"": 1}",same inventoried inputs; recomputation mismatch
161390.KO,110,,"{""asOf"": 1, ""company"": 2, ""ownerMemo"": 30, ""series"": 31, ""tests"": 33, ""valueHistory"": 12, ""versions"": 1}",same inventoried inputs; recomputation mismatch
161890.KO,106,,"{""asOf"": 1, ""company"": 2, ""ownerMemo"": 25, ""series"": 30, ""tests"": 32, ""valuation"": 6, ""valueHistory"": 9, ""versions"": 1}",same inventoried inputs; recomputation mismatch
1721.JP,4,,"{""asOf"": 1, ""ownerMemo"": 2, ""versions"": 1}",same inventoried inputs; recomputation mismatch
175330.KO,94,,"{""asOf"": 1, ""company"": 2, ""ownerMemo"": 9, ""series"": 32, ""tests"": 34, ""valuation"": 3, ""valueHistory"": 12, ""versions"": 1}",same inventoried inputs; recomputation mismatch
1801.JP,844,,"{""asOf"": 1, ""events"": 1, ""historyCoverage"": 2, ""ownerMemo"": 56, ""series"": 386, ""tests"": 365, ""valuation"": 15, ""valueHistory"": 17, ""versions"": 1}",same inventoried inputs; recomputation mismatch
1802.JP,165,,"{""asOf"": 1, ""ownerMemo"": 35, ""series"": 41, ""tests"": 59, ""valuation"": 16, ""valueHistory"": 12, ""versions"": 1}",same inventoried inputs; recomputation mismatch
1803.JP,20,,"{""asOf"": 1, ""ownerMemo"": 2, ""series"": 1, ""tests"": 12, ""valuation"": 3, ""versions"": 1}",same inventoried inputs; recomputation mismatch
180640.KO,94,,"{""asOf"": 1, ""company"": 2, ""ownerMemo"": 19, ""series"": 30, ""tests"": 29, ""valueHistory"": 12, ""versions"": 1}",same inventoried inputs; recomputation mismatch
1808.JP,31,,"{""asOf"": 1, ""ownerMemo"": 5, ""series"": 3, ""tests"": 18, ""valuation"": 3, ""versions"": 1}",same inventoried inputs; recomputation mismatch
1810.HK,157,,"{""asOf"": 1, ""company"": 5, ""ownerMemo"": 59, ""series"": 20, ""tests"": 51, ""valuation"": 8, ""valueHistory"": 12, ""versions"": 1}",same inventoried inputs; recomputation mismatch
1812.JP,31,,"{""asOf"": 1, ""ownerMemo"": 3, ""series"": 8, ""tests"": 15, ""valuation"": 3, ""versions"": 1}",same inventoried inputs; recomputation mismatch
183190.KO,118,,"{""asOf"": 1, ""company"": 2, ""ownerMemo"": 37, ""series"": 34, ""tests"": 34, ""valueHistory"": 9, ""versions"": 1}",same inventoried inputs; recomputation mismatch
185750.KO,94,,"{""asOf"": 1, ""company"": 2, ""ownerMemo"": 23, ""series"": 29, ""tests"": 29, ""valueHistory"": 9, ""versions"": 1}",same inventoried inputs; recomputation mismatch
1876.HK,145,,"{""asOf"": 1, ""company"": 2, ""ownerMemo"": 52, ""series"": 20, ""tests"": 51, ""valuation"": 9, ""valueHistory"": 9, ""versions"": 1}",same inventoried inputs; recomputation mismatch
192080.KO,23,,"{""asOf"": 1, ""company"": 2, ""ownerMemo"": 19, ""versions"": 1}",same inventoried inputs; recomputation mismatch
1925.JP,59,,"{""asOf"": 1, ""ownerMemo"": 12, ""series"": 9, ""tests"": 31, ""valuation"": 5, ""versions"": 1}",same inventoried inputs; recomputation mismatch
1928.HK,145,,"{""asOf"": 1, ""company"": 3, ""ownerMemo"": 59, ""series"": 23, ""tests"": 52, ""valuation"": 1, ""valueHistory"": 5, ""versions"": 1}",same inventoried inputs; recomputation mismatch
1928.JP,32,,"{""asOf"": 1, ""ownerMemo"": 2, ""series"": 1, ""tests"": 12, ""valuation"": 15, ""versions"": 1}",same inventoried inputs; recomputation mismatch
192820.KO,109,,"{""asOf"": 1, ""company"": 2, ""ownerMemo"": 35, ""series"": 31, ""tests"": 35, ""valuation"": 1, ""valueHistory"": 3, ""versions"": 1}",same inventoried inputs; recomputation mismatch
1929.HK,65,,"{""asOf"": 1, ""company"": 2, ""ownerMemo"": 45, ""tests"": 16, ""versions"": 1}",same inventoried inputs; recomputation mismatch
1963.JP,17,,"{""asOf"": 1, ""ownerMemo"": 2, ""series"": 1, ""tests"": 12, ""versions"": 1}",same inventoried inputs; recomputation mismatch
1997.HK,65,,"{""asOf"": 1, ""company"": 3, ""ownerMemo"": 31, ""series"": 1, ""tests"": 28, ""versions"": 1}",same inventoried inputs; recomputation mismatch
1T5.MU,55,,"{""asOf"": 1, ""company"": 1, ""ownerMemo"": 12, ""series"": 14, ""tests"": 26, ""versions"": 1}",same inventoried inputs; recomputation mismatch
2002.JP,46,,"{""asOf"": 1, ""ownerMemo"": 9, ""series"": 6, ""tests"": 24, ""valuation"": 5, ""versions"": 1}",same inventoried inputs; recomputation mismatch
2002.TW,38,fundamentals/2002.TW.json;companies/2002.TW.json;raw/eodhd/2002.TW.json,"{""asOf"": 1, ""company"": 4, ""ownerMemo"": 19, ""series"": 1, ""tests"": 12, ""versions"": 1}",source-cache arrival observed; per-field attribution unproven
2015.HK,89,,"{""asOf"": 1, ""company"": 3, ""ownerMemo"": 36, ""series"": 14, ""tests"": 34, ""versions"": 1}",same inventoried inputs; recomputation mismatch
2020.HK,132,,"{""asOf"": 1, ""company"": 3, ""ownerMemo"": 51, ""series"": 10, ""tests"": 31, ""valuation"": 5, ""valueHistory"": 30, ""versions"": 1}",same inventoried inputs; recomputation mismatch
204320.KO,143,,"{""asOf"": 1, ""company"": 2, ""ownerMemo"": 60, ""series"": 19, ""tests"": 45, ""valuation"": 12, ""valueHistory"": 3, ""versions"": 1}",same inventoried inputs; recomputation mismatch
2057.HK,160,,"{""asOf"": 1, ""company"": 3, ""ownerMemo"": 67, ""series"": 18, ""tests"": 43, ""valuation"": 6, ""valueHistory"": 21, ""versions"": 1}",same inventoried inputs; recomputation mismatch
2059.TW,24,,"{""asOf"": 1, ""company"": 2, ""ownerMemo"": 20, ""versions"": 1}",same inventoried inputs; recomputation mismatch
207940.KO,101,,"{""asOf"": 1, ""company"": 2, ""ownerMemo"": 27, ""series"": 29, ""tests"": 26, ""valuation"": 3, ""valueHistory"": 12, ""versions"": 1}",same inventoried inputs; recomputation mismatch
2207.TW,39,,"{""asOf"": 1, ""company"": 2, ""ownerMemo"": 19, ""series"": 1, ""tests"": 12, ""valuation"": 3, ""versions"": 1}",same inventoried inputs; recomputation mismatch
2269.HK,121,,"{""asOf"": 1, ""company"": 3, ""ownerMemo"": 46, ""series"": 10, ""tests"": 43, ""valuation"": 8, ""valueHistory"": 9, ""versions"": 1}",same inventoried inputs; recomputation mismatch
2269.JP,70,,"{""asOf"": 1, ""ownerMemo"": 2, ""series"": 29, ""tests"": 28, ""valueHistory"": 9, ""versions"": 1}",same inventoried inputs; recomputation mismatch
2282.JP,132,,"{""asOf"": 1, ""ownerMemo"": 93, ""series"": 11, ""tests"": 23, ""valuation"": 3, ""versions"": 1}",same inventoried inputs; recomputation mismatch
2301.TW,25,,"{""asOf"": 1, ""company"": 2, ""ownerMemo"": 21, ""versions"": 1}",same inventoried inputs; recomputation mismatch
2303.TW,27,fundamentals/2303.TW.json;companies/2303.TW.json;raw/eodhd/2303.TW.json,"{""asOf"": 1, ""company"": 4, ""ownerMemo"": 5, ""series"": 1, ""tests"": 12, ""valuation"": 3, ""versions"": 1}",source-cache arrival observed; per-field attribution unproven
2308.TW,24,,"{""asOf"": 1, ""company"": 2, ""ownerMemo"": 20, ""versions"": 1}",same inventoried inputs; recomputation mismatch
2313.HK,113,,"{""asOf"": 1, ""company"": 3, ""ownerMemo"": 46, ""series"": 11, ""tests"": 40, ""valuation"": 1, ""valueHistory"": 10, ""versions"": 1}",same inventoried inputs; recomputation mismatch
2317.TW,45,fundamentals/2317.TW.json;companies/2317.TW.json;raw/eodhd/2317.TW.json,"{""asOf"": 1, ""company"": 4, ""ownerMemo"": 23, ""series"": 1, ""tests"": 12, ""valuation"": 3, ""versions"": 1}",source-cache arrival observed; per-field attribution unproven
2319.HK,125,,"{""asOf"": 1, ""company"": 2, ""ownerMemo"": 37, ""series"": 11, ""tests"": 41, ""valuation"": 8, ""valueHistory"": 24, ""versions"": 1}",same inventoried inputs; recomputation mismatch
2327.TW,36,,"{""asOf"": 1, ""company"": 2, ""ownerMemo"": 19, ""series"": 1, ""tests"": 12, ""versions"": 1}",same inventoried inputs; recomputation mismatch
2330.TW,11,fundamentals/2330.TW.json;companies/2330.TW.json;raw/eodhd/2330.TW.json,"{""asOf"": 1, ""company"": 4, ""ownerMemo"": 5, ""versions"": 1}",source-cache arrival observed; per-field attribution unproven
2331.HK,127,,"{""asOf"": 1, ""company"": 3, ""ownerMemo"": 52, ""series"": 10, ""tests"": 31, ""valuation"": 5, ""valueHistory"": 24, ""versions"": 1}",same inventoried inputs; recomputation mismatch
2345.TW,24,,"{""asOf"": 1, ""company"": 2, ""ownerMemo"": 20, ""versions"": 1}",same inventoried inputs; recomputation mismatch
2357.TW,39,,"{""asOf"": 1, ""company"": 2, ""ownerMemo"": 19, ""series"": 1, ""tests"": 12, ""valuation"": 3, ""versions"": 1}",same inventoried inputs; recomputation mismatch
2379.TW,23,,"{""asOf"": 1, ""company"": 2, ""ownerMemo"": 19, ""versions"": 1}",same inventoried inputs; recomputation mismatch
2382.HK,187,,"{""asOf"": 1, ""company"": 2, ""ownerMemo"": 71, ""series"": 22, ""tests"": 52, ""valuation"": 8, ""valueHistory"": 30, ""versions"": 1}",same inventoried inputs; recomputation mismatch
2382.TW,40,,"{""asOf"": 1, ""company"": 2, ""ownerMemo"": 20, ""series"": 1, ""tests"": 12, ""valuation"": 3, ""versions"": 1}",same inventoried inputs; recomputation mismatch
2383.TW,39,,"{""asOf"": 1, ""company"": 2, ""ownerMemo"": 19, ""series"": 1, ""tests"": 12, ""valuation"": 3, ""versions"": 1}",same inventoried inputs; recomputation mismatch
2388.HK,41,,"{""asOf"": 1, ""company"": 2, ""ownerMemo"": 9, ""tests"": 17, ""valuation"": 1, ""valueHistory"": 10, ""versions"": 1}",same inventoried inputs; recomputation mismatch
2395.TW,24,,"{""asOf"": 1, ""company"": 2, ""ownerMemo"": 20, ""versions"": 1}",same inventoried inputs; recomputation mismatch
2412.TW,27,fundamentals/2412.TW.json;companies/2412.TW.json;raw/eodhd/2412.TW.json,"{""asOf"": 1, ""company"": 4, ""ownerMemo"": 5, ""series"": 1, ""tests"": 12, ""valuation"": 3, ""versions"": 1}",source-cache arrival observed; per-field attribution unproven
2413.JP,48,,"{""asOf"": 1, ""ownerMemo"": 4, ""series"": 17, ""tests"": 25, ""versions"": 1}",same inventoried inputs; recomputation mismatch
241560.KO,109,,"{""asOf"": 1, ""company"": 2, ""ownerMemo"": 29, ""series"": 28, ""tests"": 27, ""valuation"": 9, ""valueHistory"": 12, ""versions"": 1}",same inventoried inputs; recomputation mismatch
2432.JP,108,,"{""asOf"": 1, ""ownerMemo"": 23, ""series"": 29, ""tests"": 31, ""valuation"": 14, ""valueHistory"": 9, ""versions"": 1}",same inventoried inputs; recomputation mismatch
2454.TW,23,,"{""asOf"": 1, ""company"": 2, ""ownerMemo"": 19, ""versions"": 1}",same inventoried inputs; recomputation mismatch
2501.JP,58,,"{""asOf"": 1, ""ownerMemo"": 13, ""series"": 7, ""tests"": 17, ""valuation"": 16, ""valueHistory"": 3, ""versions"": 1}",same inventoried inputs; recomputation mismatch
2502.JP,90,,"{""asOf"": 1, ""ownerMemo"": 7, ""series"": 31, ""tests"": 29, ""valuation"": 15, ""valueHistory"": 6, ""versions"": 1}",same inventoried inputs; recomputation mismatch
2503.JP,57,,"{""asOf"": 1, ""ownerMemo"": 3, ""series"": 12, ""tests"": 24, ""valuation"": 16, ""versions"": 1}",same inventoried inputs; recomputation mismatch
251270.KO,93,,"{""asOf"": 1, ""company"": 2, ""ownerMemo"": 24, ""series"": 29, ""tests"": 29, ""valuation"": 1, ""valueHistory"": 6, ""versions"": 1}",same inventoried inputs; recomputation mismatch
259960.KO,98,,"{""asOf"": 1, ""company"": 4, ""ownerMemo"": 24, ""series"": 28, ""tests"": 25, ""valuation"": 3, ""valueHistory"": 12, ""versions"": 1}",same inventoried inputs; recomputation mismatch
2603.TW,38,,"{""asOf"": 1, ""company"": 2, ""ownerMemo"": 18, ""series"": 1, ""tests"": 12, ""valuation"": 3, ""versions"": 1}",same inventoried inputs; recomputation mismatch
2609.TW,33,,"{""asOf"": 1, ""company"": 2, ""ownerMemo"": 16, ""series"": 1, ""tests"": 12, ""versions"": 1}",same inventoried inputs; recomputation mismatch
2615.TW,38,,"{""asOf"": 1, ""company"": 2, ""ownerMemo"": 18, ""series"": 1, ""tests"": 12, ""valuation"": 3, ""versions"": 1}",same inventoried inputs; recomputation mismatch
2618.HK,114,,"{""asOf"": 1, ""company"": 2, ""ownerMemo"": 42, ""series"": 15, ""tests"": 42, ""valuation"": 8, ""valueHistory"": 3, ""versions"": 1}",same inventoried inputs; recomputation mismatch
267260.KO,115,,"{""asOf"": 1, ""company"": 2, ""ownerMemo"": 26, ""series"": 32, ""tests"": 38, ""valuation"": 9, ""valueHistory"": 6, ""versions"": 1}",same inventoried inputs; recomputation mismatch
267270.KO,106,,"{""asOf"": 1, ""company"": 2, ""ownerMemo"": 24, ""series"": 30, ""tests"": 36, ""valuation"": 6, ""valueHistory"": 6, ""versions"": 1}",same inventoried inputs; recomputation mismatch
268280.KO,99,,"{""asOf"": 1, ""company"": 2, ""ownerMemo"": 26, ""series"": 28, ""tests"": 26, ""valuation"": 3, ""valueHistory"": 12, ""versions"": 1}",same inventoried inputs; recomputation mismatch
2688.HK,185,,"{""asOf"": 1, ""company"": 2, ""ownerMemo"": 67, ""series"": 23, ""tests"": 53, ""valuation"": 8, ""valueHistory"": 30, ""versions"": 1}",same inventoried inputs; recomputation mismatch
272210.KO,118,,"{""asOf"": 1, ""company"": 2, ""ownerMemo"": 42, ""series"": 29, ""tests"": 28, ""valuation"": 6, ""valueHistory"": 9, ""versions"": 1}",same inventoried inputs; recomputation mismatch
2768.JP,129,,"{""asOf"": 1, ""ownerMemo"": 75, ""series"": 16, ""tests"": 36, ""versions"": 1}",same inventoried inputs; recomputation mismatch
278470.KO,143,,"{""asOf"": 1, ""company"": 2, ""events"": 1, ""historyCoverage"": 2, ""ownerMemo"": 75, ""series"": 61, ""versions"": 1}",same inventoried inputs; recomputation mismatch
2801.JP,105,,"{""asOf"": 1, ""ownerMemo"": 13, ""series"": 34, ""tests"": 39, ""valuation"": 5, ""valueHistory"": 12, ""versions"": 1}",same inventoried inputs; recomputation mismatch
2802.JP,203,,"{""asOf"": 1, ""ownerMemo"": 29, ""series"": 82, ""tests"": 64, ""valuation"": 11, ""valueHistory"": 15, ""versions"": 1}",same inventoried inputs; recomputation mismatch
280360.KO,99,,"{""asOf"": 1, ""company"": 2, ""ownerMemo"": 24, ""series"": 31, ""tests"": 31, ""valueHistory"": 9, ""versions"": 1}",same inventoried inputs; recomputation mismatch
285130.KO,87,,"{""asOf"": 1, ""company"": 2, ""ownerMemo"": 20, ""series"": 30, ""tests"": 33, ""versions"": 1}",same inventoried inputs; recomputation mismatch
285A.JP,82,,"{""asOf"": 1, ""ownerMemo"": 25, ""series"": 11, ""tests"": 41, ""valuation"": 3, ""versions"": 1}",same inventoried inputs; recomputation mismatch
2871.JP,69,,"{""asOf"": 1, ""ownerMemo"": 13, ""series"": 15, ""tests"": 34, ""valuation"": 2, ""valueHistory"": 3, ""versions"": 1}",same inventoried inputs; recomputation mismatch
2880.TW,24,,"{""asOf"": 1, ""company"": 2, ""ownerMemo"": 8, ""tests"": 1, ""valuation"": 1, ""valueHistory"": 10, ""versions"": 1}",same inventoried inputs; recomputation mismatch
2881.TW,24,,"{""asOf"": 1, ""company"": 2, ""ownerMemo"": 8, ""tests"": 1, ""valuation"": 1, ""valueHistory"": 10, ""versions"": 1}",same inventoried inputs; recomputation mismatch
2882.TW,10,,"{""asOf"": 1, ""company"": 2, ""ownerMemo"": 6, ""versions"": 1}",same inventoried inputs; recomputation mismatch
2883.TW,10,,"{""asOf"": 1, ""company"": 2, ""ownerMemo"": 6, ""versions"": 1}",same inventoried inputs; recomputation mismatch
2884.TW,80,,"{""asOf"": 1, ""company"": 2, ""ownerMemo"": 6, ""series"": 33, ""tests"": 25, ""valueHistory"": 12, ""versions"": 1}",same inventoried inputs; recomputation mismatch
2885.TW,40,,"{""asOf"": 1, ""company"": 2, ""ownerMemo"": 20, ""series"": 1, ""tests"": 12, ""valuation"": 3, ""versions"": 1}",same inventoried inputs; recomputation mismatch
2886.TW,10,,"{""asOf"": 1, ""company"": 2, ""ownerMemo"": 6, ""versions"": 1}",same inventoried inputs; recomputation mismatch
2887.TW,10,,"{""asOf"": 1, ""company"": 2, ""ownerMemo"": 6, ""versions"": 1}",same inventoried inputs; recomputation mismatch
2890.TW,11,,"{""asOf"": 1, ""company"": 2, ""ownerMemo"": 7, ""versions"": 1}",same inventoried inputs; recomputation mismatch
2891.TW,10,,"{""asOf"": 1, ""company"": 2, ""ownerMemo"": 6, ""versions"": 1}",same inventoried inputs; recomputation mismatch
2892.TW,10,,"{""asOf"": 1, ""company"": 2, ""ownerMemo"": 6, ""versions"": 1}",same inventoried inputs; recomputation mismatch
2912.TW,35,,"{""asOf"": 1, ""company"": 2, ""ownerMemo"": 18, ""series"": 1, ""tests"": 12, ""versions"": 1}",same inventoried inputs; recomputation mismatch
2914.JP,18,,"{""asOf"": 1, ""ownerMemo"": 3, ""valuation"": 13, ""versions"": 1}",same inventoried inputs; recomputation mismatch
298020.KO,88,,"{""asOf"": 1, ""company"": 2, ""ownerMemo"": 20, ""series"": 29, ""tests"": 29, ""valueHistory"": 6, ""versions"": 1}",same inventoried inputs; recomputation mismatch
298040.KO,119,,"{""asOf"": 1, ""company"": 2, ""ownerMemo"": 26, ""series"": 31, ""tests"": 34, ""valuation"": 12, ""valueHistory"": 12, ""versions"": 1}",same inventoried inputs; recomputation mismatch
298050.KO,86,,"{""asOf"": 1, ""company"": 2, ""ownerMemo"": 18, ""series"": 30, ""tests"": 31, ""valueHistory"": 3, ""versions"": 1}",same inventoried inputs; recomputation mismatch
300014.SHE,39,,"{""asOf"": 1, ""company"": 2, ""ownerMemo"": 19, ""series"": 1, ""tests"": 12, ""valuation"": 3, ""versions"": 1}",same inventoried inputs; recomputation mismatch
300015.SHE,121,,"{""asOf"": 1, ""company"": 2, ""ownerMemo"": 28, ""series"": 30, ""tests"": 35, ""valuation"": 12, ""valueHistory"": 12, ""versions"": 1}",same inventoried inputs; recomputation mismatch
300033.SHE,24,,"{""asOf"": 1, ""company"": 2, ""ownerMemo"": 20, ""versions"": 1}",same inventoried inputs; recomputation mismatch
300059.SHE,10,,"{""asOf"": 1, ""company"": 2, ""ownerMemo"": 6, ""versions"": 1}",same inventoried inputs; recomputation mismatch
300122.SHE,96,,"{""asOf"": 1, ""company"": 2, ""ownerMemo"": 21, ""series"": 30, ""tests"": 32, ""valueHistory"": 9, ""versions"": 1}",same inventoried inputs; recomputation mismatch
300124.SHE,122,,"{""asOf"": 1, ""businessOverview"": 1, ""company"": 2, ""judgement"": 1, ""ownerMemo"": 28, ""series"": 29, ""tests"": 44, ""valuation"": 3, ""valueHistory"": 12, ""versions"": 1}",same inventoried inputs; recomputation mismatch
300142.SHE,35,,"{""asOf"": 1, ""company"": 2, ""ownerMemo"": 15, ""series"": 1, ""tests"": 12, ""valuation"": 3, ""versions"": 1}",same inventoried inputs; recomputation mismatch
300223.SHE,39,,"{""asOf"": 1, ""company"": 2, ""ownerMemo"": 19, ""series"": 1, ""tests"": 12, ""valuation"": 3, ""versions"": 1}",same inventoried inputs; recomputation mismatch
300274.SHE,115,,"{""asOf"": 1, ""company"": 2, ""ownerMemo"": 28, ""series"": 29, ""tests"": 33, ""valuation"": 9, ""valueHistory"": 12, ""versions"": 1}",same inventoried inputs; recomputation mismatch
300308.SHE,111,,"{""asOf"": 1, ""company"": 2, ""ownerMemo"": 26, ""series"": 30, ""tests"": 33, ""valuation"": 6, ""valueHistory"": 12, ""versions"": 1}",same inventoried inputs; recomputation mismatch
300316.SHE,116,,"{""asOf"": 1, ""company"": 2, ""ownerMemo"": 28, ""series"": 29, ""tests"": 36, ""valuation"": 7, ""valueHistory"": 12, ""versions"": 1}",same inventoried inputs; recomputation mismatch
300347.SHE,122,,"{""asOf"": 1, ""company"": 2, ""ownerMemo"": 29, ""series"": 42, ""tests"": 34, ""valuation"": 1, ""valueHistory"": 12, ""versions"": 1}",same inventoried inputs; recomputation mismatch
300408.SHE,24,,"{""asOf"": 1, ""company"": 2, ""ownerMemo"": 20, ""versions"": 1}",same inventoried inputs; recomputation mismatch
300413.SHE,108,,"{""asOf"": 1, ""company"": 2, ""ownerMemo"": 28, ""series"": 30, ""tests"": 33, ""valuation"": 1, ""valueHistory"": 12, ""versions"": 1}",same inventoried inputs; recomputation mismatch
300433.SHE,97,,"{""asOf"": 1, ""company"": 2, ""ownerMemo"": 23, ""series"": 29, ""tests"": 32, ""valuation"": 1, ""valueHistory"": 8, ""versions"": 1}",same inventoried inputs; recomputation mismatch
300450.SHE,107,,"{""asOf"": 1, ""company"": 2, ""ownerMemo"": 28, ""series"": 30, ""tests"": 33, ""valuation"": 3, ""valueHistory"": 9, ""versions"": 1}",same inventoried inputs; recomputation mismatch
300454.SHE,87,,"{""asOf"": 1, ""company"": 2, ""ownerMemo"": 20, ""series"": 29, ""tests"": 31, ""valueHistory"": 3, ""versions"": 1}",same inventoried inputs; recomputation mismatch
300496.SHE,112,,"{""asOf"": 1, ""company"": 2, ""ownerMemo"": 26, ""series"": 29, ""tests"": 32, ""valuation"": 12, ""valueHistory"": 9, ""versions"": 1}",same inventoried inputs; recomputation mismatch
300498.SHE,83,,"{""asOf"": 1, ""company"": 2, ""ownerMemo"": 17, ""series"": 30, ""tests"": 32, ""versions"": 1}",same inventoried inputs; recomputation mismatch
300628.SHE,112,,"{""asOf"": 1, ""company"": 2, ""ownerMemo"": 26, ""series"": 29, ""tests"": 32, ""valuation"": 9, ""valueHistory"": 12, ""versions"": 1}",same inventoried inputs; recomputation mismatch
300661.SHE,40,,"{""asOf"": 1, ""company"": 2, ""ownerMemo"": 20, ""series"": 1, ""tests"": 12, ""valuation"": 3, ""versions"": 1}",same inventoried inputs; recomputation mismatch
300720.KO,38,,"{""asOf"": 1, ""company"": 2, ""ownerMemo"": 22, ""series"": 1, ""tests"": 11, ""versions"": 1}",same inventoried inputs; recomputation mismatch
300750.SHE,36,,"{""asOf"": 1, ""company"": 2, ""ownerMemo"": 19, ""series"": 1, ""tests"": 12, ""versions"": 1}",same inventoried inputs; recomputation mismatch
300751.SHE,112,,"{""asOf"": 1, ""company"": 2, ""ownerMemo"": 29, ""series"": 30, ""tests"": 34, ""valuation"": 3, ""valueHistory"": 12, ""versions"": 1}",same inventoried inputs; recomputation mismatch
300759.SHE,156,,"{""asOf"": 1, ""company"": 2, ""ownerMemo"": 31, ""series"": 64, ""tests"": 44, ""valuation"": 1, ""valueHistory"": 12, ""versions"": 1}",same inventoried inputs; recomputation mismatch
300760.SHE,106,,"{""asOf"": 1, ""company"": 2, ""ownerMemo"": 26, ""series"": 28, ""tests"": 31, ""valuation"": 5, ""valueHistory"": 12, ""versions"": 1}",same inventoried inputs; recomputation mismatch
300763.SHE,80,,"{""asOf"": 1, ""company"": 2, ""ownerMemo"": 18, ""series"": 29, ""tests"": 29, ""versions"": 1}",same inventoried inputs; recomputation mismatch
300782.SHE,78,,"{""asOf"": 1, ""company"": 2, ""ownerMemo"": 16, ""series"": 29, ""tests"": 29, ""versions"": 1}",same inventoried inputs; recomputation mismatch
3008.TW,40,,"{""asOf"": 1, ""company"": 2, ""ownerMemo"": 20, ""series"": 1, ""tests"": 12, ""valuation"": 3, ""versions"": 1}",same inventoried inputs; recomputation mismatch
300896.SHE,23,,"{""asOf"": 1, ""company"": 2, ""ownerMemo"": 19, ""versions"": 1}",same inventoried inputs; recomputation mismatch
300919.SHE,89,,"{""asOf"": 1, ""company"": 4, ""ownerMemo"": 17, ""series"": 30, ""tests"": 36, ""versions"": 1}",same inventoried inputs; recomputation mismatch
300957.SHE,105,,"{""asOf"": 1, ""company"": 2, ""ownerMemo"": 26, ""series"": 28, ""tests"": 26, ""valuation"": 9, ""valueHistory"": 12, ""versions"": 1}",same inventoried inputs; recomputation mismatch
300979.SHE,97,,"{""asOf"": 1, ""company"": 2, ""ownerMemo"": 23, ""series"": 29, ""tests"": 27, ""valuation"": 5, ""valueHistory"": 9, ""versions"": 1}",same inventoried inputs; recomputation mismatch
300999.SHE,84,,"{""asOf"": 1, ""company"": 2, ""ownerMemo"": 19, ""series"": 30, ""tests"": 31, ""versions"": 1}",same inventoried inputs; recomputation mismatch
301269.SHE,102,,"{""asOf"": 1, ""company"": 2, ""ownerMemo"": 23, ""series"": 29, ""tests"": 27, ""valuation"": 10, ""valueHistory"": 9, ""versions"": 1}",same inventoried inputs; recomputation mismatch
3017.TW,39,,"{""asOf"": 1, ""company"": 2, ""ownerMemo"": 19, ""series"": 1, ""tests"": 12, ""valuation"": 3, ""versions"": 1}",same inventoried inputs; recomputation mismatch
302440.KO,90,,"{""asOf"": 1, ""company"": 2, ""ownerMemo"": 20, ""series"": 30, ""tests"": 30, ""valueHistory"": 6, ""versions"": 1}",same inventoried inputs; recomputation mismatch
3034.TW,38,,"{""asOf"": 1, ""company"": 2, ""ownerMemo"": 22, ""tests"": 1, ""valuation"": 1, ""valueHistory"": 10, ""versions"": 1}",same inventoried inputs; recomputation mismatch
3045.TW,38,,"{""asOf"": 1, ""company"": 2, ""ownerMemo"": 18, ""series"": 1, ""tests"": 12, ""valuation"": 3, ""versions"": 1}",same inventoried inputs; recomputation mismatch
307950.KO,123,,"{""asOf"": 1, ""company"": 4, ""ownerMemo"": 40, ""series"": 30, ""tests"": 32, ""valuation"": 3, ""valueHistory"": 12, ""versions"": 1}",same inventoried inputs; recomputation mismatch
3086.JP,63,,"{""asOf"": 1, ""ownerMemo"": 10, ""series"": 14, ""tests"": 33, ""valuation"": 4, ""versions"": 1}",same inventoried inputs; recomputation mismatch
3092.JP,94,,"{""asOf"": 1, ""ownerMemo"": 8, ""requiredMos"": 1, ""series"": 28, ""tests"": 33, ""valuation"": 10, ""valueHistory"": 12, ""versions"": 1}",same inventoried inputs; recomputation mismatch
3099.JP,33,,"{""asOf"": 1, ""events"": 1, ""ownerMemo"": 4, ""series"": 4, ""tests"": 18, ""valuation"": 4, ""versions"": 1}",same inventoried inputs; recomputation mismatch
316140.KO,99,fundamentals/316140.KO.json;companies/316140.KO.json;raw/eodhd/316140.KO.json,"{""asOf"": 1, ""company"": 4, ""ownerMemo"": 7, ""series"": 32, ""tests"": 34, ""valuation"": 8, ""valueHistory"": 12, ""versions"": 1}",source-cache arrival observed; per-field attribution unproven
3231.TW,40,,"{""asOf"": 1, ""company"": 2, ""ownerMemo"": 20, ""series"": 1, ""tests"": 12, ""valuation"": 3, ""versions"": 1}",same inventoried inputs; recomputation mismatch
323410.KO,78,,"{""asOf"": 1, ""company"": 2, ""ownerMemo"": 10, ""series"": 31, ""tests"": 33, ""versions"": 1}",same inventoried inputs; recomputation mismatch
326030.KO,111,,"{""asOf"": 1, ""company"": 2, ""ownerMemo"": 30, ""series"": 31, ""tests"": 33, ""valuation"": 10, ""valueHistory"": 3, ""versions"": 1}",same inventoried inputs; recomputation mismatch
3289.JP,52,,"{""asOf"": 1, ""ownerMemo"": 34, ""series"": 1, ""tests"": 12, ""valuation"": 3, ""versions"": 1}",same inventoried inputs; recomputation mismatch
329180.KO,93,,"{""asOf"": 1, ""company"": 2, ""ownerMemo"": 21, ""series"": 31, ""tests"": 35, ""valuation"": 1, ""valueHistory"": 1, ""versions"": 1}",same inventoried inputs; recomputation mismatch
3382.JP,64,,"{""asOf"": 1, ""ownerMemo"": 5, ""series"": 22, ""tests"": 23, ""valuation"": 3, ""valueHistory"": 9, ""versions"": 1}",same inventoried inputs; recomputation mismatch
3401.JP,30,,"{""asOf"": 1, ""ownerMemo"": 2, ""series"": 8, ""tests"": 18, ""versions"": 1}",same inventoried inputs; recomputation mismatch
3402.JP,62,,"{""asOf"": 1, ""ownerMemo"": 9, ""series"": 17, ""tests"": 27, ""valuation"": 4, ""valueHistory"": 3, ""versions"": 1}",same inventoried inputs; recomputation mismatch
3405.JP,28,,"{""asOf"": 1, ""ownerMemo"": 2, ""series"": 8, ""tests"": 16, ""versions"": 1}",same inventoried inputs; recomputation mismatch
3407.JP,70,,"{""asOf"": 1, ""ownerMemo"": 12, ""series"": 16, ""tests"": 36, ""valuation"": 4, ""versions"": 1}",same inventoried inputs; recomputation mismatch
3436.JP,19,,"{""asOf"": 1, ""ownerMemo"": 4, ""series"": 1, ""tests"": 12, ""versions"": 1}",same inventoried inputs; recomputation mismatch
3457.JP,250,,"{""asOf"": 1, ""events"": 4, ""historyCoverage"": 2, ""ownerMemo"": 13, ""series"": 150, ""tests"": 72, ""valuation"": 4, ""valueHistory"": 3, ""versions"": 1}",same inventoried inputs; recomputation mismatch
352820.KO,90,,"{""asOf"": 1, ""company"": 2, ""ownerMemo"": 19, ""series"": 29, ""tests"": 29, ""valueHistory"": 9, ""versions"": 1}",same inventoried inputs; recomputation mismatch
360.AU,67,,"{""asOf"": 1, ""company"": 4, ""ownerMemo"": 39, ""series"": 22, ""versions"": 1}",same inventoried inputs; recomputation mismatch
361610.KO,28,,"{""asOf"": 1, ""company"": 2, ""ownerMemo"": 12, ""series"": 1, ""tests"": 11, ""versions"": 1}",same inventoried inputs; recomputation mismatch
3659.JP,98,,"{""asOf"": 1, ""judgement"": 1, ""ownerMemo"": 10, ""series"": 21, ""tests"": 45, ""valuation"": 13, ""valueHistory"": 6, ""versions"": 1}",same inventoried inputs; recomputation mismatch
3661.TW,38,,"{""asOf"": 1, ""company"": 2, ""ownerMemo"": 18, ""series"": 1, ""tests"": 12, ""valuation"": 3, ""versions"": 1}",same inventoried inputs; recomputation mismatch
3690.HK,115,,"{""asOf"": 1, ""company"": 5, ""ownerMemo"": 43, ""series"": 18, ""tests"": 47, ""versions"": 1}",same inventoried inputs; recomputation mismatch
3692.HK,119,,"{""asOf"": 1, ""company"": 2, ""ownerMemo"": 49, ""series"": 16, ""tests"": 36, ""valuation"": 5, ""valueHistory"": 9, ""versions"": 1}",same inventoried inputs; recomputation mismatch
3697.JP,123,,"{""asOf"": 1, ""events"": 2, ""ownerMemo"": 69, ""series"": 15, ""tests"": 35, ""versions"": 1}",same inventoried inputs; recomputation mismatch
3711.TW,24,fundamentals/3711.TW.json;companies/3711.TW.json;raw/eodhd/3711.TW.json,"{""asOf"": 1, ""company"": 4, ""ownerMemo"": 5, ""series"": 1, ""tests"": 12, ""versions"": 1}",source-cache arrival observed; per-field attribution unproven
373220.KO,44,,"{""asOf"": 1, ""company"": 2, ""ownerMemo"": 23, ""series"": 17, ""versions"": 1}",same inventoried inputs; recomputation mismatch
375500.KO,50,,"{""asOf"": 1, ""company"": 2, ""ownerMemo"": 29, ""series"": 17, ""versions"": 1}",same inventoried inputs; recomputation mismatch
377300.KO,94,,"{""asOf"": 1, ""company"": 2, ""ownerMemo"": 14, ""series"": 30, ""tests"": 31, ""valuation"": 12, ""valueHistory"": 3, ""versions"": 1}",same inventoried inputs; recomputation mismatch
383220.KO,48,,"{""asOf"": 1, ""company"": 2, ""ownerMemo"": 27, ""series"": 17, ""versions"": 1}",same inventoried inputs; recomputation mismatch
3861.JP,103,,"{""asOf"": 1, ""ownerMemo"": 25, ""series"": 21, ""tests"": 27, ""valuation"": 6, ""valueHistory"": 22, ""versions"": 1}",same inventoried inputs; recomputation mismatch
4004.JP,32,,"{""asOf"": 1, ""ownerMemo"": 17, ""series"": 1, ""tests"": 12, ""versions"": 1}",same inventoried inputs; recomputation mismatch
4005.JP,55,,"{""asOf"": 1, ""ownerMemo"": 25, ""series"": 8, ""tests"": 20, ""versions"": 1}",same inventoried inputs; recomputation mismatch
4021.JP,4,,"{""asOf"": 1, ""ownerMemo"": 2, ""versions"": 1}",same inventoried inputs; recomputation mismatch
402340.KO,40,,"{""asOf"": 1, ""company"": 2, ""ownerMemo"": 18, ""series"": 18, ""versions"": 1}",same inventoried inputs; recomputation mismatch
4042.JP,55,,"{""asOf"": 1, ""ownerMemo"": 6, ""series"": 17, ""tests"": 21, ""valuation"": 3, ""valueHistory"": 6, ""versions"": 1}",same inventoried inputs; recomputation mismatch
4043.JP,208,,"{""asOf"": 1, ""events"": 2, ""historyCoverage"": 2, ""ownerMemo"": 5, ""series"": 135, ""tests"": 50, ""valuation"": 3, ""valueHistory"": 9, ""versions"": 1}",same inventoried inputs; recomputation mismatch
4061.JP,801,,"{""asOf"": 1, ""events"": 8, ""historyCoverage"": 2, ""ownerMemo"": 23, ""series"": 395, ""tests"": 361, ""valueHistory"": 10, ""versions"": 1}",same inventoried inputs; recomputation mismatch
4062.JP,114,,"{""asOf"": 1, ""ownerMemo"": 15, ""series"": 37, ""tests"": 49, ""valuation"": 5, ""valueHistory"": 6, ""versions"": 1}",same inventoried inputs; recomputation mismatch
4063.JP,49,,"{""asOf"": 1, ""ownerMemo"": 5, ""series"": 21, ""tests"": 15, ""valueHistory"": 6, ""versions"": 1}",same inventoried inputs; recomputation mismatch
4151.JP,83,,"{""asOf"": 1, ""ownerMemo"": 23, ""series"": 16, ""tests"": 38, ""valuation"": 4, ""versions"": 1}",same inventoried inputs; recomputation mismatch
4183.JP,813,,"{""asOf"": 1, ""events"": 4, ""historyCoverage"": 2, ""ownerMemo"": 47, ""series"": 380, ""tests"": 355, ""valuation"": 6, ""valueHistory"": 17, ""versions"": 1}",same inventoried inputs; recomputation mismatch
4188.JP,33,,"{""asOf"": 1, ""ownerMemo"": 4, ""series"": 8, ""tests"": 16, ""valuation"": 3, ""versions"": 1}",same inventoried inputs; recomputation mismatch
4208.JP,804,,"{""asOf"": 1, ""events"": 3, ""historyCoverage"": 2, ""ownerMemo"": 22, ""series"": 398, ""tests"": 367, ""valueHistory"": 10, ""versions"": 1}",same inventoried inputs; recomputation mismatch
4307.JP,78,,"{""asOf"": 1, ""ownerMemo"": 14, ""series"": 22, ""tests"": 35, ""valuation"": 2, ""valueHistory"": 3, ""versions"": 1}",same inventoried inputs; recomputation mismatch
4324.JP,76,,"{""asOf"": 1, ""ownerMemo"": 42, ""series"": 10, ""tests"": 22, ""versions"": 1}",same inventoried inputs; recomputation mismatch
4385.JP,37,,"{""asOf"": 1, ""ownerMemo"": 5, ""series"": 9, ""tests"": 17, ""valuation"": 4, ""versions"": 1}",same inventoried inputs; recomputation mismatch
443060.KO,50,,"{""asOf"": 1, ""company"": 2, ""ownerMemo"": 27, ""series"": 19, ""versions"": 1}",same inventoried inputs; recomputation mismatch
4452.JP,47,,"{""asOf"": 1, ""ownerMemo"": 10, ""series"": 6, ""tests"": 24, ""valuation"": 5, ""versions"": 1}",same inventoried inputs; recomputation mismatch
450080.KO,10,,"{""asOf"": 1, ""company"": 2, ""ownerMemo"": 5, ""series"": 1, ""versions"": 1}",same inventoried inputs; recomputation mismatch
4502.JP,222,,"{""asOf"": 1, ""ownerMemo"": 73, ""series"": 69, ""tests"": 60, ""valuation"": 3, ""valueHistory"": 15, ""versions"": 1}",same inventoried inputs; recomputation mismatch
4503.JP,42,,"{""asOf"": 1, ""ownerMemo"": 24, ""series"": 1, ""tests"": 12, ""valuation"": 3, ""versions"": 1}",same inventoried inputs; recomputation mismatch
4506.JP,41,,"{""asOf"": 1, ""ownerMemo"": 5, ""series"": 11, ""tests"": 20, ""valuation"": 3, ""versions"": 1}",same inventoried inputs; recomputation mismatch
4507.JP,149,,"{""asOf"": 1, ""judgement"": 1, ""ownerMemo"": 33, ""series"": 42, ""tests"": 54, ""valuation"": 5, ""valueHistory"": 12, ""versions"": 1}",same inventoried inputs; recomputation mismatch
4519.JP,55,,"{""asOf"": 1, ""ownerMemo"": 5, ""series"": 22, ""tests"": 26, ""versions"": 1}",same inventoried inputs; recomputation mismatch
4523.JP,33,,"{""asOf"": 1, ""ownerMemo"": 4, ""series"": 8, ""tests"": 16, ""valuation"": 3, ""versions"": 1}",same inventoried inputs; recomputation mismatch
4543.JP,113,,"{""asOf"": 1, ""ownerMemo"": 11, ""series"": 40, ""tests"": 34, ""valuation"": 8, ""valueHistory"": 18, ""versions"": 1}",same inventoried inputs; recomputation mismatch
454910.KO,24,,"{""asOf"": 1, ""company"": 2, ""ownerMemo"": 19, ""series"": 1, ""versions"": 1}",same inventoried inputs; recomputation mismatch
4568.JP,60,,"{""asOf"": 1, ""ownerMemo"": 6, ""series"": 27, ""tests"": 25, ""versions"": 1}",same inventoried inputs; recomputation mismatch
457190.KO,9,fundamentals/457190.KO.json;companies/457190.KO.json;raw/eodhd/457190.KO.json,"{""asOf"": 1, ""company"": 2, ""ownerMemo"": 4, ""series"": 1, ""versions"": 1}",source-cache arrival observed; per-field attribution unproven
4578.JP,66,,"{""asOf"": 1, ""ownerMemo"": 30, ""series"": 12, ""tests"": 17, ""valuation"": 2, ""valueHistory"": 3, ""versions"": 1}",same inventoried inputs; recomputation mismatch
4661.JP,20,,"{""asOf"": 1, ""events"": 1, ""ownerMemo"": 4, ""series"": 1, ""tests"": 12, ""versions"": 1}",same inventoried inputs; recomputation mismatch
4689.JP,30,,"{""asOf"": 1, ""ownerMemo"": 12, ""series"": 1, ""tests"": 12, ""valuation"": 3, ""versions"": 1}",same inventoried inputs; recomputation mismatch
4704.JP,20,,"{""asOf"": 1, ""ownerMemo"": 2, ""series"": 1, ""tests"": 12, ""valuation"": 3, ""versions"": 1}",same inventoried inputs; recomputation mismatch
4751.JP,145,,"{""asOf"": 1, ""judgement"": 1, ""ownerMemo"": 13, ""series"": 58, ""tests"": 52, ""valuation"": 4, ""valueHistory"": 15, ""versions"": 1}",same inventoried inputs; recomputation mismatch
4755.JP,54,,"{""asOf"": 1, ""ownerMemo"": 35, ""series"": 3, ""tests"": 14, ""versions"": 1}",same inventoried inputs; recomputation mismatch
483650.KO,56,,"{""asOf"": 1, ""company"": 2, ""ownerMemo"": 45, ""series"": 7, ""versions"": 1}",same inventoried inputs; recomputation mismatch
4901.JP,66,,"{""asOf"": 1, ""ownerMemo"": 39, ""series"": 11, ""tests"": 14, ""versions"": 1}",same inventoried inputs; recomputation mismatch
4902.JP,42,,"{""asOf"": 1, ""ownerMemo"": 10, ""series"": 6, ""tests"": 24, ""versions"": 1}",same inventoried inputs; recomputation mismatch
4904.TW,49,,"{""asOf"": 1, ""company"": 2, ""ownerMemo"": 21, ""series"": 1, ""tests"": 13, ""valuation"": 1, ""valueHistory"": 9, ""versions"": 1}",same inventoried inputs; recomputation mismatch
4911.JP,76,,"{""asOf"": 1, ""ownerMemo"": 12, ""series"": 21, ""tests"": 38, ""valueHistory"": 3, ""versions"": 1}",same inventoried inputs; recomputation mismatch
4938.TW,39,,"{""asOf"": 1, ""company"": 2, ""ownerMemo"": 19, ""series"": 1, ""tests"": 12, ""valuation"": 3, ""versions"": 1}",same inventoried inputs; recomputation mismatch
4DX.AU,41,,"{""asOf"": 1, ""company"": 2, ""ownerMemo"": 24, ""series"": 1, ""tests"": 12, ""versions"": 1}",same inventoried inputs; recomputation mismatch
5019.JP,778,,"{""asOf"": 1, ""historyCoverage"": 2, ""ownerMemo"": 40, ""series"": 365, ""tests"": 341, ""valuation"": 13, ""valueHistory"": 15, ""versions"": 1}",same inventoried inputs; recomputation mismatch
5020.JP,47,,"{""asOf"": 1, ""ownerMemo"": 10, ""series"": 6, ""tests"": 24, ""valuation"": 5, ""versions"": 1}",same inventoried inputs; recomputation mismatch
5101.JP,50,,"{""asOf"": 1, ""ownerMemo"": 8, ""series"": 12, ""tests"": 25, ""valuation"": 3, ""versions"": 1}",same inventoried inputs; recomputation mismatch
5108.JP,137,,"{""asOf"": 1, ""ownerMemo"": 16, ""series"": 48, ""tests"": 51, ""valuation"": 5, ""valueHistory"": 15, ""versions"": 1}",same inventoried inputs; recomputation mismatch
5201.JP,81,,"{""asOf"": 1, ""events"": 4, ""ownerMemo"": 57, ""series"": 3, ""tests"": 15, ""versions"": 1}",same inventoried inputs; recomputation mismatch
5214.JP,37,,"{""asOf"": 1, ""ownerMemo"": 3, ""series"": 8, ""tests"": 21, ""valuation"": 3, ""versions"": 1}",same inventoried inputs; recomputation mismatch
5233.JP,805,,"{""asOf"": 1, ""events"": 3, ""historyCoverage"": 2, ""ownerMemo"": 23, ""series"": 396, ""tests"": 365, ""valueHistory"": 14, ""versions"": 1}",same inventoried inputs; recomputation mismatch
5301.JP,32,,"{""asOf"": 1, ""ownerMemo"": 17, ""series"": 1, ""tests"": 12, ""versions"": 1}",same inventoried inputs; recomputation mismatch
5332.JP,77,,"{""asOf"": 1, ""ownerMemo"": 7, ""series"": 19, ""tests"": 31, ""valuation"": 12, ""valueHistory"": 6, ""versions"": 1}",same inventoried inputs; recomputation mismatch
5333.JP,20,,"{""asOf"": 1, ""ownerMemo"": 2, ""series"": 1, ""tests"": 12, ""valuation"": 3, ""versions"": 1}",same inventoried inputs; recomputation mismatch
5401.JP,39,,"{""asOf"": 1, ""events"": 1, ""ownerMemo"": 17, ""series"": 2, ""tests"": 14, ""valuation"": 3, ""versions"": 1}",same inventoried inputs; recomputation mismatch
5406.JP,45,,"{""asOf"": 1, ""ownerMemo"": 9, ""series"": 6, ""tests"": 23, ""valuation"": 5, ""versions"": 1}",same inventoried inputs; recomputation mismatch
5411.JP,48,,"{""asOf"": 1, ""ownerMemo"": 6, ""series"": 14, ""tests"": 23, ""valuation"": 3, ""versions"": 1}",same inventoried inputs; recomputation mismatch
543A.JP,6,,"{""asOf"": 1, ""ownerMemo"": 2, ""series"": 2, ""versions"": 1}",same inventoried inputs; recomputation mismatch
5631.JP,60,,"{""asOf"": 1, ""ownerMemo"": 11, ""series"": 9, ""tests"": 33, ""valuation"": 5, ""versions"": 1}",same inventoried inputs; recomputation mismatch
5706.JP,835,,"{""asOf"": 1, ""events"": 6, ""historyCoverage"": 2, ""ownerMemo"": 46, ""series"": 390, ""tests"": 357, ""valuation"": 23, ""valueHistory"": 9, ""versions"": 1}",same inventoried inputs; recomputation mismatch
5711.JP,20,,"{""asOf"": 1, ""ownerMemo"": 2, ""series"": 1, ""tests"": 12, ""valuation"": 3, ""versions"": 1}",same inventoried inputs; recomputation mismatch
5713.JP,104,,"{""asOf"": 1, ""ownerMemo"": 29, ""series"": 25, ""tests"": 44, ""valuation"": 4, ""versions"": 1}",same inventoried inputs; recomputation mismatch
5714.JP,57,,"{""asOf"": 1, ""ownerMemo"": 6, ""series"": 17, ""tests"": 26, ""valuation"": 3, ""valueHistory"": 3, ""versions"": 1}",same inventoried inputs; recomputation mismatch
5801.JP,58,,"{""asOf"": 1, ""ownerMemo"": 6, ""series"": 16, ""tests"": 25, ""valuation"": 3, ""valueHistory"": 6, ""versions"": 1}",same inventoried inputs; recomputation mismatch
5802.JP,37,,"{""asOf"": 1, ""ownerMemo"": 8, ""series"": 7, ""tests"": 18, ""valuation"": 2, ""versions"": 1}",same inventoried inputs; recomputation mismatch
5803.JP,24,,"{""asOf"": 1, ""events"": 2, ""ownerMemo"": 4, ""series"": 1, ""tests"": 12, ""valuation"": 3, ""versions"": 1}",same inventoried inputs; recomputation mismatch
5831.JP,67,,"{""asOf"": 1, ""ownerMemo"": 19, ""series"": 13, ""tests"": 33, ""versions"": 1}",same inventoried inputs; recomputation mismatch
5871.TW,39,,"{""asOf"": 1, ""company"": 2, ""ownerMemo"": 19, ""series"": 1, ""tests"": 12, ""valuation"": 3, ""versions"": 1}",same inventoried inputs; recomputation mismatch
5876.TW,10,,"{""asOf"": 1, ""company"": 2, ""ownerMemo"": 6, ""versions"": 1}",same inventoried inputs; recomputation mismatch
5880.TW,10,,"{""asOf"": 1, ""company"": 2, ""ownerMemo"": 6, ""versions"": 1}",same inventoried inputs; recomputation mismatch
600000.SHG,102,,"{""asOf"": 1, ""businessOverview"": 1, ""company"": 2, ""judgement"": 1, ""ownerMemo"": 9, ""series"": 25, ""tests"": 39, ""valuation"": 12, ""valueHistory"": 11, ""versions"": 1}",same inventoried inputs; recomputation mismatch
600009.SHG,80,,"{""asOf"": 1, ""company"": 2, ""ownerMemo"": 16, ""series"": 29, ""tests"": 31, ""versions"": 1}",same inventoried inputs; recomputation mismatch
600010.SHG,124,,"{""asOf"": 1, ""company"": 2, ""ownerMemo"": 28, ""series"": 30, ""tests"": 38, ""valuation"": 12, ""valueHistory"": 12, ""versions"": 1}",same inventoried inputs; recomputation mismatch
600011.SHG,31,,"{""asOf"": 1, ""company"": 4, ""ownerMemo"": 12, ""series"": 1, ""tests"": 12, ""versions"": 1}",same inventoried inputs; recomputation mismatch
600015.SHG,11,,"{""asOf"": 1, ""company"": 2, ""ownerMemo"": 7, ""versions"": 1}",same inventoried inputs; recomputation mismatch
600016.SHG,94,,"{""asOf"": 1, ""company"": 4, ""ownerMemo"": 9, ""series"": 32, ""tests"": 34, ""valuation"": 1, ""valueHistory"": 12, ""versions"": 1}",same inventoried inputs; recomputation mismatch
600018.SHG,116,,"{""asOf"": 1, ""company"": 2, ""ownerMemo"": 27, ""series"": 29, ""tests"": 32, ""valuation"": 12, ""valueHistory"": 12, ""versions"": 1}",same inventoried inputs; recomputation mismatch
600019.SHG,112,,"{""asOf"": 1, ""company"": 2, ""ownerMemo"": 27, ""series"": 30, ""tests"": 33, ""valuation"": 6, ""valueHistory"": 12, ""versions"": 1}",same inventoried inputs; recomputation mismatch
600023.SHG,111,,"{""asOf"": 1, ""company"": 2, ""ownerMemo"": 25, ""series"": 29, ""tests"": 32, ""valuation"": 12, ""valueHistory"": 9, ""versions"": 1}",same inventoried inputs; recomputation mismatch
600025.SHG,117,,"{""asOf"": 1, ""company"": 2, ""ownerMemo"": 26, ""series"": 30, ""tests"": 34, ""valuation"": 14, ""valueHistory"": 9, ""versions"": 1}",same inventoried inputs; recomputation mismatch
600028.SHG,36,,"{""asOf"": 1, ""company"": 4, ""ownerMemo"": 17, ""series"": 1, ""tests"": 12, ""versions"": 1}",same inventoried inputs; recomputation mismatch
600029.SHG,98,,"{""asOf"": 1, ""company"": 4, ""ownerMemo"": 18, ""series"": 42, ""tests"": 32, ""versions"": 1}",same inventoried inputs; recomputation mismatch
600030.SHG,106,,"{""asOf"": 1, ""company"": 2, ""ownerMemo"": 24, ""series"": 30, ""tests"": 32, ""valuation"": 4, ""valueHistory"": 12, ""versions"": 1}",same inventoried inputs; recomputation mismatch
600031.SHG,108,,"{""asOf"": 1, ""company"": 2, ""ownerMemo"": 26, ""series"": 29, ""tests"": 31, ""valuation"": 6, ""valueHistory"": 12, ""versions"": 1}",same inventoried inputs; recomputation mismatch
600036.SHG,95,,"{""asOf"": 1, ""company"": 4, ""ownerMemo"": 7, ""series"": 32, ""tests"": 34, ""valuation"": 1, ""valueHistory"": 15, ""versions"": 1}",same inventoried inputs; recomputation mismatch
600039.SHG,110,,"{""asOf"": 1, ""company"": 2, ""ownerMemo"": 22, ""series"": 29, ""tests"": 31, ""valuation"": 12, ""valueHistory"": 12, ""versions"": 1}",same inventoried inputs; recomputation mismatch
600048.SHG,109,,"{""asOf"": 1, ""company"": 2, ""ownerMemo"": 24, ""series"": 30, ""tests"": 33, ""valuation"": 6, ""valueHistory"": 12, ""versions"": 1}",same inventoried inputs; recomputation mismatch
600050.SHG,37,,"{""asOf"": 1, ""company"": 2, ""ownerMemo"": 17, ""series"": 1, ""tests"": 12, ""valuation"": 3, ""versions"": 1}",same inventoried inputs; recomputation mismatch
600061.SHG,97,,"{""asOf"": 1, ""company"": 2, ""events"": 1, ""ownerMemo"": 9, ""series"": 36, ""tests"": 34, ""valuation"": 1, ""valueHistory"": 12, ""versions"": 1}",same inventoried inputs; recomputation mismatch
600085.SHG,43,,"{""asOf"": 1, ""company"": 4, ""ownerMemo"": 21, ""series"": 1, ""tests"": 12, ""valuation"": 3, ""versions"": 1}",same inventoried inputs; recomputation mismatch
600089.SHG,92,,"{""asOf"": 1, ""company"": 2, ""ownerMemo"": 19, ""series"": 30, ""tests"": 36, ""valueHistory"": 3, ""versions"": 1}",same inventoried inputs; recomputation mismatch
600104.SHG,52,,"{""asOf"": 1, ""company"": 2, ""ownerMemo"": 19, ""series"": 8, ""tests"": 15, ""valuation"": 3, ""valueHistory"": 3, ""versions"": 1}",same inventoried inputs; recomputation mismatch
600111.SHG,115,,"{""asOf"": 1, ""company"": 2, ""ownerMemo"": 27, ""series"": 29, ""tests"": 31, ""valuation"": 12, ""valueHistory"": 12, ""versions"": 1}",same inventoried inputs; recomputation mismatch
600115.SHG,65,,"{""asOf"": 1, ""company"": 4, ""ownerMemo"": 16, ""series"": 22, ""tests"": 21, ""versions"": 1}",same inventoried inputs; recomputation mismatch
600132.SHG,23,,"{""asOf"": 1, ""company"": 2, ""ownerMemo"": 19, ""versions"": 1}",same inventoried inputs; recomputation mismatch
600150.SHG,112,,"{""asOf"": 1, ""company"": 2, ""ownerMemo"": 25, ""series"": 29, ""tests"": 30, ""valuation"": 12, ""valueHistory"": 12, ""versions"": 1}",same inventoried inputs; recomputation mismatch
600176.SHG,22,,"{""asOf"": 1, ""company"": 2, ""ownerMemo"": 18, ""versions"": 1}",same inventoried inputs; recomputation mismatch
600183.SHG,116,,"{""asOf"": 1, ""company"": 2, ""ownerMemo"": 27, ""series"": 29, ""tests"": 41, ""valuation"": 3, ""valueHistory"": 12, ""versions"": 1}",same inventoried inputs; recomputation mismatch
600188.SHG,40,,"{""asOf"": 1, ""company"": 2, ""ownerMemo"": 20, ""series"": 1, ""tests"": 12, ""valuation"": 3, ""versions"": 1}",same inventoried inputs; recomputation mismatch
600196.SHG,41,,"{""asOf"": 1, ""company"": 4, ""ownerMemo"": 19, ""series"": 1, ""tests"": 12, ""valuation"": 3, ""versions"": 1}",same inventoried inputs; recomputation mismatch
600219.SHG,25,,"{""asOf"": 1, ""company"": 2, ""ownerMemo"": 21, ""versions"": 1}",same inventoried inputs; recomputation mismatch
600233.SHG,115,,"{""asOf"": 1, ""company"": 2, ""ownerMemo"": 26, ""series"": 30, ""tests"": 34, ""valuation"": 12, ""valueHistory"": 9, ""versions"": 1}",same inventoried inputs; recomputation mismatch
600276.SHG,25,,"{""asOf"": 1, ""company"": 2, ""ownerMemo"": 21, ""versions"": 1}",same inventoried inputs; recomputation mismatch
600309.SHG,75,,"{""asOf"": 1, ""company"": 2, ""ownerMemo"": 32, ""series"": 15, ""tests"": 21, ""valuation"": 3, ""versions"": 1}",same inventoried inputs; recomputation mismatch
600332.SHG,42,,"{""asOf"": 1, ""company"": 4, ""ownerMemo"": 20, ""series"": 1, ""tests"": 12, ""valuation"": 3, ""versions"": 1}",same inventoried inputs; recomputation mismatch
600346.SHG,109,,"{""asOf"": 1, ""company"": 2, ""ownerMemo"": 25, ""series"": 30, ""tests"": 34, ""valuation"": 10, ""valueHistory"": 6, ""versions"": 1}",same inventoried inputs; recomputation mismatch
600362.SHG,42,,"{""asOf"": 1, ""company"": 4, ""ownerMemo"": 20, ""series"": 1, ""tests"": 12, ""valuation"": 3, ""versions"": 1}",same inventoried inputs; recomputation mismatch
600372.SHG,41,,"{""asOf"": 1, ""company"": 2, ""ownerMemo"": 21, ""series"": 1, ""tests"": 12, ""valuation"": 3, ""versions"": 1}",same inventoried inputs; recomputation mismatch
600406.SHG,110,,"{""asOf"": 1, ""company"": 2, ""ownerMemo"": 28, ""series"": 29, ""tests"": 36, ""valuation"": 1, ""valueHistory"": 12, ""versions"": 1}",same inventoried inputs; recomputation mismatch
600426.SHG,129,,"{""asOf"": 1, ""company"": 2, ""ownerMemo"": 26, ""series"": 29, ""tests"": 36, ""valuation"": 25, ""valueHistory"": 9, ""versions"": 1}",same inventoried inputs; recomputation mismatch
600436.SHG,107,,"{""asOf"": 1, ""company"": 2, ""ownerMemo"": 28, ""series"": 29, ""tests"": 33, ""valuation"": 1, ""valueHistory"": 12, ""versions"": 1}",same inventoried inputs; recomputation mismatch
600438.SHG,87,,"{""asOf"": 1, ""company"": 2, ""ownerMemo"": 16, ""series"": 30, ""tests"": 34, ""valueHistory"": 3, ""versions"": 1}",same inventoried inputs; recomputation mismatch
600460.SHG,107,,"{""asOf"": 1, ""company"": 2, ""ownerMemo"": 23, ""series"": 30, ""tests"": 33, ""valuation"": 8, ""valueHistory"": 9, ""versions"": 1}",same inventoried inputs; recomputation mismatch
600489.SHG,121,,"{""asOf"": 1, ""company"": 2, ""ownerMemo"": 28, ""series"": 30, ""tests"": 33, ""valuation"": 14, ""valueHistory"": 12, ""versions"": 1}",same inventoried inputs; recomputation mismatch
600515.SHG,106,,"{""asOf"": 1, ""company"": 2, ""ownerMemo"": 21, ""series"": 29, ""tests"": 28, ""valuation"": 12, ""valueHistory"": 12, ""versions"": 1}",same inventoried inputs; recomputation mismatch
600519.SHG,110,,"{""asOf"": 1, ""company"": 2, ""ownerMemo"": 28, ""series"": 30, ""tests"": 33, ""valuation"": 3, ""valueHistory"": 12, ""versions"": 1}",same inventoried inputs; recomputation mismatch
600547.SHG,40,,"{""asOf"": 1, ""company"": 4, ""ownerMemo"": 18, ""series"": 1, ""tests"": 12, ""valuation"": 3, ""versions"": 1}",same inventoried inputs; recomputation mismatch
600570.SHG,39,,"{""asOf"": 1, ""company"": 2, ""ownerMemo"": 19, ""series"": 1, ""tests"": 12, ""valuation"": 3, ""versions"": 1}",same inventoried inputs; recomputation mismatch
600584.SHG,114,,"{""asOf"": 1, ""company"": 2, ""ownerMemo"": 26, ""series"": 29, ""tests"": 31, ""valuation"": 12, ""valueHistory"": 12, ""versions"": 1}",same inventoried inputs; recomputation mismatch
600585.SHG,76,,"{""asOf"": 1, ""company"": 4, ""ownerMemo"": 18, ""series"": 37, ""tests"": 12, ""valuation"": 3, ""versions"": 1}",same inventoried inputs; recomputation mismatch
600588.SHG,79,,"{""asOf"": 1, ""company"": 2, ""ownerMemo"": 16, ""series"": 29, ""tests"": 30, ""versions"": 1}",same inventoried inputs; recomputation mismatch
600600.SHG,26,,"{""asOf"": 1, ""company"": 4, ""ownerMemo"": 20, ""versions"": 1}",same inventoried inputs; recomputation mismatch
600606.SHG,90,,"{""asOf"": 1, ""company"": 2, ""events"": 6, ""ownerMemo"": 18, ""series"": 29, ""tests"": 30, ""valueHistory"": 3, ""versions"": 1}",same inventoried inputs; recomputation mismatch
600660.SHG,26,,"{""asOf"": 1, ""company"": 4, ""ownerMemo"": 20, ""versions"": 1}",same inventoried inputs; recomputation mismatch
600674.SHG,114,,"{""asOf"": 1, ""company"": 2, ""ownerMemo"": 26, ""series"": 29, ""tests"": 31, ""valuation"": 12, ""valueHistory"": 12, ""versions"": 1}",same inventoried inputs; recomputation mismatch
600690.SHG,26,,"{""asOf"": 1, ""company"": 2, ""ownerMemo"": 20, ""valuation"": 2, ""versions"": 1}",same inventoried inputs; recomputation mismatch
600732.SHG,31,,"{""asOf"": 1, ""company"": 2, ""ownerMemo"": 10, ""series"": 17, ""versions"": 1}",same inventoried inputs; recomputation mismatch
600741.SHG,41,,"{""asOf"": 1, ""company"": 2, ""ownerMemo"": 21, ""series"": 1, ""tests"": 12, ""valuation"": 3, ""versions"": 1}",same inventoried inputs; recomputation mismatch
600745.SHG,85,,"{""asOf"": 1, ""company"": 2, ""ownerMemo"": 17, ""series"": 30, ""tests"": 34, ""versions"": 1}",same inventoried inputs; recomputation mismatch
600754.SHG,32,,"{""asOf"": 1, ""company"": 2, ""ownerMemo"": 15, ""series"": 1, ""tests"": 12, ""versions"": 1}",same inventoried inputs; recomputation mismatch
600760.SHG,108,,"{""asOf"": 1, ""company"": 2, ""ownerMemo"": 27, ""series"": 29, ""tests"": 30, ""valuation"": 6, ""valueHistory"": 12, ""versions"": 1}",same inventoried inputs; recomputation mismatch
600795.SHG,91,,"{""asOf"": 1, ""company"": 2, ""ownerMemo"": 20, ""series"": 30, ""tests"": 34, ""valueHistory"": 3, ""versions"": 1}",same inventoried inputs; recomputation mismatch
600803.SHG,37,,"{""asOf"": 1, ""company"": 2, ""ownerMemo"": 17, ""series"": 1, ""tests"": 12, ""valuation"": 3, ""versions"": 1}",same inventoried inputs; recomputation mismatch
600809.SHG,111,,"{""asOf"": 1, ""company"": 2, ""ownerMemo"": 28, ""series"": 30, ""tests"": 34, ""valuation"": 3, ""valueHistory"": 12, ""versions"": 1}",same inventoried inputs; recomputation mismatch
600845.SHG,104,,"{""asOf"": 1, ""company"": 2, ""ownerMemo"": 27, ""series"": 29, ""tests"": 31, ""valuation"": 1, ""valueHistory"": 12, ""versions"": 1}",same inventoried inputs; recomputation mismatch
600875.SHG,126,,"{""asOf"": 1, ""company"": 4, ""ownerMemo"": 25, ""series"": 29, ""tests"": 33, ""valuation"": 21, ""valueHistory"": 12, ""versions"": 1}",same inventoried inputs; recomputation mismatch
600886.SHG,141,,"{""asOf"": 1, ""company"": 2, ""ownerMemo"": 19, ""series"": 79, ""tests"": 30, ""valueHistory"": 9, ""versions"": 1}",same inventoried inputs; recomputation mismatch
600887.SHG,112,,"{""asOf"": 1, ""company"": 2, ""ownerMemo"": 28, ""series"": 29, ""tests"": 32, ""valuation"": 7, ""valueHistory"": 12, ""versions"": 1}",same inventoried inputs; recomputation mismatch
600893.SHG,104,,"{""asOf"": 1, ""company"": 2, ""ownerMemo"": 22, ""series"": 30, ""tests"": 39, ""valueHistory"": 9, ""versions"": 1}",same inventoried inputs; recomputation mismatch
600900.SHG,113,,"{""asOf"": 1, ""company"": 2, ""ownerMemo"": 25, ""series"": 29, ""tests"": 31, ""valuation"": 12, ""valueHistory"": 12, ""versions"": 1}",same inventoried inputs; recomputation mismatch
600905.SHG,89,,"{""asOf"": 1, ""company"": 2, ""ownerMemo"": 17, ""series"": 30, ""tests"": 32, ""valueHistory"": 6, ""versions"": 1}",same inventoried inputs; recomputation mismatch
600918.SHG,112,,"{""asOf"": 1, ""company"": 2, ""ownerMemo"": 10, ""series"": 32, ""tests"": 33, ""valuation"": 21, ""valueHistory"": 12, ""versions"": 1}",same inventoried inputs; recomputation mismatch
600919.SHG,91,,"{""asOf"": 1, ""company"": 2, ""ownerMemo"": 9, ""series"": 32, ""tests"": 35, ""valuation"": 1, ""valueHistory"": 10, ""versions"": 1}",same inventoried inputs; recomputation mismatch
600926.SHG,91,,"{""asOf"": 1, ""company"": 2, ""ownerMemo"": 9, ""series"": 32, ""tests"": 35, ""valuation"": 1, ""valueHistory"": 10, ""versions"": 1}",same inventoried inputs; recomputation mismatch
600938.SHG,103,,"{""asOf"": 1, ""company"": 2, ""ownerMemo"": 24, ""series"": 29, ""tests"": 30, ""valuation"": 4, ""valueHistory"": 12, ""versions"": 1}",same inventoried inputs; recomputation mismatch
600941.SHG,39,,"{""asOf"": 1, ""company"": 2, ""ownerMemo"": 19, ""series"": 1, ""tests"": 12, ""valuation"": 3, ""versions"": 1}",same inventoried inputs; recomputation mismatch
600958.SHG,53,,"{""asOf"": 1, ""company"": 2, ""ownerMemo"": 25, ""series"": 3, ""tests"": 21, ""versions"": 1}",same inventoried inputs; recomputation mismatch
600989.SHG,39,,"{""asOf"": 1, ""company"": 2, ""ownerMemo"": 19, ""series"": 1, ""tests"": 12, ""valuation"": 3, ""versions"": 1}",same inventoried inputs; recomputation mismatch
600999.SHG,109,,"{""asOf"": 1, ""company"": 2, ""ownerMemo"": 24, ""series"": 31, ""tests"": 34, ""valuation"": 4, ""valueHistory"": 12, ""versions"": 1}",same inventoried inputs; recomputation mismatch
601006.SHG,93,,"{""asOf"": 1, ""company"": 2, ""ownerMemo"": 21, ""series"": 29, ""tests"": 30, ""valueHistory"": 9, ""versions"": 1}",same inventoried inputs; recomputation mismatch
601009.SHG,91,,"{""asOf"": 1, ""company"": 2, ""ownerMemo"": 9, ""series"": 32, ""tests"": 35, ""valuation"": 1, ""valueHistory"": 10, ""versions"": 1}",same inventoried inputs; recomputation mismatch
601012.SHG,88,,"{""asOf"": 1, ""company"": 2, ""ownerMemo"": 19, ""series"": 29, ""tests"": 30, ""valueHistory"": 6, ""versions"": 1}",same inventoried inputs; recomputation mismatch
601021.SHG,105,,"{""asOf"": 1, ""company"": 2, ""ownerMemo"": 23, ""series"": 30, ""tests"": 33, ""valuation"": 12, ""valueHistory"": 3, ""versions"": 1}",same inventoried inputs; recomputation mismatch
601059.SHG,45,,"{""asOf"": 1, ""company"": 2, ""ownerMemo"": 21, ""series"": 20, ""versions"": 1}",same inventoried inputs; recomputation mismatch
601066.SHG,96,,"{""asOf"": 1, ""company"": 2, ""ownerMemo"": 20, ""series"": 29, ""tests"": 34, ""valueHistory"": 9, ""versions"": 1}",same inventoried inputs; recomputation mismatch
601088.SHG,110,,"{""asOf"": 1, ""company"": 4, ""ownerMemo"": 26, ""series"": 29, ""tests"": 34, ""valuation"": 3, ""valueHistory"": 12, ""versions"": 1}",same inventoried inputs; recomputation mismatch
601100.SHG,114,,"{""asOf"": 1, ""company"": 2, ""ownerMemo"": 28, ""series"": 29, ""tests"": 32, ""valuation"": 9, ""valueHistory"": 12, ""versions"": 1}",same inventoried inputs; recomputation mismatch
601111.SHG,32,,"{""asOf"": 1, ""company"": 4, ""ownerMemo"": 13, ""series"": 1, ""tests"": 12, ""versions"": 1}",same inventoried inputs; recomputation mismatch
601117.SHG,25,,"{""asOf"": 1, ""company"": 2, ""ownerMemo"": 21, ""versions"": 1}",same inventoried inputs; recomputation mismatch
601138.SHG,25,,"{""asOf"": 1, ""company"": 2, ""ownerMemo"": 21, ""versions"": 1}",same inventoried inputs; recomputation mismatch
601155.SHG,38,,"{""asOf"": 1, ""company"": 2, ""ownerMemo"": 18, ""series"": 1, ""tests"": 12, ""valuation"": 3, ""versions"": 1}",same inventoried inputs; recomputation mismatch
601166.SHG,108,,"{""asOf"": 1, ""company"": 2, ""ownerMemo"": 6, ""series"": 48, ""tests"": 34, ""valuation"": 1, ""valueHistory"": 15, ""versions"": 1}",same inventoried inputs; recomputation mismatch
601169.SHG,102,,"{""asOf"": 1, ""businessOverview"": 1, ""company"": 2, ""judgement"": 1, ""ownerMemo"": 9, ""series"": 32, ""tests"": 44, ""valuation"": 1, ""valueHistory"": 10, ""versions"": 1}",same inventoried inputs; recomputation mismatch
601186.SHG,94,,"{""asOf"": 1, ""company"": 4, ""ownerMemo"": 19, ""series"": 29, ""tests"": 31, ""valueHistory"": 9, ""versions"": 1}",same inventoried inputs; recomputation mismatch
601211.SHG,46,,"{""asOf"": 1, ""company"": 6, ""ownerMemo"": 20, ""series"": 1, ""tests"": 12, ""valuation"": 5, ""versions"": 1}",same inventoried inputs; recomputation mismatch
601225.SHG,108,,"{""asOf"": 1, ""company"": 2, ""ownerMemo"": 25, ""series"": 29, ""tests"": 35, ""valuation"": 3, ""valueHistory"": 12, ""versions"": 1}",same inventoried inputs; recomputation mismatch
601229.SHG,121,,"{""asOf"": 1, ""businessOverview"": 1, ""company"": 2, ""judgement"": 1, ""ownerMemo"": 8, ""series"": 32, ""tests"": 44, ""valuation"": 19, ""valueHistory"": 12, ""versions"": 1}",same inventoried inputs; recomputation mismatch
601236.SHG,40,,"{""asOf"": 1, ""company"": 2, ""ownerMemo"": 20, ""series"": 1, ""tests"": 12, ""valuation"": 3, ""versions"": 1}",same inventoried inputs; recomputation mismatch
601238.SHG,36,,"{""asOf"": 1, ""company"": 4, ""ownerMemo"": 17, ""series"": 1, ""tests"": 12, ""versions"": 1}",same inventoried inputs; recomputation mismatch
601288.SHG,94,,"{""asOf"": 1, ""company"": 4, ""ownerMemo"": 11, ""series"": 32, ""tests"": 34, ""valuation"": 1, ""valueHistory"": 10, ""versions"": 1}",same inventoried inputs; recomputation mismatch
601318.SHG,96,,"{""asOf"": 1, ""company"": 4, ""ownerMemo"": 6, ""series"": 32, ""tests"": 34, ""valuation"": 1, ""valueHistory"": 17, ""versions"": 1}",same inventoried inputs; recomputation mismatch
601319.SHG,91,,"{""asOf"": 1, ""company"": 4, ""ownerMemo"": 6, ""series"": 32, ""tests"": 34, ""valuation"": 1, ""valueHistory"": 12, ""versions"": 1}",same inventoried inputs; recomputation mismatch
601328.SHG,100,,"{""asOf"": 1, ""company"": 4, ""ownerMemo"": 7, ""series"": 32, ""tests"": 35, ""valuation"": 8, ""valueHistory"": 12, ""versions"": 1}",same inventoried inputs; recomputation mismatch
601336.SHG,102,,"{""asOf"": 1, ""company"": 4, ""ownerMemo"": 7, ""series"": 32, ""tests"": 34, ""valuation"": 11, ""valueHistory"": 12, ""versions"": 1}",same inventoried inputs; recomputation mismatch
601360.SHG,85,,"{""asOf"": 1, ""company"": 2, ""ownerMemo"": 20, ""series"": 30, ""tests"": 31, ""versions"": 1}",same inventoried inputs; recomputation mismatch
601377.SHG,39,,"{""asOf"": 1, ""company"": 2, ""ownerMemo"": 19, ""series"": 1, ""tests"": 12, ""valuation"": 3, ""versions"": 1}",same inventoried inputs; recomputation mismatch
601390.SHG,82,,"{""asOf"": 1, ""company"": 4, ""ownerMemo"": 16, ""series"": 29, ""tests"": 31, ""versions"": 1}",same inventoried inputs; recomputation mismatch
601398.SHG,95,,"{""asOf"": 1, ""company"": 4, ""ownerMemo"": 7, ""series"": 32, ""tests"": 34, ""valuation"": 1, ""valueHistory"": 15, ""versions"": 1}",same inventoried inputs; recomputation mismatch
601600.SHG,41,,"{""asOf"": 1, ""company"": 4, ""ownerMemo"": 19, ""series"": 1, ""tests"": 12, ""valuation"": 3, ""versions"": 1}",same inventoried inputs; recomputation mismatch
601601.SHG,94,fundamentals/601601.SHG.json;companies/601601.SHG.json;raw/eodhd/601601.SHG.json,"{""asOf"": 1, ""company"": 4, ""ownerMemo"": 9, ""series"": 32, ""tests"": 34, ""valuation"": 1, ""valueHistory"": 12, ""versions"": 1}",source-cache arrival observed; per-field attribution unproven
601607.SHG,116,,"{""asOf"": 1, ""company"": 4, ""ownerMemo"": 26, ""series"": 29, ""tests"": 31, ""valuation"": 12, ""valueHistory"": 12, ""versions"": 1}",same inventoried inputs; recomputation mismatch
601615.SHG,84,,"{""asOf"": 1, ""company"": 2, ""ownerMemo"": 18, ""series"": 30, ""tests"": 32, ""versions"": 1}",same inventoried inputs; recomputation mismatch
601618.SHG,244,,"{""asOf"": 1, ""company"": 4, ""events"": 6, ""historyCoverage"": 2, ""ownerMemo"": 27, ""priceHistory"": 1, ""requiredMos"": 1, ""series"": 113, ""status"": 1, ""tests"": 77, ""valueHistory"": 9, ""versions"": 1, ""volatility"": 1}",same inventoried inputs; recomputation mismatch
601628.SHG,89,,"{""asOf"": 1, ""company"": 2, ""ownerMemo"": 6, ""series"": 32, ""tests"": 34, ""valuation"": 1, ""valueHistory"": 12, ""versions"": 1}",same inventoried inputs; recomputation mismatch
601633.SHG,46,,"{""asOf"": 1, ""company"": 4, ""ownerMemo"": 20, ""series"": 1, ""tests"": 12, ""valuation"": 7, ""versions"": 1}",same inventoried inputs; recomputation mismatch
601658.SHG,112,,"{""asOf"": 1, ""company"": 4, ""ownerMemo"": 7, ""series"": 32, ""tests"": 35, ""valuation"": 20, ""valueHistory"": 12, ""versions"": 1}",same inventoried inputs; recomputation mismatch
601668.SHG,116,,"{""asOf"": 1, ""company"": 2, ""ownerMemo"": 24, ""series"": 30, ""tests"": 34, ""valuation"": 12, ""valueHistory"": 12, ""versions"": 1}",same inventoried inputs; recomputation mismatch
601669.SHG,77,,"{""asOf"": 1, ""company"": 2, ""ownerMemo"": 13, ""series"": 29, ""tests"": 31, ""versions"": 1}",same inventoried inputs; recomputation mismatch
601688.SHG,107,,"{""asOf"": 1, ""company"": 2, ""ownerMemo"": 24, ""series"": 30, ""tests"": 33, ""valuation"": 4, ""valueHistory"": 12, ""versions"": 1}",same inventoried inputs; recomputation mismatch
601689.SHG,39,,"{""asOf"": 1, ""company"": 2, ""ownerMemo"": 19, ""series"": 1, ""tests"": 12, ""valuation"": 3, ""versions"": 1}",same inventoried inputs; recomputation mismatch
601698.SHG,110,,"{""asOf"": 1, ""company"": 2, ""ownerMemo"": 24, ""series"": 30, ""tests"": 31, ""valuation"": 12, ""valueHistory"": 9, ""versions"": 1}",same inventoried inputs; recomputation mismatch
601699.SHG,100,,"{""asOf"": 1, ""company"": 2, ""ownerMemo"": 24, ""series"": 29, ""tests"": 30, ""valuation"": 4, ""valueHistory"": 9, ""versions"": 1}",same inventoried inputs; recomputation mismatch
601728.SHG,41,,"{""asOf"": 1, ""company"": 4, ""ownerMemo"": 19, ""series"": 1, ""tests"": 12, ""valuation"": 3, ""versions"": 1}",same inventoried inputs; recomputation mismatch
601766.SHG,41,,"{""asOf"": 1, ""company"": 4, ""ownerMemo"": 19, ""series"": 1, ""tests"": 12, ""valuation"": 3, ""versions"": 1}",same inventoried inputs; recomputation mismatch
601788.SHG,123,,"{""asOf"": 1, ""company"": 2, ""ownerMemo"": 25, ""series"": 30, ""tests"": 34, ""valuation"": 18, ""valueHistory"": 12, ""versions"": 1}",same inventoried inputs; recomputation mismatch
601799.SHG,41,,"{""asOf"": 1, ""company"": 2, ""ownerMemo"": 21, ""series"": 1, ""tests"": 12, ""valuation"": 3, ""versions"": 1}",same inventoried inputs; recomputation mismatch
601800.SHG,34,,"{""asOf"": 1, ""company"": 4, ""events"": 2, ""ownerMemo"": 13, ""series"": 1, ""tests"": 12, ""versions"": 1}",same inventoried inputs; recomputation mismatch
601808.SHG,40,,"{""asOf"": 1, ""company"": 4, ""ownerMemo"": 18, ""series"": 1, ""tests"": 12, ""valuation"": 3, ""versions"": 1}",same inventoried inputs; recomputation mismatch
601816.SHG,115,,"{""asOf"": 1, ""company"": 2, ""ownerMemo"": 27, ""series"": 30, ""tests"": 30, ""valuation"": 12, ""valueHistory"": 12, ""versions"": 1}",same inventoried inputs; recomputation mismatch
601818.SHG,112,,"{""asOf"": 1, ""company"": 2, ""ownerMemo"": 10, ""series"": 32, ""tests"": 34, ""valuation"": 20, ""valueHistory"": 12, ""versions"": 1}",same inventoried inputs; recomputation mismatch
601838.SHG,91,,"{""asOf"": 1, ""company"": 2, ""ownerMemo"": 9, ""series"": 32, ""tests"": 35, ""valuation"": 1, ""valueHistory"": 10, ""versions"": 1}",same inventoried inputs; recomputation mismatch
601857.SHG,112,,"{""asOf"": 1, ""company"": 4, ""ownerMemo"": 27, ""series"": 30, ""tests"": 33, ""valuation"": 4, ""valueHistory"": 12, ""versions"": 1}",same inventoried inputs; recomputation mismatch
601865.SHG,34,,"{""asOf"": 1, ""company"": 2, ""ownerMemo"": 17, ""series"": 1, ""tests"": 12, ""versions"": 1}",same inventoried inputs; recomputation mismatch
601868.SHG,31,,"{""asOf"": 1, ""company"": 4, ""ownerMemo"": 12, ""series"": 1, ""tests"": 12, ""versions"": 1}",same inventoried inputs; recomputation mismatch
601872.SHG,39,,"{""asOf"": 1, ""company"": 2, ""ownerMemo"": 19, ""series"": 1, ""tests"": 12, ""valuation"": 3, ""versions"": 1}",same inventoried inputs; recomputation mismatch
601877.SHG,116,,"{""asOf"": 1, ""company"": 2, ""ownerMemo"": 24, ""series"": 30, ""tests"": 35, ""valuation"": 14, ""valueHistory"": 9, ""versions"": 1}",same inventoried inputs; recomputation mismatch
601878.SHG,102,,"{""asOf"": 1, ""company"": 2, ""ownerMemo"": 8, ""series"": 32, ""tests"": 35, ""valuation"": 11, ""valueHistory"": 12, ""versions"": 1}",same inventoried inputs; recomputation mismatch
601881.SHG,69,,"{""asOf"": 1, ""company"": 2, ""ownerMemo"": 20, ""series"": 16, ""tests"": 20, ""valuation"": 3, ""valueHistory"": 6, ""versions"": 1}",same inventoried inputs; recomputation mismatch
601888.SHG,119,,"{""asOf"": 1, ""company"": 2, ""ownerMemo"": 28, ""series"": 30, ""tests"": 33, ""valuation"": 12, ""valueHistory"": 12, ""versions"": 1}",same inventoried inputs; recomputation mismatch
601898.SHG,144,,"{""asOf"": 1, ""company"": 4, ""ownerMemo"": 66, ""series"": 19, ""tests"": 46, ""valuation"": 4, ""valueHistory"": 3, ""versions"": 1}",same inventoried inputs; recomputation mismatch
601899.SHG,43,,"{""asOf"": 1, ""company"": 4, ""ownerMemo"": 21, ""series"": 1, ""tests"": 12, ""valuation"": 3, ""versions"": 1}",same inventoried inputs; recomputation mismatch
601901.SHG,103,,"{""asOf"": 1, ""company"": 2, ""ownerMemo"": 9, ""series"": 32, ""tests"": 35, ""valuation"": 11, ""valueHistory"": 12, ""versions"": 1}",same inventoried inputs; recomputation mismatch
601916.SHG,90,,"{""asOf"": 1, ""company"": 4, ""ownerMemo"": 7, ""series"": 31, ""tests"": 33, ""valuation"": 1, ""valueHistory"": 12, ""versions"": 1}",same inventoried inputs; recomputation mismatch
601919.SHG,41,,"{""asOf"": 1, ""company"": 4, ""ownerMemo"": 19, ""series"": 1, ""tests"": 12, ""valuation"": 3, ""versions"": 1}",same inventoried inputs; recomputation mismatch
601939.SHG,103,,"{""asOf"": 1, ""company"": 5, ""ownerMemo"": 7, ""series"": 32, ""tests"": 35, ""valuation"": 8, ""valueHistory"": 14, ""versions"": 1}",same inventoried inputs; recomputation mismatch
601985.SHG,90,,"{""asOf"": 1, ""company"": 2, ""ownerMemo"": 20, ""series"": 30, ""tests"": 33, ""valueHistory"": 3, ""versions"": 1}",same inventoried inputs; recomputation mismatch
601988.SHG,103,,"{""asOf"": 1, ""businessOverview"": 1, ""company"": 4, ""judgement"": 1, ""ownerMemo"": 7, ""series"": 32, ""tests"": 43, ""valuation"": 1, ""valueHistory"": 12, ""versions"": 1}",same inventoried inputs; recomputation mismatch
601995.SHG,99,,"{""asOf"": 1, ""company"": 4, ""ownerMemo"": 8, ""series"": 30, ""tests"": 33, ""valuation"": 10, ""valueHistory"": 12, ""versions"": 1}",same inventoried inputs; recomputation mismatch
601998.SHG,124,,"{""asOf"": 1, ""businessOverview"": 1, ""company"": 4, ""judgement"": 1, ""ownerMemo"": 7, ""series"": 32, ""tests"": 44, ""valuation"": 21, ""valueHistory"": 12, ""versions"": 1}",same inventoried inputs; recomputation mismatch
603019.SHG,120,,"{""asOf"": 1, ""company"": 2, ""ownerMemo"": 26, ""series"": 30, ""tests"": 39, ""valuation"": 12, ""valueHistory"": 9, ""versions"": 1}",same inventoried inputs; recomputation mismatch
603195.SHG,109,,"{""asOf"": 1, ""company"": 2, ""ownerMemo"": 26, ""series"": 29, ""tests"": 31, ""valuation"": 7, ""valueHistory"": 12, ""versions"": 1}",same inventoried inputs; recomputation mismatch
603259.SHG,27,,"{""asOf"": 1, ""company"": 4, ""ownerMemo"": 21, ""versions"": 1}",same inventoried inputs; recomputation mismatch
603260.SHG,85,,"{""asOf"": 1, ""company"": 2, ""ownerMemo"": 19, ""series"": 30, ""tests"": 32, ""versions"": 1}",same inventoried inputs; recomputation mismatch
603288.SHG,40,,"{""asOf"": 1, ""company"": 2, ""ownerMemo"": 20, ""series"": 1, ""tests"": 12, ""valuation"": 3, ""versions"": 1}",same inventoried inputs; recomputation mismatch
603290.SHG,88,,"{""asOf"": 1, ""company"": 2, ""ownerMemo"": 21, ""series"": 30, ""tests"": 33, ""versions"": 1}",same inventoried inputs; recomputation mismatch
603369.SHG,118,,"{""asOf"": 1, ""company"": 2, ""ownerMemo"": 28, ""series"": 29, ""tests"": 36, ""valuation"": 9, ""valueHistory"": 12, ""versions"": 1}",same inventoried inputs; recomputation mismatch
603392.SHG,93,,"{""asOf"": 1, ""company"": 2, ""ownerMemo"": 22, ""series"": 30, ""tests"": 31, ""valueHistory"": 6, ""versions"": 1}",same inventoried inputs; recomputation mismatch
603486.SHG,110,,"{""asOf"": 1, ""company"": 2, ""ownerMemo"": 25, ""series"": 29, ""tests"": 31, ""valuation"": 12, ""valueHistory"": 9, ""versions"": 1}",same inventoried inputs; recomputation mismatch
603501.SHG,108,,"{""asOf"": 1, ""company"": 2, ""ownerMemo"": 27, ""series"": 30, ""tests"": 34, ""valuation"": 4, ""valueHistory"": 9, ""versions"": 1}",same inventoried inputs; recomputation mismatch
603659.SHG,38,,"{""asOf"": 1, ""company"": 2, ""ownerMemo"": 18, ""series"": 1, ""tests"": 12, ""valuation"": 3, ""versions"": 1}",same inventoried inputs; recomputation mismatch
603799.SHG,125,,"{""asOf"": 1, ""company"": 2, ""ownerMemo"": 25, ""series"": 30, ""tests"": 34, ""valuation"": 23, ""valueHistory"": 9, ""versions"": 1}",same inventoried inputs; recomputation mismatch
603806.SHG,121,,"{""asOf"": 1, ""company"": 2, ""ownerMemo"": 27, ""series"": 30, ""tests"": 36, ""valuation"": 12, ""valueHistory"": 12, ""versions"": 1}",same inventoried inputs; recomputation mismatch
603833.SHG,108,,"{""asOf"": 1, ""company"": 2, ""ownerMemo"": 26, ""series"": 28, ""tests"": 31, ""valuation"": 7, ""valueHistory"": 12, ""versions"": 1}",same inventoried inputs; recomputation mismatch
603899.SHG,108,,"{""asOf"": 1, ""company"": 2, ""ownerMemo"": 28, ""series"": 29, ""tests"": 32, ""valuation"": 3, ""valueHistory"": 12, ""versions"": 1}",same inventoried inputs; recomputation mismatch
603986.SHG,109,,"{""asOf"": 1, ""company"": 2, ""ownerMemo"": 27, ""series"": 29, ""tests"": 31, ""valuation"": 6, ""valueHistory"": 12, ""versions"": 1}",same inventoried inputs; recomputation mismatch
603993.SHG,40,,"{""asOf"": 1, ""company"": 4, ""ownerMemo"": 18, ""series"": 1, ""tests"": 12, ""valuation"": 3, ""versions"": 1}",same inventoried inputs; recomputation mismatch
605117.SHG,119,,"{""asOf"": 1, ""company"": 2, ""ownerMemo"": 26, ""series"": 29, ""tests"": 30, ""valuation"": 18, ""valueHistory"": 12, ""versions"": 1}",same inventoried inputs; recomputation mismatch
605499.SHG,111,,"{""asOf"": 1, ""company"": 2, ""ownerMemo"": 24, ""series"": 28, ""tests"": 24, ""valuation"": 19, ""valueHistory"": 12, ""versions"": 1}",same inventoried inputs; recomputation mismatch
6098.JP,75,,"{""asOf"": 1, ""ownerMemo"": 12, ""series"": 19, ""tests"": 34, ""valuation"": 2, ""valueHistory"": 6, ""versions"": 1}",same inventoried inputs; recomputation mismatch
6103.JP,813,,"{""asOf"": 1, ""events"": 3, ""historyCoverage"": 2, ""ownerMemo"": 23, ""series"": 398, ""tests"": 367, ""valueHistory"": 18, ""versions"": 1}",same inventoried inputs; recomputation mismatch
6113.JP,73,,"{""asOf"": 1, ""ownerMemo"": 9, ""series"": 22, ""tests"": 35, ""valuation"": 5, ""versions"": 1}",same inventoried inputs; recomputation mismatch
6146.JP,61,,"{""asOf"": 1, ""ownerMemo"": 5, ""series"": 21, ""tests"": 16, ""valuation"": 8, ""valueHistory"": 9, ""versions"": 1}",same inventoried inputs; recomputation mismatch
6178.JP,21,,"{""asOf"": 1, ""ownerMemo"": 19, ""versions"": 1}",same inventoried inputs; recomputation mismatch
61L0.F,236,fundamentals/61L0.F.json;companies/61L0.F.json;raw/eodhd/61L0.F.json,"{""asOf"": 1, ""company"": 1, ""ownerMemo"": 108, ""report"": 1, ""series"": 37, ""tests"": 52, ""valuation"": 5, ""valueHistory"": 30, ""versions"": 1}",source-cache arrival observed; per-field attribution unproven
6273.JP,4,,"{""asOf"": 1, ""ownerMemo"": 2, ""versions"": 1}",same inventoried inputs; recomputation mismatch
6301.JP,76,,"{""asOf"": 1, ""ownerMemo"": 46, ""series"": 11, ""tests"": 14, ""valuation"": 3, ""versions"": 1}",same inventoried inputs; recomputation mismatch
6302.JP,729,,"{""asOf"": 1, ""events"": 6, ""historyCoverage"": 2, ""ownerMemo"": 51, ""series"": 338, ""tests"": 315, ""valuation"": 6, ""valueHistory"": 9, ""versions"": 1}",same inventoried inputs; recomputation mismatch
6305.JP,35,,"{""asOf"": 1, ""ownerMemo"": 12, ""series"": 5, ""tests"": 14, ""valuation"": 2, ""versions"": 1}",same inventoried inputs; recomputation mismatch
6326.JP,94,,"{""asOf"": 1, ""ownerMemo"": 28, ""series"": 25, ""tests"": 33, ""valuation"": 3, ""valueHistory"": 3, ""versions"": 1}",same inventoried inputs; recomputation mismatch
6361.JP,174,,"{""asOf"": 1, ""events"": 1, ""ownerMemo"": 64, ""series"": 39, ""tests"": 58, ""valuation"": 3, ""valueHistory"": 7, ""versions"": 1}",same inventoried inputs; recomputation mismatch
6367.JP,48,,"{""asOf"": 1, ""ownerMemo"": 9, ""series"": 6, ""tests"": 26, ""valuation"": 5, ""versions"": 1}",same inventoried inputs; recomputation mismatch
6471.JP,31,,"{""asOf"": 1, ""ownerMemo"": 13, ""series"": 1, ""tests"": 12, ""valuation"": 3, ""versions"": 1}",same inventoried inputs; recomputation mismatch
6472.JP,20,,"{""asOf"": 1, ""ownerMemo"": 2, ""series"": 1, ""tests"": 12, ""valuation"": 3, ""versions"": 1}",same inventoried inputs; recomputation mismatch
6473.JP,59,,"{""asOf"": 1, ""ownerMemo"": 8, ""series"": 19, ""tests"": 26, ""valuation"": 4, ""versions"": 1}",same inventoried inputs; recomputation mismatch
6479.JP,74,,"{""asOf"": 1, ""ownerMemo"": 10, ""series"": 24, ""tests"": 32, ""valuation"": 3, ""valueHistory"": 3, ""versions"": 1}",same inventoried inputs; recomputation mismatch
6501.JP,106,,"{""asOf"": 1, ""ownerMemo"": 71, ""series"": 16, ""tests"": 17, ""versions"": 1}",same inventoried inputs; recomputation mismatch
6503.JP,33,,"{""asOf"": 1, ""ownerMemo"": 21, ""series"": 7, ""tests"": 3, ""versions"": 1}",same inventoried inputs; recomputation mismatch
6504.JP,727,,"{""asOf"": 1, ""events"": 1, ""historyCoverage"": 2, ""ownerMemo"": 40, ""series"": 340, ""tests"": 319, ""valuation"": 6, ""valueHistory"": 17, ""versions"": 1}",same inventoried inputs; recomputation mismatch
6505.TW,39,,"{""asOf"": 1, ""company"": 2, ""ownerMemo"": 19, ""series"": 1, ""tests"": 12, ""valuation"": 3, ""versions"": 1}",same inventoried inputs; recomputation mismatch
6506.JP,92,,"{""asOf"": 1, ""ownerMemo"": 36, ""series"": 17, ""tests"": 32, ""valuation"": 5, ""versions"": 1}",same inventoried inputs; recomputation mismatch
6526.JP,38,,"{""asOf"": 1, ""events"": 4, ""ownerMemo"": 31, ""series"": 1, ""versions"": 1}",same inventoried inputs; recomputation mismatch
6532.JP,12,,"{""asOf"": 1, ""events"": 7, ""ownerMemo"": 3, ""versions"": 1}",same inventoried inputs; recomputation mismatch
6618.HK,117,,"{""asOf"": 1, ""company"": 2, ""ownerMemo"": 48, ""series"": 17, ""tests"": 46, ""valuation"": 1, ""valueHistory"": 1, ""versions"": 1}",same inventoried inputs; recomputation mismatch
6645.JP,45,,"{""asOf"": 1, ""ownerMemo"": 22, ""series"": 7, ""tests"": 14, ""versions"": 1}",same inventoried inputs; recomputation mismatch
6669.TW,40,,"{""asOf"": 1, ""company"": 2, ""ownerMemo"": 20, ""series"": 1, ""tests"": 12, ""valuation"": 3, ""versions"": 1}",same inventoried inputs; recomputation mismatch
6690.HK,137,,"{""asOf"": 1, ""company"": 2, ""ownerMemo"": 61, ""series"": 16, ""tests"": 36, ""valuation"": 5, ""valueHistory"": 15, ""versions"": 1}",same inventoried inputs; recomputation mismatch
6701.JP,133,,"{""asOf"": 1, ""events"": 4, ""ownerMemo"": 59, ""series"": 17, ""tests"": 48, ""valuation"": 3, ""versions"": 1}",same inventoried inputs; recomputation mismatch
6702.JP,113,,"{""asOf"": 1, ""events"": 4, ""ownerMemo"": 59, ""series"": 14, ""tests"": 34, ""versions"": 1}",same inventoried inputs; recomputation mismatch
6723.JP,87,,"{""asOf"": 1, ""ownerMemo"": 5, ""series"": 38, ""tests"": 33, ""valueHistory"": 9, ""versions"": 1}",same inventoried inputs; recomputation mismatch
6724.JP,36,,"{""asOf"": 1, ""ownerMemo"": 18, ""series"": 1, ""tests"": 12, ""valuation"": 3, ""versions"": 1}",same inventoried inputs; recomputation mismatch
6752.JP,68,,"{""asOf"": 1, ""ownerMemo"": 29, ""series"": 8, ""tests"": 29, ""versions"": 1}",same inventoried inputs; recomputation mismatch
6753.JP,838,,"{""asOf"": 1, ""events"": 1, ""historyCoverage"": 2, ""ownerMemo"": 44, ""series"": 397, ""tests"": 364, ""valuation"": 15, ""valueHistory"": 13, ""versions"": 1}",same inventoried inputs; recomputation mismatch
6758.JP,269,,"{""asOf"": 1, ""events"": 1, ""ownerMemo"": 76, ""series"": 98, ""tests"": 79, ""valuation"": 1, ""valueHistory"": 12, ""versions"": 1}",same inventoried inputs; recomputation mismatch
6762.JP,134,,"{""asOf"": 1, ""events"": 2, ""ownerMemo"": 68, ""series"": 24, ""tests"": 24, ""valuation"": 8, ""valueHistory"": 6, ""versions"": 1}",same inventoried inputs; recomputation mismatch
6770.JP,20,,"{""asOf"": 1, ""ownerMemo"": 2, ""series"": 1, ""tests"": 12, ""valuation"": 3, ""versions"": 1}",same inventoried inputs; recomputation mismatch
6841.JP,105,,"{""asOf"": 1, ""events"": 1, ""ownerMemo"": 14, ""series"": 30, ""tests"": 43, ""valuation"": 9, ""valueHistory"": 6, ""versions"": 1}",same inventoried inputs; recomputation mismatch
6857.JP,47,,"{""asOf"": 1, ""ownerMemo"": 11, ""series"": 12, ""tests"": 17, ""valuation"": 2, ""valueHistory"": 3, ""versions"": 1}",same inventoried inputs; recomputation mismatch
6861.JP,58,,"{""asOf"": 1, ""ownerMemo"": 8, ""series"": 26, ""tests"": 22, ""versions"": 1}",same inventoried inputs; recomputation mismatch
6862.HK,132,,"{""asOf"": 1, ""company"": 2, ""ownerMemo"": 51, ""series"": 17, ""tests"": 46, ""valuation"": 8, ""valueHistory"": 6, ""versions"": 1}",same inventoried inputs; recomputation mismatch
688008.SHG,109,,"{""asOf"": 1, ""company"": 4, ""ownerMemo"": 24, ""series"": 31, ""tests"": 33, ""valuation"": 6, ""valueHistory"": 9, ""versions"": 1}",same inventoried inputs; recomputation mismatch
688012.SHG,119,,"{""asOf"": 1, ""company"": 2, ""ownerMemo"": 22, ""series"": 31, ""tests"": 35, ""valuation"": 18, ""valueHistory"": 9, ""versions"": 1}",same inventoried inputs; recomputation mismatch
688036.SHG,103,,"{""asOf"": 1, ""company"": 2, ""ownerMemo"": 23, ""series"": 29, ""tests"": 32, ""valuation"": 3, ""valueHistory"": 12, ""versions"": 1}",same inventoried inputs; recomputation mismatch
688041.SHG,132,,"{""asOf"": 1, ""company"": 2, ""ownerMemo"": 34, ""series"": 31, ""tests"": 51, ""valuation"": 6, ""valueHistory"": 6, ""versions"": 1}",same inventoried inputs; recomputation mismatch
688065.SHG,91,,"{""asOf"": 1, ""company"": 2, ""ownerMemo"": 20, ""series"": 29, ""tests"": 29, ""valuation"": 6, ""valueHistory"": 3, ""versions"": 1}",same inventoried inputs; recomputation mismatch
688111.SHG,24,,"{""asOf"": 1, ""company"": 2, ""ownerMemo"": 20, ""versions"": 1}",same inventoried inputs; recomputation mismatch
688126.SHG,79,,"{""asOf"": 1, ""company"": 2, ""ownerMemo"": 17, ""series"": 29, ""tests"": 26, ""valueHistory"": 3, ""versions"": 1}",same inventoried inputs; recomputation mismatch
688187.SHG,109,,"{""asOf"": 1, ""company"": 4, ""ownerMemo"": 34, ""series"": 30, ""tests"": 33, ""valueHistory"": 6, ""versions"": 1}",same inventoried inputs; recomputation mismatch
688223.SHG,90,,"{""asOf"": 1, ""company"": 3, ""ownerMemo"": 17, ""series"": 31, ""tests"": 33, ""valueHistory"": 3, ""versions"": 1, ""w"": 1}",same inventoried inputs; recomputation mismatch
688256.SHG,27,,"{""asOf"": 1, ""company"": 2, ""ownerMemo"": 11, ""series"": 1, ""tests"": 11, ""versions"": 1}",same inventoried inputs; recomputation mismatch
688271.SHG,48,,"{""asOf"": 1, ""company"": 2, ""ownerMemo"": 27, ""series"": 17, ""versions"": 1}",same inventoried inputs; recomputation mismatch
688303.SHG,110,,"{""asOf"": 1, ""company"": 2, ""ownerMemo"": 27, ""series"": 31, ""tests"": 33, ""valuation"": 6, ""valueHistory"": 9, ""versions"": 1}",same inventoried inputs; recomputation mismatch
688363.SHG,110,,"{""asOf"": 1, ""company"": 2, ""ownerMemo"": 26, ""series"": 30, ""tests"": 32, ""valuation"": 12, ""valueHistory"": 6, ""versions"": 1}",same inventoried inputs; recomputation mismatch
688396.SHG,101,,"{""asOf"": 1, ""company"": 2, ""ownerMemo"": 25, ""series"": 29, ""tests"": 28, ""valuation"": 6, ""valueHistory"": 9, ""versions"": 1}",same inventoried inputs; recomputation mismatch
688561.SHG,81,,"{""asOf"": 1, ""company"": 2, ""ownerMemo"": 14, ""series"": 31, ""tests"": 32, ""versions"": 1}",same inventoried inputs; recomputation mismatch
688599.SHG,120,,"{""asOf"": 1, ""company"": 2, ""events"": 5, ""ownerMemo"": 47, ""series"": 19, ""tests"": 45, ""versions"": 1}",same inventoried inputs; recomputation mismatch
688981.SHG,97,,"{""asOf"": 1, ""company"": 2, ""ownerMemo"": 21, ""series"": 29, ""tests"": 30, ""valuation"": 7, ""valueHistory"": 6, ""versions"": 1}",same inventoried inputs; recomputation mismatch
6902.JP,75,,"{""asOf"": 1, ""ownerMemo"": 7, ""series"": 29, ""tests"": 28, ""valuation"": 3, ""valueHistory"": 6, ""versions"": 1}",same inventoried inputs; recomputation mismatch
6919.TW,85,,"{""asOf"": 1, ""company"": 2, ""ownerMemo"": 26, ""series"": 28, ""tests"": 27, ""versions"": 1}",same inventoried inputs; recomputation mismatch
6920.JP,103,,"{""asOf"": 1, ""ownerMemo"": 9, ""series"": 39, ""tests"": 44, ""valueHistory"": 9, ""versions"": 1}",same inventoried inputs; recomputation mismatch
6954.JP,75,,"{""asOf"": 1, ""ownerMemo"": 6, ""series"": 29, ""tests"": 26, ""valuation"": 3, ""valueHistory"": 9, ""versions"": 1}",same inventoried inputs; recomputation mismatch
6963.JP,75,,"{""asOf"": 1, ""ownerMemo"": 2, ""series"": 29, ""tests"": 30, ""valueHistory"": 12, ""versions"": 1}",same inventoried inputs; recomputation mismatch
6971.JP,109,,"{""asOf"": 1, ""ownerMemo"": 14, ""series"": 41, ""tests"": 43, ""valuation"": 3, ""valueHistory"": 6, ""versions"": 1}",same inventoried inputs; recomputation mismatch
6976.JP,17,,"{""asOf"": 1, ""ownerMemo"": 2, ""series"": 1, ""tests"": 12, ""versions"": 1}",same inventoried inputs; recomputation mismatch
6981.JP,82,,"{""asOf"": 1, ""ownerMemo"": 51, ""series"": 8, ""tests"": 18, ""valuation"": 3, ""versions"": 1}",same inventoried inputs; recomputation mismatch
6988.JP,91,,"{""asOf"": 1, ""ownerMemo"": 20, ""series"": 28, ""tests"": 32, ""valueHistory"": 9, ""versions"": 1}",same inventoried inputs; recomputation mismatch
7004.JP,34,,"{""asOf"": 1, ""ownerMemo"": 4, ""series"": 6, ""tests"": 17, ""valuation"": 5, ""versions"": 1}",same inventoried inputs; recomputation mismatch
7011.JP,155,,"{""asOf"": 1, ""events"": 9, ""ownerMemo"": 70, ""series"": 33, ""tests"": 37, ""valuation"": 4, ""versions"": 1}",same inventoried inputs; recomputation mismatch
7012.JP,216,,"{""asOf"": 1, ""events"": 5, ""historyCoverage"": 2, ""ownerMemo"": 30, ""priceHistory"": 1, ""requiredMos"": 1, ""series"": 74, ""status"": 1, ""tests"": 93, ""valuation"": 1, ""valueHistory"": 5, ""versions"": 1, ""volatility"": 1}",same inventoried inputs; recomputation mismatch
7013.JP,142,,"{""asOf"": 1, ""events"": 6, ""ownerMemo"": 64, ""series"": 18, ""tests"": 49, ""valuation"": 3, ""versions"": 1}",same inventoried inputs; recomputation mismatch
7182.JP,25,,"{""asOf"": 1, ""events"": 4, ""ownerMemo"": 19, ""versions"": 1}",same inventoried inputs; recomputation mismatch
7186.JP,21,,"{""asOf"": 1, ""ownerMemo"": 19, ""versions"": 1}",same inventoried inputs; recomputation mismatch
7201.JP,55,,"{""asOf"": 1, ""ownerMemo"": 11, ""series"": 9, ""tests"": 33, ""versions"": 1}",same inventoried inputs; recomputation mismatch
7202.JP,74,,"{""asOf"": 1, ""ownerMemo"": 13, ""series"": 16, ""tests"": 35, ""valuation"": 5, ""valueHistory"": 3, ""versions"": 1}",same inventoried inputs; recomputation mismatch
7203.JP,248,,"{""asOf"": 1, ""ownerMemo"": 46, ""series"": 98, ""tests"": 66, ""valuation"": 9, ""valueHistory"": 27, ""versions"": 1}",split-normalized normal recomputation versus frozen split-release inputs
7211.JP,17,,"{""asOf"": 1, ""ownerMemo"": 2, ""series"": 1, ""tests"": 12, ""versions"": 1}",same inventoried inputs; recomputation mismatch
7261.JP,69,,"{""asOf"": 1, ""ownerMemo"": 12, ""series"": 16, ""tests"": 34, ""valuation"": 5, ""versions"": 1}",same inventoried inputs; recomputation mismatch
7267.JP,233,,"{""asOf"": 1, ""ownerMemo"": 89, ""series"": 56, ""tests"": 63, ""valuation"": 5, ""valueHistory"": 18, ""versions"": 1}",same inventoried inputs; recomputation mismatch
7269.JP,92,,"{""asOf"": 1, ""ownerMemo"": 10, ""series"": 33, ""tests"": 32, ""valuation"": 3, ""valueHistory"": 12, ""versions"": 1}",same inventoried inputs; recomputation mismatch
7270.JP,40,,"{""asOf"": 1, ""ownerMemo"": 4, ""series"": 13, ""tests"": 18, ""valuation"": 3, ""versions"": 1}",same inventoried inputs; recomputation mismatch
7272.JP,129,,"{""asOf"": 1, ""ownerMemo"": 2, ""series"": 66, ""tests"": 44, ""valueHistory"": 15, ""versions"": 1}",same inventoried inputs; recomputation mismatch
7309.JP,57,,"{""asOf"": 1, ""ownerMemo"": 11, ""series"": 9, ""tests"": 30, ""valuation"": 5, ""versions"": 1}",same inventoried inputs; recomputation mismatch
7453.JP,41,,"{""asOf"": 1, ""events"": 1, ""ownerMemo"": 21, ""series"": 2, ""tests"": 12, ""valuation"": 3, ""versions"": 1}",same inventoried inputs; recomputation mismatch
7532.JP,9,,"{""asOf"": 1, ""events"": 1, ""ownerMemo"": 6, ""versions"": 1}",same inventoried inputs; recomputation mismatch
7731.JP,34,,"{""asOf"": 1, ""ownerMemo"": 19, ""series"": 1, ""tests"": 12, ""versions"": 1}",same inventoried inputs; recomputation mismatch
7733.JP,57,,"{""asOf"": 1, ""ownerMemo"": 5, ""series"": 19, ""tests"": 19, ""valuation"": 3, ""valueHistory"": 9, ""versions"": 1}",same inventoried inputs; recomputation mismatch
7735.JP,118,,"{""asOf"": 1, ""ownerMemo"": 16, ""series"": 37, ""tests"": 46, ""valuation"": 5, ""valueHistory"": 12, ""versions"": 1}",same inventoried inputs; recomputation mismatch
7741.JP,80,,"{""asOf"": 1, ""ownerMemo"": 75, ""series"": 1, ""tests"": 2, ""versions"": 1}",same inventoried inputs; recomputation mismatch
7751.JP,61,,"{""asOf"": 1, ""ownerMemo"": 47, ""series"": 10, ""tests"": 2, ""versions"": 1}",same inventoried inputs; recomputation mismatch
7752.JP,62,,"{""asOf"": 1, ""ownerMemo"": 24, ""series"": 6, ""tests"": 25, ""valuation"": 5, ""versions"": 1}",same inventoried inputs; recomputation mismatch
7832.JP,68,,"{""asOf"": 1, ""ownerMemo"": 8, ""series"": 29, ""tests"": 20, ""valueHistory"": 9, ""versions"": 1}",same inventoried inputs; recomputation mismatch
7911.JP,75,,"{""asOf"": 1, ""ownerMemo"": 6, ""series"": 29, ""tests"": 29, ""valuation"": 3, ""valueHistory"": 6, ""versions"": 1}",same inventoried inputs; recomputation mismatch
7912.JP,43,,"{""asOf"": 1, ""ownerMemo"": 4, ""series"": 14, ""tests"": 20, ""valueHistory"": 3, ""versions"": 1}",same inventoried inputs; recomputation mismatch
7936.JP,123,,"{""asOf"": 1, ""ownerMemo"": 16, ""series"": 37, ""tests"": 54, ""valuation"": 5, ""valueHistory"": 9, ""versions"": 1}",same inventoried inputs; recomputation mismatch
7951.JP,132,,"{""asOf"": 1, ""events"": 2, ""ownerMemo"": 19, ""series"": 47, ""tests"": 45, ""valuation"": 5, ""valueHistory"": 12, ""versions"": 1}",same inventoried inputs; recomputation mismatch
7974.JP,141,,"{""asOf"": 1, ""events"": 1, ""ownerMemo"": 85, ""series"": 19, ""tests"": 31, ""valuation"": 3, ""versions"": 1}",same inventoried inputs; recomputation mismatch
8001.JP,56,,"{""asOf"": 1, ""ownerMemo"": 51, ""series"": 1, ""tests"": 2, ""versions"": 1}",cached Yahoo acquisitions/dividends versus live pre-completion observations
8002.JP,56,,"{""asOf"": 1, ""ownerMemo"": 50, ""series"": 2, ""tests"": 2, ""versions"": 1}",same inventoried inputs; recomputation mismatch
8015.JP,109,,"{""asOf"": 1, ""judgement"": 1, ""ownerMemo"": 27, ""series"": 29, ""tests"": 38, ""valuation"": 3, ""valueHistory"": 9, ""versions"": 1}",same inventoried inputs; recomputation mismatch
8031.JP,62,,"{""asOf"": 1, ""ownerMemo"": 43, ""series"": 6, ""tests"": 11, ""versions"": 1}",cached Yahoo acquisitions versus excluded EDINET goodwill proxy
8035.JP,59,,"{""asOf"": 1, ""ownerMemo"": 6, ""series"": 27, ""tests"": 17, ""valueHistory"": 7, ""versions"": 1}",same inventoried inputs; recomputation mismatch
8053.JP,41,,"{""asOf"": 1, ""ownerMemo"": 35, ""series"": 2, ""tests"": 2, ""versions"": 1}",same inventoried inputs; recomputation mismatch
8058.JP,45,,"{""asOf"": 1, ""ownerMemo"": 40, ""series"": 1, ""tests"": 2, ""versions"": 1}",normal completed statement basis versus frozen release metrics
8113.JP,119,,"{""asOf"": 1, ""ownerMemo"": 34, ""series"": 36, ""tests"": 41, ""valueHistory"": 6, ""versions"": 1}",same inventoried inputs; recomputation mismatch
8233.JP,120,,"{""asOf"": 1, ""ownerMemo"": 9, ""series"": 55, ""tests"": 54, ""versions"": 1}",same inventoried inputs; recomputation mismatch
8252.JP,136,,"{""asOf"": 1, ""ownerMemo"": 94, ""series"": 12, ""tests"": 22, ""valuation"": 3, ""valueHistory"": 3, ""versions"": 1}",same inventoried inputs; recomputation mismatch
8253.JP,313,,"{""asOf"": 1, ""company"": 1, ""judgement"": 1, ""ownerMemo"": 49, ""series"": 49, ""tests"": 136, ""valuation"": 42, ""valueHistory"": 33, ""versions"": 1}",same inventoried inputs; recomputation mismatch
8267.JP,97,,"{""asOf"": 1, ""ownerMemo"": 13, ""series"": 34, ""tests"": 43, ""valuation"": 5, ""versions"": 1}",same inventoried inputs; recomputation mismatch
8304.JP,20,,"{""asOf"": 1, ""events"": 1, ""ownerMemo"": 17, ""versions"": 1}",same inventoried inputs; recomputation mismatch
8306.JP,235,,"{""asOf"": 1, ""ownerMemo"": 26, ""series"": 118, ""tests"": 78, ""valuation"": 1, ""valueHistory"": 10, ""versions"": 1}",same inventoried inputs; recomputation mismatch
8308.JP,57,,"{""asOf"": 1, ""ownerMemo"": 27, ""series"": 20, ""tests"": 8, ""versions"": 1}",same inventoried inputs; recomputation mismatch
8309.JP,21,,"{""asOf"": 1, ""ownerMemo"": 19, ""versions"": 1}",same inventoried inputs; recomputation mismatch
8316.JP,210,,"{""asOf"": 1, ""ownerMemo"": 27, ""series"": 92, ""tests"": 71, ""valueHistory"": 18, ""versions"": 1}",same inventoried inputs; recomputation mismatch
8331.JP,21,,"{""asOf"": 1, ""ownerMemo"": 19, ""versions"": 1}",same inventoried inputs; recomputation mismatch
8354.JP,22,,"{""asOf"": 1, ""events"": 1, ""ownerMemo"": 19, ""versions"": 1}",same inventoried inputs; recomputation mismatch
8411.JP,232,,"{""asOf"": 1, ""events"": 5, ""ownerMemo"": 27, ""series"": 98, ""tests"": 69, ""valuation"": 1, ""valueHistory"": 30, ""versions"": 1}",same inventoried inputs; recomputation mismatch
8513.HK,110,,"{""asOf"": 1, ""company"": 2, ""ownerMemo"": 39, ""series"": 19, ""tests"": 48, ""versions"": 1}",same inventoried inputs; recomputation mismatch
8591.JP,201,,"{""asOf"": 1, ""ownerMemo"": 30, ""series"": 98, ""tests"": 53, ""valueHistory"": 18, ""versions"": 1}",same inventoried inputs; recomputation mismatch
8601.JP,37,,"{""asOf"": 1, ""ownerMemo"": 19, ""series"": 1, ""tests"": 12, ""valuation"": 3, ""versions"": 1}",same inventoried inputs; recomputation mismatch
8604.JP,61,,"{""asOf"": 1, ""ownerMemo"": 32, ""series"": 10, ""tests"": 14, ""valuation"": 3, ""versions"": 1}",same inventoried inputs; recomputation mismatch
8630.JP,95,,"{""asOf"": 1, ""judgement"": 1, ""ownerMemo"": 6, ""series"": 39, ""tests"": 33, ""valueHistory"": 14, ""versions"": 1}",completed cached buybacks versus release retained-share inputs
8697.JP,108,,"{""asOf"": 1, ""ownerMemo"": 37, ""series"": 28, ""tests"": 32, ""valueHistory"": 9, ""versions"": 1}",same inventoried inputs; recomputation mismatch
8725.JP,7,,"{""asOf"": 1, ""ownerMemo"": 5, ""versions"": 1}",same inventoried inputs; recomputation mismatch
8729.JP,24,,"{""asOf"": 1, ""ownerMemo"": 20, ""series"": 2, ""versions"": 1}",same inventoried inputs; recomputation mismatch
8750.JP,21,,"{""asOf"": 1, ""ownerMemo"": 19, ""versions"": 1}",same inventoried inputs; recomputation mismatch
8766.JP,20,,"{""asOf"": 1, ""ownerMemo"": 18, ""versions"": 1}",same inventoried inputs; recomputation mismatch
8795.JP,21,,"{""asOf"": 1, ""ownerMemo"": 19, ""versions"": 1}",same inventoried inputs; recomputation mismatch
8801.JP,96,,"{""asOf"": 1, ""ownerMemo"": 41, ""series"": 22, ""tests"": 22, ""valuation"": 3, ""valueHistory"": 6, ""versions"": 1}",same inventoried inputs; recomputation mismatch
8802.JP,52,,"{""asOf"": 1, ""ownerMemo"": 34, ""series"": 1, ""tests"": 12, ""valuation"": 3, ""versions"": 1}",same inventoried inputs; recomputation mismatch
8804.JP,47,,"{""asOf"": 1, ""ownerMemo"": 32, ""series"": 1, ""tests"": 12, ""versions"": 1}",same inventoried inputs; recomputation mismatch
8830.JP,84,,"{""asOf"": 1, ""ownerMemo"": 7, ""series"": 36, ""tests"": 30, ""valuation"": 3, ""valueHistory"": 6, ""versions"": 1}",same inventoried inputs; recomputation mismatch
8TRA.XETRA,46,fundamentals/8TRA.XETRA.json;companies/8TRA.XETRA.json;raw/eodhd/8TRA.XETRA.json,"{""asOf"": 1, ""company"": 8, ""ownerMemo"": 21, ""series"": 1, ""tests"": 11, ""valuation"": 3, ""versions"": 1}",source-cache arrival observed; per-field attribution unproven
9001.JP,858,,"{""asOf"": 1, ""events"": 2, ""historyCoverage"": 2, ""ownerMemo"": 74, ""series"": 389, ""tests"": 350, ""valuation"": 22, ""valueHistory"": 17, ""versions"": 1}",same inventoried inputs; recomputation mismatch
9005.JP,101,,"{""asOf"": 1, ""ownerMemo"": 36, ""series"": 29, ""tests"": 31, ""valuation"": 3, ""versions"": 1}",same inventoried inputs; recomputation mismatch
9007.JP,42,,"{""asOf"": 1, ""ownerMemo"": 27, ""series"": 1, ""tests"": 12, ""versions"": 1}",same inventoried inputs; recomputation mismatch
9008.JP,866,,"{""asOf"": 1, ""events"": 1, ""historyCoverage"": 2, ""ownerMemo"": 73, ""series"": 398, ""tests"": 362, ""valuation"": 22, ""valueHistory"": 6, ""versions"": 1}",same inventoried inputs; recomputation mismatch
9009.JP,144,,"{""asOf"": 1, ""ownerMemo"": 43, ""series"": 37, ""tests"": 51, ""valuation"": 5, ""valueHistory"": 6, ""versions"": 1}",same inventoried inputs; recomputation mismatch
9020.JP,101,,"{""asOf"": 1, ""ownerMemo"": 37, ""series"": 29, ""tests"": 30, ""valuation"": 3, ""versions"": 1}",same inventoried inputs; recomputation mismatch
9021.JP,49,,"{""asOf"": 1, ""ownerMemo"": 21, ""series"": 7, ""tests"": 16, ""valuation"": 3, ""versions"": 1}",same inventoried inputs; recomputation mismatch
9022.JP,136,,"{""asOf"": 1, ""events"": 1, ""ownerMemo"": 82, ""series"": 18, ""tests"": 30, ""valuation"": 3, ""versions"": 1}",same inventoried inputs; recomputation mismatch
9064.JP,84,,"{""asOf"": 1, ""ownerMemo"": 38, ""series"": 9, ""tests"": 30, ""valuation"": 5, ""versions"": 1}",same inventoried inputs; recomputation mismatch
9101.JP,801,,"{""asOf"": 1, ""events"": 1, ""historyCoverage"": 2, ""ownerMemo"": 41, ""series"": 376, ""tests"": 357, ""valuation"": 5, ""valueHistory"": 17, ""versions"": 1}",same inventoried inputs; recomputation mismatch
9104.JP,774,,"{""asOf"": 1, ""events"": 3, ""historyCoverage"": 2, ""ownerMemo"": 23, ""series"": 389, ""tests"": 355, ""versions"": 1}",same inventoried inputs; recomputation mismatch
9107.JP,780,,"{""asOf"": 1, ""events"": 1, ""historyCoverage"": 2, ""ownerMemo"": 36, ""series"": 377, ""tests"": 355, ""valuation"": 4, ""valueHistory"": 3, ""versions"": 1}",same inventoried inputs; recomputation mismatch
9147.JP,147,,"{""asOf"": 1, ""ownerMemo"": 51, ""series"": 30, ""tests"": 64, ""versions"": 1}",same inventoried inputs; recomputation mismatch
9201.JP,94,,"{""asOf"": 1, ""ownerMemo"": 41, ""series"": 16, ""tests"": 31, ""valuation"": 4, ""versions"": 1}",same inventoried inputs; recomputation mismatch
9202.JP,823,,"{""asOf"": 1, ""events"": 3, ""historyCoverage"": 2, ""ownerMemo"": 46, ""series"": 387, ""tests"": 357, ""valuation"": 23, ""valueHistory"": 3, ""versions"": 1}",same inventoried inputs; recomputation mismatch
9432.JP,160,,"{""asOf"": 1, ""events"": 2, ""ownerMemo"": 98, ""series"": 20, ""tests"": 34, ""valuation"": 4, ""versions"": 1}",same inventoried inputs; recomputation mismatch
9433.JP,126,,"{""asOf"": 1, ""judgement"": 1, ""ownerMemo"": 15, ""series"": 41, ""tests"": 50, ""valuation"": 5, ""valueHistory"": 12, ""versions"": 1}",same inventoried inputs; recomputation mismatch
9434.JP,116,,"{""asOf"": 1, ""events"": 1, ""ownerMemo"": 61, ""series"": 16, ""tests"": 36, ""versions"": 1}",same inventoried inputs; recomputation mismatch
9501.JP,49,,"{""asOf"": 1, ""ownerMemo"": 21, ""series"": 9, ""tests"": 17, ""versions"": 1}",same inventoried inputs; recomputation mismatch
9502.JP,65,,"{""asOf"": 1, ""ownerMemo"": 42, ""series"": 3, ""tests"": 15, ""valuation"": 3, ""versions"": 1}",same inventoried inputs; recomputation mismatch
9503.JP,66,,"{""asOf"": 1, ""ownerMemo"": 41, ""series"": 4, ""tests"": 16, ""valuation"": 3, ""versions"": 1}",same inventoried inputs; recomputation mismatch
9531.JP,815,,"{""asOf"": 1, ""events"": 1, ""historyCoverage"": 2, ""ownerMemo"": 44, ""series"": 382, ""tests"": 357, ""valuation"": 6, ""valueHistory"": 21, ""versions"": 1}",same inventoried inputs; recomputation mismatch
9532.JP,837,,"{""asOf"": 1, ""events"": 3, ""historyCoverage"": 2, ""ownerMemo"": 45, ""series"": 391, ""tests"": 358, ""valuation"": 15, ""valueHistory"": 21, ""versions"": 1}",same inventoried inputs; recomputation mismatch
9602.JP,101,,"{""asOf"": 1, ""ownerMemo"": 87, ""series"": 10, ""tests"": 2, ""versions"": 1}",same inventoried inputs; recomputation mismatch
9618.HK,142,fundamentals/9618.HK.json;companies/9618.HK.json;raw/eodhd/9618.HK.json,"{""asOf"": 1, ""company"": 2, ""ownerMemo"": 54, ""series"": 19, ""tests"": 56, ""valueHistory"": 9, ""versions"": 1}",source-cache arrival observed; per-field attribution unproven
9633.HK,118,,"{""asOf"": 1, ""company"": 2, ""ownerMemo"": 52, ""series"": 14, ""tests"": 34, ""valuation"": 5, ""valueHistory"": 9, ""versions"": 1}",same inventoried inputs; recomputation mismatch
9735.JP,121,,"{""asOf"": 1, ""ownerMemo"": 16, ""series"": 36, ""tests"": 53, ""valuation"": 2, ""valueHistory"": 12, ""versions"": 1}",same inventoried inputs; recomputation mismatch
9766.JP,5,,"{""asOf"": 1, ""ownerMemo"": 3, ""versions"": 1}",same inventoried inputs; recomputation mismatch
9843.JP,233,,"{""asOf"": 1, ""events"": 1, ""ownerMemo"": 80, ""series"": 65, ""tests"": 59, ""valuation"": 11, ""valueHistory"": 15, ""versions"": 1}",same inventoried inputs; recomputation mismatch
9888.HK,166,,"{""asOf"": 1, ""company"": 3, ""holders"": 4, ""ownerMemo"": 63, ""series"": 17, ""tests"": 46, ""valueHistory"": 30, ""versions"": 1, ""w"": 1}",same inventoried inputs; recomputation mismatch
9961.HK,50,fundamentals/9961.HK.json;companies/9961.HK.json;raw/eodhd/9961.HK.json,"{""asOf"": 1, ""company"": 2, ""ownerMemo"": 6, ""series"": 6, ""tests"": 17, ""valuation"": 8, ""valueHistory"": 9, ""versions"": 1}",source-cache arrival observed; per-field attribution unproven
9983.JP,55,,"{""asOf"": 1, ""ownerMemo"": 17, ""series"": 11, ""tests"": 19, ""valuation"": 3, ""valueHistory"": 3, ""versions"": 1}",same inventoried inputs; recomputation mismatch
9984.JP,39,,"{""asOf"": 1, ""ownerMemo"": 16, ""series"": 1, ""tests"": 12, ""valuation"": 5, ""valueHistory"": 3, ""versions"": 1}",same inventoried inputs; recomputation mismatch
9988.HK,167,,"{""asOf"": 1, ""company"": 4, ""holders"": 9, ""ownerMemo"": 67, ""series"": 19, ""tests"": 47, ""valueHistory"": 18, ""versions"": 1, ""w"": 1}",same inventoried inputs; recomputation mismatch
9992.HK,180,,"{""asOf"": 1, ""company"": 2, ""ownerMemo"": 33, ""series"": 41, ""tests"": 75, ""valuation"": 12, ""valueHistory"": 15, ""versions"": 1}",same inventoried inputs; recomputation mismatch
9999.HK,159,,"{""asOf"": 1, ""company"": 4, ""holders"": 3, ""ownerMemo"": 64, ""series"": 17, ""tests"": 36, ""valuation"": 5, ""valueHistory"": 27, ""versions"": 1, ""w"": 1}",same inventoried inputs; recomputation mismatch
A.US,9,fundamentals/A.US.json;companies/A.US.json;raw/eodhd/A.US.json,"{""asOf"": 1, ""company"": 2, ""ownerMemo"": 5, ""versions"": 1}",source-cache arrival observed; per-field attribution unproven
A2A.MI,129,,"{""asOf"": 1, ""ownerMemo"": 86, ""series"": 15, ""tests"": 26, ""versions"": 1}",same inventoried inputs; recomputation mismatch
A2M.AU,100,,"{""asOf"": 1, ""company"": 2, ""ownerMemo"": 21, ""series"": 11, ""tests"": 25, ""valuation"": 9, ""valueHistory"": 30, ""versions"": 1}",same inventoried inputs; recomputation mismatch
A5G.IR,95,fundamentals/A5G.IR.json;companies/A5G.IR.json;raw/eodhd/A5G.IR.json,"{""asOf"": 1, ""company"": 4, ""ownerMemo"": 5, ""series"": 37, ""tests"": 34, ""valuation"": 1, ""valueHistory"": 12, ""versions"": 1}",source-cache arrival observed; per-field attribution unproven
AA.US,10,fundamentals/AA.US.json;companies/AA.US.json;raw/eodhd/AA.US.json,"{""asOf"": 1, ""company"": 2, ""ownerMemo"": 5, ""series"": 1, ""versions"": 1}",source-cache arrival observed; per-field attribution unproven
AAF.LSE,126,fundamentals/AAF.LSE.json;companies/AAF.LSE.json;raw/eodhd/AAF.LSE.json,"{""asOf"": 1, ""company"": 2, ""ownerMemo"": 25, ""report"": 4, ""series"": 8, ""tests"": 64, ""valuation"": 9, ""valueHistory"": 12, ""versions"": 1}",source-cache arrival observed; per-field attribution unproven
AAK.ST,6,,"{""asOf"": 1, ""company"": 2, ""ownerMemo"": 2, ""versions"": 1}",same inventoried inputs; recomputation mismatch
AAL.LSE,71,fundamentals/AAL.LSE.json;companies/AAL.LSE.json;raw/eodhd/AAL.LSE.json,"{""asOf"": 1, ""company"": 4, ""ownerMemo"": 18, ""series"": 11, ""tests"": 24, ""valueHistory"": 12, ""versions"": 1}",source-cache arrival observed; per-field attribution unproven
AALB.AS,23,,"{""asOf"": 1, ""company"": 2, ""ownerMemo"": 2, ""series"": 1, ""tests"": 12, ""valuation"": 4, ""versions"": 1}",same inventoried inputs; recomputation mismatch
AAPL.US,8,fundamentals/AAPL.US.json;companies/AAPL.US.json;raw/eodhd/AAPL.US.json,"{""asOf"": 1, ""company"": 2, ""ownerMemo"": 4, ""versions"": 1}",source-cache arrival observed; per-field attribution unproven
ABB.AU,33,,"{""asOf"": 1, ""company"": 2, ""ownerMemo"": 13, ""series"": 1, ""tests"": 11, ""valuation"": 4, ""versions"": 1}",same inventoried inputs; recomputation mismatch
ABBN.SW,92,fundamentals/ABBN.SW.json;companies/ABBN.SW.json;raw/eodhd/ABBN.SW.json,"{""asOf"": 1, ""company"": 2, ""ownerMemo"": 25, ""report"": 1, ""series"": 10, ""tests"": 15, ""valuation"": 7, ""valueHistory"": 30, ""versions"": 1}",source-cache arrival observed; per-field attribution unproven
ABBV.US,9,fundamentals/ABBV.US.json;companies/ABBV.US.json;raw/eodhd/ABBV.US.json,"{""asOf"": 1, ""company"": 2, ""ownerMemo"": 5, ""versions"": 1}",source-cache arrival observed; per-field attribution unproven
ABDN.LSE,108,fundamentals/ABDN.LSE.json;companies/ABDN.LSE.json;raw/eodhd/ABDN.LSE.json,"{""asOf"": 1, ""company"": 2, ""ownerMemo"": 26, ""report"": 8, ""series"": 1, ""tests"": 65, ""valuation"": 4, ""versions"": 1}",source-cache arrival observed; per-field attribution unproven
ABEV3.SA,67,fundamentals/ABEV3.SA.json;companies/ABEV3.SA.json;raw/eodhd/ABEV3.SA.json,"{""asOf"": 1, ""company"": 2, ""ownerMemo"": 7, ""series"": 1, ""tests"": 13, ""valuation"": 12, ""valueHistory"": 30, ""versions"": 1}",source-cache arrival observed; per-field attribution unproven
ABF.LSE,26,fundamentals/ABF.LSE.json;companies/ABF.LSE.json;raw/eodhd/ABF.LSE.json,"{""asOf"": 1, ""company"": 2, ""ownerMemo"": 5, ""series"": 1, ""tests"": 12, ""valuation"": 4, ""versions"": 1}",source-cache arrival observed; per-field attribution unproven
ABI.BR,170,fundamentals/ABI.BR.json;companies/ABI.BR.json;raw/eodhd/ABI.BR.json,"{""asOf"": 1, ""company"": 5, ""ownerMemo"": 28, ""report"": 4, ""series"": 23, ""tests"": 69, ""valuation"": 9, ""valueHistory"": 30, ""versions"": 1}",source-cache arrival observed; per-field attribution unproven
ABN.AS,96,fundamentals/ABN.AS.json;companies/ABN.AS.json;raw/eodhd/ABN.AS.json,"{""asOf"": 1, ""company"": 2, ""ownerMemo"": 5, ""series"": 32, ""tests"": 35, ""valuation"": 8, ""valueHistory"": 12, ""versions"": 1}",source-cache arrival observed; per-field attribution unproven
ABNB.US,94,fundamentals/ABNB.US.json;companies/ABNB.US.json;raw/eodhd/ABNB.US.json,"{""asOf"": 1, ""company"": 2, ""ownerMemo"": 11, ""series"": 40, ""tests"": 32, ""valuation"": 4, ""valueHistory"": 3, ""versions"": 1}",source-cache arrival observed; per-field attribution unproven
ABT.US,9,fundamentals/ABT.US.json;companies/ABT.US.json;raw/eodhd/ABT.US.json,"{""asOf"": 1, ""company"": 2, ""ownerMemo"": 5, ""versions"": 1}",source-cache arrival observed; per-field attribution unproven
ABVX.PA,33,fundamentals/ABVX.PA.json;companies/ABVX.PA.json;raw/eodhd/ABVX.PA.json,"{""asOf"": 1, ""company"": 2, ""events"": 9, ""ownerMemo"": 7, ""series"": 1, ""tests"": 12, ""versions"": 1}",source-cache arrival observed; per-field attribution unproven
ABX.TO,62,fundamentals/ABX.TO.json;companies/ABX.TO.json;raw/eodhd/ABX.TO.json,"{""asOf"": 1, ""company"": 4, ""ownerMemo"": 6, ""series"": 10, ""tests"": 15, ""valuation"": 7, ""valueHistory"": 18, ""versions"": 1}",source-cache arrival observed; per-field attribution unproven
AC.MX,106,,"{""asOf"": 1, ""company"": 2, ""ownerMemo"": 29, ""series"": 29, ""tests"": 31, ""valuation"": 1, ""valueHistory"": 12, ""versions"": 1}",same inventoried inputs; recomputation mismatch
AC.PA,25,fundamentals/AC.PA.json;companies/AC.PA.json;raw/eodhd/AC.PA.json,"{""asOf"": 1, ""company"": 2, ""ownerMemo"": 5, ""series"": 1, ""tests"": 12, ""valuation"": 3, ""versions"": 1}",source-cache arrival observed; per-field attribution unproven
ACA.PA,9,fundamentals/ACA.PA.json;companies/ACA.PA.json;raw/eodhd/ACA.PA.json,"{""asOf"": 1, ""company"": 2, ""ownerMemo"": 5, ""versions"": 1}",source-cache arrival observed; per-field attribution unproven
ACGL.US,123,fundamentals/ACGL.US.json;companies/ACGL.US.json;raw/eodhd/ACGL.US.json,"{""asOf"": 1, ""company"": 2, ""ownerMemo"": 14, ""series"": 41, ""tests"": 61, ""valueHistory"": 3, ""versions"": 1}",source-cache arrival observed; per-field attribution unproven
ACKB.BR,92,fundamentals/ACKB.BR.json;companies/ACKB.BR.json;raw/eodhd/ACKB.BR.json,"{""asOf"": 1, ""company"": 2, ""ownerMemo"": 25, ""report"": 4, ""series"": 1, ""tests"": 54, ""valuation"": 4, ""versions"": 1}",source-cache arrival observed; per-field attribution unproven
ACLN.SW,172,fundamentals/ACLN.SW.json;companies/ACLN.SW.json;raw/eodhd/ACLN.SW.json,"{""asOf"": 1, ""company"": 2, ""ownerMemo"": 71, ""series"": 32, ""tests"": 48, ""valuation"": 8, ""valueHistory"": 9, ""versions"": 1}",source-cache arrival observed; per-field attribution unproven
ACN.US,999,fundamentals/ACN.US.json;companies/ACN.US.json;raw/eodhd/ACN.US.json,"{""asOf"": 1, ""company"": 2, ""historyCoverage"": 2, ""ownerMemo"": 147, ""series"": 358, ""tests"": 414, ""valuation"": 34, ""valueHistory"": 40, ""versions"": 1}",source-cache arrival observed; per-field attribution unproven
ACP.WAR,73,,"{""asOf"": 1, ""company"": 2, ""ownerMemo"": 20, ""report"": 4, ""tests"": 45, ""versions"": 1}",same inventoried inputs; recomputation mismatch
ACS.MC,25,fundamentals/ACS.MC.json;companies/ACS.MC.json;raw/eodhd/ACS.MC.json,"{""asOf"": 1, ""company"": 2, ""ownerMemo"": 5, ""series"": 1, ""tests"": 12, ""valuation"": 3, ""versions"": 1}",source-cache arrival observed; per-field attribution unproven
ACX.MC,19,,"{""asOf"": 1, ""company"": 2, ""ownerMemo"": 2, ""series"": 1, ""tests"": 12, ""versions"": 1}",same inventoried inputs; recomputation mismatch
AD.AS,97,fundamentals/AD.AS.json;companies/AD.AS.json;raw/eodhd/AD.AS.json,"{""asOf"": 1, ""company"": 2, ""ownerMemo"": 22, ""report"": 6, ""series"": 1, ""tests"": 60, ""valuation"": 4, ""versions"": 1}",source-cache arrival observed; per-field attribution unproven
ADANIENT.NSE,109,,"{""asOf"": 1, ""ownerMemo"": 48, ""series"": 24, ""tests"": 35, ""versions"": 1}",same inventoried inputs; recomputation mismatch
ADANIPORTS.NSE,157,,"{""asOf"": 1, ""ownerMemo"": 96, ""series"": 25, ""tests"": 33, ""valuation"": 1, ""versions"": 1}",same inventoried inputs; recomputation mismatch
ADBE.US,8,fundamentals/ADBE.US.json;companies/ADBE.US.json;raw/eodhd/ADBE.US.json,"{""asOf"": 1, ""company"": 2, ""ownerMemo"": 4, ""versions"": 1}",source-cache arrival observed; per-field attribution unproven
ADDT-B.ST,9,fundamentals/ADDT-B.ST.json;companies/ADDT-B.ST.json;raw/eodhd/ADDT-B.ST.json,"{""asOf"": 1, ""company"": 2, ""ownerMemo"": 5, ""versions"": 1}",source-cache arrival observed; per-field attribution unproven
ADEN.SW,227,,"{""asOf"": 1, ""company"": 2, ""ownerMemo"": 77, ""series"": 42, ""tests"": 66, ""valuation"": 11, ""valueHistory"": 27, ""versions"": 1}",same inventoried inputs; recomputation mismatch
ADI.US,9,fundamentals/ADI.US.json;companies/ADI.US.json;raw/eodhd/ADI.US.json,"{""asOf"": 1, ""company"": 2, ""ownerMemo"": 5, ""versions"": 1}",source-cache arrival observed; per-field attribution unproven
ADM.LSE,9,fundamentals/ADM.LSE.json;companies/ADM.LSE.json;raw/eodhd/ADM.LSE.json,"{""asOf"": 1, ""company"": 2, ""ownerMemo"": 5, ""versions"": 1}",source-cache arrival observed; per-field attribution unproven
ADM.US,26,fundamentals/ADM.US.json;companies/ADM.US.json;raw/eodhd/ADM.US.json,"{""asOf"": 1, ""company"": 2, ""ownerMemo"": 5, ""series"": 1, ""tests"": 12, ""valuation"": 4, ""versions"": 1}",source-cache arrival observed; per-field attribution unproven
ADP.PA,108,fundamentals/ADP.PA.json;companies/ADP.PA.json;raw/eodhd/ADP.PA.json,"{""asOf"": 1, ""company"": 2, ""ownerMemo"": 24, ""report"": 8, ""series"": 1, ""tests"": 68, ""valuation"": 3, ""versions"": 1}",source-cache arrival observed; per-field attribution unproven
ADP.US,9,fundamentals/ADP.US.json;companies/ADP.US.json;raw/eodhd/ADP.US.json,"{""asOf"": 1, ""company"": 2, ""ownerMemo"": 5, ""versions"": 1}",source-cache arrival observed; per-field attribution unproven
ADS.XETRA,46,fundamentals/ADS.XETRA.json;companies/ADS.XETRA.json;raw/eodhd/ADS.XETRA.json,"{""asOf"": 1, ""company"": 6, ""ownerMemo"": 22, ""series"": 1, ""tests"": 12, ""valuation"": 3, ""versions"": 1}",source-cache arrival observed; per-field attribution unproven
ADSK.US,26,fundamentals/ADSK.US.json;companies/ADSK.US.json;raw/eodhd/ADSK.US.json,"{""asOf"": 1, ""company"": 2, ""ownerMemo"": 5, ""series"": 1, ""tests"": 12, ""valuation"": 4, ""versions"": 1}",source-cache arrival observed; per-field attribution unproven
ADYEN.AS,8,fundamentals/ADYEN.AS.json;companies/ADYEN.AS.json;raw/eodhd/ADYEN.AS.json,"{""asOf"": 1, ""company"": 2, ""ownerMemo"": 4, ""versions"": 1}",source-cache arrival observed; per-field attribution unproven
AED.BR,99,fundamentals/AED.BR.json;companies/AED.BR.json;raw/eodhd/AED.BR.json,"{""asOf"": 1, ""company"": 2, ""ownerMemo"": 9, ""series"": 29, ""tests"": 32, ""valuation"": 13, ""valueHistory"": 12, ""versions"": 1}",source-cache arrival observed; per-field attribution unproven
AEE.US,21,fundamentals/AEE.US.json;companies/AEE.US.json;raw/eodhd/AEE.US.json,"{""asOf"": 1, ""company"": 2, ""ownerMemo"": 4, ""series"": 1, ""tests"": 12, ""versions"": 1}",source-cache arrival observed; per-field attribution unproven
AEM.TO,83,fundamentals/AEM.TO.json;companies/AEM.TO.json;raw/eodhd/AEM.TO.json,"{""asOf"": 1, ""company"": 4, ""ownerMemo"": 5, ""series"": 11, ""tests"": 25, ""valuation"": 9, ""valueHistory"": 27, ""versions"": 1}",source-cache arrival observed; per-field attribution unproven
AENA.MC,241,fundamentals/AENA.MC.json;companies/AENA.MC.json;raw/eodhd/AENA.MC.json,"{""asOf"": 1, ""company"": 2, ""events"": 7, ""historyCoverage"": 2, ""ownerMemo"": 20, ""series"": 136, ""tests"": 39, ""valuation"": 3, ""valueHistory"": 30, ""versions"": 1}",source-cache arrival observed; per-field attribution unproven
AEP.LSE,148,,"{""asOf"": 1, ""company"": 2, ""ownerMemo"": 25, ""report"": 8, ""series"": 10, ""tests"": 69, ""valuation"": 5, ""valueHistory"": 27, ""versions"": 1}",same inventoried inputs; recomputation mismatch
AEP.US,22,fundamentals/AEP.US.json;companies/AEP.US.json;raw/eodhd/AEP.US.json,"{""asOf"": 1, ""company"": 2, ""ownerMemo"": 5, ""series"": 1, ""tests"": 12, ""versions"": 1}",source-cache arrival observed; per-field attribution unproven
AES.US,22,fundamentals/AES.US.json;companies/AES.US.json;raw/eodhd/AES.US.json,"{""asOf"": 1, ""company"": 2, ""ownerMemo"": 5, ""series"": 1, ""tests"": 12, ""versions"": 1}",source-cache arrival observed; per-field attribution unproven
AF.PA,31,,"{""asOf"": 1, ""company"": 2, ""ownerMemo"": 14, ""series"": 1, ""tests"": 12, ""versions"": 1}",same inventoried inputs; recomputation mismatch
AFL.US,61,fundamentals/AFL.US.json;companies/AFL.US.json;raw/eodhd/AFL.US.json,"{""asOf"": 1, ""company"": 2, ""ownerMemo"": 5, ""series"": 20, ""tests"": 20, ""valueHistory"": 12, ""versions"": 1}",source-cache arrival observed; per-field attribution unproven
AG1.XETRA,27,,"{""asOf"": 1, ""company"": 2, ""ownerMemo"": 11, ""series"": 1, ""tests"": 11, ""versions"": 1}",same inventoried inputs; recomputation mismatch
AGL.AU,38,,"{""asOf"": 1, ""company"": 2, ""ownerMemo"": 17, ""series"": 1, ""tests"": 12, ""valuation"": 4, ""versions"": 1}",same inventoried inputs; recomputation mismatch
AGN.AS,98,fundamentals/AGN.AS.json;companies/AGN.AS.json;raw/eodhd/AGN.AS.json,"{""asOf"": 1, ""company"": 3, ""holders"": 1, ""ownerMemo"": 11, ""series"": 25, ""tests"": 29, ""valuation"": 18, ""valueHistory"": 9, ""versions"": 1}",source-cache arrival observed; per-field attribution unproven
AGS.BR,114,fundamentals/AGS.BR.json;companies/AGS.BR.json;raw/eodhd/AGS.BR.json,"{""asOf"": 1, ""company"": 2, ""ownerMemo"": 6, ""series"": 37, ""tests"": 35, ""valuation"": 20, ""valueHistory"": 12, ""versions"": 1}",source-cache arrival observed; per-field attribution unproven
AI.PA,25,fundamentals/AI.PA.json;companies/AI.PA.json;raw/eodhd/AI.PA.json,"{""asOf"": 1, ""company"": 2, ""ownerMemo"": 5, ""series"": 1, ""tests"": 12, ""valuation"": 3, ""versions"": 1}",source-cache arrival observed; per-field attribution unproven
AIA.AU,103,fundamentals/AIA.AU.json;companies/AIA.AU.json;raw/eodhd/AIA.AU.json,"{""asOf"": 1, ""company"": 2, ""ownerMemo"": 24, ""series"": 11, ""tests"": 25, ""valuation"": 9, ""valueHistory"": 30, ""versions"": 1}",source-cache arrival observed; per-field attribution unproven
AIG.US,164,fundamentals/AIG.US.json;companies/AIG.US.json;raw/eodhd/AIG.US.json,"{""asOf"": 1, ""company"": 2, ""events"": 3, ""ownerMemo"": 12, ""series"": 54, ""tests"": 51, ""valuation"": 10, ""valueHistory"": 30, ""versions"": 1}",source-cache arrival observed; per-field attribution unproven
AIR.PA,97,fundamentals/AIR.PA.json;companies/AIR.PA.json;raw/eodhd/AIR.PA.json,"{""asOf"": 1, ""company"": 2, ""ownerMemo"": 26, ""report"": 7, ""series"": 1, ""tests"": 56, ""valuation"": 3, ""versions"": 1}",source-cache arrival observed; per-field attribution unproven
AIXA.XETRA,38,,"{""asOf"": 1, ""company"": 2, ""ownerMemo"": 18, ""series"": 1, ""tests"": 12, ""valuation"": 3, ""versions"": 1}",same inventoried inputs; recomputation mismatch
AIZ.AU,62,,"{""asOf"": 1, ""company"": 2, ""ownerMemo"": 14, ""series"": 11, ""tests"": 24, ""valueHistory"": 9, ""versions"": 1}",same inventoried inputs; recomputation mismatch
AIZ.US,179,fundamentals/AIZ.US.json;companies/AIZ.US.json;raw/eodhd/AIZ.US.json,"{""asOf"": 1, ""company"": 2, ""events"": 4, ""ownerMemo"": 17, ""series"": 67, ""tests"": 60, ""valuation"": 1, ""valueHistory"": 26, ""versions"": 1}",source-cache arrival observed; per-field attribution unproven
AJB.LSE,43,,"{""asOf"": 1, ""company"": 2, ""events"": 1, ""ownerMemo"": 30, ""report"": 4, ""series"": 2, ""tests"": 2, ""versions"": 1}",same inventoried inputs; recomputation mismatch
AJG.US,99,fundamentals/AJG.US.json;companies/AJG.US.json;raw/eodhd/AJG.US.json,"{""asOf"": 1, ""company"": 2, ""ownerMemo"": 14, ""series"": 29, ""tests"": 31, ""valuation"": 9, ""valueHistory"": 12, ""versions"": 1}",source-cache arrival observed; per-field attribution unproven
AKAM.US,22,fundamentals/AKAM.US.json;companies/AKAM.US.json;raw/eodhd/AKAM.US.json,"{""asOf"": 1, ""company"": 2, ""ownerMemo"": 5, ""series"": 1, ""tests"": 12, ""versions"": 1}",source-cache arrival observed; per-field attribution unproven
AKE.PA,105,,"{""asOf"": 1, ""company"": 2, ""ownerMemo"": 24, ""report"": 6, ""series"": 1, ""tests"": 67, ""valuation"": 3, ""versions"": 1}",same inventoried inputs; recomputation mismatch
AKER.OL,41,fundamentals/AKER.OL.json;companies/AKER.OL.json;raw/eodhd/AKER.OL.json,"{""asOf"": 1, ""company"": 2, ""ownerMemo"": 21, ""series"": 1, ""tests"": 12, ""valuation"": 3, ""versions"": 1}",source-cache arrival observed; per-field attribution unproven
AKRBP.OL,69,fundamentals/AKRBP.OL.json;companies/AKRBP.OL.json;raw/eodhd/AKRBP.OL.json,"{""asOf"": 1, ""company"": 2, ""ownerMemo"": 18, ""series"": 11, ""tests"": 24, ""valueHistory"": 12, ""versions"": 1}",source-cache arrival observed; per-field attribution unproven
AKZA.AS,98,fundamentals/AKZA.AS.json;companies/AKZA.AS.json;raw/eodhd/AKZA.AS.json,"{""asOf"": 1, ""company"": 2, ""ownerMemo"": 25, ""report"": 5, ""series"": 1, ""tests"": 59, ""valuation"": 4, ""versions"": 1}",source-cache arrival observed; per-field attribution unproven
ALAB.US,54,fundamentals/ALAB.US.json;companies/ALAB.US.json;raw/eodhd/ALAB.US.json,"{""asOf"": 1, ""company"": 2, ""ownerMemo"": 37, ""series"": 13, ""versions"": 1}",source-cache arrival observed; per-field attribution unproven
ALB.US,22,fundamentals/ALB.US.json;companies/ALB.US.json;raw/eodhd/ALB.US.json,"{""asOf"": 1, ""company"": 2, ""ownerMemo"": 5, ""series"": 1, ""tests"": 12, ""versions"": 1}",source-cache arrival observed; per-field attribution unproven
ALC.US,26,fundamentals/ALC.US.json;companies/ALC.US.json;raw/eodhd/ALC.US.json,"{""asOf"": 1, ""company"": 2, ""ownerMemo"": 5, ""series"": 1, ""tests"": 12, ""valuation"": 4, ""versions"": 1}",source-cache arrival observed; per-field attribution unproven
ALD.AU,37,fundamentals/ALD.AU.json;companies/ALD.AU.json;raw/eodhd/ALD.AU.json,"{""asOf"": 1, ""company"": 2, ""ownerMemo"": 20, ""series"": 1, ""tests"": 12, ""versions"": 1}",source-cache arrival observed; per-field attribution unproven
ALE.WAR,96,fundamentals/ALE.WAR.json;companies/ALE.WAR.json;raw/eodhd/ALE.WAR.json,"{""asOf"": 1, ""company"": 2, ""ownerMemo"": 23, ""report"": 7, ""series"": 1, ""tests"": 58, ""valuation"": 3, ""versions"": 1}",source-cache arrival observed; per-field attribution unproven
ALFA.LSE,111,,"{""asOf"": 1, ""company"": 2, ""ownerMemo"": 23, ""report"": 10, ""series"": 1, ""tests"": 69, ""valuation"": 4, ""versions"": 1}",same inventoried inputs; recomputation mismatch
ALFA.ST,9,fundamentals/ALFA.ST.json;companies/ALFA.ST.json;raw/eodhd/ALFA.ST.json,"{""asOf"": 1, ""company"": 2, ""ownerMemo"": 5, ""versions"": 1}",source-cache arrival observed; per-field attribution unproven
ALGN.US,7,fundamentals/ALGN.US.json;companies/ALGN.US.json;raw/eodhd/ALGN.US.json,"{""asOf"": 1, ""company"": 2, ""ownerMemo"": 3, ""versions"": 1}",source-cache arrival observed; per-field attribution unproven
ALK-B.CO,25,fundamentals/ALK-B.CO.json;companies/ALK-B.CO.json;raw/eodhd/ALK-B.CO.json,"{""asOf"": 1, ""company"": 2, ""ownerMemo"": 5, ""series"": 1, ""tests"": 12, ""valuation"": 3, ""versions"": 1}",source-cache arrival observed; per-field attribution unproven
ALK.AU,38,,"{""asOf"": 1, ""company"": 4, ""ownerMemo"": 15, ""series"": 1, ""tests"": 12, ""valuation"": 4, ""versions"": 1}",same inventoried inputs; recomputation mismatch
ALL.AU,29,fundamentals/ALL.AU.json;companies/ALL.AU.json;raw/eodhd/ALL.AU.json,"{""asOf"": 1, ""company"": 2, ""ownerMemo"": 23, ""valuation"": 2, ""versions"": 1}",source-cache arrival observed; per-field attribution unproven
ALL.US,159,fundamentals/ALL.US.json;companies/ALL.US.json;raw/eodhd/ALL.US.json,"{""asOf"": 1, ""company"": 2, ""ownerMemo"": 16, ""series"": 58, ""tests"": 57, ""valuation"": 9, ""valueHistory"": 15, ""versions"": 1}",source-cache arrival observed; per-field attribution unproven
ALLE.US,9,fundamentals/ALLE.US.json;companies/ALLE.US.json;raw/eodhd/ALLE.US.json,"{""asOf"": 1, ""company"": 2, ""ownerMemo"": 5, ""versions"": 1}",source-cache arrival observed; per-field attribution unproven
ALLN.SW,41,,"{""asOf"": 1, ""company"": 2, ""ownerMemo"": 19, ""series"": 1, ""tests"": 12, ""valuation"": 5, ""versions"": 1}",same inventoried inputs; recomputation mismatch
ALNY.US,22,fundamentals/ALNY.US.json;companies/ALNY.US.json;raw/eodhd/ALNY.US.json,"{""asOf"": 1, ""company"": 2, ""ownerMemo"": 5, ""series"": 1, ""tests"": 12, ""versions"": 1}",source-cache arrival observed; per-field attribution unproven
ALO.PA,25,fundamentals/ALO.PA.json;companies/ALO.PA.json;raw/eodhd/ALO.PA.json,"{""asOf"": 1, ""company"": 2, ""ownerMemo"": 5, ""series"": 1, ""tests"": 12, ""valuation"": 3, ""versions"": 1}",source-cache arrival observed; per-field attribution unproven
ALOS3.SA,82,,"{""asOf"": 1, ""company"": 2, ""ownerMemo"": 22, ""series"": 1, ""tests"": 13, ""valuation"": 12, ""valueHistory"": 30, ""versions"": 1}",same inventoried inputs; recomputation mismatch
ALPEKA.MX,34,,"{""asOf"": 1, ""company"": 2, ""ownerMemo"": 18, ""series"": 1, ""tests"": 11, ""versions"": 1}",same inventoried inputs; recomputation mismatch
ALQ.AU,169,fundamentals/ALQ.AU.json;companies/ALQ.AU.json;raw/eodhd/ALQ.AU.json,"{""asOf"": 1, ""company"": 2, ""events"": 2, ""ownerMemo"": 52, ""series"": 37, ""tests"": 51, ""valuation"": 11, ""valueHistory"": 12, ""versions"": 1}",source-cache arrival observed; per-field attribution unproven
ALSEA.MX,87,,"{""asOf"": 1, ""company"": 2, ""ownerMemo"": 20, ""series"": 22, ""tests"": 26, ""valuation"": 6, ""valueHistory"": 9, ""versions"": 1}",same inventoried inputs; recomputation mismatch
ALSYDB.CO,92,fundamentals/ALSYDB.CO.json;companies/ALSYDB.CO.json;raw/eodhd/ALSYDB.CO.json,"{""asOf"": 1, ""company"": 2, ""ownerMemo"": 4, ""series"": 37, ""tests"": 34, ""valuation"": 1, ""valueHistory"": 12, ""versions"": 1}",source-cache arrival observed; per-field attribution unproven
ALTR.LS,69,,"{""asOf"": 1, ""company"": 2, ""ownerMemo"": 47, ""series"": 3, ""tests"": 15, ""versions"": 1}",same inventoried inputs; recomputation mismatch
ALV.XETRA,101,fundamentals/ALV.XETRA.json;companies/ALV.XETRA.json;raw/eodhd/ALV.XETRA.json,"{""asOf"": 1, ""company"": 8, ""ownerMemo"": 10, ""series"": 32, ""tests"": 34, ""valuation"": 3, ""valueHistory"": 12, ""versions"": 1}",source-cache arrival observed; per-field attribution unproven
ALX.AU,39,,"{""asOf"": 1, ""company"": 2, ""ownerMemo"": 18, ""series"": 1, ""tests"": 12, ""valuation"": 4, ""versions"": 1}",same inventoried inputs; recomputation mismatch
AM.PA,42,fundamentals/AM.PA.json;companies/AM.PA.json;raw/eodhd/AM.PA.json,"{""asOf"": 1, ""company"": 2, ""ownerMemo"": 22, ""series"": 1, ""tests"": 12, ""valuation"": 3, ""versions"": 1}",source-cache arrival observed; per-field attribution unproven
AMAT.US,9,fundamentals/AMAT.US.json;companies/AMAT.US.json;raw/eodhd/AMAT.US.json,"{""asOf"": 1, ""company"": 2, ""ownerMemo"": 5, ""versions"": 1}",source-cache arrival observed; per-field attribution unproven
AMBU-B.CO,22,,"{""asOf"": 1, ""company"": 2, ""ownerMemo"": 2, ""series"": 1, ""tests"": 12, ""valuation"": 3, ""versions"": 1}",same inventoried inputs; recomputation mismatch
AMC.AU,194,fundamentals/AMC.AU.json;companies/AMC.AU.json;raw/eodhd/AMC.AU.json,"{""asOf"": 1, ""company"": 2, ""ownerMemo"": 89, ""series"": 26, ""tests"": 50, ""valuation"": 7, ""valueHistory"": 18, ""versions"": 1}",source-cache arrival observed; per-field attribution unproven
AMCR.US,216,fundamentals/AMCR.US.json;raw/eodhd/AMCR.US.json,"{""asOf"": 1, ""businessDepth"": 1, ""businessOverview"": 1, ""company"": 2, ""judgement"": 1, ""ownerMemo"": 59, ""series"": 56, ""tests"": 89, ""valuation"": 2, ""valueHistory"": 3, ""versions"": 1}",source-cache arrival observed; per-field attribution unproven
AMD.US,26,fundamentals/AMD.US.json;companies/AMD.US.json;raw/eodhd/AMD.US.json,"{""asOf"": 1, ""company"": 2, ""ownerMemo"": 5, ""series"": 1, ""tests"": 12, ""valuation"": 4, ""versions"": 1}",source-cache arrival observed; per-field attribution unproven
AME.US,9,fundamentals/AME.US.json;companies/AME.US.json;raw/eodhd/AME.US.json,"{""asOf"": 1, ""company"": 2, ""ownerMemo"": 5, ""versions"": 1}",source-cache arrival observed; per-field attribution unproven
AMGN.US,26,fundamentals/AMGN.US.json;companies/AMGN.US.json;raw/eodhd/AMGN.US.json,"{""asOf"": 1, ""company"": 2, ""ownerMemo"": 5, ""series"": 1, ""tests"": 12, ""valuation"": 4, ""versions"": 1}",source-cache arrival observed; per-field attribution unproven
AMP.AU,38,,"{""asOf"": 1, ""company"": 2, ""ownerMemo"": 17, ""series"": 1, ""tests"": 12, ""valuation"": 4, ""versions"": 1}",same inventoried inputs; recomputation mismatch
AMP.MI,129,,"{""asOf"": 1, ""ownerMemo"": 80, ""series"": 15, ""tests"": 32, ""versions"": 1}",same inventoried inputs; recomputation mismatch
AMP.US,26,fundamentals/AMP.US.json;companies/AMP.US.json;raw/eodhd/AMP.US.json,"{""asOf"": 1, ""company"": 2, ""ownerMemo"": 5, ""series"": 1, ""tests"": 12, ""valuation"": 4, ""versions"": 1}",source-cache arrival observed; per-field attribution unproven
AMRZ.US,44,fundamentals/AMRZ.US.json;companies/AMRZ.US.json;raw/eodhd/AMRZ.US.json,"{""asOf"": 1, ""company"": 2, ""ownerMemo"": 35, ""series"": 5, ""versions"": 1}",source-cache arrival observed; per-field attribution unproven
AMS.MC,25,fundamentals/AMS.MC.json;companies/AMS.MC.json;raw/eodhd/AMS.MC.json,"{""asOf"": 1, ""company"": 2, ""ownerMemo"": 5, ""series"": 1, ""tests"": 12, ""valuation"": 3, ""versions"": 1}",source-cache arrival observed; per-field attribution unproven
AMT.US,8,fundamentals/AMT.US.json;companies/AMT.US.json;raw/eodhd/AMT.US.json,"{""asOf"": 1, ""company"": 2, ""ownerMemo"": 4, ""versions"": 1}",source-cache arrival observed; per-field attribution unproven
AMUN.PA,8,fundamentals/AMUN.PA.json;companies/AMUN.PA.json;raw/eodhd/AMUN.PA.json,"{""asOf"": 1, ""company"": 2, ""ownerMemo"": 4, ""versions"": 1}",source-cache arrival observed; per-field attribution unproven
AMVIF.US,27,,"{""asOf"": 1, ""ownerMemo"": 19, ""report"": 1, ""series"": 5, ""versions"": 1}",same inventoried inputs; recomputation mismatch
AMXB.MX,82,fundamentals/AMXB.MX.json;companies/AMXB.MX.json;raw/eodhd/AMXB.MX.json,"{""asOf"": 1, ""company"": 2, ""ownerMemo"": 10, ""series"": 22, ""tests"": 29, ""valuation"": 8, ""valueHistory"": 9, ""versions"": 1}",source-cache arrival observed; per-field attribution unproven
AMZN.US,9,fundamentals/AMZN.US.json;companies/AMZN.US.json;raw/eodhd/AMZN.US.json,"{""asOf"": 1, ""company"": 2, ""ownerMemo"": 5, ""versions"": 1}",source-cache arrival observed; per-field attribution unproven
ANA.MC,22,fundamentals/ANA.MC.json;companies/ANA.MC.json;raw/eodhd/ANA.MC.json,"{""asOf"": 1, ""company"": 2, ""ownerMemo"": 5, ""series"": 1, ""tests"": 12, ""versions"": 1}",source-cache arrival observed; per-field attribution unproven
ANDR.VI,98,fundamentals/ANDR.VI.json;companies/ANDR.VI.json;raw/eodhd/ANDR.VI.json,"{""asOf"": 1, ""company"": 2, ""ownerMemo"": 10, ""series"": 38, ""tests"": 31, ""valuation"": 3, ""valueHistory"": 12, ""versions"": 1}",source-cache arrival observed; per-field attribution unproven
ANE.MC,84,fundamentals/ANE.MC.json;companies/ANE.MC.json;raw/eodhd/ANE.MC.json,"{""asOf"": 1, ""company"": 2, ""ownerMemo"": 14, ""series"": 31, ""tests"": 29, ""valueHistory"": 6, ""versions"": 1}",source-cache arrival observed; per-field attribution unproven
ANET.US,9,fundamentals/ANET.US.json;companies/ANET.US.json;raw/eodhd/ANET.US.json,"{""asOf"": 1, ""company"": 2, ""ownerMemo"": 5, ""versions"": 1}",source-cache arrival observed; per-field attribution unproven
ANN.AU,87,,"{""asOf"": 1, ""company"": 2, ""ownerMemo"": 21, ""series"": 10, ""tests"": 15, ""valuation"": 7, ""valueHistory"": 30, ""versions"": 1}",same inventoried inputs; recomputation mismatch
ANTO.LSE,78,fundamentals/ANTO.LSE.json;companies/ANTO.LSE.json;raw/eodhd/ANTO.LSE.json,"{""asOf"": 1, ""company"": 2, ""ownerMemo"": 6, ""series"": 11, ""tests"": 24, ""valuation"": 9, ""valueHistory"": 24, ""versions"": 1}",source-cache arrival observed; per-field attribution unproven
ANZ.AU,102,fundamentals/ANZ.AU.json;companies/ANZ.AU.json;raw/eodhd/ANZ.AU.json,"{""asOf"": 1, ""company"": 2, ""ownerMemo"": 11, ""series"": 32, ""tests"": 35, ""valuation"": 8, ""valueHistory"": 12, ""versions"": 1}",source-cache arrival observed; per-field attribution unproven
AO.LSE,103,,"{""asOf"": 1, ""company"": 2, ""ownerMemo"": 19, ""report"": 8, ""series"": 1, ""tests"": 67, ""valuation"": 4, ""versions"": 1}",same inventoried inputs; recomputation mismatch
AON.US,9,fundamentals/AON.US.json;companies/AON.US.json;raw/eodhd/AON.US.json,"{""asOf"": 1, ""company"": 2, ""ownerMemo"": 5, ""versions"": 1}",source-cache arrival observed; per-field attribution unproven
AOS.US,9,fundamentals/AOS.US.json;companies/AOS.US.json;raw/eodhd/AOS.US.json,"{""asOf"": 1, ""company"": 2, ""ownerMemo"": 5, ""versions"": 1}",source-cache arrival observed; per-field attribution unproven
AOTUF.US,117,,"{""asOf"": 1, ""ownerMemo"": 52, ""report"": 1, ""series"": 25, ""tests"": 34, ""valueHistory"": 3, ""versions"": 1}",same inventoried inputs; recomputation mismatch
APA.AU,28,fundamentals/APA.AU.json;companies/APA.AU.json;raw/eodhd/APA.AU.json,"{""asOf"": 1, ""company"": 4, ""ownerMemo"": 5, ""series"": 1, ""tests"": 12, ""valuation"": 4, ""versions"": 1}",source-cache arrival observed; per-field attribution unproven
APA.US,91,fundamentals/APA.US.json;companies/APA.US.json;raw/eodhd/APA.US.json,"{""asOf"": 1, ""company"": 2, ""ownerMemo"": 24, ""report"": 7, ""series"": 1, ""tests"": 51, ""valuation"": 4, ""versions"": 1}",source-cache arrival observed; per-field attribution unproven
APAM.AS,41,,"{""asOf"": 1, ""company"": 2, ""ownerMemo"": 19, ""report"": 1, ""series"": 1, ""tests"": 12, ""valuation"": 4, ""versions"": 1}",same inventoried inputs; recomputation mismatch
APD.US,22,fundamentals/APD.US.json;companies/APD.US.json;raw/eodhd/APD.US.json,"{""asOf"": 1, ""company"": 2, ""ownerMemo"": 5, ""series"": 1, ""tests"": 12, ""versions"": 1}",source-cache arrival observed; per-field attribution unproven
APE.AU,40,,"{""asOf"": 1, ""company"": 2, ""ownerMemo"": 19, ""series"": 1, ""tests"": 12, ""valuation"": 4, ""versions"": 1}",same inventoried inputs; recomputation mismatch
APH.US,9,fundamentals/APH.US.json;companies/APH.US.json;raw/eodhd/APH.US.json,"{""asOf"": 1, ""company"": 2, ""ownerMemo"": 5, ""versions"": 1}",source-cache arrival observed; per-field attribution unproven
APN.LSE,51,,"{""asOf"": 1, ""company"": 2, ""ownerMemo"": 44, ""report"": 1, ""series"": 2, ""versions"": 1}",same inventoried inputs; recomputation mismatch
APO.US,25,fundamentals/APO.US.json;companies/APO.US.json;raw/eodhd/APO.US.json,"{""asOf"": 1, ""company"": 2, ""ownerMemo"": 4, ""series"": 1, ""tests"": 12, ""valuation"": 4, ""versions"": 1}",source-cache arrival observed; per-field attribution unproven
APOLLOHOSP.NSE,142,,"{""asOf"": 1, ""ownerMemo"": 83, ""series"": 25, ""tests"": 31, ""valuation"": 1, ""versions"": 1}",same inventoried inputs; recomputation mismatch
APP.US,25,fundamentals/APP.US.json;companies/APP.US.json;raw/eodhd/APP.US.json,"{""asOf"": 1, ""company"": 2, ""ownerMemo"": 5, ""series"": 1, ""tests"": 11, ""valuation"": 4, ""versions"": 1}",source-cache arrival observed; per-field attribution unproven
APTV.US,26,fundamentals/APTV.US.json;companies/APTV.US.json;raw/eodhd/APTV.US.json,"{""asOf"": 1, ""company"": 2, ""ownerMemo"": 5, ""series"": 1, ""tests"": 12, ""valuation"": 4, ""versions"": 1}",source-cache arrival observed; per-field attribution unproven
ARB.AU,25,,"{""asOf"": 1, ""company"": 2, ""ownerMemo"": 19, ""valuation"": 2, ""versions"": 1}",same inventoried inputs; recomputation mismatch
ARCAD.AS,6,,"{""asOf"": 1, ""company"": 2, ""ownerMemo"": 2, ""versions"": 1}",same inventoried inputs; recomputation mismatch
ARE.US,21,fundamentals/ARE.US.json;companies/ARE.US.json;raw/eodhd/ARE.US.json,"{""asOf"": 1, ""company"": 2, ""ownerMemo"": 4, ""series"": 1, ""tests"": 12, ""versions"": 1}",source-cache arrival observed; per-field attribution unproven
ARES.US,22,fundamentals/ARES.US.json;companies/ARES.US.json;raw/eodhd/ARES.US.json,"{""asOf"": 1, ""company"": 2, ""ownerMemo"": 5, ""series"": 1, ""tests"": 12, ""versions"": 1}",source-cache arrival observed; per-field attribution unproven
ARF.AU,33,,"{""asOf"": 1, ""company"": 2, ""ownerMemo"": 16, ""series"": 1, ""tests"": 12, ""versions"": 1}",same inventoried inputs; recomputation mismatch
ARG.PA,22,,"{""asOf"": 1, ""company"": 2, ""ownerMemo"": 2, ""series"": 1, ""tests"": 12, ""valuation"": 3, ""versions"": 1}",same inventoried inputs; recomputation mismatch
ARGX.BR,103,fundamentals/ARGX.BR.json;companies/ARGX.BR.json;raw/eodhd/ARGX.BR.json,"{""asOf"": 1, ""company"": 2, ""ownerMemo"": 16, ""report"": 8, ""series"": 11, ""tests"": 64, ""versions"": 1}",source-cache arrival observed; per-field attribution unproven
ARM.US,42,fundamentals/ARM.US.json;companies/ARM.US.json;raw/eodhd/ARM.US.json,"{""asOf"": 1, ""company"": 2, ""ownerMemo"": 17, ""series"": 21, ""versions"": 1}",source-cache arrival observed; per-field attribution unproven
ASAI3.SA,51,,"{""asOf"": 1, ""company"": 2, ""ownerMemo"": 16, ""series"": 1, ""tests"": 12, ""valueHistory"": 18, ""versions"": 1}",same inventoried inputs; recomputation mismatch
ASB.AU,31,,"{""asOf"": 1, ""company"": 2, ""ownerMemo"": 14, ""series"": 1, ""tests"": 12, ""versions"": 1}",same inventoried inputs; recomputation mismatch
ASC.LSE,101,,"{""asOf"": 1, ""company"": 2, ""ownerMemo"": 17, ""report"": 10, ""series"": 1, ""tests"": 69, ""versions"": 1}",same inventoried inputs; recomputation mismatch
ASHM.LSE,110,,"{""asOf"": 1, ""company"": 2, ""ownerMemo"": 24, ""report"": 10, ""series"": 1, ""tests"": 67, ""valuation"": 4, ""versions"": 1}",same inventoried inputs; recomputation mismatch
ASIANPAINT.NSE,144,,"{""asOf"": 1, ""ownerMemo"": 83, ""series"": 25, ""tests"": 34, ""versions"": 1}",same inventoried inputs; recomputation mismatch
ASM.AS,99,fundamentals/ASM.AS.json;companies/ASM.AS.json;raw/eodhd/ASM.AS.json,"{""asOf"": 1, ""company"": 2, ""ownerMemo"": 27, ""report"": 9, ""tests"": 59, ""versions"": 1}",source-cache arrival observed; per-field attribution unproven
ASML.AS,10,fundamentals/ASML.AS.json;companies/ASML.AS.json;raw/eodhd/ASML.AS.json,"{""asOf"": 1, ""company"": 4, ""ownerMemo"": 4, ""versions"": 1}",source-cache arrival observed; per-field attribution unproven
ASRNL.AS,93,fundamentals/ASRNL.AS.json;companies/ASRNL.AS.json;raw/eodhd/ASRNL.AS.json,"{""asOf"": 1, ""company"": 2, ""ownerMemo"": 14, ""report"": 8, ""tests"": 56, ""valuation"": 1, ""valueHistory"": 10, ""versions"": 1}",source-cache arrival observed; per-field attribution unproven
ASSA-B.ST,9,fundamentals/ASSA-B.ST.json;raw/eodhd/ASSA-B.ST.json,"{""asOf"": 1, ""company"": 2, ""ownerMemo"": 5, ""versions"": 1}",source-cache arrival observed; per-field attribution unproven
ASURB.MX,49,fundamentals/ASURB.MX.json;companies/ASURB.MX.json;raw/eodhd/ASURB.MX.json,"{""asOf"": 1, ""company"": 2, ""ownerMemo"": 13, ""series"": 15, ""tests"": 11, ""valueHistory"": 6, ""versions"": 1}",source-cache arrival observed; per-field attribution unproven
ASX.AU,45,fundamentals/ASX.AU.json;companies/ASX.AU.json;raw/eodhd/ASX.AU.json,"{""asOf"": 1, ""company"": 2, ""ownerMemo"": 24, ""series"": 1, ""tests"": 12, ""valuation"": 4, ""versions"": 1}",source-cache arrival observed; per-field attribution unproven
AT1.XETRA,22,,"{""asOf"": 1, ""company"": 2, ""ownerMemo"": 2, ""series"": 1, ""tests"": 12, ""valuation"": 3, ""versions"": 1}",same inventoried inputs; recomputation mismatch
ATCO-A.ST,9,fundamentals/ATCO-A.ST.json;companies/ATCO-A.ST.json;raw/eodhd/ATCO-A.ST.json,"{""asOf"": 1, ""company"": 2, ""ownerMemo"": 5, ""versions"": 1}",source-cache arrival observed; per-field attribution unproven
ATD.TO,90,fundamentals/ATD.TO.json;companies/ATD.TO.json;raw/eodhd/ATD.TO.json,"{""asOf"": 1, ""company"": 2, ""ownerMemo"": 24, ""series"": 10, ""tests"": 15, ""valuation"": 7, ""valueHistory"": 30, ""versions"": 1}",source-cache arrival observed; per-field attribution unproven
ATE.PA,76,,"{""asOf"": 1, ""company"": 2, ""ownerMemo"": 22, ""report"": 4, ""tests"": 46, ""versions"": 1}",same inventoried inputs; recomputation mismatch
ATG.LSE,52,,"{""asOf"": 1, ""company"": 2, ""ownerMemo"": 38, ""report"": 4, ""series"": 6, ""versions"": 1}",same inventoried inputs; recomputation mismatch
ATO.PA,27,,"{""asOf"": 1, ""company"": 2, ""events"": 10, ""ownerMemo"": 11, ""series"": 2, ""versions"": 1}",same inventoried inputs; recomputation mismatch
ATO.US,22,fundamentals/ATO.US.json;companies/ATO.US.json;raw/eodhd/ATO.US.json,"{""asOf"": 1, ""company"": 2, ""ownerMemo"": 5, ""series"": 1, ""tests"": 12, ""versions"": 1}",source-cache arrival observed; per-field attribution unproven
ATS.TO,25,,"{""asOf"": 1, ""company"": 4, ""ownerMemo"": 2, ""series"": 1, ""tests"": 12, ""valuation"": 4, ""versions"": 1}",same inventoried inputs; recomputation mismatch
ATS.VI,46,fundamentals/ATS.VI.json;companies/ATS.VI.json;raw/eodhd/ATS.VI.json,"{""asOf"": 1, ""company"": 2, ""ownerMemo"": 12, ""series"": 8, ""tests"": 22, ""versions"": 1}",source-cache arrival observed; per-field attribution unproven
ATYM.LSE,196,,"{""asOf"": 1, ""company"": 2, ""ownerMemo"": 65, ""report"": 10, ""series"": 23, ""tests"": 64, ""valuation"": 9, ""valueHistory"": 21, ""versions"": 1}",same inventoried inputs; recomputation mismatch
AUB.AU,40,,"{""asOf"": 1, ""company"": 2, ""ownerMemo"": 19, ""series"": 1, ""tests"": 12, ""valuation"": 4, ""versions"": 1}",same inventoried inputs; recomputation mismatch
AURE3.SA,38,,"{""asOf"": 1, ""company"": 2, ""ownerMemo"": 16, ""series"": 1, ""tests"": 11, ""valueHistory"": 6, ""versions"": 1}",same inventoried inputs; recomputation mismatch
AUTO.LSE,102,,"{""asOf"": 1, ""company"": 2, ""ownerMemo"": 24, ""report"": 7, ""series"": 1, ""tests"": 62, ""valuation"": 4, ""versions"": 1}",same inventoried inputs; recomputation mismatch
AV.LSE,8,fundamentals/AV.LSE.json;companies/AV.LSE.json;raw/eodhd/AV.LSE.json,"{""asOf"": 1, ""company"": 2, ""ownerMemo"": 4, ""versions"": 1}",source-cache arrival observed; per-field attribution unproven
AVGO.US,9,fundamentals/AVGO.US.json;companies/AVGO.US.json;raw/eodhd/AVGO.US.json,"{""asOf"": 1, ""company"": 2, ""ownerMemo"": 5, ""versions"": 1}",source-cache arrival observed; per-field attribution unproven
AVIO.MI,123,,"{""asOf"": 1, ""ownerMemo"": 60, ""series"": 17, ""tests"": 44, ""versions"": 1}",same inventoried inputs; recomputation mismatch
AVOL.SW,42,fundamentals/AVOL.SW.json;companies/AVOL.SW.json;raw/eodhd/AVOL.SW.json,"{""asOf"": 1, ""company"": 2, ""ownerMemo"": 20, ""series"": 1, ""tests"": 12, ""valuation"": 5, ""versions"": 1}",source-cache arrival observed; per-field attribution unproven
AVON.LSE,125,,"{""asOf"": 1, ""company"": 2, ""ownerMemo"": 20, ""report"": 10, ""series"": 10, ""tests"": 81, ""versions"": 1}",same inventoried inputs; recomputation mismatch
AVY.US,9,fundamentals/AVY.US.json;companies/AVY.US.json;raw/eodhd/AVY.US.json,"{""asOf"": 1, ""company"": 2, ""ownerMemo"": 5, ""versions"": 1}",source-cache arrival observed; per-field attribution unproven
AWK.US,22,fundamentals/AWK.US.json;companies/AWK.US.json;raw/eodhd/AWK.US.json,"{""asOf"": 1, ""company"": 2, ""ownerMemo"": 5, ""series"": 1, ""tests"": 12, ""versions"": 1}",source-cache arrival observed; per-field attribution unproven
AXFO.ST,9,fundamentals/AXFO.ST.json;companies/AXFO.ST.json;raw/eodhd/AXFO.ST.json,"{""asOf"": 1, ""company"": 2, ""ownerMemo"": 5, ""versions"": 1}",source-cache arrival observed; per-field attribution unproven
AXIA3.SA,68,,"{""asOf"": 1, ""company"": 2, ""ownerMemo"": 20, ""series"": 1, ""tests"": 13, ""valuation"": 12, ""valueHistory"": 18, ""versions"": 1}",same inventoried inputs; recomputation mismatch
AXISBANK.NSE,34,,"{""asOf"": 1, ""ownerMemo"": 30, ""tests"": 2, ""versions"": 1}",same inventoried inputs; recomputation mismatch
AXON.US,22,fundamentals/AXON.US.json;companies/AXON.US.json;raw/eodhd/AXON.US.json,"{""asOf"": 1, ""company"": 2, ""ownerMemo"": 5, ""series"": 1, ""tests"": 12, ""versions"": 1}",source-cache arrival observed; per-field attribution unproven
AXP.US,206,fundamentals/AXP.US.json;companies/AXP.US.json;raw/eodhd/AXP.US.json,"{""asOf"": 1, ""company"": 2, ""ownerMemo"": 15, ""series"": 76, ""tests"": 81, ""valuation"": 9, ""valueHistory"": 21, ""versions"": 1}",source-cache arrival observed; per-field attribution unproven
AYV.PA,31,fundamentals/AYV.PA.json;companies/AYV.PA.json;raw/eodhd/AYV.PA.json,"{""asOf"": 1, ""company"": 2, ""ownerMemo"": 15, ""series"": 1, ""tests"": 11, ""versions"": 1}",source-cache arrival observed; per-field attribution unproven
AZA.ST,74,fundamentals/AZA.ST.json;companies/AZA.ST.json;raw/eodhd/AZA.ST.json,"{""asOf"": 1, ""company"": 2, ""ownerMemo"": 9, ""report"": 4, ""tests"": 46, ""valueHistory"": 11, ""versions"": 1}",source-cache arrival observed; per-field attribution unproven
AZE.BR,23,,"{""asOf"": 1, ""company"": 2, ""ownerMemo"": 17, ""valuation"": 2, ""versions"": 1}",same inventoried inputs; recomputation mismatch
AZJ.AU,41,,"{""asOf"": 1, ""company"": 2, ""ownerMemo"": 20, ""series"": 1, ""tests"": 12, ""valuation"": 4, ""versions"": 1}",same inventoried inputs; recomputation mismatch
AZM.MI,135,,"{""asOf"": 1, ""ownerMemo"": 76, ""series"": 16, ""tests"": 33, ""valuation"": 1, ""valueHistory"": 7, ""versions"": 1}",same inventoried inputs; recomputation mismatch
AZN.LSE,88,fundamentals/AZN.LSE.json;companies/AZN.LSE.json;raw/eodhd/AZN.LSE.json,"{""asOf"": 1, ""company"": 5, ""ownerMemo"": 6, ""series"": 11, ""tests"": 25, ""valuation"": 9, ""valueHistory"": 30, ""versions"": 1}",source-cache arrival observed; per-field attribution unproven
AZO.US,26,fundamentals/AZO.US.json;companies/AZO.US.json;raw/eodhd/AZO.US.json,"{""asOf"": 1, ""company"": 2, ""ownerMemo"": 22, ""versions"": 1}",source-cache arrival observed; per-field attribution unproven
AZZA3.SA,82,,"{""asOf"": 1, ""company"": 2, ""ownerMemo"": 22, ""series"": 1, ""tests"": 13, ""valuation"": 12, ""valueHistory"": 30, ""versions"": 1}",same inventoried inputs; recomputation mismatch
B3SA3.SA,82,,"{""asOf"": 1, ""company"": 2, ""ownerMemo"": 22, ""series"": 1, ""tests"": 13, ""valuation"": 12, ""valueHistory"": 30, ""versions"": 1}",same inventoried inputs; recomputation mismatch
BA.LSE,9,fundamentals/BA.LSE.json;companies/BA.LSE.json;raw/eodhd/BA.LSE.json,"{""asOf"": 1, ""company"": 2, ""ownerMemo"": 5, ""versions"": 1}",source-cache arrival observed; per-field attribution unproven
BA.US,21,fundamentals/BA.US.json;companies/BA.US.json;raw/eodhd/BA.US.json,"{""asOf"": 1, ""company"": 2, ""ownerMemo"": 4, ""series"": 1, ""tests"": 12, ""versions"": 1}",source-cache arrival observed; per-field attribution unproven
BAB.LSE,104,fundamentals/BAB.LSE.json;companies/BAB.LSE.json;raw/eodhd/BAB.LSE.json,"{""asOf"": 1, ""company"": 2, ""ownerMemo"": 24, ""report"": 8, ""series"": 1, ""tests"": 63, ""valuation"": 4, ""versions"": 1}",source-cache arrival observed; per-field attribution unproven
BAC.US,199,fundamentals/BAC.US.json;companies/BAC.US.json;raw/eodhd/BAC.US.json;raw/sec-companyfacts/BAC.US.json,"{""asOf"": 1, ""company"": 2, ""ownerMemo"": 8, ""series"": 96, ""tests"": 50, ""valuation"": 11, ""valueHistory"": 30, ""versions"": 1}",source-cache arrival observed; per-field attribution unproven
BAER.SW,46,fundamentals/BAER.SW.json;companies/BAER.SW.json;raw/eodhd/BAER.SW.json,"{""asOf"": 1, ""company"": 2, ""ownerMemo"": 24, ""series"": 1, ""tests"": 12, ""valuation"": 5, ""versions"": 1}",source-cache arrival observed; per-field attribution unproven
BAG.LSE,126,,"{""asOf"": 1, ""company"": 2, ""ownerMemo"": 27, ""report"": 8, ""series"": 7, ""tests"": 68, ""valuation"": 9, ""valueHistory"": 3, ""versions"": 1}",same inventoried inputs; recomputation mismatch
BAJAJ-AUTO.NSE,192,,"{""asOf"": 1, ""ownerMemo"": 109, ""series"": 36, ""tests"": 45, ""versions"": 1}",same inventoried inputs; recomputation mismatch
BAJAJFINSV.NSE,174,,"{""asOf"": 1, ""ownerMemo"": 94, ""series"": 33, ""tests"": 38, ""valuation"": 1, ""valueHistory"": 6, ""versions"": 1}",same inventoried inputs; recomputation mismatch
BAJFINANCE.NSE,35,,"{""asOf"": 1, ""ownerMemo"": 25, ""series"": 7, ""tests"": 1, ""versions"": 1}",same inventoried inputs; recomputation mismatch
BAKKA.OL,172,,"{""asOf"": 1, ""company"": 2, ""events"": 1, ""ownerMemo"": 75, ""series"": 27, ""tests"": 53, ""valueHistory"": 12, ""versions"": 1}",same inventoried inputs; recomputation mismatch
BALL.US,9,fundamentals/BALL.US.json;companies/BALL.US.json;raw/eodhd/BALL.US.json,"{""asOf"": 1, ""company"": 2, ""ownerMemo"": 5, ""versions"": 1}",source-cache arrival observed; per-field attribution unproven
BAM.TO,94,fundamentals/BAM.TO.json;companies/BAM.TO.json;raw/eodhd/BAM.TO.json,"{""asOf"": 1, ""company"": 4, ""ownerMemo"": 10, ""series"": 29, ""tests"": 30, ""valuation"": 10, ""valueHistory"": 9, ""versions"": 1}",source-cache arrival observed; per-field attribution unproven
BAMI.MI,41,,"{""asOf"": 1, ""ownerMemo"": 23, ""tests"": 16, ""versions"": 1}",same inventoried inputs; recomputation mismatch
BAMNB.AS,23,,"{""asOf"": 1, ""company"": 2, ""ownerMemo"": 2, ""series"": 1, ""tests"": 12, ""valuation"": 4, ""versions"": 1}",same inventoried inputs; recomputation mismatch
BARC.LSE,10,fundamentals/BARC.LSE.json;companies/BARC.LSE.json;raw/eodhd/BARC.LSE.json,"{""asOf"": 1, ""company"": 4, ""ownerMemo"": 4, ""versions"": 1}",source-cache arrival observed; per-field attribution unproven
BARN.SW,46,fundamentals/BARN.SW.json;companies/BARN.SW.json;raw/eodhd/BARN.SW.json,"{""asOf"": 1, ""company"": 2, ""ownerMemo"": 24, ""series"": 1, ""tests"": 12, ""valuation"": 5, ""versions"": 1}",source-cache arrival observed; per-field attribution unproven
BAS.XETRA,36,fundamentals/BAS.XETRA.json;companies/BAS.XETRA.json;raw/eodhd/BAS.XETRA.json,"{""asOf"": 1, ""company"": 2, ""ownerMemo"": 19, ""series"": 1, ""tests"": 12, ""versions"": 1}",source-cache arrival observed; per-field attribution unproven
BATS.LSE,112,fundamentals/BATS.LSE.json;companies/BATS.LSE.json;raw/eodhd/BATS.LSE.json,"{""asOf"": 1, ""company"": 5, ""ownerMemo"": 27, ""report"": 7, ""series"": 1, ""tests"": 66, ""valuation"": 4, ""versions"": 1}",source-cache arrival observed; per-field attribution unproven
BAX.US,21,fundamentals/BAX.US.json;companies/BAX.US.json;raw/eodhd/BAX.US.json,"{""asOf"": 1, ""company"": 2, ""ownerMemo"": 4, ""series"": 1, ""tests"": 12, ""versions"": 1}",source-cache arrival observed; per-field attribution unproven
BAYN.XETRA,57,fundamentals/BAYN.XETRA.json;companies/BAYN.XETRA.json;raw/eodhd/BAYN.XETRA.json,"{""asOf"": 1, ""company"": 3, ""ownerMemo"": 20, ""series"": 1, ""tests"": 31, ""versions"": 1}",source-cache arrival observed; per-field attribution unproven
BB.PA,107,,"{""asOf"": 1, ""company"": 2, ""ownerMemo"": 24, ""report"": 8, ""series"": 1, ""tests"": 67, ""valuation"": 3, ""versions"": 1}",same inventoried inputs; recomputation mismatch
BBAJIOO.MX,96,,"{""asOf"": 1, ""company"": 2, ""ownerMemo"": 8, ""series"": 31, ""tests"": 33, ""valuation"": 8, ""valueHistory"": 12, ""versions"": 1}",same inventoried inputs; recomputation mismatch
BBAS3.SA,53,,"{""asOf"": 1, ""company"": 2, ""ownerMemo"": 8, ""tests"": 1, ""valuation"": 10, ""valueHistory"": 30, ""versions"": 1}",same inventoried inputs; recomputation mismatch
BBDC3.SA,112,fundamentals/BBDC3.SA.json;companies/BBDC3.SA.json;raw/eodhd/BBDC3.SA.json,"{""asOf"": 1, ""company"": 2, ""ownerMemo"": 6, ""series"": 32, ""tests"": 35, ""valuation"": 14, ""valueHistory"": 21, ""versions"": 1}",source-cache arrival observed; per-field attribution unproven
BBOX.LSE,105,fundamentals/BBOX.LSE.json;companies/BBOX.LSE.json;raw/eodhd/BBOX.LSE.json,"{""asOf"": 1, ""company"": 2, ""ownerMemo"": 24, ""report"": 9, ""series"": 1, ""tests"": 63, ""valuation"": 4, ""versions"": 1}",source-cache arrival observed; per-field attribution unproven
BBSE3.SA,121,,"{""asOf"": 1, ""company"": 2, ""ownerMemo"": 7, ""series"": 32, ""tests"": 35, ""valuation"": 13, ""valueHistory"": 30, ""versions"": 1}",same inventoried inputs; recomputation mismatch
BBVA.MC,107,fundamentals/BBVA.MC.json;companies/BBVA.MC.json;raw/eodhd/BBVA.MC.json,"{""asOf"": 1, ""company"": 4, ""ownerMemo"": 5, ""series"": 42, ""tests"": 34, ""valuation"": 8, ""valueHistory"": 12, ""versions"": 1}",source-cache arrival observed; per-field attribution unproven
BBY.LSE,113,fundamentals/BBY.LSE.json;companies/BBY.LSE.json;raw/eodhd/BBY.LSE.json,"{""asOf"": 1, ""company"": 2, ""ownerMemo"": 26, ""report"": 10, ""series"": 1, ""tests"": 68, ""valuation"": 4, ""versions"": 1}",source-cache arrival observed; per-field attribution unproven
BBY.US,11,fundamentals/BBY.US.json;companies/BBY.US.json;raw/eodhd/BBY.US.json,"{""asOf"": 1, ""company"": 2, ""ownerMemo"": 3, ""series"": 4, ""versions"": 1}",source-cache arrival observed; per-field attribution unproven
BC.MI,143,,"{""asOf"": 1, ""ownerMemo"": 72, ""series"": 17, ""tests"": 45, ""valuation"": 1, ""valueHistory"": 6, ""versions"": 1}",same inventoried inputs; recomputation mismatch
BC8.XETRA,23,,"{""asOf"": 1, ""company"": 2, ""ownerMemo"": 19, ""versions"": 1}",same inventoried inputs; recomputation mismatch
BCE.TO,28,fundamentals/BCE.TO.json;companies/BCE.TO.json;raw/eodhd/BCE.TO.json,"{""asOf"": 1, ""company"": 4, ""ownerMemo"": 5, ""series"": 1, ""tests"": 12, ""valuation"": 4, ""versions"": 1}",source-cache arrival observed; per-field attribution unproven
BCG.LSE,91,,"{""asOf"": 1, ""company"": 2, ""ownerMemo"": 22, ""report"": 9, ""tests"": 56, ""versions"": 1}",same inventoried inputs; recomputation mismatch
BCP.LS,1,fundamentals/BCP.LS.json;companies/BCP.LS.json;raw/eodhd/BCP.LS.json,"{""dossiers"": 1}",source-cache arrival observed; per-field attribution unproven
BCVN.SW,95,fundamentals/BCVN.SW.json;companies/BCVN.SW.json;raw/eodhd/BCVN.SW.json,"{""asOf"": 1, ""company"": 2, ""ownerMemo"": 10, ""series"": 32, ""tests"": 34, ""valuation"": 3, ""valueHistory"": 12, ""versions"": 1}",source-cache arrival observed; per-field attribution unproven
BDRFY.US,89,fundamentals/BDRFY.US.json;companies/BDRFY.US.json;raw/eodhd/BDRFY.US.json,"{""asOf"": 1, ""company"": 1, ""ownerMemo"": 25, ""series"": 11, ""tests"": 24, ""valuation"": 8, ""valueHistory"": 18, ""versions"": 1}",source-cache arrival observed; per-field attribution unproven
BDX.US,9,fundamentals/BDX.US.json;companies/BDX.US.json;raw/eodhd/BDX.US.json,"{""asOf"": 1, ""company"": 2, ""ownerMemo"": 5, ""versions"": 1}",source-cache arrival observed; per-field attribution unproven
BE.US,21,fundamentals/BE.US.json;companies/BE.US.json;raw/eodhd/BE.US.json,"{""asOf"": 1, ""company"": 2, ""ownerMemo"": 5, ""series"": 1, ""tests"": 11, ""versions"": 1}",source-cache arrival observed; per-field attribution unproven
BEAN.SW,30,fundamentals/BEAN.SW.json;companies/BEAN.SW.json;raw/eodhd/BEAN.SW.json,"{""asOf"": 1, ""company"": 2, ""ownerMemo"": 24, ""valuation"": 2, ""versions"": 1}",source-cache arrival observed; per-field attribution unproven
BEEF3.SA,56,,"{""asOf"": 1, ""company"": 2, ""ownerMemo"": 17, ""series"": 1, ""tests"": 13, ""valuation"": 12, ""valueHistory"": 9, ""versions"": 1}",same inventoried inputs; recomputation mismatch
BEI.XETRA,27,fundamentals/BEI.XETRA.json;companies/BEI.XETRA.json;raw/eodhd/BEI.XETRA.json,"{""asOf"": 1, ""company"": 2, ""ownerMemo"": 23, ""versions"": 1}",source-cache arrival observed; per-field attribution unproven
BEIJ-B.ST,26,fundamentals/BEIJ-B.ST.json;companies/BEIJ-B.ST.json;raw/eodhd/BEIJ-B.ST.json,"{""asOf"": 1, ""company"": 2, ""ownerMemo"": 22, ""versions"": 1}",source-cache arrival observed; per-field attribution unproven
BEL.NSE,156,,"{""asOf"": 1, ""ownerMemo"": 88, ""series"": 30, ""tests"": 36, ""versions"": 1}",same inventoried inputs; recomputation mismatch
BEN.AU,108,,"{""asOf"": 1, ""company"": 2, ""ownerMemo"": 8, ""series"": 32, ""tests"": 33, ""valuation"": 19, ""valueHistory"": 12, ""versions"": 1}",same inventoried inputs; recomputation mismatch
BEN.US,25,fundamentals/BEN.US.json;companies/BEN.US.json;raw/eodhd/BEN.US.json,"{""asOf"": 1, ""company"": 2, ""ownerMemo"": 4, ""series"": 1, ""tests"": 12, ""valuation"": 4, ""versions"": 1}",source-cache arrival observed; per-field attribution unproven
BESI.AS,9,fundamentals/BESI.AS.json;companies/BESI.AS.json;raw/eodhd/BESI.AS.json,"{""asOf"": 1, ""company"": 2, ""ownerMemo"": 5, ""versions"": 1}",source-cache arrival observed; per-field attribution unproven
BEZ.LSE,126,fundamentals/BEZ.LSE.json;companies/BEZ.LSE.json;raw/eodhd/BEZ.LSE.json,"{""asOf"": 1, ""company"": 3, ""ownerMemo"": 14, ""report"": 11, ""tests"": 61, ""valuation"": 5, ""valueHistory"": 30, ""versions"": 1}",source-cache arrival observed; per-field attribution unproven
BF-A.US,25,fundamentals/BF-A.US.json;companies/BF-A.US.json;raw/eodhd/BF-A.US.json,"{""asOf"": 1, ""company"": 2, ""ownerMemo"": 4, ""series"": 1, ""tests"": 12, ""valuation"": 4, ""versions"": 1}",source-cache arrival observed; per-field attribution unproven
BFT.WAR,22,,"{""asOf"": 1, ""company"": 2, ""ownerMemo"": 2, ""series"": 1, ""tests"": 12, ""valuation"": 3, ""versions"": 1}",same inventoried inputs; recomputation mismatch
BG.US,81,fundamentals/BG.US.json;companies/BG.US.json;raw/eodhd/BG.US.json,"{""asOf"": 1, ""company"": 2, ""ownerMemo"": 27, ""report"": 3, ""series"": 1, ""tests"": 46, ""versions"": 1}",source-cache arrival observed; per-field attribution unproven
BG.VI,99,fundamentals/BG.VI.json;companies/BG.VI.json;raw/eodhd/BG.VI.json,"{""asOf"": 1, ""company"": 2, ""ownerMemo"": 5, ""series"": 33, ""tests"": 35, ""valuation"": 10, ""valueHistory"": 12, ""versions"": 1}",source-cache arrival observed; per-field attribution unproven
BGA.AU,48,,"{""asOf"": 1, ""company"": 2, ""ownerMemo"": 21, ""series"": 1, ""tests"": 13, ""valuation"": 1, ""valueHistory"": 8, ""versions"": 1}",same inventoried inputs; recomputation mismatch
BGEO.LSE,118,fundamentals/BGEO.LSE.json;companies/BGEO.LSE.json;raw/eodhd/BGEO.LSE.json,"{""asOf"": 1, ""company"": 2, ""ownerMemo"": 13, ""report"": 9, ""tests"": 57, ""valuation"": 5, ""valueHistory"": 30, ""versions"": 1}",source-cache arrival observed; per-field attribution unproven
BGL.AU,47,,"{""asOf"": 1, ""company"": 2, ""events"": 15, ""ownerMemo"": 15, ""series"": 1, ""tests"": 12, ""versions"": 1}",same inventoried inputs; recomputation mismatch
BGN.MI,42,,"{""asOf"": 1, ""ownerMemo"": 24, ""tests"": 16, ""versions"": 1}",same inventoried inputs; recomputation mismatch
BGP.AU,75,,"{""asOf"": 1, ""company"": 2, ""events"": 5, ""ownerMemo"": 23, ""series"": 8, ""tests"": 26, ""valueHistory"": 9, ""versions"": 1}",same inventoried inputs; recomputation mismatch
BHARTIARTL.NSE,123,,"{""asOf"": 1, ""ownerMemo"": 59, ""series"": 25, ""tests"": 36, ""valuation"": 1, ""versions"": 1}",same inventoried inputs; recomputation mismatch
BHP.AU,72,fundamentals/BHP.AU.json;companies/BHP.AU.json;raw/eodhd/BHP.AU.json,"{""asOf"": 1, ""company"": 6, ""ownerMemo"": 5, ""series"": 10, ""tests"": 15, ""valuation"": 7, ""valueHistory"": 27, ""versions"": 1}",source-cache arrival observed; per-field attribution unproven
BI0.F,96,,"{""asOf"": 1, ""ownerMemo"": 36, ""series"": 28, ""tests"": 23, ""valuation"": 4, ""valueHistory"": 3, ""versions"": 1}",same inventoried inputs; recomputation mismatch
BIIB.US,26,fundamentals/BIIB.US.json;companies/BIIB.US.json;raw/eodhd/BIIB.US.json,"{""asOf"": 1, ""company"": 2, ""ownerMemo"": 5, ""series"": 1, ""tests"": 12, ""valuation"": 4, ""versions"": 1}",source-cache arrival observed; per-field attribution unproven
BIM.PA,9,fundamentals/BIM.PA.json;companies/BIM.PA.json;raw/eodhd/BIM.PA.json,"{""asOf"": 1, ""company"": 2, ""ownerMemo"": 5, ""versions"": 1}",source-cache arrival observed; per-field attribution unproven
BIMBOA.MX,38,,"{""asOf"": 1, ""company"": 2, ""ownerMemo"": 19, ""series"": 1, ""tests"": 11, ""valuation"": 3, ""versions"": 1}",same inventoried inputs; recomputation mismatch
BIP.US,26,fundamentals/BIP.US.json;companies/BIP.US.json;raw/eodhd/BIP.US.json,"{""asOf"": 1, ""company"": 2, ""ownerMemo"": 5, ""series"": 14, ""valueHistory"": 3, ""versions"": 1}",source-cache arrival observed; per-field attribution unproven
BIRG.IR,103,fundamentals/BIRG.IR.json;companies/BIRG.IR.json;raw/eodhd/BIRG.IR.json,"{""asOf"": 1, ""company"": 2, ""ownerMemo"": 6, ""series"": 38, ""tests"": 35, ""valuation"": 8, ""valueHistory"": 12, ""versions"": 1}",source-cache arrival observed; per-field attribution unproven
BKG.LSE,42,,"{""asOf"": 1, ""company"": 2, ""ownerMemo"": 20, ""report"": 1, ""series"": 1, ""tests"": 12, ""valuation"": 4, ""versions"": 1}",same inventoried inputs; recomputation mismatch
BKNG.US,9,fundamentals/BKNG.US.json;companies/BKNG.US.json;raw/eodhd/BKNG.US.json,"{""asOf"": 1, ""company"": 2, ""ownerMemo"": 5, ""versions"": 1}",source-cache arrival observed; per-field attribution unproven
BKR.US,25,fundamentals/BKR.US.json;companies/BKR.US.json;raw/eodhd/BKR.US.json,"{""asOf"": 1, ""company"": 2, ""ownerMemo"": 4, ""series"": 1, ""tests"": 12, ""valuation"": 4, ""versions"": 1}",source-cache arrival observed; per-field attribution unproven
BKT.MC,111,fundamentals/BKT.MC.json;companies/BKT.MC.json;raw/eodhd/BKT.MC.json,"{""asOf"": 1, ""company"": 2, ""ownerMemo"": 4, ""series"": 56, ""tests"": 34, ""valuation"": 1, ""valueHistory"": 12, ""versions"": 1}",source-cache arrival observed; per-field attribution unproven
BKW.SW,45,fundamentals/BKW.SW.json;companies/BKW.SW.json;raw/eodhd/BKW.SW.json,"{""asOf"": 1, ""company"": 2, ""ownerMemo"": 23, ""series"": 1, ""tests"": 12, ""valuation"": 5, ""versions"": 1}",source-cache arrival observed; per-field attribution unproven
BLK.US,86,fundamentals/BLK.US.json;companies/BLK.US.json;raw/eodhd/BLK.US.json,"{""asOf"": 1, ""company"": 2, ""ownerMemo"": 34, ""series"": 14, ""tests"": 19, ""valuation"": 9, ""valueHistory"": 6, ""versions"": 1}",source-cache arrival observed; per-field attribution unproven
BLND.LSE,105,fundamentals/BLND.LSE.json;companies/BLND.LSE.json;raw/eodhd/BLND.LSE.json,"{""asOf"": 1, ""company"": 2, ""ownerMemo"": 21, ""report"": 9, ""series"": 1, ""tests"": 66, ""valuation"": 4, ""versions"": 1}",source-cache arrival observed; per-field attribution unproven
BME.LSE,23,,"{""asOf"": 1, ""company"": 2, ""ownerMemo"": 18, ""report"": 1, ""versions"": 1}",same inventoried inputs; recomputation mismatch
BMED.MI,47,,"{""asOf"": 1, ""ownerMemo"": 22, ""tests"": 17, ""valuation"": 1, ""valueHistory"": 5, ""versions"": 1}",same inventoried inputs; recomputation mismatch
BMO.TO,90,fundamentals/BMO.TO.json;companies/BMO.TO.json;raw/eodhd/BMO.TO.json,"{""asOf"": 1, ""company"": 6, ""ownerMemo"": 7, ""series"": 25, ""tests"": 31, ""valuation"": 10, ""valueHistory"": 9, ""versions"": 1}",source-cache arrival observed; per-field attribution unproven
BMPS.MI,31,,"{""asOf"": 1, ""ownerMemo"": 23, ""report"": 6, ""versions"": 1}",same inventoried inputs; recomputation mismatch
BMW.XETRA,47,fundamentals/BMW.XETRA.json;companies/BMW.XETRA.json;raw/eodhd/BMW.XETRA.json,"{""asOf"": 1, ""company"": 6, ""ownerMemo"": 23, ""series"": 1, ""tests"": 12, ""valuation"": 3, ""versions"": 1}",source-cache arrival observed; per-field attribution unproven
BMY.LSE,93,,"{""asOf"": 1, ""company"": 2, ""ownerMemo"": 24, ""report"": 9, ""tests"": 56, ""versions"": 1}",same inventoried inputs; recomputation mismatch
BMY.US,42,fundamentals/BMY.US.json;companies/BMY.US.json;raw/eodhd/BMY.US.json,"{""asOf"": 1, ""company"": 2, ""ownerMemo"": 38, ""versions"": 1}",source-cache arrival observed; per-field attribution unproven
BN.PA,9,fundamentals/BN.PA.json;companies/BN.PA.json;raw/eodhd/BN.PA.json,"{""asOf"": 1, ""company"": 2, ""ownerMemo"": 5, ""versions"": 1}",source-cache arrival observed; per-field attribution unproven
BN.TO,237,fundamentals/BN.TO.json;companies/BN.TO.json;raw/eodhd/BN.TO.json,"{""asOf"": 1, ""company"": 4, ""ownerMemo"": 52, ""series"": 105, ""tests"": 53, ""valueHistory"": 21, ""versions"": 1}",source-cache arrival observed; per-field attribution unproven
BNOR.OL,109,,"{""asOf"": 1, ""company"": 2, ""ownerMemo"": 45, ""series"": 16, ""tests"": 44, ""versions"": 1}",same inventoried inputs; recomputation mismatch
BNP.PA,164,fundamentals/BNP.PA.json;companies/BNP.PA.json;raw/eodhd/BNP.PA.json,"{""asOf"": 1, ""company"": 2, ""ownerMemo"": 12, ""report"": 6, ""series"": 32, ""tests"": 88, ""valuation"": 10, ""valueHistory"": 12, ""versions"": 1}",source-cache arrival observed; per-field attribution unproven
BNR.XETRA,42,fundamentals/BNR.XETRA.json;companies/BNR.XETRA.json;raw/eodhd/BNR.XETRA.json,"{""asOf"": 1, ""company"": 2, ""ownerMemo"": 22, ""series"": 1, ""tests"": 12, ""valuation"": 3, ""versions"": 1}",source-cache arrival observed; per-field attribution unproven
BNS.TO,13,fundamentals/BNS.TO.json;companies/BNS.TO.json;raw/eodhd/BNS.TO.json,"{""asOf"": 1, ""company"": 4, ""ownerMemo"": 4, ""valuation"": 2, ""valueHistory"": 1, ""versions"": 1}",source-cache arrival observed; per-field attribution unproven
BNY.US,16,fundamentals/BNY.US.json;companies/BNY.US.json;raw/eodhd/BNY.US.json,"{""asOf"": 1, ""company"": 2, ""ownerMemo"": 4, ""valueHistory"": 8, ""versions"": 1}",source-cache arrival observed; per-field attribution unproven
BNZL.LSE,96,fundamentals/BNZL.LSE.json;companies/BNZL.LSE.json;raw/eodhd/BNZL.LSE.json,"{""asOf"": 1, ""company"": 2, ""ownerMemo"": 27, ""report"": 9, ""tests"": 56, ""versions"": 1}",source-cache arrival observed; per-field attribution unproven
BOL.PA,25,fundamentals/BOL.PA.json;companies/BOL.PA.json;raw/eodhd/BOL.PA.json,"{""asOf"": 1, ""company"": 2, ""ownerMemo"": 5, ""series"": 1, ""tests"": 12, ""valuation"": 3, ""versions"": 1}",source-cache arrival observed; per-field attribution unproven
BOL.ST,42,fundamentals/BOL.ST.json;companies/BOL.ST.json;raw/eodhd/BOL.ST.json,"{""asOf"": 1, ""company"": 2, ""ownerMemo"": 22, ""series"": 1, ""tests"": 12, ""valuation"": 3, ""versions"": 1}",source-cache arrival observed; per-field attribution unproven
BOLSAA.MX,33,,"{""asOf"": 1, ""company"": 2, ""ownerMemo"": 20, ""series"": 4, ""tests"": 5, ""versions"": 1}",same inventoried inputs; recomputation mismatch
BOQ.AU,67,,"{""asOf"": 1, ""company"": 2, ""ownerMemo"": 7, ""series"": 25, ""tests"": 20, ""valuation"": 2, ""valueHistory"": 9, ""versions"": 1}",same inventoried inputs; recomputation mismatch
BOSS.XETRA,37,,"{""asOf"": 1, ""company"": 2, ""ownerMemo"": 17, ""series"": 1, ""tests"": 12, ""valuation"": 3, ""versions"": 1}",same inventoried inputs; recomputation mismatch
BOWL.LSE,97,,"{""asOf"": 1, ""company"": 2, ""ownerMemo"": 17, ""report"": 9, ""series"": 1, ""tests"": 66, ""versions"": 1}",same inventoried inputs; recomputation mismatch
BOY.LSE,108,,"{""asOf"": 1, ""company"": 2, ""ownerMemo"": 24, ""report"": 9, ""series"": 1, ""tests"": 66, ""valuation"": 4, ""versions"": 1}",same inventoried inputs; recomputation mismatch
BP.LSE,143,fundamentals/BP.LSE.json;companies/BP.LSE.json;raw/eodhd/BP.LSE.json,"{""asOf"": 1, ""company"": 2, ""ownerMemo"": 24, ""report"": 6, ""series"": 23, ""tests"": 65, ""valuation"": 9, ""valueHistory"": 12, ""versions"": 1}",source-cache arrival observed; per-field attribution unproven
BPAC11.SA,82,,"{""asOf"": 1, ""company"": 2, ""ownerMemo"": 22, ""series"": 1, ""tests"": 13, ""valuation"": 12, ""valueHistory"": 30, ""versions"": 1}",same inventoried inputs; recomputation mismatch
BPE.MI,43,,"{""asOf"": 1, ""ownerMemo"": 24, ""report"": 1, ""tests"": 16, ""versions"": 1}",same inventoried inputs; recomputation mismatch
BPT.AU,32,,"{""asOf"": 1, ""company"": 2, ""ownerMemo"": 15, ""series"": 1, ""tests"": 12, ""versions"": 1}",same inventoried inputs; recomputation mismatch
BPT.LSE,32,,"{""asOf"": 1, ""company"": 2, ""ownerMemo"": 16, ""series"": 1, ""tests"": 11, ""versions"": 1}",same inventoried inputs; recomputation mismatch
BR.US,9,fundamentals/BR.US.json;companies/BR.US.json;raw/eodhd/BR.US.json,"{""asOf"": 1, ""company"": 2, ""ownerMemo"": 5, ""versions"": 1}",source-cache arrival observed; per-field attribution unproven
BRAP3.SA,70,,"{""asOf"": 1, ""company"": 4, ""ownerMemo"": 20, ""series"": 1, ""tests"": 13, ""valuation"": 12, ""valueHistory"": 18, ""versions"": 1}",same inventoried inputs; recomputation mismatch
BRAV3.SA,34,,"{""asOf"": 1, ""company"": 2, ""ownerMemo"": 29, ""series"": 1, ""versions"": 1}",same inventoried inputs; recomputation mismatch
BRBY.LSE,105,,"{""asOf"": 1, ""company"": 2, ""ownerMemo"": 19, ""report"": 9, ""series"": 1, ""tests"": 68, ""valuation"": 4, ""versions"": 1}",same inventoried inputs; recomputation mismatch
BREE.LSE,37,,"{""asOf"": 1, ""company"": 2, ""ownerMemo"": 19, ""report"": 1, ""series"": 1, ""tests"": 12, ""versions"": 1}",same inventoried inputs; recomputation mismatch
BRG.AU,40,,"{""asOf"": 1, ""company"": 2, ""ownerMemo"": 19, ""series"": 1, ""tests"": 12, ""valuation"": 4, ""versions"": 1}",same inventoried inputs; recomputation mismatch
BRK-B.US,183,fundamentals/BRK-B.US.json;companies/BRK-B.US.json;raw/eodhd/BRK-B.US.json,"{""asOf"": 1, ""company"": 2, ""events"": 1, ""ownerMemo"": 16, ""series"": 63, ""tests"": 58, ""valuation"": 11, ""valueHistory"": 30, ""versions"": 1}",source-cache arrival observed; per-field attribution unproven
BRO.US,22,fundamentals/BRO.US.json;companies/BRO.US.json;raw/eodhd/BRO.US.json,"{""asOf"": 1, ""company"": 2, ""ownerMemo"": 5, ""series"": 1, ""tests"": 12, ""versions"": 1}",source-cache arrival observed; per-field attribution unproven
BSE.NSE,869,,"{""asOf"": 1, ""events"": 1, ""historyCoverage"": 2, ""ownerMemo"": 118, ""series"": 392, ""tests"": 320, ""valuation"": 11, ""valueHistory"": 23, ""versions"": 1}",same inventoried inputs; recomputation mismatch
BSL.AU,43,fundamentals/BSL.AU.json;companies/BSL.AU.json;raw/eodhd/BSL.AU.json,"{""asOf"": 1, ""company"": 2, ""ownerMemo"": 22, ""series"": 1, ""tests"": 12, ""valuation"": 4, ""versions"": 1}",source-cache arrival observed; per-field attribution unproven
BSX.US,26,fundamentals/BSX.US.json;companies/BSX.US.json;raw/eodhd/BSX.US.json,"{""asOf"": 1, ""company"": 2, ""ownerMemo"": 5, ""series"": 1, ""tests"": 12, ""valuation"": 4, ""versions"": 1}",source-cache arrival observed; per-field attribution unproven
BT-A.LSE,22,fundamentals/BT-A.LSE.json;companies/BT-A.LSE.json;raw/eodhd/BT-A.LSE.json,"{""asOf"": 1, ""company"": 2, ""ownerMemo"": 5, ""series"": 1, ""tests"": 12, ""versions"": 1}",source-cache arrival observed; per-field attribution unproven
BTRW.LSE,64,fundamentals/BTRW.LSE.json;companies/BTRW.LSE.json;raw/eodhd/BTRW.LSE.json,"{""asOf"": 1, ""company"": 2, ""ownerMemo"": 23, ""report"": 4, ""series"": 1, ""tests"": 28, ""valuation"": 4, ""versions"": 1}",source-cache arrival observed; per-field attribution unproven
BUCN.SW,42,,"{""asOf"": 1, ""company"": 2, ""ownerMemo"": 20, ""series"": 1, ""tests"": 12, ""valuation"": 5, ""versions"": 1}",same inventoried inputs; recomputation mismatch
BVI.PA,51,fundamentals/BVI.PA.json;companies/BVI.PA.json;raw/eodhd/BVI.PA.json,"{""asOf"": 1, ""company"": 2, ""events"": 13, ""ownerMemo"": 5, ""series"": 20, ""valueHistory"": 9, ""versions"": 1}",source-cache arrival observed; per-field attribution unproven
BWLP.US,22,,"{""asOf"": 1, ""company"": 2, ""ownerMemo"": 2, ""series"": 1, ""tests"": 11, ""valuation"": 4, ""versions"": 1}",same inventoried inputs; recomputation mismatch
BWP.AU,116,,"{""asOf"": 1, ""company"": 2, ""ownerMemo"": 35, ""series"": 29, ""tests"": 31, ""valuation"": 5, ""valueHistory"": 12, ""versions"": 1}",same inventoried inputs; recomputation mismatch
BWY.LSE,108,,"{""asOf"": 1, ""company"": 2, ""ownerMemo"": 24, ""report"": 8, ""series"": 1, ""tests"": 67, ""valuation"": 4, ""versions"": 1}",same inventoried inputs; recomputation mismatch
BX.US,234,fundamentals/BX.US.json;companies/BX.US.json;raw/eodhd/BX.US.json,"{""asOf"": 1, ""company"": 2, ""judgement"": 1, ""ownerMemo"": 41, ""series"": 96, ""tests"": 60, ""valuation"": 5, ""valueHistory"": 27, ""versions"": 1}",source-cache arrival observed; per-field attribution unproven
BXB.AU,92,fundamentals/BXB.AU.json;companies/BXB.AU.json;raw/eodhd/BXB.AU.json,"{""asOf"": 1, ""company"": 2, ""ownerMemo"": 22, ""series"": 11, ""tests"": 25, ""valuation"": 9, ""valueHistory"": 21, ""versions"": 1}",source-cache arrival observed; per-field attribution unproven
BXP.US,26,fundamentals/BXP.US.json;companies/BXP.US.json;raw/eodhd/BXP.US.json,"{""asOf"": 1, ""company"": 2, ""ownerMemo"": 5, ""series"": 1, ""tests"": 12, ""valuation"": 4, ""versions"": 1}",source-cache arrival observed; per-field attribution unproven
BYG.LSE,100,,"{""asOf"": 1, ""company"": 2, ""ownerMemo"": 21, ""report"": 7, ""series"": 1, ""tests"": 63, ""valuation"": 4, ""versions"": 1}",same inventoried inputs; recomputation mismatch
BYIT.LSE,24,,"{""asOf"": 1, ""company"": 2, ""ownerMemo"": 19, ""report"": 1, ""versions"": 1}",same inventoried inputs; recomputation mismatch
BZU.MI,139,,"{""asOf"": 1, ""ownerMemo"": 88, ""series"": 16, ""tests"": 33, ""versions"": 1}",same inventoried inputs; recomputation mismatch
C.US,230,fundamentals/C.US.json;companies/C.US.json;raw/eodhd/C.US.json;raw/sec-companyfacts/C.US.json,"{""asOf"": 1, ""company"": 2, ""ownerMemo"": 16, ""series"": 88, ""tests"": 81, ""valuation"": 11, ""valueHistory"": 30, ""versions"": 1}",source-cache arrival observed; per-field attribution unproven
C5H.IR,25,,"{""asOf"": 1, ""company"": 4, ""ownerMemo"": 19, ""versions"": 1}",same inventoried inputs; recomputation mismatch
CA.PA,45,fundamentals/CA.PA.json;companies/CA.PA.json;raw/eodhd/CA.PA.json,"{""asOf"": 1, ""company"": 2, ""events"": 17, ""ownerMemo"": 4, ""series"": 5, ""tests"": 12, ""valuation"": 3, ""versions"": 1}",source-cache arrival observed; per-field attribution unproven
CABK.MC,8,fundamentals/CABK.MC.json;companies/CABK.MC.json;raw/eodhd/CABK.MC.json,"{""asOf"": 1, ""company"": 2, ""ownerMemo"": 4, ""versions"": 1}",source-cache arrival observed; per-field attribution unproven
CAE.TO,28,fundamentals/CAE.TO.json;companies/CAE.TO.json;raw/eodhd/CAE.TO.json,"{""asOf"": 1, ""company"": 4, ""ownerMemo"": 5, ""series"": 1, ""tests"": 12, ""valuation"": 4, ""versions"": 1}",source-cache arrival observed; per-field attribution unproven
CAH.US,30,fundamentals/CAH.US.json;companies/CAH.US.json;raw/eodhd/CAH.US.json,"{""asOf"": 1, ""company"": 2, ""ownerMemo"": 5, ""series"": 5, ""tests"": 12, ""valuation"": 4, ""versions"": 1}",source-cache arrival observed; per-field attribution unproven
CAI.VI,90,,"{""asOf"": 1, ""company"": 2, ""ownerMemo"": 8, ""series"": 34, ""tests"": 38, ""valuation"": 1, ""valueHistory"": 5, ""versions"": 1}",same inventoried inputs; recomputation mismatch
CAP.PA,9,fundamentals/CAP.PA.json;companies/CAP.PA.json;raw/eodhd/CAP.PA.json,"{""asOf"": 1, ""company"": 2, ""ownerMemo"": 5, ""versions"": 1}",source-cache arrival observed; per-field attribution unproven
CAR.AU,43,fundamentals/CAR.AU.json;companies/CAR.AU.json;raw/eodhd/CAR.AU.json,"{""asOf"": 1, ""company"": 2, ""ownerMemo"": 22, ""series"": 1, ""tests"": 12, ""valuation"": 4, ""versions"": 1}",source-cache arrival observed; per-field attribution unproven
CARL-B.CO,88,fundamentals/CARL-B.CO.json;companies/CARL-B.CO.json;raw/eodhd/CARL-B.CO.json,"{""asOf"": 1, ""company"": 2, ""ownerMemo"": 21, ""report"": 5, ""series"": 1, ""tests"": 54, ""valuation"": 3, ""versions"": 1}",source-cache arrival observed; per-field attribution unproven
CARM.PA,37,,"{""asOf"": 1, ""company"": 2, ""ownerMemo"": 18, ""series"": 1, ""tests"": 11, ""valuation"": 3, ""versions"": 1}",same inventoried inputs; recomputation mismatch
CARR.US,31,fundamentals/CARR.US.json;companies/CARR.US.json;raw/eodhd/CARR.US.json,"{""asOf"": 1, ""company"": 2, ""ownerMemo"": 8, ""series"": 1, ""tests"": 12, ""valuation"": 1, ""valueHistory"": 5, ""versions"": 1}",source-cache arrival observed; per-field attribution unproven
CAST.ST,24,,"{""asOf"": 1, ""company"": 4, ""ownerMemo"": 2, ""series"": 1, ""tests"": 12, ""valuation"": 3, ""versions"": 1}",same inventoried inputs; recomputation mismatch
CASY.US,9,fundamentals/CASY.US.json;companies/CASY.US.json;raw/eodhd/CASY.US.json,"{""asOf"": 1, ""company"": 2, ""ownerMemo"": 5, ""versions"": 1}",source-cache arrival observed; per-field attribution unproven
CAT.US,9,fundamentals/CAT.US.json;companies/CAT.US.json;raw/eodhd/CAT.US.json,"{""asOf"": 1, ""company"": 2, ""ownerMemo"": 5, ""versions"": 1}",source-cache arrival observed; per-field attribution unproven
CB.US,129,fundamentals/CB.US.json;companies/CB.US.json;raw/eodhd/CB.US.json,"{""asOf"": 1, ""company"": 2, ""events"": 4, ""ownerMemo"": 17, ""series"": 34, ""tests"": 27, ""valuation"": 13, ""valueHistory"": 30, ""versions"": 1}",source-cache arrival observed; per-field attribution unproven
CBA.AU,16,fundamentals/CBA.AU.json;companies/CBA.AU.json;raw/eodhd/CBA.AU.json,"{""asOf"": 1, ""company"": 2, ""ownerMemo"": 10, ""valuation"": 2, ""versions"": 1}",source-cache arrival observed; per-field attribution unproven
CBG.LSE,804,,"{""asOf"": 1, ""company"": 2, ""historyCoverage"": 2, ""ownerMemo"": 30, ""report"": 8, ""series"": 450, ""tests"": 256, ""valuation"": 14, ""valueHistory"": 40, ""versions"": 1}",same inventoried inputs; recomputation mismatch
CBK.XETRA,93,fundamentals/CBK.XETRA.json;companies/CBK.XETRA.json;raw/eodhd/CBK.XETRA.json,"{""asOf"": 1, ""company"": 2, ""ownerMemo"": 10, ""series"": 31, ""tests"": 33, ""valuation"": 3, ""valueHistory"": 12, ""versions"": 1}",source-cache arrival observed; per-field attribution unproven
CBOE.US,9,fundamentals/CBOE.US.json;companies/CBOE.US.json;raw/eodhd/CBOE.US.json,"{""asOf"": 1, ""company"": 2, ""ownerMemo"": 5, ""versions"": 1}",source-cache arrival observed; per-field attribution unproven
CBRE.US,24,fundamentals/CBRE.US.json;companies/CBRE.US.json;raw/eodhd/CBRE.US.json,"{""asOf"": 1, ""company"": 2, ""ownerMemo"": 8, ""tests"": 1, ""valuation"": 1, ""valueHistory"": 10, ""versions"": 1}",source-cache arrival observed; per-field attribution unproven
CCC.LSE,98,fundamentals/CCC.LSE.json;companies/CCC.LSE.json;raw/eodhd/CCC.LSE.json,"{""asOf"": 1, ""company"": 2, ""ownerMemo"": 27, ""report"": 10, ""tests"": 57, ""versions"": 1}",source-cache arrival observed; per-field attribution unproven
CCEP.LSE,64,fundamentals/CCEP.LSE.json;companies/CCEP.LSE.json;raw/eodhd/CCEP.LSE.json,"{""asOf"": 1, ""company"": 4, ""ownerMemo"": 6, ""series"": 7, ""tests"": 10, ""valuation"": 5, ""valueHistory"": 30, ""versions"": 1}",source-cache arrival observed; per-field attribution unproven
CCH.LSE,160,fundamentals/CCH.LSE.json;companies/CCH.LSE.json;raw/eodhd/CCH.LSE.json,"{""asOf"": 1, ""company"": 2, ""ownerMemo"": 28, ""report"": 9, ""series"": 10, ""tests"": 74, ""valuation"": 5, ""valueHistory"": 30, ""versions"": 1}",source-cache arrival observed; per-field attribution unproven
CCI.US,26,fundamentals/CCI.US.json;companies/CCI.US.json;raw/eodhd/CCI.US.json,"{""asOf"": 1, ""company"": 2, ""ownerMemo"": 5, ""series"": 1, ""tests"": 12, ""valuation"": 4, ""versions"": 1}",source-cache arrival observed; per-field attribution unproven
CCL-B.TO,29,fundamentals/CCL-B.TO.json;companies/CCL-B.TO.json;raw/eodhd/CCL-B.TO.json,"{""asOf"": 1, ""company"": 2, ""ownerMemo"": 23, ""valuation"": 2, ""versions"": 1}",source-cache arrival observed; per-field attribution unproven
CCL.US,8,fundamentals/CCL.US.json;companies/CCL.US.json;raw/eodhd/CCL.US.json,"{""asOf"": 1, ""company"": 2, ""ownerMemo"": 3, ""series"": 1, ""versions"": 1}",source-cache arrival observed; per-field attribution unproven
CCO.TO,26,fundamentals/CCO.TO.json;companies/CCO.TO.json;raw/eodhd/CCO.TO.json,"{""asOf"": 1, ""company"": 2, ""ownerMemo"": 5, ""series"": 1, ""tests"": 12, ""valuation"": 4, ""versions"": 1}",source-cache arrival observed; per-field attribution unproven
CDA.AU,42,fundamentals/CDA.AU.json;companies/CDA.AU.json;raw/eodhd/CDA.AU.json,"{""asOf"": 1, ""company"": 2, ""ownerMemo"": 21, ""series"": 1, ""tests"": 12, ""valuation"": 4, ""versions"": 1}",source-cache arrival observed; per-field attribution unproven
CDEVY.US,22,,"{""asOf"": 1, ""company"": 1, ""ownerMemo"": 18, ""report"": 1, ""versions"": 1}",same inventoried inputs; recomputation mismatch
CDNS.US,9,fundamentals/CDNS.US.json;companies/CDNS.US.json;raw/eodhd/CDNS.US.json,"{""asOf"": 1, ""company"": 2, ""ownerMemo"": 5, ""versions"": 1}",source-cache arrival observed; per-field attribution unproven
CDR.WAR,24,fundamentals/CDR.WAR.json;companies/CDR.WAR.json;raw/eodhd/CDR.WAR.json,"{""asOf"": 1, ""company"": 2, ""ownerMemo"": 4, ""series"": 1, ""tests"": 12, ""valuation"": 3, ""versions"": 1}",source-cache arrival observed; per-field attribution unproven
CDW.US,9,fundamentals/CDW.US.json;companies/CDW.US.json;raw/eodhd/CDW.US.json,"{""asOf"": 1, ""company"": 2, ""ownerMemo"": 5, ""versions"": 1}",source-cache arrival observed; per-field attribution unproven
CEAB3.SA,50,,"{""asOf"": 1, ""company"": 2, ""ownerMemo"": 18, ""series"": 1, ""tests"": 12, ""valuation"": 12, ""valueHistory"": 3, ""versions"": 1}",same inventoried inputs; recomputation mismatch
CEG.US,26,fundamentals/CEG.US.json;companies/CEG.US.json;raw/eodhd/CEG.US.json,"{""asOf"": 1, ""company"": 2, ""ownerMemo"": 5, ""series"": 1, ""tests"": 12, ""valuation"": 4, ""versions"": 1}",source-cache arrival observed; per-field attribution unproven
CEMEXCPO.MX,151,fundamentals/CEMEXCPO.MX.json;companies/CEMEXCPO.MX.json;raw/eodhd/CEMEXCPO.MX.json,"{""asOf"": 1, ""company"": 4, ""events"": 2, ""ownerMemo"": 24, ""series"": 35, ""tests"": 59, ""valuation"": 10, ""valueHistory"": 15, ""versions"": 1}",source-cache arrival observed; per-field attribution unproven
CEN.AU,206,,"{""asOf"": 1, ""company"": 2, ""ownerMemo"": 74, ""series"": 45, ""tests"": 63, ""valuation"": 10, ""valueHistory"": 9, ""versions"": 1, ""volatility"": 1}",same inventoried inputs; recomputation mismatch
CF.US,26,fundamentals/CF.US.json;companies/CF.US.json;raw/eodhd/CF.US.json,"{""asOf"": 1, ""company"": 2, ""ownerMemo"": 5, ""series"": 1, ""tests"": 12, ""valuation"": 4, ""versions"": 1}",source-cache arrival observed; per-field attribution unproven
CFG-PH.US,5,,"{""asOf"": 1, ""company"": 1, ""ownerMemo"": 2, ""versions"": 1}",same inventoried inputs; recomputation mismatch
CFR.SW,101,fundamentals/CFR.SW.json;companies/CFR.SW.json;raw/eodhd/CFR.SW.json,"{""asOf"": 1, ""company"": 2, ""ownerMemo"": 23, ""report"": 1, ""series"": 11, ""tests"": 25, ""valuation"": 10, ""valueHistory"": 27, ""versions"": 1}",source-cache arrival observed; per-field attribution unproven
CGF.AU,92,,"{""asOf"": 1, ""company"": 2, ""ownerMemo"": 7, ""series"": 32, ""tests"": 34, ""valuation"": 3, ""valueHistory"": 12, ""versions"": 1}",same inventoried inputs; recomputation mismatch
CHC.AU,43,fundamentals/CHC.AU.json;companies/CHC.AU.json;raw/eodhd/CHC.AU.json,"{""asOf"": 1, ""company"": 2, ""ownerMemo"": 22, ""series"": 1, ""tests"": 12, ""valuation"": 4, ""versions"": 1}",source-cache arrival observed; per-field attribution unproven
CHD.US,9,fundamentals/CHD.US.json;companies/CHD.US.json;raw/eodhd/CHD.US.json,"{""asOf"": 1, ""company"": 2, ""ownerMemo"": 5, ""versions"": 1}",source-cache arrival observed; per-field attribution unproven
CHDRAUIB.MX,30,,"{""asOf"": 1, ""company"": 2, ""ownerMemo"": 14, ""series"": 1, ""tests"": 11, ""versions"": 1}",same inventoried inputs; recomputation mismatch
CHG.LSE,100,,"{""asOf"": 1, ""company"": 2, ""ownerMemo"": 20, ""report"": 8, ""series"": 1, ""tests"": 67, ""versions"": 1}",same inventoried inputs; recomputation mismatch
CHI.AU,79,,"{""asOf"": 1, ""company"": 2, ""ownerMemo"": 27, ""series"": 2, ""tests"": 29, ""valuation"": 8, ""valueHistory"": 9, ""versions"": 1}",same inventoried inputs; recomputation mismatch
CHRW.US,9,fundamentals/CHRW.US.json;companies/CHRW.US.json;raw/eodhd/CHRW.US.json,"{""asOf"": 1, ""company"": 2, ""ownerMemo"": 5, ""versions"": 1}",source-cache arrival observed; per-field attribution unproven
CHTR.US,10,fundamentals/CHTR.US.json;companies/CHTR.US.json;raw/eodhd/CHTR.US.json,"{""asOf"": 1, ""company"": 2, ""ownerMemo"": 5, ""series"": 1, ""versions"": 1}",source-cache arrival observed; per-field attribution unproven
CI.US,26,fundamentals/CI.US.json;companies/CI.US.json;raw/eodhd/CI.US.json,"{""asOf"": 1, ""company"": 2, ""ownerMemo"": 5, ""series"": 1, ""tests"": 12, ""valuation"": 4, ""versions"": 1}",source-cache arrival observed; per-field attribution unproven
CIA.AU,73,,"{""asOf"": 1, ""company"": 4, ""ownerMemo"": 17, ""series"": 11, ""tests"": 24, ""valueHistory"": 15, ""versions"": 1}",same inventoried inputs; recomputation mismatch
CIEN.US,22,fundamentals/CIEN.US.json;companies/CIEN.US.json;raw/eodhd/CIEN.US.json,"{""asOf"": 1, ""company"": 2, ""ownerMemo"": 5, ""series"": 1, ""tests"": 12, ""versions"": 1}",source-cache arrival observed; per-field attribution unproven
CINF.US,47,fundamentals/CINF.US.json;companies/CINF.US.json;raw/eodhd/CINF.US.json,"{""asOf"": 1, ""company"": 2, ""ownerMemo"": 7, ""series"": 19, ""tests"": 11, ""valueHistory"": 6, ""versions"": 1}",source-cache arrival observed; per-field attribution unproven
CIP.AU,40,,"{""asOf"": 1, ""company"": 2, ""ownerMemo"": 19, ""series"": 1, ""tests"": 12, ""valuation"": 4, ""versions"": 1}",same inventoried inputs; recomputation mismatch
CIPLA.NSE,134,,"{""asOf"": 1, ""ownerMemo"": 76, ""series"": 25, ""tests"": 31, ""versions"": 1}",same inventoried inputs; recomputation mismatch
CKN.LSE,110,,"{""asOf"": 1, ""company"": 2, ""ownerMemo"": 22, ""report"": 10, ""series"": 1, ""tests"": 69, ""valuation"": 4, ""versions"": 1}",same inventoried inputs; recomputation mismatch
CL.US,9,fundamentals/CL.US.json;companies/CL.US.json;raw/eodhd/CL.US.json,"{""asOf"": 1, ""company"": 2, ""ownerMemo"": 5, ""versions"": 1}",source-cache arrival observed; per-field attribution unproven
CLARI.PA,32,,"{""asOf"": 1, ""company"": 2, ""ownerMemo"": 15, ""series"": 1, ""tests"": 12, ""versions"": 1}",same inventoried inputs; recomputation mismatch
CLILF.US,144,fundamentals/CLILF.US.json;companies/CLILF.US.json;raw/eodhd/CLILF.US.json,"{""asOf"": 1, ""company"": 1, ""events"": 1, ""ownerMemo"": 42, ""report"": 1, ""series"": 28, ""tests"": 44, ""valuation"": 16, ""valueHistory"": 9, ""versions"": 1}",source-cache arrival observed; per-field attribution unproven
CLNX.MC,22,fundamentals/CLNX.MC.json;companies/CLNX.MC.json;raw/eodhd/CLNX.MC.json,"{""asOf"": 1, ""company"": 2, ""ownerMemo"": 5, ""series"": 1, ""tests"": 12, ""versions"": 1}",source-cache arrival observed; per-field attribution unproven
CLS.TO,88,fundamentals/CLS.TO.json;companies/CLS.TO.json;raw/eodhd/CLS.TO.json,"{""asOf"": 1, ""company"": 4, ""ownerMemo"": 7, ""series"": 11, ""tests"": 25, ""valuation"": 9, ""valueHistory"": 30, ""versions"": 1}",source-cache arrival observed; per-field attribution unproven
CLW.AU,37,,"{""asOf"": 1, ""company"": 2, ""ownerMemo"": 16, ""series"": 1, ""tests"": 12, ""valuation"": 4, ""versions"": 1}",same inventoried inputs; recomputation mismatch
CLX.US,26,fundamentals/CLX.US.json;companies/CLX.US.json;raw/eodhd/CLX.US.json,"{""asOf"": 1, ""company"": 2, ""ownerMemo"": 5, ""series"": 1, ""tests"": 12, ""valuation"": 4, ""versions"": 1}",source-cache arrival observed; per-field attribution unproven
CM.TO,19,fundamentals/CM.TO.json;companies/CM.TO.json;raw/eodhd/CM.TO.json,"{""asOf"": 1, ""company"": 4, ""ownerMemo"": 4, ""valuation"": 2, ""valueHistory"": 7, ""versions"": 1}",source-cache arrival observed; per-field attribution unproven
CMBN.SW,103,,"{""asOf"": 1, ""company"": 2, ""ownerMemo"": 8, ""series"": 32, ""tests"": 34, ""valuation"": 13, ""valueHistory"": 12, ""versions"": 1}",same inventoried inputs; recomputation mismatch
CMCSA.US,37,fundamentals/CMCSA.US.json;companies/CMCSA.US.json;raw/eodhd/CMCSA.US.json,"{""asOf"": 1, ""company"": 2, ""ownerMemo"": 8, ""series"": 1, ""tests"": 13, ""valuation"": 1, ""valueHistory"": 10, ""versions"": 1}",source-cache arrival observed; per-field attribution unproven
CMCX.LSE,88,,"{""asOf"": 1, ""company"": 2, ""ownerMemo"": 9, ""report"": 10, ""tests"": 55, ""valueHistory"": 10, ""versions"": 1}",same inventoried inputs; recomputation mismatch
CME.US,9,fundamentals/CME.US.json;companies/CME.US.json;raw/eodhd/CME.US.json,"{""asOf"": 1, ""company"": 2, ""ownerMemo"": 5, ""versions"": 1}",source-cache arrival observed; per-field attribution unproven
CMG.US,26,fundamentals/CMG.US.json;companies/CMG.US.json;raw/eodhd/CMG.US.json,"{""asOf"": 1, ""company"": 2, ""ownerMemo"": 5, ""series"": 1, ""tests"": 12, ""valuation"": 4, ""versions"": 1}",source-cache arrival observed; per-field attribution unproven
CMI.US,8,fundamentals/CMI.US.json;companies/CMI.US.json;raw/eodhd/CMI.US.json,"{""asOf"": 1, ""company"": 2, ""ownerMemo"": 4, ""versions"": 1}",source-cache arrival observed; per-field attribution unproven
CMIG4.SA,65,,"{""asOf"": 1, ""company"": 2, ""ownerMemo"": 21, ""valuation"": 10, ""valueHistory"": 30, ""versions"": 1}",same inventoried inputs; recomputation mismatch
CMIN3.SA,62,,"{""asOf"": 1, ""company"": 2, ""events"": 1, ""ownerMemo"": 20, ""series"": 1, ""tests"": 12, ""valuation"": 12, ""valueHistory"": 12, ""versions"": 1}",same inventoried inputs; recomputation mismatch
CMM.AU,36,,"{""asOf"": 1, ""company"": 2, ""ownerMemo"": 15, ""series"": 1, ""tests"": 12, ""valuation"": 4, ""versions"": 1}",same inventoried inputs; recomputation mismatch
CMS.US,21,fundamentals/CMS.US.json;companies/CMS.US.json;raw/eodhd/CMS.US.json,"{""asOf"": 1, ""company"": 2, ""ownerMemo"": 4, ""series"": 1, ""tests"": 12, ""versions"": 1}",source-cache arrival observed; per-field attribution unproven
CNA.LSE,105,fundamentals/CNA.LSE.json;companies/CNA.LSE.json;raw/eodhd/CNA.LSE.json,"{""asOf"": 1, ""company"": 2, ""ownerMemo"": 23, ""report"": 9, ""series"": 1, ""tests"": 68, ""versions"": 1}",source-cache arrival observed; per-field attribution unproven
CNC.US,22,fundamentals/CNC.US.json;companies/CNC.US.json;raw/eodhd/CNC.US.json,"{""asOf"": 1, ""company"": 2, ""ownerMemo"": 5, ""series"": 1, ""tests"": 12, ""versions"": 1}",source-cache arrival observed; per-field attribution unproven
CNI.AU,40,,"{""asOf"": 1, ""company"": 2, ""ownerMemo"": 19, ""series"": 1, ""tests"": 12, ""valuation"": 4, ""versions"": 1}",same inventoried inputs; recomputation mismatch
CNP.US,22,fundamentals/CNP.US.json;companies/CNP.US.json;raw/eodhd/CNP.US.json,"{""asOf"": 1, ""company"": 2, ""ownerMemo"": 5, ""series"": 1, ""tests"": 12, ""versions"": 1}",source-cache arrival observed; per-field attribution unproven
CNQ.TO,27,fundamentals/CNQ.TO.json;companies/CNQ.TO.json;raw/eodhd/CNQ.TO.json,"{""asOf"": 1, ""company"": 4, ""ownerMemo"": 4, ""series"": 1, ""tests"": 12, ""valuation"": 4, ""versions"": 1}",source-cache arrival observed; per-field attribution unproven
CNR.TO,37,fundamentals/CNR.TO.json;companies/CNR.TO.json;raw/eodhd/CNR.TO.json,"{""asOf"": 1, ""company"": 2, ""ownerMemo"": 8, ""series"": 1, ""tests"": 13, ""valuation"": 1, ""valueHistory"": 10, ""versions"": 1}",source-cache arrival observed; per-field attribution unproven
CNU.AU,50,,"{""asOf"": 1, ""company"": 2, ""ownerMemo"": 11, ""series"": 11, ""tests"": 24, ""versions"": 1}",same inventoried inputs; recomputation mismatch
COA.LSE,158,,"{""asOf"": 1, ""company"": 2, ""ownerMemo"": 24, ""report"": 10, ""series"": 11, ""tests"": 82, ""valuation"": 9, ""valueHistory"": 18, ""versions"": 1}",same inventoried inputs; recomputation mismatch
COALINDIA.NSE,161,,"{""asOf"": 1, ""ownerMemo"": 98, ""series"": 22, ""tests"": 39, ""versions"": 1}",same inventoried inputs; recomputation mismatch
COF.US,9,fundamentals/COF.US.json;companies/COF.US.json;raw/eodhd/COF.US.json,"{""asOf"": 1, ""company"": 2, ""ownerMemo"": 5, ""versions"": 1}",source-cache arrival observed; per-field attribution unproven
COFA.PA,11,,"{""asOf"": 1, ""company"": 2, ""ownerMemo"": 7, ""versions"": 1}",same inventoried inputs; recomputation mismatch
COGN3.SA,41,,"{""asOf"": 1, ""company"": 2, ""ownerMemo"": 15, ""series"": 1, ""tests"": 12, ""valueHistory"": 9, ""versions"": 1}",same inventoried inputs; recomputation mismatch
COH.AU,43,fundamentals/COH.AU.json;companies/COH.AU.json;raw/eodhd/COH.AU.json,"{""asOf"": 1, ""company"": 2, ""ownerMemo"": 22, ""series"": 1, ""tests"": 12, ""valuation"": 4, ""versions"": 1}",source-cache arrival observed; per-field attribution unproven
COHR.US,26,fundamentals/COHR.US.json;companies/COHR.US.json;raw/eodhd/COHR.US.json,"{""asOf"": 1, ""company"": 2, ""ownerMemo"": 5, ""series"": 1, ""tests"": 12, ""valuation"": 4, ""versions"": 1}",source-cache arrival observed; per-field attribution unproven
COIN.US,20,fundamentals/COIN.US.json;companies/COIN.US.json;raw/eodhd/COIN.US.json,"{""asOf"": 1, ""company"": 2, ""ownerMemo"": 4, ""series"": 1, ""tests"": 11, ""versions"": 1}",source-cache arrival observed; per-field attribution unproven
COL.AU,31,fundamentals/COL.AU.json;companies/COL.AU.json;raw/eodhd/COL.AU.json,"{""asOf"": 1, ""company"": 2, ""ownerMemo"": 15, ""series"": 1, ""tests"": 11, ""versions"": 1}",source-cache arrival observed; per-field attribution unproven
COL.MC,22,,"{""asOf"": 1, ""company"": 2, ""ownerMemo"": 2, ""series"": 1, ""tests"": 12, ""valuation"": 3, ""versions"": 1}",same inventoried inputs; recomputation mismatch
COLO-B.CO,74,fundamentals/COLO-B.CO.json;companies/COLO-B.CO.json;raw/eodhd/COLO-B.CO.json,"{""asOf"": 1, ""company"": 2, ""ownerMemo"": 22, ""report"": 4, ""tests"": 44, ""versions"": 1}",source-cache arrival observed; per-field attribution unproven
CON.XETRA,42,fundamentals/CON.XETRA.json;companies/CON.XETRA.json;raw/eodhd/CON.XETRA.json,"{""asOf"": 1, ""company"": 2, ""ownerMemo"": 22, ""series"": 1, ""tests"": 12, ""valuation"": 3, ""versions"": 1}",source-cache arrival observed; per-field attribution unproven
COO.US,22,fundamentals/COO.US.json;companies/COO.US.json;raw/eodhd/COO.US.json,"{""asOf"": 1, ""company"": 2, ""ownerMemo"": 5, ""series"": 1, ""tests"": 12, ""versions"": 1}",source-cache arrival observed; per-field attribution unproven
COP.US,25,fundamentals/COP.US.json;companies/COP.US.json;raw/eodhd/COP.US.json,"{""asOf"": 1, ""company"": 2, ""ownerMemo"": 4, ""series"": 1, ""tests"": 12, ""valuation"": 4, ""versions"": 1}",source-cache arrival observed; per-field attribution unproven
COR.LS,88,,"{""asOf"": 1, ""company"": 2, ""ownerMemo"": 62, ""series"": 4, ""tests"": 15, ""valuation"": 3, ""versions"": 1}",same inventoried inputs; recomputation mismatch
COR.US,28,fundamentals/COR.US.json;companies/COR.US.json;raw/eodhd/COR.US.json,"{""asOf"": 1, ""company"": 2, ""ownerMemo"": 5, ""series"": 19, ""versions"": 1}",source-cache arrival observed; per-field attribution unproven
COST.LSE,105,,"{""asOf"": 1, ""company"": 2, ""ownerMemo"": 22, ""report"": 9, ""series"": 1, ""tests"": 65, ""valuation"": 4, ""versions"": 1}",same inventoried inputs; recomputation mismatch
COST.US,10,fundamentals/COST.US.json;companies/COST.US.json;raw/eodhd/COST.US.json,"{""asOf"": 1, ""company"": 2, ""ownerMemo"": 6, ""versions"": 1}",source-cache arrival observed; per-field attribution unproven
COTN.SW,36,,"{""asOf"": 1, ""company"": 2, ""ownerMemo"": 19, ""series"": 1, ""tests"": 12, ""versions"": 1}",same inventoried inputs; recomputation mismatch
COV.PA,24,fundamentals/COV.PA.json;companies/COV.PA.json;raw/eodhd/COV.PA.json,"{""asOf"": 1, ""company"": 2, ""ownerMemo"": 4, ""series"": 1, ""tests"": 12, ""valuation"": 3, ""versions"": 1}",source-cache arrival observed; per-field attribution unproven
CP.TO,28,fundamentals/CP.TO.json;companies/CP.TO.json;raw/eodhd/CP.TO.json,"{""asOf"": 1, ""company"": 4, ""ownerMemo"": 5, ""series"": 1, ""tests"": 12, ""valuation"": 4, ""versions"": 1}",source-cache arrival observed; per-field attribution unproven
CPAMF.US,135,fundamentals/CPAMF.US.json;raw/eodhd/CPAMF.US.json,"{""asOf"": 1, ""company"": 1, ""events"": 4, ""ownerMemo"": 47, ""report"": 1, ""series"": 28, ""tests"": 40, ""valuation"": 3, ""valueHistory"": 9, ""versions"": 1}",source-cache arrival observed; per-field attribution unproven
CPAY.US,26,fundamentals/CPAY.US.json;companies/CPAY.US.json;raw/eodhd/CPAY.US.json,"{""asOf"": 1, ""company"": 2, ""ownerMemo"": 5, ""series"": 1, ""tests"": 12, ""valuation"": 4, ""versions"": 1}",source-cache arrival observed; per-field attribution unproven
CPFE3.SA,67,,"{""asOf"": 1, ""company"": 2, ""ownerMemo"": 22, ""tests"": 1, ""valuation"": 10, ""valueHistory"": 30, ""versions"": 1}",same inventoried inputs; recomputation mismatch
CPG.LSE,116,fundamentals/CPG.LSE.json;companies/CPG.LSE.json;raw/eodhd/CPG.LSE.json,"{""asOf"": 1, ""company"": 2, ""ownerMemo"": 69, ""series"": 12, ""tests"": 31, ""versions"": 1}",source-cache arrival observed; per-field attribution unproven
CPI.VI,149,,"{""asOf"": 1, ""company"": 2, ""ownerMemo"": 68, ""series"": 30, ""tests"": 43, ""valuation"": 1, ""valueHistory"": 3, ""versions"": 1}",same inventoried inputs; recomputation mismatch
CPLE3.SA,50,fundamentals/CPLE3.SA.json;companies/CPLE3.SA.json;raw/eodhd/CPLE3.SA.json,"{""asOf"": 1, ""company"": 4, ""ownerMemo"": 6, ""tests"": 1, ""valuation"": 10, ""valueHistory"": 27, ""versions"": 1}",source-cache arrival observed; per-field attribution unproven
CPR.MI,144,,"{""asOf"": 1, ""company"": 2, ""ownerMemo"": 83, ""series"": 15, ""tests"": 42, ""versions"": 1}",same inventoried inputs; recomputation mismatch
CPRT.US,9,fundamentals/CPRT.US.json;companies/CPRT.US.json;raw/eodhd/CPRT.US.json,"{""asOf"": 1, ""company"": 2, ""ownerMemo"": 5, ""versions"": 1}",source-cache arrival observed; per-field attribution unproven
CPT.US,25,fundamentals/CPT.US.json;companies/CPT.US.json;raw/eodhd/CPT.US.json,"{""asOf"": 1, ""company"": 2, ""ownerMemo"": 4, ""series"": 1, ""tests"": 12, ""valuation"": 4, ""versions"": 1}",source-cache arrival observed; per-field attribution unproven
CPU.AU,162,fundamentals/CPU.AU.json;companies/CPU.AU.json;raw/eodhd/CPU.AU.json,"{""asOf"": 1, ""company"": 2, ""ownerMemo"": 62, ""series"": 24, ""tests"": 51, ""valuation"": 9, ""valueHistory"": 12, ""versions"": 1}",source-cache arrival observed; per-field attribution unproven
CQR.AU,38,,"{""asOf"": 1, ""company"": 2, ""ownerMemo"": 17, ""series"": 1, ""tests"": 12, ""valuation"": 4, ""versions"": 1}",same inventoried inputs; recomputation mismatch
CRDA.LSE,109,fundamentals/CRDA.LSE.json;companies/CRDA.LSE.json;raw/eodhd/CRDA.LSE.json,"{""asOf"": 1, ""company"": 2, ""ownerMemo"": 27, ""report"": 8, ""series"": 1, ""tests"": 65, ""valuation"": 4, ""versions"": 1}",source-cache arrival observed; per-field attribution unproven
CRH.US,120,fundamentals/CRH.US.json;companies/CRH.US.json;raw/eodhd/CRH.US.json,"{""asOf"": 1, ""company"": 2, ""ownerMemo"": 69, ""series"": 12, ""tests"": 35, ""versions"": 1}",source-cache arrival observed; per-field attribution unproven
CRL.US,9,fundamentals/CRL.US.json;companies/CRL.US.json;raw/eodhd/CRL.US.json,"{""asOf"": 1, ""company"": 2, ""ownerMemo"": 5, ""versions"": 1}",source-cache arrival observed; per-field attribution unproven
CRM.US,255,fundamentals/CRM.US.json;companies/CRM.US.json;raw/eodhd/CRM.US.json,"{""asOf"": 1, ""company"": 2, ""ownerMemo"": 41, ""series"": 126, ""tests"": 52, ""valuation"": 20, ""valueHistory"": 12, ""versions"": 1}",source-cache arrival observed; per-field attribution unproven
CRWD.US,21,fundamentals/CRWD.US.json;companies/CRWD.US.json;raw/eodhd/CRWD.US.json,"{""asOf"": 1, ""company"": 2, ""ownerMemo"": 5, ""series"": 1, ""tests"": 11, ""versions"": 1}",source-cache arrival observed; per-field attribution unproven
CRWV.US,35,fundamentals/CRWV.US.json;companies/CRWV.US.json;raw/eodhd/CRWV.US.json,"{""asOf"": 1, ""company"": 2, ""ownerMemo"": 24, ""series"": 7, ""versions"": 1}",source-cache arrival observed; per-field attribution unproven
CS.PA,25,fundamentals/CS.PA.json;companies/CS.PA.json;raw/eodhd/CS.PA.json,"{""asOf"": 1, ""company"": 2, ""ownerMemo"": 5, ""series"": 4, ""valueHistory"": 12, ""versions"": 1}",source-cache arrival observed; per-field attribution unproven
CSAN3.SA,42,,"{""asOf"": 1, ""company"": 4, ""ownerMemo"": 2, ""series"": 1, ""tests"": 12, ""valueHistory"": 21, ""versions"": 1}",same inventoried inputs; recomputation mismatch
CSC.AU,56,fundamentals/CSC.AU.json;companies/CSC.AU.json;raw/eodhd/CSC.AU.json,"{""asOf"": 1, ""company"": 2, ""ownerMemo"": 19, ""series"": 3, ""tests"": 15, ""valuation"": 9, ""valueHistory"": 6, ""versions"": 1}",source-cache arrival observed; per-field attribution unproven
CSCO.US,11,fundamentals/CSCO.US.json;companies/CSCO.US.json;raw/eodhd/CSCO.US.json,"{""asOf"": 1, ""company"": 3, ""ownerMemo"": 6, ""versions"": 1}",source-cache arrival observed; per-field attribution unproven
CSG.AS,44,fundamentals/CSG.AS.json;companies/CSG.AS.json;raw/eodhd/CSG.AS.json,"{""asOf"": 1, ""company"": 2, ""ownerMemo"": 23, ""series"": 1, ""tests"": 12, ""valuation"": 4, ""versions"": 1}",source-cache arrival observed; per-field attribution unproven
CSGP.US,22,fundamentals/CSGP.US.json;companies/CSGP.US.json;raw/eodhd/CSGP.US.json,"{""asOf"": 1, ""company"": 2, ""ownerMemo"": 5, ""series"": 1, ""tests"": 12, ""versions"": 1}",source-cache arrival observed; per-field attribution unproven
CSL.AU,107,fundamentals/CSL.AU.json;companies/CSL.AU.json;raw/eodhd/CSL.AU.json,"{""asOf"": 1, ""company"": 3, ""ownerMemo"": 23, ""series"": 11, ""tests"": 41, ""valueHistory"": 27, ""versions"": 1}",source-cache arrival observed; per-field attribution unproven
CSMG3.SA,60,,"{""asOf"": 1, ""company"": 2, ""ownerMemo"": 21, ""tests"": 1, ""valuation"": 10, ""valueHistory"": 24, ""versions"": 1}",same inventoried inputs; recomputation mismatch
CSN.LSE,44,,"{""asOf"": 1, ""company"": 2, ""events"": 9, ""ownerMemo"": 25, ""report"": 4, ""valueHistory"": 2, ""versions"": 1}",same inventoried inputs; recomputation mismatch
CSNA3.SA,36,,"{""asOf"": 1, ""company"": 4, ""ownerMemo"": 2, ""series"": 1, ""tests"": 12, ""valueHistory"": 15, ""versions"": 1}",same inventoried inputs; recomputation mismatch
CSU.TO,101,fundamentals/CSU.TO.json;companies/CSU.TO.json;raw/eodhd/CSU.TO.json,"{""asOf"": 1, ""company"": 2, ""ownerMemo"": 23, ""series"": 11, ""tests"": 24, ""valuation"": 9, ""valueHistory"": 30, ""versions"": 1}",source-cache arrival observed; per-field attribution unproven
CSX.US,26,fundamentals/CSX.US.json;companies/CSX.US.json;raw/eodhd/CSX.US.json,"{""asOf"": 1, ""company"": 2, ""ownerMemo"": 5, ""series"": 1, ""tests"": 12, ""valuation"": 4, ""versions"": 1}",source-cache arrival observed; per-field attribution unproven
CTAS.US,9,fundamentals/CTAS.US.json;companies/CTAS.US.json;raw/eodhd/CTAS.US.json,"{""asOf"": 1, ""company"": 2, ""ownerMemo"": 5, ""versions"": 1}",source-cache arrival observed; per-field attribution unproven
CTC-A.TO,54,fundamentals/CTC-A.TO.json;companies/CTC-A.TO.json;raw/eodhd/CTC-A.TO.json,"{""asOf"": 1, ""company"": 4, ""ownerMemo"": 24, ""series"": 1, ""tests"": 13, ""valuation"": 1, ""valueHistory"": 9, ""versions"": 1}",source-cache arrival observed; per-field attribution unproven
CTEC.LSE,165,fundamentals/CTEC.LSE.json;companies/CTEC.LSE.json;raw/eodhd/CTEC.LSE.json,"{""asOf"": 1, ""company"": 2, ""ownerMemo"": 27, ""report"": 10, ""series"": 11, ""tests"": 83, ""valuation"": 9, ""valueHistory"": 21, ""versions"": 1}",source-cache arrival observed; per-field attribution unproven
CTSH.US,9,fundamentals/CTSH.US.json;companies/CTSH.US.json;raw/eodhd/CTSH.US.json,"{""asOf"": 1, ""company"": 2, ""ownerMemo"": 5, ""versions"": 1}",source-cache arrival observed; per-field attribution unproven
CTT.LS,70,,"{""asOf"": 1, ""company"": 2, ""ownerMemo"": 46, ""series"": 3, ""tests"": 14, ""valuation"": 3, ""versions"": 1}",same inventoried inputs; recomputation mismatch
CTVA.US,145,fundamentals/CTVA.US.json;companies/CTVA.US.json;raw/eodhd/CTVA.US.json,"{""asOf"": 1, ""company"": 2, ""ownerMemo"": 22, ""series"": 56, ""tests"": 41, ""valuation"": 7, ""valueHistory"": 15, ""versions"": 1}",source-cache arrival observed; per-field attribution unproven
CURY.LSE,99,,"{""asOf"": 1, ""company"": 2, ""ownerMemo"": 15, ""report"": 9, ""series"": 1, ""tests"": 66, ""valuation"": 4, ""versions"": 1}",same inventoried inputs; recomputation mismatch
CURY3.SA,66,,"{""asOf"": 1, ""company"": 2, ""ownerMemo"": 21, ""tests"": 1, ""valuation"": 10, ""valueHistory"": 30, ""versions"": 1}",same inventoried inputs; recomputation mismatch
CVC.AS,54,fundamentals/CVC.AS.json;companies/CVC.AS.json;raw/eodhd/CVC.AS.json,"{""asOf"": 1, ""company"": 2, ""ownerMemo"": 35, ""series"": 15, ""versions"": 1}",source-cache arrival observed; per-field attribution unproven
CVE.TO,27,fundamentals/CVE.TO.json;companies/CVE.TO.json;raw/eodhd/CVE.TO.json,"{""asOf"": 1, ""company"": 4, ""ownerMemo"": 4, ""series"": 1, ""tests"": 12, ""valuation"": 4, ""versions"": 1}",source-cache arrival observed; per-field attribution unproven
CVNA.US,26,fundamentals/CVNA.US.json;companies/CVNA.US.json;raw/eodhd/CVNA.US.json,"{""asOf"": 1, ""company"": 2, ""ownerMemo"": 5, ""series"": 1, ""tests"": 12, ""valuation"": 4, ""versions"": 1}",source-cache arrival observed; per-field attribution unproven
CVS.US,26,fundamentals/CVS.US.json;companies/CVS.US.json;raw/eodhd/CVS.US.json,"{""asOf"": 1, ""company"": 2, ""ownerMemo"": 5, ""series"": 1, ""tests"": 12, ""valuation"": 4, ""versions"": 1}",source-cache arrival observed; per-field attribution unproven
CVSG.LSE,40,,"{""asOf"": 1, ""company"": 2, ""ownerMemo"": 19, ""series"": 1, ""tests"": 12, ""valuation"": 4, ""versions"": 1}",same inventoried inputs; recomputation mismatch
CVX.US,29,fundamentals/CVX.US.json;companies/CVX.US.json;raw/eodhd/CVX.US.json,"{""asOf"": 1, ""company"": 2, ""ownerMemo"": 5, ""series"": 20, ""versions"": 1}",source-cache arrival observed; per-field attribution unproven
CWK.LSE,101,,"{""asOf"": 1, ""company"": 2, ""ownerMemo"": 21, ""report"": 8, ""series"": 1, ""tests"": 63, ""valuation"": 4, ""versions"": 1}",same inventoried inputs; recomputation mismatch
CWR.LSE,88,,"{""asOf"": 1, ""company"": 2, ""ownerMemo"": 11, ""report"": 7, ""series"": 1, ""tests"": 65, ""versions"": 1}",same inventoried inputs; recomputation mismatch
CWY.AU,39,,"{""asOf"": 1, ""company"": 2, ""ownerMemo"": 18, ""series"": 1, ""tests"": 12, ""valuation"": 4, ""versions"": 1}",same inventoried inputs; recomputation mismatch
CXSE3.SA,82,,"{""asOf"": 1, ""company"": 2, ""ownerMemo"": 8, ""series"": 16, ""tests"": 25, ""valuation"": 11, ""valueHistory"": 18, ""versions"": 1}",same inventoried inputs; recomputation mismatch
CYL.AU,34,,"{""asOf"": 1, ""company"": 2, ""ownerMemo"": 13, ""series"": 1, ""tests"": 12, ""valuation"": 4, ""versions"": 1}",same inventoried inputs; recomputation mismatch
CYRE3.SA,74,,"{""asOf"": 1, ""company"": 2, ""ownerMemo"": 21, ""series"": 1, ""tests"": 12, ""valuation"": 12, ""valueHistory"": 24, ""versions"": 1}",same inventoried inputs; recomputation mismatch
D.US,22,fundamentals/D.US.json;companies/D.US.json;raw/eodhd/D.US.json,"{""asOf"": 1, ""company"": 2, ""ownerMemo"": 5, ""series"": 1, ""tests"": 12, ""versions"": 1}",source-cache arrival observed; per-field attribution unproven
DAL.US,7,fundamentals/DAL.US.json;companies/DAL.US.json;raw/eodhd/DAL.US.json,"{""asOf"": 1, ""company"": 2, ""ownerMemo"": 3, ""versions"": 1}",source-cache arrival observed; per-field attribution unproven
DANSKE.CO,70,fundamentals/DANSKE.CO.json;companies/DANSKE.CO.json;raw/eodhd/DANSKE.CO.json,"{""asOf"": 1, ""company"": 2, ""ownerMemo"": 9, ""report"": 8, ""tests"": 49, ""versions"": 1}",source-cache arrival observed; per-field attribution unproven
DASH.US,20,fundamentals/DASH.US.json;companies/DASH.US.json;raw/eodhd/DASH.US.json,"{""asOf"": 1, ""company"": 2, ""ownerMemo"": 4, ""series"": 1, ""tests"": 11, ""versions"": 1}",source-cache arrival observed; per-field attribution unproven
DATA.LSE,24,,"{""asOf"": 1, ""company"": 2, ""ownerMemo"": 20, ""versions"": 1}",same inventoried inputs; recomputation mismatch
DB1.XETRA,27,fundamentals/DB1.XETRA.json;companies/DB1.XETRA.json;raw/eodhd/DB1.XETRA.json,"{""asOf"": 1, ""company"": 2, ""ownerMemo"": 23, ""versions"": 1}",source-cache arrival observed; per-field attribution unproven
DBG.PA,39,,"{""asOf"": 1, ""company"": 2, ""ownerMemo"": 19, ""series"": 1, ""tests"": 12, ""valuation"": 3, ""versions"": 1}",same inventoried inputs; recomputation mismatch
DBI.AU,31,,"{""asOf"": 1, ""company"": 2, ""ownerMemo"": 15, ""series"": 1, ""tests"": 11, ""versions"": 1}",same inventoried inputs; recomputation mismatch
DBK.XETRA,13,fundamentals/DBK.XETRA.json;companies/DBK.XETRA.json;raw/eodhd/DBK.XETRA.json,"{""asOf"": 1, ""company"": 6, ""ownerMemo"": 5, ""versions"": 1}",source-cache arrival observed; per-field attribution unproven
DBV.PA,25,,"{""asOf"": 1, ""company"": 4, ""ownerMemo"": 11, ""series"": 8, ""versions"": 1}",same inventoried inputs; recomputation mismatch
DCC.LSE,28,fundamentals/DCC.LSE.json;companies/DCC.LSE.json;raw/eodhd/DCC.LSE.json,"{""asOf"": 1, ""company"": 2, ""ownerMemo"": 24, ""versions"": 1}",source-cache arrival observed; per-field attribution unproven
DD.US,22,fundamentals/DD.US.json;companies/DD.US.json;raw/eodhd/DD.US.json,"{""asOf"": 1, ""company"": 2, ""ownerMemo"": 5, ""series"": 1, ""tests"": 12, ""versions"": 1}",source-cache arrival observed; per-field attribution unproven
DDOG.US,20,fundamentals/DDOG.US.json;companies/DDOG.US.json;raw/eodhd/DDOG.US.json,"{""asOf"": 1, ""company"": 2, ""ownerMemo"": 4, ""series"": 1, ""tests"": 11, ""versions"": 1}",source-cache arrival observed; per-field attribution unproven
DE.US,26,fundamentals/DE.US.json;companies/DE.US.json;raw/eodhd/DE.US.json,"{""asOf"": 1, ""company"": 2, ""ownerMemo"": 5, ""series"": 1, ""tests"": 12, ""valuation"": 4, ""versions"": 1}",source-cache arrival observed; per-field attribution unproven
DEC.PA,25,fundamentals/DEC.PA.json;companies/DEC.PA.json;raw/eodhd/DEC.PA.json,"{""asOf"": 1, ""company"": 2, ""ownerMemo"": 5, ""series"": 1, ""tests"": 12, ""valuation"": 3, ""versions"": 1}",source-cache arrival observed; per-field attribution unproven
DECK.US,9,fundamentals/DECK.US.json;companies/DECK.US.json;raw/eodhd/DECK.US.json,"{""asOf"": 1, ""company"": 2, ""ownerMemo"": 5, ""versions"": 1}",source-cache arrival observed; per-field attribution unproven
DELL.US,50,fundamentals/DELL.US.json;companies/DELL.US.json;raw/eodhd/DELL.US.json,"{""asOf"": 1, ""company"": 2, ""ownerMemo"": 5, ""series"": 19, ""tests"": 18, ""valuation"": 4, ""versions"": 1}",source-cache arrival observed; per-field attribution unproven
DEMANT.CO,9,fundamentals/DEMANT.CO.json;companies/DEMANT.CO.json;raw/eodhd/DEMANT.CO.json,"{""asOf"": 1, ""company"": 2, ""ownerMemo"": 5, ""versions"": 1}",source-cache arrival observed; per-field attribution unproven
DEVL.F,157,fundamentals/DEVL.F.json;companies/DEVL.F.json;raw/eodhd/DEVL.F.json,"{""asOf"": 1, ""company"": 1, ""ownerMemo"": 73, ""report"": 1, ""series"": 29, ""tests"": 39, ""valuation"": 3, ""valueHistory"": 9, ""versions"": 1}",source-cache arrival observed; per-field attribution unproven
DEZ.XETRA,38,,"{""asOf"": 1, ""company"": 2, ""ownerMemo"": 18, ""series"": 1, ""tests"": 12, ""valuation"": 3, ""versions"": 1}",same inventoried inputs; recomputation mismatch
DFIB.LSE,41,fundamentals/DFIB.LSE.json,"{""asOf"": 1, ""ownerMemo"": 21, ""report"": 1, ""series"": 1, ""tests"": 12, ""valuation"": 4, ""versions"": 1}",source-cache arrival observed; per-field attribution unproven
DG.PA,28,fundamentals/DG.PA.json;companies/DG.PA.json;raw/eodhd/DG.PA.json,"{""asOf"": 1, ""company"": 2, ""ownerMemo"": 4, ""series"": 20, ""versions"": 1}",source-cache arrival observed; per-field attribution unproven
DG.US,25,fundamentals/DG.US.json;companies/DG.US.json;raw/eodhd/DG.US.json,"{""asOf"": 1, ""company"": 2, ""ownerMemo"": 4, ""series"": 1, ""tests"": 12, ""valuation"": 4, ""versions"": 1}",source-cache arrival observed; per-field attribution unproven
DGE.LSE,216,fundamentals/DGE.LSE.json;companies/DGE.LSE.json;raw/eodhd/DGE.LSE.json,"{""asOf"": 1, ""company"": 2, ""ownerMemo"": 68, ""report"": 9, ""series"": 25, ""tests"": 59, ""valuation"": 30, ""valueHistory"": 21, ""versions"": 1}",source-cache arrival observed; per-field attribution unproven
DGX.US,9,fundamentals/DGX.US.json;companies/DGX.US.json;raw/eodhd/DGX.US.json,"{""asOf"": 1, ""company"": 2, ""ownerMemo"": 5, ""versions"": 1}",source-cache arrival observed; per-field attribution unproven
DHER.XETRA,30,fundamentals/DHER.XETRA.json;companies/DHER.XETRA.json;raw/eodhd/DHER.XETRA.json,"{""asOf"": 1, ""company"": 2, ""ownerMemo"": 13, ""series"": 1, ""tests"": 12, ""versions"": 1}",source-cache arrival observed; per-field attribution unproven
DHI.US,99,fundamentals/DHI.US.json;companies/DHI.US.json;raw/eodhd/DHI.US.json,"{""asOf"": 1, ""company"": 1, ""ownerMemo"": 27, ""report"": 11, ""tests"": 58, ""versions"": 1}",source-cache arrival observed; per-field attribution unproven
DHL.XETRA,49,fundamentals/DHL.XETRA.json;companies/DHL.XETRA.json;raw/eodhd/DHL.XETRA.json,"{""asOf"": 1, ""company"": 8, ""ownerMemo"": 23, ""series"": 1, ""tests"": 12, ""valuation"": 3, ""versions"": 1}",source-cache arrival observed; per-field attribution unproven
DHR.US,9,fundamentals/DHR.US.json;companies/DHR.US.json;raw/eodhd/DHR.US.json,"{""asOf"": 1, ""company"": 2, ""ownerMemo"": 5, ""versions"": 1}",source-cache arrival observed; per-field attribution unproven
DIA.MI,140,,"{""asOf"": 1, ""ownerMemo"": 77, ""series"": 17, ""tests"": 44, ""versions"": 1}",same inventoried inputs; recomputation mismatch
DIE.BR,26,fundamentals/DIE.BR.json;companies/DIE.BR.json;raw/eodhd/DIE.BR.json,"{""asOf"": 1, ""company"": 2, ""ownerMemo"": 5, ""series"": 1, ""tests"": 12, ""valuation"": 4, ""versions"": 1}",source-cache arrival observed; per-field attribution unproven
DIM.PA,108,fundamentals/DIM.PA.json;companies/DIM.PA.json;raw/eodhd/DIM.PA.json,"{""asOf"": 1, ""company"": 2, ""ownerMemo"": 25, ""report"": 9, ""series"": 1, ""tests"": 66, ""valuation"": 3, ""versions"": 1}",source-cache arrival observed; per-field attribution unproven
DIRR3.SA,74,,"{""asOf"": 1, ""company"": 2, ""ownerMemo"": 20, ""series"": 1, ""tests"": 13, ""valuation"": 12, ""valueHistory"": 24, ""versions"": 1}",same inventoried inputs; recomputation mismatch
DIS.US,36,fundamentals/DIS.US.json;companies/DIS.US.json;raw/eodhd/DIS.US.json,"{""asOf"": 1, ""company"": 2, ""ownerMemo"": 8, ""series"": 1, ""tests"": 13, ""valuation"": 1, ""valueHistory"": 9, ""versions"": 1}",source-cache arrival observed; per-field attribution unproven
DKSH.SW,28,fundamentals/DKSH.SW.json;companies/DKSH.SW.json;raw/eodhd/DKSH.SW.json,"{""asOf"": 1, ""company"": 2, ""ownerMemo"": 22, ""valuation"": 2, ""versions"": 1}",source-cache arrival observed; per-field attribution unproven
DLG.MI,117,,"{""asOf"": 1, ""ownerMemo"": 68, ""series"": 15, ""tests"": 32, ""versions"": 1}",same inventoried inputs; recomputation mismatch
DLN.LSE,95,,"{""asOf"": 1, ""company"": 2, ""ownerMemo"": 19, ""report"": 7, ""series"": 1, ""tests"": 64, ""versions"": 1}",same inventoried inputs; recomputation mismatch
DLR.US,22,fundamentals/DLR.US.json;companies/DLR.US.json;raw/eodhd/DLR.US.json,"{""asOf"": 1, ""company"": 2, ""ownerMemo"": 5, ""series"": 1, ""tests"": 12, ""versions"": 1}",source-cache arrival observed; per-field attribution unproven
DLTR.US,160,fundamentals/DLTR.US.json;companies/DLTR.US.json;raw/eodhd/DLTR.US.json,"{""asOf"": 1, ""company"": 2, ""events"": 8, ""ownerMemo"": 20, ""series"": 38, ""tests"": 52, ""valuation"": 17, ""valueHistory"": 21, ""versions"": 1}",source-cache arrival observed; per-field attribution unproven
DMP.AU,31,,"{""asOf"": 1, ""company"": 2, ""ownerMemo"": 14, ""series"": 1, ""tests"": 12, ""versions"": 1}",same inventoried inputs; recomputation mismatch
DNB.OL,98,fundamentals/DNB.OL.json;companies/DNB.OL.json;raw/eodhd/DNB.OL.json,"{""asOf"": 1, ""company"": 2, ""ownerMemo"": 10, ""series"": 37, ""tests"": 34, ""valuation"": 1, ""valueHistory"": 12, ""versions"": 1}",source-cache arrival observed; per-field attribution unproven
DNL.AU,34,,"{""asOf"": 1, ""company"": 2, ""ownerMemo"": 17, ""series"": 1, ""tests"": 12, ""versions"": 1}",same inventoried inputs; recomputation mismatch
DNLM.LSE,89,,"{""asOf"": 1, ""company"": 2, ""ownerMemo"": 20, ""report"": 9, ""tests"": 56, ""versions"": 1}",same inventoried inputs; recomputation mismatch
DNP.WAR,9,fundamentals/DNP.WAR.json;companies/DNP.WAR.json;raw/eodhd/DNP.WAR.json,"{""asOf"": 1, ""company"": 2, ""ownerMemo"": 5, ""versions"": 1}",source-cache arrival observed; per-field attribution unproven
DOC.US,96,fundamentals/DOC.US.json;companies/DOC.US.json;raw/eodhd/DOC.US.json,"{""asOf"": 1, ""company"": 2, ""ownerMemo"": 26, ""report"": 6, ""series"": 1, ""tests"": 55, ""valuation"": 4, ""versions"": 1}",source-cache arrival observed; per-field attribution unproven
DOCS.LSE,70,,"{""asOf"": 1, ""company"": 1, ""ownerMemo"": 18, ""report"": 6, ""tests"": 43, ""versions"": 1}",same inventoried inputs; recomputation mismatch
DOL.TO,29,fundamentals/DOL.TO.json;companies/DOL.TO.json;raw/eodhd/DOL.TO.json,"{""asOf"": 1, ""company"": 2, ""ownerMemo"": 23, ""valuation"": 2, ""versions"": 1}",source-cache arrival observed; per-field attribution unproven
DOM.LSE,101,,"{""asOf"": 1, ""company"": 2, ""ownerMemo"": 19, ""report"": 9, ""series"": 1, ""tests"": 64, ""valuation"": 4, ""versions"": 1}",same inventoried inputs; recomputation mismatch
DOV.US,9,fundamentals/DOV.US.json;companies/DOV.US.json;raw/eodhd/DOV.US.json,"{""asOf"": 1, ""company"": 2, ""ownerMemo"": 5, ""versions"": 1}",source-cache arrival observed; per-field attribution unproven
DOW.AU,39,,"{""asOf"": 1, ""company"": 2, ""ownerMemo"": 18, ""series"": 1, ""tests"": 12, ""valuation"": 4, ""versions"": 1}",same inventoried inputs; recomputation mismatch
DOW.US,66,fundamentals/DOW.US.json;companies/DOW.US.json;raw/eodhd/DOW.US.json,"{""asOf"": 1, ""company"": 2, ""ownerMemo"": 6, ""report"": 2, ""series"": 1, ""tests"": 53, ""versions"": 1}",source-cache arrival observed; per-field attribution unproven
DP4A.STU,51,,"{""asOf"": 1, ""company"": 1, ""ownerMemo"": 18, ""series"": 9, ""tests"": 21, ""versions"": 1}",same inventoried inputs; recomputation mismatch
DPLM.LSE,26,fundamentals/DPLM.LSE.json;companies/DPLM.LSE.json;raw/eodhd/DPLM.LSE.json,"{""asOf"": 1, ""company"": 2, ""ownerMemo"": 5, ""series"": 1, ""tests"": 12, ""valuation"": 4, ""versions"": 1}",source-cache arrival observed; per-field attribution unproven
DPZ.US,9,fundamentals/DPZ.US.json;companies/DPZ.US.json;raw/eodhd/DPZ.US.json,"{""asOf"": 1, ""company"": 2, ""ownerMemo"": 5, ""versions"": 1}",source-cache arrival observed; per-field attribution unproven
DQ7A.IR,27,,"{""asOf"": 1, ""company"": 2, ""ownerMemo"": 23, ""versions"": 1}",same inventoried inputs; recomputation mismatch
DRI.US,26,fundamentals/DRI.US.json;companies/DRI.US.json;raw/eodhd/DRI.US.json,"{""asOf"": 1, ""company"": 2, ""ownerMemo"": 6, ""tests"": 1, ""valuation"": 15, ""versions"": 1}",source-cache arrival observed; per-field attribution unproven
DRO.AU,28,,"{""asOf"": 1, ""company"": 2, ""ownerMemo"": 11, ""series"": 1, ""tests"": 12, ""versions"": 1}",same inventoried inputs; recomputation mismatch
DRR.AU,23,,"{""asOf"": 1, ""company"": 2, ""ownerMemo"": 17, ""valuation"": 2, ""versions"": 1}",same inventoried inputs; recomputation mismatch
DRREDDY.NSE,191,,"{""asOf"": 1, ""ownerMemo"": 95, ""series"": 46, ""tests"": 41, ""valuation"": 1, ""valueHistory"": 6, ""versions"": 1}",same inventoried inputs; recomputation mismatch
DRX.LSE,98,,"{""asOf"": 1, ""company"": 2, ""ownerMemo"": 20, ""report"": 9, ""series"": 1, ""tests"": 64, ""versions"": 1}",same inventoried inputs; recomputation mismatch
DSCV.LSE,88,,"{""asOf"": 1, ""company"": 2, ""ownerMemo"": 22, ""report"": 8, ""tests"": 54, ""versions"": 1}",same inventoried inputs; recomputation mismatch
DSFIR.AS,44,fundamentals/DSFIR.AS.json;companies/DSFIR.AS.json;raw/eodhd/DSFIR.AS.json,"{""asOf"": 1, ""company"": 1, ""ownerMemo"": 23, ""report"": 1, ""series"": 1, ""tests"": 12, ""valuation"": 4, ""versions"": 1}",source-cache arrival observed; per-field attribution unproven
DSV.CO,9,fundamentals/DSV.CO.json;companies/DSV.CO.json;raw/eodhd/DSV.CO.json,"{""asOf"": 1, ""company"": 2, ""ownerMemo"": 5, ""versions"": 1}",source-cache arrival observed; per-field attribution unproven
DSY.PA,9,fundamentals/DSY.PA.json;companies/DSY.PA.json;raw/eodhd/DSY.PA.json,"{""asOf"": 1, ""company"": 2, ""ownerMemo"": 5, ""versions"": 1}",source-cache arrival observed; per-field attribution unproven
DTE.US,145,fundamentals/DTE.US.json;companies/DTE.US.json;raw/eodhd/DTE.US.json,"{""asOf"": 1, ""company"": 2, ""events"": 2, ""ownerMemo"": 23, ""series"": 33, ""tests"": 83, ""versions"": 1}",source-cache arrival observed; per-field attribution unproven
DTE.XETRA,41,fundamentals/DTE.XETRA.json;companies/DTE.XETRA.json;raw/eodhd/DTE.XETRA.json,"{""asOf"": 1, ""company"": 2, ""ownerMemo"": 21, ""series"": 1, ""tests"": 12, ""valuation"": 3, ""versions"": 1}",source-cache arrival observed; per-field attribution unproven
DTG.XETRA,43,fundamentals/DTG.XETRA.json;companies/DTG.XETRA.json;raw/eodhd/DTG.XETRA.json,"{""asOf"": 1, ""company"": 5, ""ownerMemo"": 21, ""series"": 1, ""tests"": 11, ""valuation"": 3, ""versions"": 1}",source-cache arrival observed; per-field attribution unproven
DTL.AU,25,,"{""asOf"": 1, ""company"": 2, ""ownerMemo"": 19, ""valuation"": 2, ""versions"": 1}",same inventoried inputs; recomputation mismatch
DUK.US,22,fundamentals/DUK.US.json;companies/DUK.US.json;raw/eodhd/DUK.US.json,"{""asOf"": 1, ""company"": 2, ""ownerMemo"": 5, ""series"": 1, ""tests"": 12, ""versions"": 1}",source-cache arrival observed; per-field attribution unproven
DVA.US,13,fundamentals/DVA.US.json;companies/DVA.US.json;raw/eodhd/DVA.US.json,"{""asOf"": 1, ""company"": 2, ""ownerMemo"": 5, ""series"": 4, ""versions"": 1}",source-cache arrival observed; per-field attribution unproven
DVN.US,53,fundamentals/DVN.US.json;companies/DVN.US.json;raw/eodhd/DVN.US.json,"{""asOf"": 1, ""company"": 2, ""ownerMemo"": 4, ""series"": 29, ""tests"": 12, ""valuation"": 4, ""versions"": 1}",source-cache arrival observed; per-field attribution unproven
DVP.AU,715,,"{""asOf"": 1, ""company"": 3, ""historyCoverage"": 2, ""ownerMemo"": 41, ""series"": 297, ""tests"": 370, ""versions"": 1}",same inventoried inputs; recomputation mismatch
DWS.XETRA,26,fundamentals/DWS.XETRA.json;companies/DWS.XETRA.json;raw/eodhd/DWS.XETRA.json,"{""asOf"": 1, ""company"": 2, ""ownerMemo"": 22, ""versions"": 1}",source-cache arrival observed; per-field attribution unproven
DXCM.US,26,fundamentals/DXCM.US.json;companies/DXCM.US.json;raw/eodhd/DXCM.US.json,"{""asOf"": 1, ""company"": 2, ""ownerMemo"": 5, ""series"": 1, ""tests"": 12, ""valuation"": 4, ""versions"": 1}",source-cache arrival observed; per-field attribution unproven
DXS.AU,39,,"{""asOf"": 1, ""company"": 2, ""ownerMemo"": 18, ""series"": 1, ""tests"": 12, ""valuation"": 4, ""versions"": 1}",same inventoried inputs; recomputation mismatch
DYL.AU,25,,"{""asOf"": 1, ""company"": 2, ""ownerMemo"": 8, ""series"": 1, ""tests"": 12, ""versions"": 1}",same inventoried inputs; recomputation mismatch
EBAY.US,34,fundamentals/EBAY.US.json;companies/EBAY.US.json;raw/eodhd/EBAY.US.json,"{""asOf"": 1, ""company"": 2, ""ownerMemo"": 7, ""series"": 1, ""tests"": 13, ""valuation"": 1, ""valueHistory"": 8, ""versions"": 1}",source-cache arrival observed; per-field attribution unproven
EBO.AU,99,,"{""asOf"": 1, ""company"": 2, ""ownerMemo"": 20, ""series"": 11, ""tests"": 25, ""valuation"": 9, ""valueHistory"": 30, ""versions"": 1}",same inventoried inputs; recomputation mismatch
EBP.WAR,88,fundamentals/EBP.WAR.json;companies/EBP.WAR.json;raw/eodhd/EBP.WAR.json,"{""asOf"": 1, ""company"": 2, ""ownerMemo"": 4, ""series"": 34, ""tests"": 33, ""valuation"": 1, ""valueHistory"": 12, ""versions"": 1}",source-cache arrival observed; per-field attribution unproven
EBS.VI,103,fundamentals/EBS.VI.json;companies/EBS.VI.json;raw/eodhd/EBS.VI.json,"{""asOf"": 1, ""company"": 6, ""ownerMemo"": 4, ""series"": 42, ""tests"": 34, ""valuation"": 3, ""valueHistory"": 12, ""versions"": 1}",source-cache arrival observed; per-field attribution unproven
ECHO.US,22,fundamentals/ECHO.US.json;companies/ECHO.US.json;raw/eodhd/ECHO.US.json,"{""asOf"": 1, ""company"": 2, ""ownerMemo"": 5, ""series"": 1, ""tests"": 12, ""versions"": 1}",source-cache arrival observed; per-field attribution unproven
ECL.US,9,fundamentals/ECL.US.json;companies/ECL.US.json;raw/eodhd/ECL.US.json,"{""asOf"": 1, ""company"": 2, ""ownerMemo"": 5, ""versions"": 1}",source-cache arrival observed; per-field attribution unproven
ED.US,22,fundamentals/ED.US.json;companies/ED.US.json;raw/eodhd/ED.US.json,"{""asOf"": 1, ""company"": 2, ""ownerMemo"": 5, ""series"": 1, ""tests"": 12, ""versions"": 1}",source-cache arrival observed; per-field attribution unproven
EDEN.PA,25,fundamentals/EDEN.PA.json;companies/EDEN.PA.json;raw/eodhd/EDEN.PA.json,"{""asOf"": 1, ""company"": 2, ""ownerMemo"": 5, ""series"": 1, ""tests"": 12, ""valuation"": 3, ""versions"": 1}",source-cache arrival observed; per-field attribution unproven
EDP.LS,186,fundamentals/EDP.LS.json;companies/EDP.LS.json;raw/eodhd/EDP.LS.json,"{""asOf"": 1, ""company"": 2, ""ownerMemo"": 25, ""report"": 7, ""requiredMos"": 1, ""series"": 42, ""tests"": 96, ""valueHistory"": 10, ""versions"": 1, ""volatility"": 1}",source-cache arrival observed; per-field attribution unproven
EDPR.LS,118,fundamentals/EDPR.LS.json;companies/EDPR.LS.json;raw/eodhd/EDPR.LS.json,"{""asOf"": 1, ""company"": 2, ""ownerMemo"": 42, ""series"": 34, ""tests"": 38, ""versions"": 1}",source-cache arrival observed; per-field attribution unproven
EDV.AU,76,,"{""asOf"": 1, ""company"": 2, ""ownerMemo"": 15, ""series"": 29, ""tests"": 28, ""versions"": 1}",same inventoried inputs; recomputation mismatch
EDV.LSE,56,fundamentals/EDV.LSE.json;companies/EDV.LSE.json;raw/eodhd/EDV.LSE.json,"{""asOf"": 1, ""company"": 2, ""ownerMemo"": 5, ""series"": 9, ""tests"": 23, ""valuation"": 9, ""valueHistory"": 6, ""versions"": 1}",source-cache arrival observed; per-field attribution unproven
EFX.US,8,fundamentals/EFX.US.json;companies/EFX.US.json;raw/eodhd/EFX.US.json,"{""asOf"": 1, ""company"": 2, ""ownerMemo"": 4, ""versions"": 1}",source-cache arrival observed; per-field attribution unproven
EG.US,168,fundamentals/EG.US.json;companies/EG.US.json;raw/eodhd/EG.US.json,"{""asOf"": 1, ""company"": 2, ""ownerMemo"": 18, ""series"": 52, ""tests"": 66, ""valuation"": 13, ""valueHistory"": 15, ""versions"": 1}",source-cache arrival observed; per-field attribution unproven
EG7.IR,87,,"{""asOf"": 1, ""company"": 2, ""ownerMemo"": 13, ""series"": 21, ""tests"": 22, ""valuation"": 12, ""valueHistory"": 15, ""versions"": 1}",same inventoried inputs; recomputation mismatch
EGIE3.SA,78,,"{""asOf"": 1, ""company"": 2, ""ownerMemo"": 21, ""series"": 1, ""tests"": 13, ""valuation"": 12, ""valueHistory"": 27, ""versions"": 1}",same inventoried inputs; recomputation mismatch
EGL.LS,75,,"{""asOf"": 1, ""company"": 2, ""ownerMemo"": 41, ""series"": 8, ""tests"": 19, ""valuation"": 3, ""versions"": 1}",same inventoried inputs; recomputation mismatch
EICHERMOT.NSE,169,,"{""asOf"": 1, ""ownerMemo"": 99, ""series"": 32, ""tests"": 36, ""versions"": 1}",same inventoried inputs; recomputation mismatch
EIX.US,59,fundamentals/EIX.US.json;companies/EIX.US.json;raw/eodhd/EIX.US.json,"{""asOf"": 1, ""company"": 2, ""ownerMemo"": 4, ""series"": 1, ""tests"": 46, ""valuation"": 4, ""versions"": 1}",source-cache arrival observed; per-field attribution unproven
EL.PA,37,fundamentals/EL.PA.json;companies/EL.PA.json;raw/eodhd/EL.PA.json,"{""asOf"": 1, ""company"": 2, ""ownerMemo"": 8, ""series"": 1, ""tests"": 13, ""valuation"": 1, ""valueHistory"": 10, ""versions"": 1}",source-cache arrival observed; per-field attribution unproven
EL.US,48,fundamentals/EL.US.json;companies/EL.US.json;raw/eodhd/EL.US.json,"{""asOf"": 1, ""company"": 2, ""ownerMemo"": 6, ""series"": 1, ""tests"": 37, ""versions"": 1}",source-cache arrival observed; per-field attribution unproven
ELD.AU,51,,"{""asOf"": 1, ""company"": 2, ""events"": 10, ""ownerMemo"": 20, ""series"": 1, ""tests"": 12, ""valuation"": 4, ""versions"": 1}",same inventoried inputs; recomputation mismatch
ELE.MC,25,fundamentals/ELE.MC.json;companies/ELE.MC.json;raw/eodhd/ELE.MC.json,"{""asOf"": 1, ""company"": 2, ""ownerMemo"": 5, ""series"": 1, ""tests"": 12, ""valuation"": 3, ""versions"": 1}",source-cache arrival observed; per-field attribution unproven
ELG.XETRA,39,,"{""asOf"": 1, ""company"": 2, ""ownerMemo"": 19, ""series"": 1, ""tests"": 12, ""valuation"": 3, ""versions"": 1}",same inventoried inputs; recomputation mismatch
ELI.BR,22,fundamentals/ELI.BR.json;companies/ELI.BR.json;raw/eodhd/ELI.BR.json,"{""asOf"": 1, ""company"": 2, ""ownerMemo"": 5, ""series"": 1, ""tests"": 12, ""versions"": 1}",source-cache arrival observed; per-field attribution unproven
ELIS.PA,22,,"{""asOf"": 1, ""company"": 2, ""ownerMemo"": 2, ""series"": 1, ""tests"": 12, ""valuation"": 3, ""versions"": 1}",same inventoried inputs; recomputation mismatch
ELISA.HE,9,fundamentals/ELISA.HE.json;companies/ELISA.HE.json;raw/eodhd/ELISA.HE.json,"{""asOf"": 1, ""company"": 2, ""ownerMemo"": 5, ""versions"": 1}",source-cache arrival observed; per-field attribution unproven
ELM.LSE,149,,"{""asOf"": 1, ""company"": 2, ""ownerMemo"": 56, ""report"": 8, ""series"": 21, ""tests"": 54, ""valueHistory"": 6, ""versions"": 1}",same inventoried inputs; recomputation mismatch
ELS.AU,93,,"{""asOf"": 1, ""company"": 2, ""events"": 7, ""ownerMemo"": 39, ""series"": 8, ""tests"": 35, ""versions"": 1}",same inventoried inputs; recomputation mismatch
ELV.AU,135,,"{""asOf"": 1, ""company"": 2, ""events"": 13, ""ownerMemo"": 44, ""series"": 22, ""tests"": 52, ""versions"": 1}",same inventoried inputs; recomputation mismatch
ELV.US,30,fundamentals/ELV.US.json;companies/ELV.US.json;raw/eodhd/ELV.US.json,"{""asOf"": 1, ""company"": 2, ""ownerMemo"": 4, ""series"": 22, ""versions"": 1}",source-cache arrival observed; per-field attribution unproven
EMA.TO,23,fundamentals/EMA.TO.json;companies/EMA.TO.json;raw/eodhd/EMA.TO.json,"{""asOf"": 1, ""company"": 4, ""ownerMemo"": 4, ""series"": 1, ""tests"": 12, ""versions"": 1}",source-cache arrival observed; per-field attribution unproven
EMBJ.US,55,fundamentals/EMBJ.US.json;companies/EMBJ.US.json;raw/eodhd/EMBJ.US.json,"{""asOf"": 1, ""company"": 2, ""ownerMemo"": 8, ""series"": 11, ""tests"": 25, ""valuation"": 1, ""valueHistory"": 6, ""versions"": 1}",source-cache arrival observed; per-field attribution unproven
EME.US,9,fundamentals/EME.US.json;companies/EME.US.json;raw/eodhd/EME.US.json,"{""asOf"": 1, ""company"": 2, ""ownerMemo"": 5, ""versions"": 1}",source-cache arrival observed; per-field attribution unproven
EMEIS.PA,276,,"{""asOf"": 1, ""company"": 2, ""events"": 3, ""historyCoverage"": 2, ""ownerMemo"": 66, ""priceHistory"": 1, ""series"": 95, ""status"": 1, ""tests"": 98, ""valueHistory"": 5, ""versions"": 1, ""w"": 1}",same inventoried inputs; recomputation mismatch
EMG.LSE,97,,"{""asOf"": 1, ""company"": 2, ""ownerMemo"": 20, ""report"": 1, ""series"": 11, ""tests"": 25, ""valuation"": 9, ""valueHistory"": 27, ""versions"": 1}",same inventoried inputs; recomputation mismatch
EMR.AU,36,,"{""asOf"": 1, ""company"": 2, ""ownerMemo"": 15, ""series"": 1, ""tests"": 12, ""valuation"": 4, ""versions"": 1}",same inventoried inputs; recomputation mismatch
EMR.US,8,fundamentals/EMR.US.json;companies/EMR.US.json;raw/eodhd/EMR.US.json,"{""asOf"": 1, ""company"": 2, ""ownerMemo"": 4, ""versions"": 1}",source-cache arrival observed; per-field attribution unproven
EMSN.SW,28,fundamentals/EMSN.SW.json;companies/EMSN.SW.json;raw/eodhd/EMSN.SW.json,"{""asOf"": 1, ""company"": 2, ""ownerMemo"": 22, ""valuation"": 2, ""versions"": 1}",source-cache arrival observed; per-field attribution unproven
EN.PA,105,fundamentals/EN.PA.json;companies/EN.PA.json;raw/eodhd/EN.PA.json,"{""asOf"": 1, ""company"": 2, ""ownerMemo"": 22, ""report"": 7, ""series"": 1, ""tests"": 68, ""valuation"": 3, ""versions"": 1}",source-cache arrival observed; per-field attribution unproven
ENB.TO,28,fundamentals/ENB.TO.json;companies/ENB.TO.json;raw/eodhd/ENB.TO.json,"{""asOf"": 1, ""company"": 4, ""ownerMemo"": 5, ""series"": 1, ""tests"": 12, ""valuation"": 4, ""versions"": 1}",source-cache arrival observed; per-field attribution unproven
ENEL.MI,134,,"{""asOf"": 1, ""ownerMemo"": 83, ""series"": 16, ""tests"": 33, ""versions"": 1}",same inventoried inputs; recomputation mismatch
ENEV3.SA,40,,"{""asOf"": 1, ""company"": 2, ""ownerMemo"": 17, ""series"": 1, ""tests"": 12, ""valueHistory"": 6, ""versions"": 1}",same inventoried inputs; recomputation mismatch
ENG.MC,32,,"{""asOf"": 1, ""company"": 2, ""ownerMemo"": 5, ""series"": 1, ""tests"": 12, ""valuation"": 1, ""valueHistory"": 9, ""versions"": 1}",same inventoried inputs; recomputation mismatch
ENGI.PA,22,fundamentals/ENGI.PA.json;companies/ENGI.PA.json;raw/eodhd/ENGI.PA.json,"{""asOf"": 1, ""company"": 2, ""ownerMemo"": 5, ""series"": 1, ""tests"": 12, ""versions"": 1}",source-cache arrival observed; per-field attribution unproven
ENGI3.SA,47,,"{""asOf"": 1, ""company"": 2, ""ownerMemo"": 15, ""series"": 1, ""tests"": 12, ""valueHistory"": 15, ""versions"": 1}",same inventoried inputs; recomputation mismatch
ENI.MI,6,,"{""asOf"": 1, ""company"": 2, ""ownerMemo"": 2, ""versions"": 1}",same inventoried inputs; recomputation mismatch
ENOG.LSE,118,,"{""asOf"": 1, ""company"": 2, ""ownerMemo"": 16, ""report"": 9, ""series"": 9, ""tests"": 77, ""valueHistory"": 3, ""versions"": 1}",same inventoried inputs; recomputation mismatch
ENR.XETRA,38,fundamentals/ENR.XETRA.json;companies/ENR.XETRA.json;raw/eodhd/ENR.XETRA.json,"{""asOf"": 1, ""company"": 6, ""ownerMemo"": 18, ""series"": 1, ""tests"": 11, ""versions"": 1}",source-cache arrival observed; per-field attribution unproven
ENT.LSE,97,,"{""asOf"": 1, ""company"": 2, ""ownerMemo"": 17, ""report"": 8, ""series"": 1, ""tests"": 67, ""versions"": 1}",same inventoried inputs; recomputation mismatch
ENX.PA,24,fundamentals/ENX.PA.json;companies/ENX.PA.json;raw/eodhd/ENX.PA.json,"{""asOf"": 1, ""company"": 2, ""ownerMemo"": 4, ""series"": 1, ""tests"": 12, ""valuation"": 3, ""versions"": 1}",source-cache arrival observed; per-field attribution unproven
EOAN.XETRA,44,fundamentals/EOAN.XETRA.json;companies/EOAN.XETRA.json;raw/eodhd/EOAN.XETRA.json,"{""asOf"": 1, ""company"": 10, ""ownerMemo"": 19, ""series"": 1, ""tests"": 12, ""versions"": 1}",source-cache arrival observed; per-field attribution unproven
EOG.US,26,fundamentals/EOG.US.json;companies/EOG.US.json;raw/eodhd/EOG.US.json,"{""asOf"": 1, ""company"": 2, ""ownerMemo"": 5, ""series"": 1, ""tests"": 12, ""valuation"": 4, ""versions"": 1}",source-cache arrival observed; per-field attribution unproven
EOS.AU,29,,"{""asOf"": 1, ""company"": 2, ""ownerMemo"": 12, ""series"": 1, ""tests"": 12, ""versions"": 1}",same inventoried inputs; recomputation mismatch
EPI-A.ST,87,fundamentals/EPI-A.ST.json;companies/EPI-A.ST.json;raw/eodhd/EPI-A.ST.json,"{""asOf"": 1, ""company"": 2, ""ownerMemo"": 24, ""report"": 7, ""tests"": 52, ""versions"": 1}",source-cache arrival observed; per-field attribution unproven
EQIX.US,21,fundamentals/EQIX.US.json;companies/EQIX.US.json;raw/eodhd/EQIX.US.json,"{""asOf"": 1, ""company"": 2, ""ownerMemo"": 4, ""series"": 1, ""tests"": 12, ""versions"": 1}",source-cache arrival observed; per-field attribution unproven
EQNR.OL,395,fundamentals/EQNR.OL.json;companies/EQNR.OL.json;raw/eodhd/EQNR.OL.json,"{""asOf"": 1, ""company"": 4, ""historyCoverage"": 2, ""ownerMemo"": 4, ""series"": 281, ""tests"": 78, ""valueHistory"": 24, ""versions"": 1}",source-cache arrival observed; per-field attribution unproven
EQT.ST,150,fundamentals/EQT.ST.json;companies/EQT.ST.json;raw/eodhd/EQT.ST.json,"{""asOf"": 1, ""company"": 2, ""ownerMemo"": 53, ""series"": 23, ""tests"": 52, ""valuation"": 9, ""valueHistory"": 9, ""versions"": 1}",source-cache arrival observed; per-field attribution unproven
EQT.US,22,fundamentals/EQT.US.json;companies/EQT.US.json;raw/eodhd/EQT.US.json,"{""asOf"": 1, ""company"": 2, ""ownerMemo"": 5, ""series"": 1, ""tests"": 12, ""versions"": 1}",source-cache arrival observed; per-field attribution unproven
EQTL3.SA,59,,"{""asOf"": 1, ""company"": 2, ""ownerMemo"": 18, ""series"": 1, ""tests"": 12, ""valueHistory"": 24, ""versions"": 1}",same inventoried inputs; recomputation mismatch
ERA.PA,19,,"{""asOf"": 1, ""company"": 2, ""ownerMemo"": 2, ""series"": 1, ""tests"": 12, ""versions"": 1}",same inventoried inputs; recomputation mismatch
ERF.PA,24,fundamentals/ERF.PA.json;companies/ERF.PA.json;raw/eodhd/ERF.PA.json,"{""asOf"": 1, ""company"": 2, ""ownerMemo"": 4, ""series"": 1, ""tests"": 12, ""valuation"": 3, ""versions"": 1}",source-cache arrival observed; per-field attribution unproven
ERIC-B.ST,93,fundamentals/ERIC-B.ST.json;companies/ERIC-B.ST.json;raw/eodhd/ERIC-B.ST.json,"{""asOf"": 1, ""company"": 2, ""ownerMemo"": 20, ""report"": 6, ""series"": 1, ""tests"": 59, ""valuation"": 3, ""versions"": 1}",source-cache arrival observed; per-field attribution unproven
ERIE.US,26,fundamentals/ERIE.US.json;companies/ERIE.US.json;raw/eodhd/ERIE.US.json,"{""asOf"": 1, ""company"": 2, ""ownerMemo"": 5, ""series"": 1, ""tests"": 12, ""valuation"": 4, ""versions"": 1}",source-cache arrival observed; per-field attribution unproven
ES.US,92,fundamentals/ES.US.json;companies/ES.US.json;raw/eodhd/ES.US.json,"{""asOf"": 1, ""company"": 2, ""ownerMemo"": 5, ""series"": 65, ""tests"": 12, ""valueHistory"": 6, ""versions"": 1}",source-cache arrival observed; per-field attribution unproven
ESS.US,8,fundamentals/ESS.US.json;companies/ESS.US.json;raw/eodhd/ESS.US.json,"{""asOf"": 1, ""company"": 2, ""ownerMemo"": 4, ""versions"": 1}",source-cache arrival observed; per-field attribution unproven
ESSITY-B.ST,86,fundamentals/ESSITY-B.ST.json;companies/ESSITY-B.ST.json;raw/eodhd/ESSITY-B.ST.json,"{""asOf"": 1, ""company"": 2, ""ownerMemo"": 25, ""report"": 7, ""tests"": 50, ""versions"": 1}",source-cache arrival observed; per-field attribution unproven
ETERNAL.NSE,21,,"{""asOf"": 1, ""ownerMemo"": 13, ""series"": 6, ""versions"": 1}",same inventoried inputs; recomputation mismatch
ETL.PA,98,,"{""asOf"": 1, ""company"": 2, ""ownerMemo"": 19, ""report"": 7, ""series"": 1, ""tests"": 67, ""versions"": 1}",same inventoried inputs; recomputation mismatch
ETN.US,9,fundamentals/ETN.US.json;companies/ETN.US.json;raw/eodhd/ETN.US.json,"{""asOf"": 1, ""company"": 2, ""ownerMemo"": 5, ""versions"": 1}",source-cache arrival observed; per-field attribution unproven
ETR.US,22,fundamentals/ETR.US.json;companies/ETR.US.json;raw/eodhd/ETR.US.json,"{""asOf"": 1, ""company"": 2, ""ownerMemo"": 5, ""series"": 1, ""tests"": 12, ""versions"": 1}",source-cache arrival observed; per-field attribution unproven
EVD.XETRA,51,fundamentals/EVD.XETRA.json;companies/EVD.XETRA.json;raw/eodhd/EVD.XETRA.json,"{""asOf"": 1, ""company"": 2, ""ownerMemo"": 22, ""series"": 13, ""tests"": 12, ""versions"": 1}",source-cache arrival observed; per-field attribution unproven
EVK.XETRA,42,fundamentals/EVK.XETRA.json;companies/EVK.XETRA.json;raw/eodhd/EVK.XETRA.json,"{""asOf"": 1, ""company"": 2, ""ownerMemo"": 22, ""series"": 1, ""tests"": 12, ""valuation"": 3, ""versions"": 1}",source-cache arrival observed; per-field attribution unproven
EVN.AU,304,fundamentals/EVN.AU.json;companies/EVN.AU.json;raw/eodhd/EVN.AU.json,"{""asOf"": 1, ""company"": 2, ""events"": 2, ""historyCoverage"": 2, ""ownerMemo"": 21, ""series"": 216, ""tests"": 55, ""valuation"": 4, ""versions"": 1}",source-cache arrival observed; per-field attribution unproven
EVN.VI,112,fundamentals/EVN.VI.json;companies/EVN.VI.json;raw/eodhd/EVN.VI.json,"{""asOf"": 1, ""company"": 2, ""ownerMemo"": 16, ""series"": 32, ""tests"": 35, ""valuation"": 13, ""valueHistory"": 12, ""versions"": 1}",source-cache arrival observed; per-field attribution unproven
EVO.ST,71,fundamentals/EVO.ST.json;companies/EVO.ST.json;raw/eodhd/EVO.ST.json,"{""asOf"": 1, ""company"": 2, ""ownerMemo"": 7, ""series"": 10, ""tests"": 15, ""valuation"": 5, ""valueHistory"": 30, ""versions"": 1}",source-cache arrival observed; per-field attribution unproven
EVRG.US,21,fundamentals/EVRG.US.json;companies/EVRG.US.json;raw/eodhd/EVRG.US.json,"{""asOf"": 1, ""company"": 2, ""ownerMemo"": 4, ""series"": 1, ""tests"": 12, ""versions"": 1}",source-cache arrival observed; per-field attribution unproven
EW.US,8,fundamentals/EW.US.json;companies/EW.US.json;raw/eodhd/EW.US.json,"{""asOf"": 1, ""company"": 2, ""ownerMemo"": 4, ""versions"": 1}",source-cache arrival observed; per-field attribution unproven
EWG.LSE,127,,"{""asOf"": 1, ""company"": 2, ""ownerMemo"": 20, ""report"": 9, ""series"": 6, ""tests"": 70, ""valuation"": 9, ""valueHistory"": 9, ""versions"": 1}",same inventoried inputs; recomputation mismatch
EXA.PA,34,,"{""asOf"": 1, ""company"": 2, ""ownerMemo"": 14, ""series"": 1, ""tests"": 12, ""valuation"": 3, ""versions"": 1}",same inventoried inputs; recomputation mismatch
EXC.US,22,fundamentals/EXC.US.json;companies/EXC.US.json;raw/eodhd/EXC.US.json,"{""asOf"": 1, ""company"": 2, ""ownerMemo"": 5, ""series"": 1, ""tests"": 12, ""versions"": 1}",source-cache arrival observed; per-field attribution unproven
EXE.US,82,fundamentals/EXE.US.json;companies/EXE.US.json;raw/eodhd/EXE.US.json,"{""asOf"": 1, ""company"": 2, ""events"": 6, ""ownerMemo"": 25, ""series"": 4, ""tests"": 39, ""valuation"": 4, ""versions"": 1}",source-cache arrival observed; per-field attribution unproven
EXENS.PA,66,,"{""asOf"": 1, ""company"": 2, ""ownerMemo"": 42, ""series"": 20, ""versions"": 1}",same inventoried inputs; recomputation mismatch
EXO.AS,92,fundamentals/EXO.AS.json;companies/EXO.AS.json;raw/eodhd/EXO.AS.json,"{""asOf"": 1, ""company"": 2, ""events"": 10, ""ownerMemo"": 7, ""series"": 16, ""tests"": 35, ""valuation"": 5, ""valueHistory"": 15, ""versions"": 1}",source-cache arrival observed; per-field attribution unproven
EXPD.US,41,fundamentals/EXPD.US.json;companies/EXPD.US.json;raw/eodhd/EXPD.US.json,"{""asOf"": 1, ""company"": 2, ""ownerMemo"": 5, ""tests"": 32, ""versions"": 1}",source-cache arrival observed; per-field attribution unproven
EXPE.US,63,fundamentals/EXPE.US.json;companies/EXPE.US.json;raw/eodhd/EXPE.US.json,"{""asOf"": 1, ""company"": 2, ""ownerMemo"": 4, ""series"": 1, ""tests"": 46, ""valuation"": 8, ""versions"": 1}",source-cache arrival observed; per-field attribution unproven
EXPN.LSE,150,fundamentals/EXPN.LSE.json;companies/EXPN.LSE.json;raw/eodhd/EXPN.LSE.json,"{""asOf"": 1, ""company"": 2, ""ownerMemo"": 28, ""report"": 6, ""series"": 10, ""tests"": 67, ""valuation"": 5, ""valueHistory"": 30, ""versions"": 1}",source-cache arrival observed; per-field attribution unproven
EXR.US,25,fundamentals/EXR.US.json;companies/EXR.US.json;raw/eodhd/EXR.US.json,"{""asOf"": 1, ""company"": 2, ""ownerMemo"": 4, ""series"": 1, ""tests"": 12, ""valuation"": 4, ""versions"": 1}",source-cache arrival observed; per-field attribution unproven
EZJ.LSE,112,fundamentals/EZJ.LSE.json;companies/EZJ.LSE.json;raw/eodhd/EZJ.LSE.json,"{""asOf"": 1, ""company"": 2, ""ownerMemo"": 24, ""report"": 10, ""series"": 1, ""tests"": 69, ""valuation"": 4, ""versions"": 1}",source-cache arrival observed; per-field attribution unproven
F.US,22,fundamentals/F.US.json;companies/F.US.json;raw/eodhd/F.US.json,"{""asOf"": 1, ""company"": 2, ""ownerMemo"": 5, ""series"": 1, ""tests"": 12, ""versions"": 1}",source-cache arrival observed; per-field attribution unproven
FAN.LSE,95,,"{""asOf"": 1, ""company"": 2, ""ownerMemo"": 24, ""report"": 10, ""tests"": 57, ""versions"": 1}",same inventoried inputs; recomputation mismatch
FANG.US,25,fundamentals/FANG.US.json;companies/FANG.US.json;raw/eodhd/FANG.US.json,"{""asOf"": 1, ""company"": 2, ""ownerMemo"": 4, ""series"": 1, ""tests"": 12, ""valuation"": 4, ""versions"": 1}",source-cache arrival observed; per-field attribution unproven
FAST.US,9,fundamentals/FAST.US.json;companies/FAST.US.json;raw/eodhd/FAST.US.json,"{""asOf"": 1, ""company"": 2, ""ownerMemo"": 5, ""versions"": 1}",source-cache arrival observed; per-field attribution unproven
FBK.MI,39,,"{""asOf"": 1, ""ownerMemo"": 21, ""tests"": 16, ""versions"": 1}",same inventoried inputs; recomputation mismatch
FBU.AU,58,,"{""asOf"": 1, ""company"": 2, ""ownerMemo"": 13, ""series"": 11, ""tests"": 24, ""valueHistory"": 6, ""versions"": 1}",same inventoried inputs; recomputation mismatch
FCH.LSE,76,,"{""asOf"": 1, ""company"": 2, ""ownerMemo"": 9, ""report"": 8, ""tests"": 55, ""versions"": 1}",same inventoried inputs; recomputation mismatch
FCT.MI,106,,"{""asOf"": 1, ""ownerMemo"": 63, ""report"": 6, ""series"": 12, ""tests"": 23, ""versions"": 1}",same inventoried inputs; recomputation mismatch
FCX.US,9,fundamentals/FCX.US.json;companies/FCX.US.json;raw/eodhd/FCX.US.json,"{""asOf"": 1, ""company"": 2, ""ownerMemo"": 4, ""series"": 1, ""versions"": 1}",source-cache arrival observed; per-field attribution unproven
FDJU.PA,6,,"{""asOf"": 1, ""company"": 2, ""ownerMemo"": 2, ""versions"": 1}",same inventoried inputs; recomputation mismatch
FDR.MC,99,,"{""asOf"": 1, ""company"": 2, ""ownerMemo"": 21, ""report"": 6, ""series"": 1, ""tests"": 64, ""valuation"": 3, ""versions"": 1}",same inventoried inputs; recomputation mismatch
FDS.US,1223,fundamentals/FDS.US.json;companies/FDS.US.json;raw/eodhd/FDS.US.json,"{""asOf"": 1, ""company"": 2, ""historyCoverage"": 2, ""ownerMemo"": 56, ""series"": 634, ""tests"": 453, ""valuation"": 34, ""valueHistory"": 40, ""versions"": 1}",source-cache arrival observed; per-field attribution unproven
FDX.US,166,fundamentals/FDX.US.json;companies/FDX.US.json;raw/eodhd/FDX.US.json,"{""asOf"": 1, ""company"": 2, ""ownerMemo"": 23, ""series"": 74, ""tests"": 40, ""valuation"": 13, ""valueHistory"": 12, ""versions"": 1}",source-cache arrival observed; per-field attribution unproven
FDXF.US,43,fundamentals/FDXF.US.json;companies/FDXF.US.json;raw/eodhd/FDXF.US.json,"{""asOf"": 1, ""company"": 2, ""ownerMemo"": 38, ""series"": 1, ""versions"": 1}",source-cache arrival observed; per-field attribution unproven
FE.US,21,fundamentals/FE.US.json;companies/FE.US.json;raw/eodhd/FE.US.json,"{""asOf"": 1, ""company"": 2, ""ownerMemo"": 4, ""series"": 1, ""tests"": 12, ""versions"": 1}",source-cache arrival observed; per-field attribution unproven
FEMSAUBD.MX,107,,"{""asOf"": 1, ""company"": 2, ""events"": 7, ""ownerMemo"": 45, ""series"": 11, ""tests"": 40, ""versions"": 1}",same inventoried inputs; recomputation mismatch
FER.AS,146,fundamentals/FER.AS.json;companies/FER.AS.json;raw/eodhd/FER.AS.json,"{""asOf"": 1, ""company"": 2, ""ownerMemo"": 73, ""series"": 15, ""tests"": 50, ""valuation"": 4, ""versions"": 1}",source-cache arrival observed; per-field attribution unproven
FERG.US,9,fundamentals/FERG.US.json;companies/FERG.US.json;raw/eodhd/FERG.US.json,"{""asOf"": 1, ""company"": 2, ""ownerMemo"": 5, ""versions"": 1}",source-cache arrival observed; per-field attribution unproven
FFH.TO,53,fundamentals/FFH.TO.json;companies/FFH.TO.json;raw/eodhd/FFH.TO.json,"{""asOf"": 1, ""company"": 2, ""ownerMemo"": 11, ""tests"": 1, ""valuation"": 7, ""valueHistory"": 30, ""versions"": 1}",source-cache arrival observed; per-field attribution unproven
FFIV.US,30,fundamentals/FFIV.US.json;companies/FFIV.US.json;raw/eodhd/FFIV.US.json,"{""asOf"": 1, ""company"": 2, ""ownerMemo"": 5, ""series"": 5, ""tests"": 12, ""valuation"": 4, ""versions"": 1}",source-cache arrival observed; per-field attribution unproven
FFM.AU,68,,"{""asOf"": 1, ""company"": 4, ""ownerMemo"": 21, ""series"": 11, ""tests"": 30, ""versions"": 1}",same inventoried inputs; recomputation mismatch
FGP.LSE,90,,"{""asOf"": 1, ""company"": 2, ""ownerMemo"": 17, ""report"": 5, ""series"": 1, ""tests"": 59, ""valuation"": 4, ""versions"": 1}",same inventoried inputs; recomputation mismatch
FGR.PA,79,fundamentals/FGR.PA.json;companies/FGR.PA.json;raw/eodhd/FGR.PA.json,"{""asOf"": 1, ""company"": 2, ""ownerMemo"": 25, ""report"": 4, ""tests"": 46, ""versions"": 1}",source-cache arrival observed; per-field attribution unproven
FHZN.SW,45,fundamentals/FHZN.SW.json;companies/FHZN.SW.json;raw/eodhd/FHZN.SW.json,"{""asOf"": 1, ""company"": 2, ""ownerMemo"": 23, ""series"": 1, ""tests"": 12, ""valuation"": 5, ""versions"": 1}",source-cache arrival observed; per-field attribution unproven
FICO.US,50,fundamentals/FICO.US.json;companies/FICO.US.json;raw/eodhd/FICO.US.json,"{""asOf"": 1, ""company"": 2, ""ownerMemo"": 5, ""series"": 25, ""tests"": 12, ""valuation"": 4, ""versions"": 1}",source-cache arrival observed; per-field attribution unproven
FII.PA,105,,"{""asOf"": 1, ""company"": 2, ""ownerMemo"": 22, ""report"": 9, ""series"": 1, ""tests"": 66, ""valuation"": 3, ""versions"": 1}",same inventoried inputs; recomputation mismatch
FIS.US,26,fundamentals/FIS.US.json;companies/FIS.US.json;raw/eodhd/FIS.US.json,"{""asOf"": 1, ""company"": 2, ""ownerMemo"": 5, ""series"": 1, ""tests"": 12, ""valuation"": 4, ""versions"": 1}",source-cache arrival observed; per-field attribution unproven
FISV.US,22,fundamentals/FISV.US.json;companies/FISV.US.json;raw/eodhd/FISV.US.json,"{""asOf"": 1, ""company"": 2, ""ownerMemo"": 5, ""series"": 1, ""tests"": 12, ""versions"": 1}",source-cache arrival observed; per-field attribution unproven
FITB.US,240,fundamentals/FITB.US.json;companies/FITB.US.json;raw/eodhd/FITB.US.json,"{""asOf"": 1, ""company"": 5, ""events"": 1, ""ownerMemo"": 18, ""requiredMos"": 1, ""series"": 83, ""tests"": 88, ""valuation"": 11, ""valueHistory"": 30, ""versions"": 1, ""volatility"": 1}",source-cache arrival observed; per-field attribution unproven
FIX.US,9,fundamentals/FIX.US.json;companies/FIX.US.json;raw/eodhd/FIX.US.json,"{""asOf"": 1, ""company"": 2, ""ownerMemo"": 5, ""versions"": 1}",source-cache arrival observed; per-field attribution unproven
FLEX.US,26,fundamentals/FLEX.US.json;companies/FLEX.US.json;raw/eodhd/FLEX.US.json,"{""asOf"": 1, ""company"": 2, ""ownerMemo"": 5, ""series"": 1, ""tests"": 12, ""valuation"": 4, ""versions"": 1}",source-cache arrival observed; per-field attribution unproven
FLRY3.SA,81,,"{""asOf"": 1, ""company"": 2, ""ownerMemo"": 21, ""series"": 1, ""tests"": 13, ""valuation"": 12, ""valueHistory"": 30, ""versions"": 1}",same inventoried inputs; recomputation mismatch
FLS.CO,22,,"{""asOf"": 1, ""company"": 2, ""ownerMemo"": 2, ""series"": 1, ""tests"": 12, ""valuation"": 3, ""versions"": 1}",same inventoried inputs; recomputation mismatch
FLT.AU,38,,"{""asOf"": 1, ""company"": 2, ""ownerMemo"": 17, ""series"": 1, ""tests"": 12, ""valuation"": 4, ""versions"": 1}",same inventoried inputs; recomputation mismatch
FM.TO,59,fundamentals/FM.TO.json;companies/FM.TO.json;raw/eodhd/FM.TO.json,"{""asOf"": 1, ""company"": 2, ""ownerMemo"": 15, ""series"": 11, ""tests"": 23, ""valueHistory"": 6, ""versions"": 1}",source-cache arrival observed; per-field attribution unproven
FME.XETRA,42,fundamentals/FME.XETRA.json;companies/FME.XETRA.json;raw/eodhd/FME.XETRA.json,"{""asOf"": 1, ""company"": 2, ""ownerMemo"": 22, ""series"": 1, ""tests"": 12, ""valuation"": 3, ""versions"": 1}",source-cache arrival observed; per-field attribution unproven
FMG.AU,90,fundamentals/FMG.AU.json;companies/FMG.AU.json;raw/eodhd/FMG.AU.json,"{""asOf"": 1, ""company"": 2, ""ownerMemo"": 25, ""series"": 10, ""tests"": 14, ""valuation"": 7, ""valueHistory"": 30, ""versions"": 1}",source-cache arrival observed; per-field attribution unproven
FMS.US,110,fundamentals/FMS.US.json;companies/FMS.US.json;raw/eodhd/FMS.US.json,"{""asOf"": 1, ""company"": 2, ""ownerMemo"": 7, ""series"": 36, ""tests"": 24, ""valuation"": 9, ""valueHistory"": 30, ""versions"": 1}",source-cache arrival observed; per-field attribution unproven
FNTN.XETRA,40,,"{""asOf"": 1, ""company"": 2, ""ownerMemo"": 20, ""series"": 1, ""tests"": 12, ""valuation"": 3, ""versions"": 1}",same inventoried inputs; recomputation mismatch
FNV.TO,74,fundamentals/FNV.TO.json;companies/FNV.TO.json;raw/eodhd/FNV.TO.json,"{""asOf"": 1, ""company"": 4, ""ownerMemo"": 5, ""series"": 11, ""tests"": 25, ""valuation"": 9, ""valueHistory"": 18, ""versions"": 1}",source-cache arrival observed; per-field attribution unproven
FORTUM.HE,25,fundamentals/FORTUM.HE.json;companies/FORTUM.HE.json;raw/eodhd/FORTUM.HE.json,"{""asOf"": 1, ""company"": 2, ""ownerMemo"": 5, ""series"": 1, ""tests"": 12, ""valuation"": 3, ""versions"": 1}",source-cache arrival observed; per-field attribution unproven
FOUR.LSE,147,,"{""asOf"": 1, ""company"": 2, ""ownerMemo"": 20, ""report"": 10, ""series"": 10, ""tests"": 71, ""valuation"": 5, ""valueHistory"": 27, ""versions"": 1}",same inventoried inputs; recomputation mismatch
FOX.US,25,fundamentals/FOX.US.json;companies/FOX.US.json;raw/eodhd/FOX.US.json,"{""asOf"": 1, ""company"": 2, ""ownerMemo"": 4, ""series"": 1, ""tests"": 12, ""valuation"": 4, ""versions"": 1}",source-cache arrival observed; per-field attribution unproven
FPE3.XETRA,27,fundamentals/FPE3.XETRA.json;companies/FPE3.XETRA.json;raw/eodhd/FPE3.XETRA.json,"{""asOf"": 1, ""company"": 2, ""ownerMemo"": 22, ""report"": 1, ""versions"": 1}",source-cache arrival observed; per-field attribution unproven
FPH.AU,98,fundamentals/FPH.AU.json;companies/FPH.AU.json;raw/eodhd/FPH.AU.json,"{""asOf"": 1, ""company"": 2, ""ownerMemo"": 23, ""series"": 11, ""tests"": 24, ""valuation"": 9, ""valueHistory"": 27, ""versions"": 1}",source-cache arrival observed; per-field attribution unproven
FR.PA,22,,"{""asOf"": 1, ""company"": 2, ""ownerMemo"": 2, ""series"": 1, ""tests"": 12, ""valuation"": 3, ""versions"": 1}",same inventoried inputs; recomputation mismatch
FRA.XETRA,37,fundamentals/FRA.XETRA.json;companies/FRA.XETRA.json;raw/eodhd/FRA.XETRA.json,"{""asOf"": 1, ""company"": 2, ""ownerMemo"": 20, ""series"": 1, ""tests"": 12, ""versions"": 1}",source-cache arrival observed; per-field attribution unproven
FRAS.LSE,83,,"{""asOf"": 1, ""company"": 2, ""ownerMemo"": 15, ""report"": 5, ""series"": 1, ""tests"": 58, ""versions"": 1}",same inventoried inputs; recomputation mismatch
FRE.XETRA,52,fundamentals/FRE.XETRA.json;companies/FRE.XETRA.json;raw/eodhd/FRE.XETRA.json,"{""asOf"": 1, ""company"": 2, ""ownerMemo"": 18, ""series"": 15, ""tests"": 12, ""valuation"": 3, ""versions"": 1}",source-cache arrival observed; per-field attribution unproven
FRES.LSE,78,fundamentals/FRES.LSE.json;companies/FRES.LSE.json;raw/eodhd/FRES.LSE.json,"{""asOf"": 1, ""company"": 2, ""ownerMemo"": 6, ""series"": 11, ""tests"": 24, ""valuation"": 9, ""valueHistory"": 24, ""versions"": 1}",source-cache arrival observed; per-field attribution unproven
FRLOF.US,129,,"{""asOf"": 1, ""ownerMemo"": 56, ""report"": 1, ""series"": 17, ""tests"": 35, ""valuation"": 15, ""valueHistory"": 3, ""versions"": 1}",same inventoried inputs; recomputation mismatch
FRO.US,25,fundamentals/FRO.US.json;companies/FRO.US.json;raw/eodhd/FRO.US.json,"{""asOf"": 1, ""company"": 2, ""ownerMemo"": 4, ""series"": 1, ""tests"": 12, ""valuation"": 4, ""versions"": 1}",source-cache arrival observed; per-field attribution unproven
FRT.US,26,fundamentals/FRT.US.json;companies/FRT.US.json;raw/eodhd/FRT.US.json,"{""asOf"": 1, ""company"": 2, ""ownerMemo"": 5, ""series"": 1, ""tests"": 12, ""valuation"": 4, ""versions"": 1}",source-cache arrival observed; per-field attribution unproven
FRVIA.PA,19,,"{""asOf"": 1, ""company"": 2, ""ownerMemo"": 2, ""series"": 1, ""tests"": 12, ""versions"": 1}",same inventoried inputs; recomputation mismatch
FRW.AU,73,,"{""asOf"": 1, ""company"": 2, ""ownerMemo"": 46, ""series"": 3, ""tests"": 4, ""valuation"": 7, ""valueHistory"": 9, ""versions"": 1}",same inventoried inputs; recomputation mismatch
FRZCF.US,147,,"{""asOf"": 1, ""ownerMemo"": 62, ""report"": 1, ""series"": 31, ""tests"": 47, ""valuation"": 1, ""valueHistory"": 3, ""versions"": 1}",same inventoried inputs; recomputation mismatch
FSG.LSE,248,,"{""asOf"": 1, ""company"": 2, ""events"": 9, ""ownerMemo"": 36, ""report"": 8, ""series"": 39, ""tests"": 118, ""valuation"": 19, ""valueHistory"": 15, ""versions"": 1}",same inventoried inputs; recomputation mismatch
FSLR.US,24,fundamentals/FSLR.US.json;companies/FSLR.US.json;raw/eodhd/FSLR.US.json,"{""asOf"": 1, ""company"": 2, ""ownerMemo"": 3, ""series"": 1, ""tests"": 12, ""valuation"": 4, ""versions"": 1}",source-cache arrival observed; per-field attribution unproven
FSV.TO,75,fundamentals/FSV.TO.json;companies/FSV.TO.json;raw/eodhd/FSV.TO.json,"{""asOf"": 1, ""company"": 4, ""ownerMemo"": 7, ""series"": 10, ""tests"": 15, ""valuation"": 7, ""valueHistory"": 30, ""versions"": 1}",source-cache arrival observed; per-field attribution unproven
FTK.XETRA,28,,"{""asOf"": 1, ""company"": 8, ""ownerMemo"": 7, ""valueHistory"": 11, ""versions"": 1}",same inventoried inputs; recomputation mismatch
FTNT.US,26,fundamentals/FTNT.US.json;companies/FTNT.US.json;raw/eodhd/FTNT.US.json,"{""asOf"": 1, ""company"": 2, ""ownerMemo"": 5, ""series"": 1, ""tests"": 12, ""valuation"": 4, ""versions"": 1}",source-cache arrival observed; per-field attribution unproven
FTS.TO,24,fundamentals/FTS.TO.json;companies/FTS.TO.json;raw/eodhd/FTS.TO.json,"{""asOf"": 1, ""company"": 4, ""ownerMemo"": 5, ""series"": 1, ""tests"": 12, ""versions"": 1}",source-cache arrival observed; per-field attribution unproven
FTV.US,26,fundamentals/FTV.US.json;companies/FTV.US.json;raw/eodhd/FTV.US.json,"{""asOf"": 1, ""company"": 2, ""ownerMemo"": 5, ""series"": 1, ""tests"": 12, ""valuation"": 4, ""versions"": 1}",source-cache arrival observed; per-field attribution unproven
G.MI,35,,"{""asOf"": 1, ""ownerMemo"": 28, ""report"": 5, ""versions"": 1}",same inventoried inputs; recomputation mismatch
G1A.XETRA,43,fundamentals/G1A.XETRA.json;companies/G1A.XETRA.json;raw/eodhd/G1A.XETRA.json,"{""asOf"": 1, ""company"": 2, ""ownerMemo"": 23, ""series"": 1, ""tests"": 12, ""valuation"": 3, ""versions"": 1}",source-cache arrival observed; per-field attribution unproven
G24.XETRA,27,fundamentals/G24.XETRA.json;companies/G24.XETRA.json;raw/eodhd/G24.XETRA.json,"{""asOf"": 1, ""company"": 2, ""ownerMemo"": 23, ""versions"": 1}",source-cache arrival observed; per-field attribution unproven
GALD.SW,54,fundamentals/GALD.SW.json;companies/GALD.SW.json;raw/eodhd/GALD.SW.json,"{""asOf"": 1, ""company"": 2, ""ownerMemo"": 43, ""series"": 7, ""versions"": 1}",source-cache arrival observed; per-field attribution unproven
GALE.SW,26,,"{""asOf"": 1, ""company"": 2, ""ownerMemo"": 20, ""valuation"": 2, ""versions"": 1}",same inventoried inputs; recomputation mismatch
GALP.LS,119,fundamentals/GALP.LS.json;companies/GALP.LS.json;raw/eodhd/GALP.LS.json,"{""asOf"": 1, ""company"": 2, ""ownerMemo"": 17, ""series"": 38, ""tests"": 38, ""valuation"": 15, ""valueHistory"": 7, ""versions"": 1}",source-cache arrival observed; per-field attribution unproven
GAMA.LSE,92,,"{""asOf"": 1, ""company"": 2, ""ownerMemo"": 24, ""report"": 9, ""tests"": 55, ""versions"": 1}",same inventoried inputs; recomputation mismatch
GAPB.MX,15,fundamentals/GAPB.MX.json;companies/GAPB.MX.json;raw/eodhd/GAPB.MX.json,"{""asOf"": 1, ""company"": 4, ""ownerMemo"": 9, ""versions"": 1}",source-cache arrival observed; per-field attribution unproven
GAW.LSE,47,fundamentals/GAW.LSE.json;companies/GAW.LSE.json;raw/eodhd/GAW.LSE.json,"{""asOf"": 1, ""company"": 2, ""ownerMemo"": 23, ""report"": 4, ""tests"": 16, ""versions"": 1}",source-cache arrival observed; per-field attribution unproven
GBF.XETRA,37,,"{""asOf"": 1, ""company"": 2, ""ownerMemo"": 17, ""series"": 1, ""tests"": 12, ""valuation"": 3, ""versions"": 1}",same inventoried inputs; recomputation mismatch
GBLB.BR,21,fundamentals/GBLB.BR.json;companies/GBLB.BR.json;raw/eodhd/GBLB.BR.json,"{""asOf"": 1, ""company"": 2, ""ownerMemo"": 4, ""series"": 1, ""tests"": 12, ""versions"": 1}",source-cache arrival observed; per-field attribution unproven
GCARSOA1.MX,23,,"{""asOf"": 1, ""company"": 2, ""ownerMemo"": 19, ""versions"": 1}",same inventoried inputs; recomputation mismatch
GCC.MX,139,,"{""asOf"": 1, ""company"": 2, ""events"": 3, ""ownerMemo"": 38, ""series"": 32, ""tests"": 47, ""valuation"": 6, ""valueHistory"": 9, ""versions"": 1}",same inventoried inputs; recomputation mismatch
GD.US,21,fundamentals/GD.US.json;companies/GD.US.json;raw/eodhd/GD.US.json,"{""asOf"": 1, ""company"": 2, ""ownerMemo"": 5, ""series"": 12, ""versions"": 1}",source-cache arrival observed; per-field attribution unproven
GDDY.US,26,fundamentals/GDDY.US.json;companies/GDDY.US.json;raw/eodhd/GDDY.US.json,"{""asOf"": 1, ""company"": 2, ""ownerMemo"": 5, ""series"": 1, ""tests"": 12, ""valuation"": 4, ""versions"": 1}",source-cache arrival observed; per-field attribution unproven
GDG.AU,37,,"{""asOf"": 1, ""company"": 2, ""ownerMemo"": 16, ""series"": 1, ""tests"": 12, ""valuation"": 4, ""versions"": 1}",same inventoried inputs; recomputation mismatch
GDWN.LSE,137,,"{""asOf"": 1, ""company"": 2, ""ownerMemo"": 28, ""report"": 10, ""series"": 8, ""tests"": 80, ""valuation"": 4, ""valueHistory"": 3, ""versions"": 1}",same inventoried inputs; recomputation mismatch
GE.US,26,fundamentals/GE.US.json;companies/GE.US.json;raw/eodhd/GE.US.json,"{""asOf"": 1, ""company"": 2, ""ownerMemo"": 5, ""series"": 1, ""tests"": 12, ""valuation"": 4, ""versions"": 1}",source-cache arrival observed; per-field attribution unproven
GEBN.SW,29,fundamentals/GEBN.SW.json;companies/GEBN.SW.json;raw/eodhd/GEBN.SW.json,"{""asOf"": 1, ""company"": 2, ""ownerMemo"": 23, ""valuation"": 2, ""versions"": 1}",source-cache arrival observed; per-field attribution unproven
GEHC.US,94,fundamentals/GEHC.US.json;companies/GEHC.US.json;raw/eodhd/GEHC.US.json,"{""asOf"": 1, ""company"": 2, ""ownerMemo"": 28, ""series"": 18, ""tests"": 39, ""valuation"": 2, ""valueHistory"": 3, ""versions"": 1}",source-cache arrival observed; per-field attribution unproven
GEN.LSE,93,,"{""asOf"": 1, ""company"": 2, ""ownerMemo"": 22, ""report"": 9, ""tests"": 58, ""versions"": 1}",same inventoried inputs; recomputation mismatch
GEN.US,24,fundamentals/GEN.US.json;companies/GEN.US.json;raw/eodhd/GEN.US.json,"{""asOf"": 1, ""company"": 2, ""ownerMemo"": 3, ""series"": 1, ""tests"": 12, ""valuation"": 4, ""versions"": 1}",source-cache arrival observed; per-field attribution unproven
GENTERA.MX,132,,"{""asOf"": 1, ""company"": 2, ""ownerMemo"": 35, ""series"": 33, ""tests"": 36, ""valuation"": 12, ""valueHistory"": 12, ""versions"": 1}",same inventoried inputs; recomputation mismatch
GET.PA,9,fundamentals/GET.PA.json;companies/GET.PA.json;raw/eodhd/GET.PA.json,"{""asOf"": 1, ""company"": 2, ""ownerMemo"": 5, ""versions"": 1}",source-cache arrival observed; per-field attribution unproven
GETI-B.ST,24,fundamentals/GETI-B.ST.json;companies/GETI-B.ST.json;raw/eodhd/GETI-B.ST.json,"{""asOf"": 1, ""company"": 2, ""ownerMemo"": 4, ""series"": 1, ""tests"": 12, ""valuation"": 3, ""versions"": 1}",source-cache arrival observed; per-field attribution unproven
GEV.US,60,fundamentals/GEV.US.json;companies/GEV.US.json;raw/eodhd/GEV.US.json,"{""asOf"": 1, ""company"": 2, ""ownerMemo"": 51, ""series"": 5, ""versions"": 1}",source-cache arrival observed; per-field attribution unproven
GF.SW,26,fundamentals/GF.SW.json;companies/GF.SW.json;raw/eodhd/GF.SW.json,"{""asOf"": 1, ""company"": 2, ""ownerMemo"": 22, ""versions"": 1}",source-cache arrival observed; per-field attribution unproven
GFC.PA,79,,"{""asOf"": 1, ""company"": 2, ""ownerMemo"": 16, ""report"": 4, ""series"": 1, ""tests"": 54, ""versions"": 1}",same inventoried inputs; recomputation mismatch
GFINBURO.MX,86,,"{""asOf"": 1, ""company"": 2, ""ownerMemo"": 9, ""series"": 29, ""tests"": 31, ""valuation"": 1, ""valueHistory"": 12, ""versions"": 1}",same inventoried inputs; recomputation mismatch
GFNORTEO.MX,103,,"{""asOf"": 1, ""company"": 2, ""ownerMemo"": 10, ""series"": 32, ""tests"": 35, ""valuation"": 10, ""valueHistory"": 12, ""versions"": 1}",same inventoried inputs; recomputation mismatch
GFRD.LSE,40,,"{""asOf"": 1, ""company"": 2, ""ownerMemo"": 18, ""report"": 1, ""series"": 1, ""tests"": 12, ""valuation"": 4, ""versions"": 1}",same inventoried inputs; recomputation mismatch
GFTU.LSE,110,,"{""asOf"": 1, ""company"": 2, ""ownerMemo"": 24, ""report"": 9, ""series"": 1, ""tests"": 68, ""valuation"": 4, ""versions"": 1}",same inventoried inputs; recomputation mismatch
GGBR3.SA,46,fundamentals/GGBR3.SA.json;companies/GGBR3.SA.json;raw/eodhd/GGBR3.SA.json,"{""asOf"": 1, ""company"": 2, ""ownerMemo"": 5, ""series"": 1, ""tests"": 12, ""valueHistory"": 24, ""versions"": 1}",source-cache arrival observed; per-field attribution unproven
GGP.AU,111,,"{""asOf"": 1, ""company"": 4, ""ownerMemo"": 38, ""series"": 20, ""tests"": 47, ""versions"": 1}",same inventoried inputs; recomputation mismatch
GIB-A.TO,17,fundamentals/GIB-A.TO.json;companies/GIB-A.TO.json;raw/eodhd/GIB-A.TO.json,"{""asOf"": 1, ""company"": 4, ""ownerMemo"": 5, ""series"": 4, ""valuation"": 2, ""versions"": 1}",source-cache arrival observed; per-field attribution unproven
GIGNF.US,162,fundamentals/GIGNF.US.json;raw/eodhd/GIGNF.US.json,"{""asOf"": 1, ""ownerMemo"": 63, ""report"": 1, ""series"": 31, ""tests"": 47, ""valuation"": 9, ""valueHistory"": 9, ""versions"": 1}",source-cache arrival observed; per-field attribution unproven
GIL.TO,98,fundamentals/GIL.TO.json;companies/GIL.TO.json;raw/eodhd/GIL.TO.json,"{""asOf"": 1, ""company"": 4, ""ownerMemo"": 7, ""series"": 22, ""tests"": 27, ""valuation"": 9, ""valueHistory"": 27, ""versions"": 1}",source-cache arrival observed; per-field attribution unproven
GILD.US,22,fundamentals/GILD.US.json;companies/GILD.US.json;raw/eodhd/GILD.US.json,"{""asOf"": 1, ""company"": 2, ""ownerMemo"": 5, ""series"": 1, ""tests"": 12, ""versions"": 1}",source-cache arrival observed; per-field attribution unproven
GIS.US,22,fundamentals/GIS.US.json;companies/GIS.US.json;raw/eodhd/GIS.US.json,"{""asOf"": 1, ""company"": 2, ""ownerMemo"": 5, ""series"": 1, ""tests"": 12, ""versions"": 1}",source-cache arrival observed; per-field attribution unproven
GIVN.SW,29,fundamentals/GIVN.SW.json;companies/GIVN.SW.json;raw/eodhd/GIVN.SW.json,"{""asOf"": 1, ""company"": 2, ""ownerMemo"": 23, ""valuation"": 2, ""versions"": 1}",source-cache arrival observed; per-field attribution unproven
GJF.OL,94,fundamentals/GJF.OL.json;companies/GJF.OL.json;raw/eodhd/GJF.OL.json,"{""asOf"": 1, ""company"": 2, ""ownerMemo"": 12, ""series"": 31, ""tests"": 34, ""valuation"": 1, ""valueHistory"": 12, ""versions"": 1}",source-cache arrival observed; per-field attribution unproven
GL.US,29,fundamentals/GL.US.json;companies/GL.US.json;raw/eodhd/GL.US.json,"{""asOf"": 1, ""company"": 2, ""events"": 1, ""ownerMemo"": 4, ""series"": 6, ""tests"": 3, ""valueHistory"": 11, ""versions"": 1}",source-cache arrival observed; per-field attribution unproven
GL9.IR,8,,"{""asOf"": 1, ""company"": 4, ""ownerMemo"": 2, ""versions"": 1}",same inventoried inputs; recomputation mismatch
GLE.PA,64,fundamentals/GLE.PA.json;companies/GLE.PA.json;raw/eodhd/GLE.PA.json,"{""asOf"": 1, ""company"": 2, ""ownerMemo"": 5, ""series"": 26, ""tests"": 20, ""valueHistory"": 9, ""versions"": 1}",source-cache arrival observed; per-field attribution unproven
GLEN.LSE,76,fundamentals/GLEN.LSE.json;companies/GLEN.LSE.json;raw/eodhd/GLEN.LSE.json,"{""asOf"": 1, ""company"": 2, ""ownerMemo"": 6, ""series"": 11, ""tests"": 25, ""valuation"": 9, ""valueHistory"": 21, ""versions"": 1}",source-cache arrival observed; per-field attribution unproven
GLW.US,7,fundamentals/GLW.US.json;companies/GLW.US.json;raw/eodhd/GLW.US.json,"{""asOf"": 1, ""company"": 2, ""ownerMemo"": 3, ""versions"": 1}",source-cache arrival observed; per-field attribution unproven
GM.US,26,fundamentals/GM.US.json;companies/GM.US.json;raw/eodhd/GM.US.json,"{""asOf"": 1, ""company"": 2, ""ownerMemo"": 5, ""series"": 1, ""tests"": 12, ""valuation"": 4, ""versions"": 1}",source-cache arrival observed; per-field attribution unproven
GMAB.CO,121,fundamentals/GMAB.CO.json;companies/GMAB.CO.json;raw/eodhd/GMAB.CO.json,"{""asOf"": 1, ""company"": 4, ""ownerMemo"": 50, ""series"": 15, ""tests"": 36, ""valuation"": 5, ""valueHistory"": 9, ""versions"": 1}",source-cache arrival observed; per-field attribution unproven
GMD.AU,961,fundamentals/GMD.AU.json;companies/GMD.AU.json;raw/eodhd/GMD.AU.json,"{""asOf"": 1, ""company"": 2, ""events"": 18, ""historyCoverage"": 2, ""ownerMemo"": 119, ""series"": 405, ""tests"": 386, ""valuation"": 24, ""valueHistory"": 3, ""versions"": 1}",source-cache arrival observed; per-field attribution unproven
GMEXICOB.MX,236,,"{""asOf"": 1, ""company"": 2, ""events"": 1, ""ownerMemo"": 102, ""requiredMos"": 1, ""series"": 42, ""tests"": 62, ""valuation"": 8, ""valueHistory"": 15, ""versions"": 1, ""volatility"": 1}",same inventoried inputs; recomputation mismatch
GMG.AU,42,fundamentals/GMG.AU.json;companies/GMG.AU.json;raw/eodhd/GMG.AU.json,"{""asOf"": 1, ""company"": 2, ""ownerMemo"": 21, ""series"": 1, ""tests"": 12, ""valuation"": 4, ""versions"": 1}",source-cache arrival observed; per-field attribution unproven
GN.CO,22,,"{""asOf"": 1, ""company"": 2, ""ownerMemo"": 2, ""series"": 1, ""tests"": 12, ""valuation"": 3, ""versions"": 1}",same inventoried inputs; recomputation mismatch
GNC.LSE,105,,"{""asOf"": 1, ""company"": 2, ""ownerMemo"": 19, ""report"": 9, ""series"": 1, ""tests"": 68, ""valuation"": 4, ""versions"": 1}",same inventoried inputs; recomputation mismatch
GNE.AU,99,,"{""asOf"": 1, ""company"": 2, ""ownerMemo"": 20, ""series"": 11, ""tests"": 25, ""valuation"": 9, ""valueHistory"": 30, ""versions"": 1}",same inventoried inputs; recomputation mismatch
GNFT.PA,28,,"{""asOf"": 1, ""company"": 2, ""ownerMemo"": 11, ""series"": 1, ""tests"": 12, ""versions"": 1}",same inventoried inputs; recomputation mismatch
GNRC.US,32,fundamentals/GNRC.US.json;companies/GNRC.US.json;raw/eodhd/GNRC.US.json,"{""asOf"": 1, ""company"": 2, ""ownerMemo"": 6, ""series"": 7, ""tests"": 14, ""valuation"": 1, ""versions"": 1}",source-cache arrival observed; per-field attribution unproven
GNS.LSE,93,,"{""asOf"": 1, ""company"": 2, ""ownerMemo"": 21, ""report"": 6, ""series"": 1, ""tests"": 57, ""valuation"": 4, ""versions"": 1}",same inventoried inputs; recomputation mismatch
GNZ.NZ,11,,"{""asOf"": 1, ""ownerMemo"": 7, ""series"": 2, ""versions"": 1}",same inventoried inputs; recomputation mismatch
GOAU3.SA,45,,"{""asOf"": 1, ""company"": 2, ""ownerMemo"": 16, ""series"": 1, ""tests"": 12, ""valueHistory"": 12, ""versions"": 1}",same inventoried inputs; recomputation mismatch
GOOGL.US,8,fundamentals/GOOGL.US.json;companies/GOOGL.US.json;raw/eodhd/GOOGL.US.json,"{""asOf"": 1, ""company"": 2, ""ownerMemo"": 4, ""versions"": 1}",source-cache arrival observed; per-field attribution unproven
GPC.US,9,fundamentals/GPC.US.json;companies/GPC.US.json;raw/eodhd/GPC.US.json,"{""asOf"": 1, ""company"": 2, ""ownerMemo"": 5, ""versions"": 1}",source-cache arrival observed; per-field attribution unproven
GPE.LSE,102,,"{""asOf"": 1, ""company"": 2, ""ownerMemo"": 18, ""report"": 8, ""series"": 1, ""tests"": 67, ""valuation"": 4, ""versions"": 1}",same inventoried inputs; recomputation mismatch
GPN.US,9,fundamentals/GPN.US.json;companies/GPN.US.json;raw/eodhd/GPN.US.json,"{""asOf"": 1, ""company"": 2, ""ownerMemo"": 5, ""versions"": 1}",source-cache arrival observed; per-field attribution unproven
GPT.AU,35,fundamentals/GPT.AU.json;companies/GPT.AU.json;raw/eodhd/GPT.AU.json,"{""asOf"": 1, ""company"": 2, ""ownerMemo"": 18, ""series"": 1, ""tests"": 12, ""versions"": 1}",source-cache arrival observed; per-field attribution unproven
GRASIM.NSE,151,,"{""asOf"": 1, ""ownerMemo"": 89, ""series"": 25, ""tests"": 34, ""valuation"": 1, ""versions"": 1}",same inventoried inputs; recomputation mismatch
GRF.MC,100,fundamentals/GRF.MC.json;companies/GRF.MC.json;raw/eodhd/GRF.MC.json,"{""asOf"": 1, ""company"": 2, ""ownerMemo"": 25, ""report"": 11, ""series"": 1, ""tests"": 56, ""valuation"": 3, ""versions"": 1}",source-cache arrival observed; per-field attribution unproven
GRG.LSE,74,,"{""asOf"": 1, ""company"": 2, ""ownerMemo"": 17, ""report"": 7, ""tests"": 46, ""versions"": 1}",same inventoried inputs; recomputation mismatch
GRI.LSE,107,,"{""asOf"": 1, ""company"": 2, ""ownerMemo"": 24, ""report"": 10, ""series"": 1, ""tests"": 64, ""valuation"": 4, ""versions"": 1}",same inventoried inputs; recomputation mismatch
GRMN.US,9,fundamentals/GRMN.US.json;companies/GRMN.US.json;raw/eodhd/GRMN.US.json,"{""asOf"": 1, ""company"": 2, ""ownerMemo"": 5, ""versions"": 1}",source-cache arrival observed; per-field attribution unproven
GRUMAB.MX,159,,"{""asOf"": 1, ""company"": 2, ""ownerMemo"": 66, ""series"": 30, ""tests"": 54, ""valuation"": 1, ""valueHistory"": 4, ""versions"": 1}",same inventoried inputs; recomputation mismatch
GS.US,169,fundamentals/GS.US.json;companies/GS.US.json;raw/eodhd/GS.US.json;raw/sec-companyfacts/GS.US.json,"{""asOf"": 1, ""businessDepth"": 2, ""company"": 2, ""ownerMemo"": 12, ""series"": 57, ""tests"": 59, ""valuation"": 11, ""valueHistory"": 24, ""versions"": 1}",source-cache arrival observed; per-field attribution unproven
GSK.LSE,9,fundamentals/GSK.LSE.json;companies/GSK.LSE.json;raw/eodhd/GSK.LSE.json,"{""asOf"": 1, ""company"": 2, ""ownerMemo"": 5, ""versions"": 1}",source-cache arrival observed; per-field attribution unproven
GTK.AU,183,,"{""asOf"": 1, ""company"": 2, ""ownerMemo"": 69, ""series"": 23, ""tests"": 54, ""valuation"": 9, ""valueHistory"": 24, ""versions"": 1}",same inventoried inputs; recomputation mismatch
GTT.PA,9,fundamentals/GTT.PA.json;companies/GTT.PA.json;raw/eodhd/GTT.PA.json,"{""asOf"": 1, ""company"": 2, ""ownerMemo"": 5, ""versions"": 1}",source-cache arrival observed; per-field attribution unproven
GVR.IR,55,,"{""asOf"": 1, ""company"": 2, ""ownerMemo"": 22, ""series"": 9, ""tests"": 20, ""versions"": 1}",same inventoried inputs; recomputation mismatch
GWW.US,7,fundamentals/GWW.US.json;companies/GWW.US.json;raw/eodhd/GWW.US.json,"{""asOf"": 1, ""company"": 2, ""ownerMemo"": 3, ""versions"": 1}",source-cache arrival observed; per-field attribution unproven
H.TO,37,fundamentals/H.TO.json;companies/H.TO.json;raw/eodhd/H.TO.json,"{""asOf"": 1, ""company"": 2, ""events"": 1, ""ownerMemo"": 19, ""series"": 1, ""tests"": 12, ""versions"": 1}",source-cache arrival observed; per-field attribution unproven
H4W.F,212,fundamentals/H4W.F.json;companies/H4W.F.json;raw/eodhd/H4W.F.json,"{""asOf"": 1, ""company"": 2, ""events"": 1, ""ownerMemo"": 88, ""report"": 9, ""requiredMos"": 1, ""series"": 35, ""tests"": 70, ""valuation"": 1, ""valueHistory"": 3, ""versions"": 1}",source-cache arrival observed; per-field attribution unproven
HAG.XETRA,22,fundamentals/HAG.XETRA.json;companies/HAG.XETRA.json;raw/eodhd/HAG.XETRA.json,"{""asOf"": 1, ""company"": 2, ""ownerMemo"": 18, ""versions"": 1}",source-cache arrival observed; per-field attribution unproven
HAL.US,33,fundamentals/HAL.US.json;companies/HAL.US.json;raw/eodhd/HAL.US.json,"{""asOf"": 1, ""company"": 2, ""ownerMemo"": 4, ""series"": 9, ""tests"": 12, ""valuation"": 4, ""versions"": 1}",source-cache arrival observed; per-field attribution unproven
HAPV3.SA,23,,"{""asOf"": 1, ""company"": 2, ""ownerMemo"": 7, ""valueHistory"": 12, ""versions"": 1}",same inventoried inputs; recomputation mismatch
HAS.LSE,102,,"{""asOf"": 1, ""company"": 2, ""ownerMemo"": 20, ""report"": 9, ""series"": 1, ""tests"": 68, ""versions"": 1}",same inventoried inputs; recomputation mismatch
HAS.US,9,fundamentals/HAS.US.json;companies/HAS.US.json;raw/eodhd/HAS.US.json,"{""asOf"": 1, ""company"": 2, ""ownerMemo"": 5, ""versions"": 1}",source-cache arrival observed; per-field attribution unproven
HAUTO.OL,152,,"{""asOf"": 1, ""company"": 2, ""events"": 1, ""ownerMemo"": 55, ""series"": 35, ""tests"": 52, ""valuation"": 1, ""valueHistory"": 4, ""versions"": 1}",same inventoried inputs; recomputation mismatch
HBAN.SW,88,fundamentals/HBAN.SW.json;companies/HBAN.SW.json;raw/eodhd/HBAN.SW.json,"{""asOf"": 1, ""company"": 2, ""ownerMemo"": 10, ""series"": 33, ""tests"": 27, ""valuation"": 2, ""valueHistory"": 12, ""versions"": 1}",source-cache arrival observed; per-field attribution unproven
HBAN.US,203,fundamentals/HBAN.US.json;companies/HBAN.US.json;raw/eodhd/HBAN.US.json,"{""asOf"": 1, ""businessDepth"": 1, ""businessOverview"": 1, ""company"": 2, ""judgement"": 1, ""ownerMemo"": 11, ""series"": 75, ""tests"": 86, ""valueHistory"": 24, ""versions"": 1}",source-cache arrival observed; per-field attribution unproven
HBR.LSE,155,,"{""asOf"": 1, ""company"": 2, ""ownerMemo"": 23, ""report"": 10, ""series"": 11, ""tests"": 80, ""valuation"": 9, ""valueHistory"": 18, ""versions"": 1}",same inventoried inputs; recomputation mismatch
HCA.US,9,fundamentals/HCA.US.json;companies/HCA.US.json;raw/eodhd/HCA.US.json,"{""asOf"": 1, ""company"": 2, ""ownerMemo"": 5, ""versions"": 1}",source-cache arrival observed; per-field attribution unproven
HCLTECH.NSE,147,,"{""asOf"": 1, ""ownerMemo"": 89, ""series"": 24, ""tests"": 32, ""versions"": 1}",same inventoried inputs; recomputation mismatch
HD.US,8,fundamentals/HD.US.json;companies/HD.US.json;raw/eodhd/HD.US.json,"{""asOf"": 1, ""company"": 2, ""ownerMemo"": 4, ""versions"": 1}",source-cache arrival observed; per-field attribution unproven
HDB.US,201,fundamentals/HDB.US.json;companies/HDB.US.json;raw/eodhd/HDB.US.json,"{""asOf"": 1, ""company"": 2, ""ownerMemo"": 8, ""series"": 106, ""tests"": 48, ""valuation"": 5, ""valueHistory"": 30, ""versions"": 1}",source-cache arrival observed; per-field attribution unproven
HDFCLIFE.NSE,128,,"{""asOf"": 1, ""events"": 1, ""ownerMemo"": 29, ""series"": 46, ""tests"": 50, ""versions"": 1}",same inventoried inputs; recomputation mismatch
HDN.AU,37,,"{""asOf"": 1, ""company"": 2, ""ownerMemo"": 32, ""series"": 1, ""versions"": 1}",same inventoried inputs; recomputation mismatch
HEI.XETRA,26,fundamentals/HEI.XETRA.json;companies/HEI.XETRA.json;raw/eodhd/HEI.XETRA.json,"{""asOf"": 1, ""company"": 2, ""ownerMemo"": 22, ""versions"": 1}",source-cache arrival observed; per-field attribution unproven
HEIA.AS,26,fundamentals/HEIA.AS.json;companies/HEIA.AS.json;raw/eodhd/HEIA.AS.json,"{""asOf"": 1, ""company"": 2, ""ownerMemo"": 5, ""series"": 1, ""tests"": 12, ""valuation"": 4, ""versions"": 1}",source-cache arrival observed; per-field attribution unproven
HEN.XETRA,34,fundamentals/HEN.XETRA.json;companies/HEN.XETRA.json;raw/eodhd/HEN.XETRA.json,"{""asOf"": 1, ""company"": 9, ""ownerMemo"": 23, ""versions"": 1}",source-cache arrival observed; per-field attribution unproven
HEN3.XETRA,26,fundamentals/HEN3.XETRA.json;companies/HEN3.XETRA.json;raw/eodhd/HEN3.XETRA.json,"{""asOf"": 1, ""company"": 1, ""ownerMemo"": 23, ""versions"": 1}",source-cache arrival observed; per-field attribution unproven
HER.MI,148,,"{""asOf"": 1, ""ownerMemo"": 85, ""series"": 17, ""tests"": 44, ""versions"": 1}",same inventoried inputs; recomputation mismatch
HESAY.US,178,fundamentals/HESAY.US.json;companies/HESAY.US.json;raw/eodhd/HESAY.US.json,"{""asOf"": 1, ""company"": 1, ""events"": 2, ""ownerMemo"": 60, ""report"": 1, ""series"": 20, ""tests"": 52, ""valuation"": 10, ""valueHistory"": 30, ""versions"": 1}",source-cache arrival observed; per-field attribution unproven
HEXA-B.ST,71,fundamentals/HEXA-B.ST.json;companies/HEXA-B.ST.json;raw/eodhd/HEXA-B.ST.json,"{""asOf"": 1, ""company"": 2, ""ownerMemo"": 7, ""series"": 10, ""tests"": 15, ""valuation"": 5, ""valueHistory"": 30, ""versions"": 1}",source-cache arrival observed; per-field attribution unproven
HFD.LSE,104,,"{""asOf"": 1, ""company"": 2, ""ownerMemo"": 19, ""report"": 8, ""series"": 1, ""tests"": 68, ""valuation"": 4, ""versions"": 1}",same inventoried inputs; recomputation mismatch
HFG.LSE,194,,"{""asOf"": 1, ""company"": 2, ""ownerMemo"": 43, ""report"": 8, ""series"": 19, ""tests"": 98, ""valuation"": 15, ""valueHistory"": 6, ""versions"": 1, ""volatility"": 1}",same inventoried inputs; recomputation mismatch
HGH.AU,48,,"{""asOf"": 1, ""company"": 2, ""events"": 1, ""ownerMemo"": 8, ""tests"": 16, ""valuation"": 7, ""valueHistory"": 12, ""versions"": 1}",same inventoried inputs; recomputation mismatch
HIAB.HE,39,,"{""asOf"": 1, ""company"": 2, ""ownerMemo"": 19, ""series"": 1, ""tests"": 12, ""valuation"": 3, ""versions"": 1}",same inventoried inputs; recomputation mismatch
HIG.US,132,fundamentals/HIG.US.json;companies/HIG.US.json;raw/eodhd/HIG.US.json,"{""asOf"": 1, ""company"": 2, ""ownerMemo"": 13, ""series"": 39, ""tests"": 53, ""valuation"": 11, ""valueHistory"": 12, ""versions"": 1}",source-cache arrival observed; per-field attribution unproven
HII.US,40,fundamentals/HII.US.json;companies/HII.US.json;raw/eodhd/HII.US.json,"{""asOf"": 1, ""company"": 2, ""ownerMemo"": 7, ""series"": 1, ""tests"": 13, ""valuation"": 15, ""versions"": 1}",source-cache arrival observed; per-field attribution unproven
HIK.LSE,151,,"{""asOf"": 1, ""company"": 2, ""ownerMemo"": 25, ""report"": 8, ""series"": 10, ""tests"": 69, ""valuation"": 5, ""valueHistory"": 30, ""versions"": 1}",same inventoried inputs; recomputation mismatch
HILS.LSE,25,,"{""asOf"": 1, ""company"": 2, ""ownerMemo"": 20, ""report"": 1, ""versions"": 1}",same inventoried inputs; recomputation mismatch
HINDALCO.NSE,134,,"{""asOf"": 1, ""ownerMemo"": 73, ""series"": 25, ""tests"": 33, ""valuation"": 1, ""versions"": 1}",same inventoried inputs; recomputation mismatch
HINDUNILVR.NSE,145,,"{""asOf"": 1, ""ownerMemo"": 85, ""series"": 25, ""tests"": 33, ""versions"": 1}",same inventoried inputs; recomputation mismatch
HKLB.LSE,93,fundamentals/HKLB.LSE.json;raw/eodhd/HKLB.LSE.json,"{""asOf"": 1, ""ownerMemo"": 20, ""report"": 8, ""series"": 1, ""tests"": 62, ""versions"": 1}",source-cache arrival observed; per-field attribution unproven
HLE.XETRA,40,fundamentals/HLE.XETRA.json;companies/HLE.XETRA.json;raw/eodhd/HLE.XETRA.json,"{""asOf"": 1, ""company"": 2, ""ownerMemo"": 20, ""series"": 1, ""tests"": 12, ""valuation"": 3, ""versions"": 1}",source-cache arrival observed; per-field attribution unproven
HLG.NZ,80,,"{""asOf"": 1, ""ownerMemo"": 50, ""series"": 13, ""tests"": 15, ""versions"": 1}",same inventoried inputs; recomputation mismatch
HLI.AU,13,,"{""asOf"": 1, ""company"": 2, ""ownerMemo"": 7, ""valuation"": 2, ""versions"": 1}",same inventoried inputs; recomputation mismatch
HLMA.LSE,9,fundamentals/HLMA.LSE.json;companies/HLMA.LSE.json;raw/eodhd/HLMA.LSE.json,"{""asOf"": 1, ""company"": 2, ""ownerMemo"": 5, ""versions"": 1}",source-cache arrival observed; per-field attribution unproven
HLN.LSE,11,fundamentals/HLN.LSE.json;companies/HLN.LSE.json;raw/eodhd/HLN.LSE.json,"{""asOf"": 1, ""company"": 4, ""ownerMemo"": 5, ""versions"": 1}",source-cache arrival observed; per-field attribution unproven
HLT.US,12,fundamentals/HLT.US.json;companies/HLT.US.json;raw/eodhd/HLT.US.json,"{""asOf"": 1, ""company"": 2, ""ownerMemo"": 4, ""series"": 1, ""tests"": 3, ""versions"": 1}",source-cache arrival observed; per-field attribution unproven
HM-B.ST,25,fundamentals/HM-B.ST.json;companies/HM-B.ST.json;raw/eodhd/HM-B.ST.json,"{""asOf"": 1, ""company"": 2, ""ownerMemo"": 5, ""series"": 1, ""tests"": 12, ""valuation"": 3, ""versions"": 1}",source-cache arrival observed; per-field attribution unproven
HMSO.LSE,951,,"{""asOf"": 1, ""company"": 2, ""events"": 5, ""historyCoverage"": 2, ""ownerMemo"": 95, ""report"": 1, ""series"": 458, ""tests"": 385, ""valueHistory"": 1, ""versions"": 1}",same inventoried inputs; recomputation mismatch
HNR1.XETRA,92,fundamentals/HNR1.XETRA.json;companies/HNR1.XETRA.json;raw/eodhd/HNR1.XETRA.json,"{""asOf"": 1, ""company"": 2, ""ownerMemo"": 9, ""series"": 32, ""tests"": 34, ""valuation"": 1, ""valueHistory"": 12, ""versions"": 1}",source-cache arrival observed; per-field attribution unproven
HO.PA,8,fundamentals/HO.PA.json;companies/HO.PA.json;raw/eodhd/HO.PA.json,"{""asOf"": 1, ""company"": 2, ""ownerMemo"": 4, ""versions"": 1}",source-cache arrival observed; per-field attribution unproven
HOC.LSE,126,,"{""asOf"": 1, ""company"": 2, ""ownerMemo"": 19, ""report"": 5, ""series"": 11, ""tests"": 72, ""valuation"": 9, ""valueHistory"": 6, ""versions"": 1}",same inventoried inputs; recomputation mismatch
HOLM-B.ST,91,,"{""asOf"": 1, ""company"": 2, ""ownerMemo"": 22, ""report"": 5, ""series"": 1, ""tests"": 59, ""versions"": 1}",same inventoried inputs; recomputation mismatch
HOLN.SW,44,fundamentals/HOLN.SW.json;companies/HOLN.SW.json;raw/eodhd/HOLN.SW.json,"{""asOf"": 1, ""company"": 2, ""ownerMemo"": 22, ""series"": 1, ""tests"": 12, ""valuation"": 5, ""versions"": 1}",source-cache arrival observed; per-field attribution unproven
HON.US,9,fundamentals/HON.US.json;companies/HON.US.json;raw/eodhd/HON.US.json,"{""asOf"": 1, ""company"": 2, ""ownerMemo"": 5, ""versions"": 1}",source-cache arrival observed; per-field attribution unproven
HONA.US,44,fundamentals/HONA.US.json;companies/HONA.US.json;raw/eodhd/HONA.US.json,"{""asOf"": 1, ""company"": 2, ""ownerMemo"": 39, ""series"": 1, ""versions"": 1}",source-cache arrival observed; per-field attribution unproven
HOOD.US,17,fundamentals/HOOD.US.json;companies/HOOD.US.json;raw/eodhd/HOOD.US.json,"{""asOf"": 1, ""company"": 2, ""ownerMemo"": 10, ""tests"": 3, ""versions"": 1}",source-cache arrival observed; per-field attribution unproven
HOT.XETRA,47,fundamentals/HOT.XETRA.json;companies/HOT.XETRA.json;raw/eodhd/HOT.XETRA.json,"{""asOf"": 1, ""company"": 8, ""ownerMemo"": 21, ""series"": 1, ""tests"": 12, ""valuation"": 3, ""versions"": 1}",source-cache arrival observed; per-field attribution unproven
HPE.US,9,fundamentals/HPE.US.json;companies/HPE.US.json;raw/eodhd/HPE.US.json,"{""asOf"": 1, ""company"": 2, ""ownerMemo"": 5, ""versions"": 1}",source-cache arrival observed; per-field attribution unproven
HPQ.US,26,fundamentals/HPQ.US.json;companies/HPQ.US.json;raw/eodhd/HPQ.US.json,"{""asOf"": 1, ""company"": 2, ""ownerMemo"": 5, ""series"": 1, ""tests"": 12, ""valuation"": 4, ""versions"": 1}",source-cache arrival observed; per-field attribution unproven
HRL.US,26,fundamentals/HRL.US.json;companies/HRL.US.json;raw/eodhd/HRL.US.json,"{""asOf"": 1, ""company"": 2, ""ownerMemo"": 5, ""series"": 1, ""tests"": 12, ""valuation"": 4, ""versions"": 1}",source-cache arrival observed; per-field attribution unproven
HSBA.LSE,122,fundamentals/HSBA.LSE.json;companies/HSBA.LSE.json;raw/eodhd/HSBA.LSE.json,"{""asOf"": 1, ""company"": 4, ""ownerMemo"": 6, ""series"": 39, ""tests"": 33, ""valuation"": 8, ""valueHistory"": 30, ""versions"": 1}",source-cache arrival observed; per-field attribution unproven
HSIC.US,9,fundamentals/HSIC.US.json;companies/HSIC.US.json;raw/eodhd/HSIC.US.json,"{""asOf"": 1, ""company"": 2, ""ownerMemo"": 5, ""versions"": 1}",source-cache arrival observed; per-field attribution unproven
HST.US,25,fundamentals/HST.US.json;companies/HST.US.json;raw/eodhd/HST.US.json,"{""asOf"": 1, ""company"": 2, ""ownerMemo"": 4, ""series"": 1, ""tests"": 12, ""valuation"": 4, ""versions"": 1}",source-cache arrival observed; per-field attribution unproven
HSX.LSE,109,fundamentals/HSX.LSE.json;companies/HSX.LSE.json;raw/eodhd/HSX.LSE.json,"{""asOf"": 1, ""company"": 2, ""ownerMemo"": 13, ""report"": 9, ""tests"": 57, ""valuation"": 5, ""valueHistory"": 21, ""versions"": 1}",source-cache arrival observed; per-field attribution unproven
HSY.US,9,fundamentals/HSY.US.json;companies/HSY.US.json;raw/eodhd/HSY.US.json,"{""asOf"": 1, ""company"": 2, ""ownerMemo"": 5, ""versions"": 1}",source-cache arrival observed; per-field attribution unproven
HTG.LSE,132,,"{""asOf"": 1, ""company"": 2, ""ownerMemo"": 19, ""report"": 10, ""series"": 11, ""tests"": 79, ""valueHistory"": 9, ""versions"": 1}",same inventoried inputs; recomputation mismatch
HTWS.LSE,94,,"{""asOf"": 1, ""company"": 2, ""events"": 1, ""ownerMemo"": 22, ""report"": 9, ""series"": 12, ""tests"": 46, ""versions"": 1}",same inventoried inputs; recomputation mismatch
HUB.AU,50,,"{""asOf"": 1, ""company"": 2, ""ownerMemo"": 23, ""series"": 1, ""tests"": 13, ""valuation"": 1, ""valueHistory"": 8, ""versions"": 1}",same inventoried inputs; recomputation mismatch
HUBB.US,9,fundamentals/HUBB.US.json;companies/HUBB.US.json;raw/eodhd/HUBB.US.json,"{""asOf"": 1, ""company"": 2, ""ownerMemo"": 5, ""versions"": 1}",source-cache arrival observed; per-field attribution unproven
HUBN.SW,26,,"{""asOf"": 1, ""company"": 2, ""ownerMemo"": 20, ""valuation"": 2, ""versions"": 1}",same inventoried inputs; recomputation mismatch
HUH1V.HE,22,,"{""asOf"": 1, ""company"": 2, ""ownerMemo"": 2, ""series"": 1, ""tests"": 12, ""valuation"": 3, ""versions"": 1}",same inventoried inputs; recomputation mismatch
HUM.US,26,fundamentals/HUM.US.json;companies/HUM.US.json;raw/eodhd/HUM.US.json,"{""asOf"": 1, ""company"": 2, ""ownerMemo"": 5, ""series"": 1, ""tests"": 12, ""valuation"": 4, ""versions"": 1}",source-cache arrival observed; per-field attribution unproven
HVN.AU,40,,"{""asOf"": 1, ""company"": 2, ""ownerMemo"": 19, ""series"": 1, ""tests"": 12, ""valuation"": 4, ""versions"": 1}",same inventoried inputs; recomputation mismatch
HWDN.LSE,93,fundamentals/HWDN.LSE.json;companies/HWDN.LSE.json;raw/eodhd/HWDN.LSE.json,"{""asOf"": 1, ""company"": 2, ""ownerMemo"": 22, ""report"": 10, ""tests"": 57, ""versions"": 1}",source-cache arrival observed; per-field attribution unproven
HWG.LSE,93,,"{""asOf"": 1, ""company"": 2, ""ownerMemo"": 19, ""report"": 6, ""series"": 1, ""tests"": 63, ""versions"": 1}",same inventoried inputs; recomputation mismatch
HWM.US,9,fundamentals/HWM.US.json;companies/HWM.US.json;raw/eodhd/HWM.US.json,"{""asOf"": 1, ""company"": 2, ""ownerMemo"": 5, ""versions"": 1}",source-cache arrival observed; per-field attribution unproven
HXGBY.US,144,fundamentals/HXGBY.US.json;companies/HXGBY.US.json;raw/eodhd/HXGBY.US.json,"{""asOf"": 1, ""company"": 1, ""ownerMemo"": 27, ""report"": 6, ""series"": 10, ""tests"": 63, ""valuation"": 5, ""valueHistory"": 30, ""versions"": 1}",source-cache arrival observed; per-field attribution unproven
HYPE3.SA,79,,"{""asOf"": 1, ""company"": 2, ""ownerMemo"": 22, ""series"": 1, ""tests"": 13, ""valuation"": 12, ""valueHistory"": 27, ""versions"": 1}",same inventoried inputs; recomputation mismatch
IAG.AU,269,fundamentals/IAG.AU.json;companies/IAG.AU.json;raw/eodhd/IAG.AU.json,"{""asOf"": 1, ""businessOverview"": 1, ""company"": 2, ""events"": 4, ""historyCoverage"": 2, ""judgement"": 1, ""ownerMemo"": 24, ""priceHistory"": 1, ""series"": 143, ""status"": 1, ""tests"": 77, ""valuation"": 1, ""valueHistory"": 9, ""versions"": 1, ""w"": 1}",source-cache arrival observed; per-field attribution unproven
IAG.MC,200,fundamentals/IAG.MC.json;companies/IAG.MC.json;raw/eodhd/IAG.MC.json,"{""asOf"": 1, ""company"": 2, ""ownerMemo"": 31, ""report"": 10, ""series"": 54, ""tests"": 89, ""valuation"": 3, ""valueHistory"": 9, ""versions"": 1}",source-cache arrival observed; per-field attribution unproven
IBE.MC,25,fundamentals/IBE.MC.json;companies/IBE.MC.json;raw/eodhd/IBE.MC.json,"{""asOf"": 1, ""company"": 2, ""ownerMemo"": 5, ""series"": 1, ""tests"": 12, ""valuation"": 3, ""versions"": 1}",source-cache arrival observed; per-field attribution unproven
IBKR.US,233,fundamentals/IBKR.US.json;companies/IBKR.US.json;raw/eodhd/IBKR.US.json,"{""asOf"": 1, ""company"": 2, ""judgement"": 1, ""ownerMemo"": 19, ""requiredMos"": 1, ""series"": 78, ""tests"": 85, ""valuation"": 14, ""valueHistory"": 30, ""versions"": 1, ""volatility"": 1}",source-cache arrival observed; per-field attribution unproven
IBM.US,9,fundamentals/IBM.US.json;companies/IBM.US.json;raw/eodhd/IBM.US.json,"{""asOf"": 1, ""company"": 2, ""ownerMemo"": 5, ""versions"": 1}",source-cache arrival observed; per-field attribution unproven
IBN.US,43,fundamentals/IBN.US.json;companies/IBN.US.json;raw/eodhd/IBN.US.json,"{""asOf"": 1, ""company"": 2, ""ownerMemo"": 6, ""tests"": 1, ""valuation"": 5, ""valueHistory"": 27, ""versions"": 1}",source-cache arrival observed; per-field attribution unproven
IBS.LS,60,,"{""asOf"": 1, ""company"": 2, ""ownerMemo"": 35, ""series"": 4, ""tests"": 14, ""valuation"": 3, ""versions"": 1}",same inventoried inputs; recomputation mismatch
ICAD.PA,19,,"{""asOf"": 1, ""company"": 2, ""ownerMemo"": 2, ""series"": 1, ""tests"": 12, ""versions"": 1}",same inventoried inputs; recomputation mismatch
ICE.US,9,fundamentals/ICE.US.json;companies/ICE.US.json;raw/eodhd/ICE.US.json,"{""asOf"": 1, ""company"": 2, ""ownerMemo"": 5, ""versions"": 1}",source-cache arrival observed; per-field attribution unproven
ICG.LSE,131,fundamentals/ICG.LSE.json;companies/ICG.LSE.json;raw/eodhd/ICG.LSE.json,"{""asOf"": 1, ""company"": 2, ""events"": 5, ""ownerMemo"": 45, ""report"": 9, ""series"": 6, ""tests"": 38, ""valuation"": 18, ""valueHistory"": 6, ""versions"": 1}",source-cache arrival observed; per-field attribution unproven
IDL.PA,40,,"{""asOf"": 1, ""company"": 2, ""ownerMemo"": 20, ""series"": 1, ""tests"": 12, ""valuation"": 3, ""versions"": 1}",same inventoried inputs; recomputation mismatch
IDR.MC,9,fundamentals/IDR.MC.json;companies/IDR.MC.json;raw/eodhd/IDR.MC.json,"{""asOf"": 1, ""company"": 2, ""ownerMemo"": 5, ""versions"": 1}",source-cache arrival observed; per-field attribution unproven
IDXX.US,9,fundamentals/IDXX.US.json;companies/IDXX.US.json;raw/eodhd/IDXX.US.json,"{""asOf"": 1, ""company"": 2, ""ownerMemo"": 5, ""versions"": 1}",source-cache arrival observed; per-field attribution unproven
IEX.US,17,fundamentals/IEX.US.json;companies/IEX.US.json;raw/eodhd/IEX.US.json,"{""asOf"": 1, ""company"": 2, ""ownerMemo"": 5, ""series"": 8, ""versions"": 1}",source-cache arrival observed; per-field attribution unproven
IFC.TO,29,fundamentals/IFC.TO.json;companies/IFC.TO.json;raw/eodhd/IFC.TO.json,"{""asOf"": 1, ""company"": 2, ""ownerMemo"": 10, ""valuation"": 2, ""valueHistory"": 13, ""versions"": 1}",source-cache arrival observed; per-field attribution unproven
IFCN.SW,181,fundamentals/IFCN.SW.json;companies/IFCN.SW.json;raw/eodhd/IFCN.SW.json,"{""asOf"": 1, ""company"": 2, ""events"": 2, ""ownerMemo"": 56, ""series"": 28, ""tests"": 51, ""valuation"": 10, ""valueHistory"": 30, ""versions"": 1}",source-cache arrival observed; per-field attribution unproven
IFF.US,22,fundamentals/IFF.US.json;companies/IFF.US.json;raw/eodhd/IFF.US.json,"{""asOf"": 1, ""company"": 2, ""ownerMemo"": 5, ""series"": 1, ""tests"": 12, ""versions"": 1}",source-cache arrival observed; per-field attribution unproven
IFT.AU,80,fundamentals/IFT.AU.json;companies/IFT.AU.json;raw/eodhd/IFT.AU.json,"{""asOf"": 1, ""company"": 2, ""ownerMemo"": 19, ""series"": 11, ""tests"": 25, ""valuation"": 9, ""valueHistory"": 12, ""versions"": 1}",source-cache arrival observed; per-field attribution unproven
IFX.XETRA,27,fundamentals/IFX.XETRA.json;companies/IFX.XETRA.json;raw/eodhd/IFX.XETRA.json,"{""asOf"": 1, ""company"": 2, ""ownerMemo"": 23, ""versions"": 1}",source-cache arrival observed; per-field attribution unproven
IG.MI,166,,"{""asOf"": 1, ""ownerMemo"": 86, ""report"": 4, ""series"": 17, ""tests"": 49, ""valuation"": 1, ""valueHistory"": 7, ""versions"": 1}",same inventoried inputs; recomputation mismatch
IGG.LSE,92,fundamentals/IGG.LSE.json;companies/IGG.LSE.json;raw/eodhd/IGG.LSE.json,"{""asOf"": 1, ""company"": 2, ""ownerMemo"": 25, ""report"": 9, ""tests"": 54, ""versions"": 1}",source-cache arrival observed; per-field attribution unproven
IGO.AU,39,,"{""asOf"": 1, ""company"": 2, ""ownerMemo"": 18, ""series"": 1, ""tests"": 12, ""valuation"": 4, ""versions"": 1}",same inventoried inputs; recomputation mismatch
IGPYF.US,66,,"{""asOf"": 1, ""events"": 1, ""ownerMemo"": 24, ""report"": 1, ""series"": 14, ""tests"": 24, ""versions"": 1}",same inventoried inputs; recomputation mismatch
IGTI3.SA,38,,"{""asOf"": 1, ""company"": 2, ""ownerMemo"": 15, ""series"": 1, ""tests"": 12, ""valueHistory"": 6, ""versions"": 1}",same inventoried inputs; recomputation mismatch
IHG.LSE,11,fundamentals/IHG.LSE.json;companies/IHG.LSE.json;raw/eodhd/IHG.LSE.json,"{""asOf"": 1, ""company"": 4, ""ownerMemo"": 5, ""versions"": 1}",source-cache arrival observed; per-field attribution unproven
IHP.LSE,42,,"{""asOf"": 1, ""company"": 2, ""ownerMemo"": 20, ""report"": 1, ""series"": 1, ""tests"": 12, ""valuation"": 4, ""versions"": 1}",same inventoried inputs; recomputation mismatch
III.LSE,26,fundamentals/III.LSE.json;companies/III.LSE.json;raw/eodhd/III.LSE.json,"{""asOf"": 1, ""company"": 2, ""ownerMemo"": 7, ""valueHistory"": 15, ""versions"": 1}",source-cache arrival observed; per-field attribution unproven
ILMN.US,22,fundamentals/ILMN.US.json;companies/ILMN.US.json;raw/eodhd/ILMN.US.json,"{""asOf"": 1, ""company"": 2, ""ownerMemo"": 5, ""series"": 1, ""tests"": 12, ""versions"": 1}",source-cache arrival observed; per-field attribution unproven
ILU.AU,33,,"{""asOf"": 1, ""company"": 2, ""ownerMemo"": 16, ""series"": 1, ""tests"": 12, ""versions"": 1}",same inventoried inputs; recomputation mismatch
IMB.LSE,9,fundamentals/IMB.LSE.json;companies/IMB.LSE.json;raw/eodhd/IMB.LSE.json,"{""asOf"": 1, ""company"": 2, ""ownerMemo"": 5, ""versions"": 1}",source-cache arrival observed; per-field attribution unproven
IMCD.AS,17,fundamentals/IMCD.AS.json;companies/IMCD.AS.json;raw/eodhd/IMCD.AS.json,"{""asOf"": 1, ""company"": 2, ""events"": 8, ""ownerMemo"": 5, ""versions"": 1}",source-cache arrival observed; per-field attribution unproven
IMD.AU,40,,"{""asOf"": 1, ""company"": 2, ""ownerMemo"": 19, ""series"": 1, ""tests"": 12, ""valuation"": 4, ""versions"": 1}",same inventoried inputs; recomputation mismatch
IMI.LSE,28,fundamentals/IMI.LSE.json;companies/IMI.LSE.json;raw/eodhd/IMI.LSE.json,"{""asOf"": 1, ""company"": 2, ""ownerMemo"": 23, ""report"": 1, ""versions"": 1}",source-cache arrival observed; per-field attribution unproven
IMO.TO,232,fundamentals/IMO.TO.json;companies/IMO.TO.json;raw/eodhd/IMO.TO.json,"{""asOf"": 1, ""company"": 4, ""ownerMemo"": 83, ""series"": 51, ""tests"": 70, ""valuation"": 7, ""valueHistory"": 15, ""versions"": 1}",source-cache arrival observed; per-field attribution unproven
INA.AU,40,,"{""asOf"": 1, ""company"": 2, ""ownerMemo"": 19, ""series"": 1, ""tests"": 12, ""valuation"": 4, ""versions"": 1}",same inventoried inputs; recomputation mismatch
INCH.LSE,82,,"{""asOf"": 1, ""company"": 2, ""ownerMemo"": 23, ""report"": 7, ""tests"": 48, ""versions"": 1}",same inventoried inputs; recomputation mismatch
INCY.US,30,fundamentals/INCY.US.json;companies/INCY.US.json;raw/eodhd/INCY.US.json,"{""asOf"": 1, ""company"": 2, ""ownerMemo"": 5, ""series"": 5, ""tests"": 12, ""valuation"": 4, ""versions"": 1}",source-cache arrival observed; per-field attribution unproven
INDIGO.NSE,125,,"{""asOf"": 1, ""ownerMemo"": 75, ""series"": 24, ""tests"": 24, ""versions"": 1}",same inventoried inputs; recomputation mismatch
INDT.ST,9,fundamentals/INDT.ST.json;companies/INDT.ST.json;raw/eodhd/INDT.ST.json,"{""asOf"": 1, ""company"": 2, ""ownerMemo"": 5, ""versions"": 1}",source-cache arrival observed; per-field attribution unproven
INDU-C.ST,127,fundamentals/INDU-C.ST.json;companies/INDU-C.ST.json;raw/eodhd/INDU-C.ST.json,"{""asOf"": 1, ""company"": 2, ""ownerMemo"": 8, ""report"": 5, ""series"": 13, ""tests"": 77, ""valuation"": 5, ""valueHistory"": 15, ""versions"": 1}",source-cache arrival observed; per-field attribution unproven
INF.LSE,111,fundamentals/INF.LSE.json;companies/INF.LSE.json;raw/eodhd/INF.LSE.json,"{""asOf"": 1, ""company"": 2, ""ownerMemo"": 26, ""report"": 9, ""series"": 1, ""tests"": 67, ""valuation"": 4, ""versions"": 1}",source-cache arrival observed; per-field attribution unproven
INFY.US,9,fundamentals/INFY.US.json;companies/INFY.US.json;raw/eodhd/INFY.US.json,"{""asOf"": 1, ""company"": 2, ""ownerMemo"": 5, ""versions"": 1}",source-cache arrival observed; per-field attribution unproven
ING.WAR,64,fundamentals/ING.WAR.json;companies/ING.WAR.json;raw/eodhd/ING.WAR.json,"{""asOf"": 1, ""company"": 2, ""ownerMemo"": 9, ""report"": 4, ""tests"": 47, ""versions"": 1}",source-cache arrival observed; per-field attribution unproven
INGA.AS,167,fundamentals/INGA.AS.json;companies/INGA.AS.json;raw/eodhd/INGA.AS.json,"{""asOf"": 1, ""company"": 2, ""ownerMemo"": 12, ""report"": 6, ""series"": 39, ""tests"": 86, ""valuation"": 8, ""valueHistory"": 12, ""versions"": 1}",source-cache arrival observed; per-field attribution unproven
INPST.AS,73,fundamentals/INPST.AS.json;companies/INPST.AS.json;raw/eodhd/INPST.AS.json,"{""asOf"": 1, ""company"": 2, ""events"": 4, ""ownerMemo"": 19, ""report"": 1, ""series"": 6, ""tests"": 18, ""valuation"": 9, ""valueHistory"": 12, ""versions"": 1}",source-cache arrival observed; per-field attribution unproven
INTC.US,10,fundamentals/INTC.US.json;companies/INTC.US.json;raw/eodhd/INTC.US.json,"{""asOf"": 1, ""company"": 2, ""ownerMemo"": 5, ""series"": 1, ""versions"": 1}",source-cache arrival observed; per-field attribution unproven
INTU.US,26,fundamentals/INTU.US.json;companies/INTU.US.json;raw/eodhd/INTU.US.json,"{""asOf"": 1, ""company"": 2, ""ownerMemo"": 5, ""series"": 1, ""tests"": 12, ""valuation"": 4, ""versions"": 1}",source-cache arrival observed; per-field attribution unproven
INVE-B.ST,72,fundamentals/INVE-B.ST.json;companies/INVE-B.ST.json;raw/eodhd/INVE-B.ST.json,"{""asOf"": 1, ""company"": 2, ""ownerMemo"": 6, ""series"": 13, ""tests"": 31, ""valuation"": 6, ""valueHistory"": 12, ""versions"": 1}",source-cache arrival observed; per-field attribution unproven
INVH.US,25,fundamentals/INVH.US.json;companies/INVH.US.json;raw/eodhd/INVH.US.json,"{""asOf"": 1, ""company"": 2, ""ownerMemo"": 4, ""series"": 1, ""tests"": 12, ""valuation"": 4, ""versions"": 1}",source-cache arrival observed; per-field attribution unproven
INVP.LSE,237,,"{""asOf"": 1, ""company"": 2, ""ownerMemo"": 49, ""report"": 8, ""series"": 45, ""tests"": 114, ""valuation"": 7, ""valueHistory"": 9, ""versions"": 1, ""volatility"": 1}",same inventoried inputs; recomputation mismatch
INW.MI,130,,"{""asOf"": 1, ""ownerMemo"": 78, ""report"": 6, ""series"": 15, ""tests"": 26, ""valuation"": 3, ""versions"": 1}",same inventoried inputs; recomputation mismatch
IOS.DU,27,fundamentals/IOS.DU.json;raw/eodhd/IOS.DU.json,"{""asOf"": 1, ""ownerMemo"": 20, ""series"": 5, ""versions"": 1}",source-cache arrival observed; per-field attribution unproven
IP.MI,123,,"{""asOf"": 1, ""ownerMemo"": 76, ""series"": 14, ""tests"": 31, ""versions"": 1}",same inventoried inputs; recomputation mismatch
IP.US,22,fundamentals/IP.US.json;companies/IP.US.json;raw/eodhd/IP.US.json,"{""asOf"": 1, ""company"": 2, ""ownerMemo"": 5, ""series"": 1, ""tests"": 12, ""versions"": 1}",source-cache arrival observed; per-field attribution unproven
IPL.NZ,71,,"{""asOf"": 1, ""ownerMemo"": 38, ""series"": 13, ""tests"": 16, ""valuation"": 2, ""versions"": 1}",same inventoried inputs; recomputation mismatch
IPN.PA,9,fundamentals/IPN.PA.json;companies/IPN.PA.json;raw/eodhd/IPN.PA.json,"{""asOf"": 1, ""company"": 2, ""ownerMemo"": 5, ""versions"": 1}",source-cache arrival observed; per-field attribution unproven
IPO.LSE,203,,"{""asOf"": 1, ""company"": 2, ""ownerMemo"": 24, ""report"": 7, ""series"": 50, ""tests"": 117, ""valueHistory"": 1, ""versions"": 1}",same inventoried inputs; recomputation mismatch
IPS.PA,95,,"{""asOf"": 1, ""company"": 2, ""ownerMemo"": 24, ""report"": 9, ""tests"": 58, ""versions"": 1}",same inventoried inputs; recomputation mismatch
IPX.AU,81,,"{""asOf"": 1, ""company"": 2, ""historyCoverage"": 2, ""ownerMemo"": 10, ""series"": 22, ""tests"": 43, ""versions"": 1}",same inventoried inputs; recomputation mismatch
IQV.US,9,fundamentals/IQV.US.json;companies/IQV.US.json;raw/eodhd/IQV.US.json,"{""asOf"": 1, ""company"": 2, ""ownerMemo"": 5, ""versions"": 1}",source-cache arrival observed; per-field attribution unproven
IR.US,239,fundamentals/IR.US.json;companies/IR.US.json;raw/eodhd/IR.US.json,"{""asOf"": 1, ""company"": 3, ""events"": 3, ""ownerMemo"": 56, ""report"": 5, ""series"": 63, ""tests"": 99, ""valuation"": 1, ""valueHistory"": 7, ""versions"": 1}",source-cache arrival observed; per-field attribution unproven
IR5B.IR,91,,"{""asOf"": 1, ""company"": 2, ""ownerMemo"": 27, ""series"": 14, ""tests"": 42, ""valuation"": 1, ""valueHistory"": 3, ""versions"": 1}",same inventoried inputs; recomputation mismatch
IRE.AU,40,,"{""asOf"": 1, ""company"": 2, ""ownerMemo"": 19, ""series"": 1, ""tests"": 12, ""valuation"": 4, ""versions"": 1}",same inventoried inputs; recomputation mismatch
IRES.IR,22,,"{""asOf"": 1, ""company"": 2, ""ownerMemo"": 18, ""versions"": 1}",same inventoried inputs; recomputation mismatch
IRM.US,21,fundamentals/IRM.US.json;companies/IRM.US.json;raw/eodhd/IRM.US.json,"{""asOf"": 1, ""company"": 2, ""ownerMemo"": 4, ""series"": 1, ""tests"": 12, ""versions"": 1}",source-cache arrival observed; per-field attribution unproven
ISAE3.SA,81,,"{""asOf"": 1, ""company"": 2, ""ownerMemo"": 21, ""series"": 1, ""tests"": 13, ""valuation"": 12, ""valueHistory"": 30, ""versions"": 1}",same inventoried inputs; recomputation mismatch
ISP.MI,54,,"{""asOf"": 1, ""ownerMemo"": 37, ""report"": 6, ""tests"": 1, ""valuation"": 1, ""valueHistory"": 7, ""versions"": 1}",same inventoried inputs; recomputation mismatch
ISRG.US,8,fundamentals/ISRG.US.json;companies/ISRG.US.json;raw/eodhd/ISRG.US.json,"{""asOf"": 1, ""company"": 2, ""ownerMemo"": 4, ""versions"": 1}",source-cache arrival observed; per-field attribution unproven
ISS.CO,25,fundamentals/ISS.CO.json;companies/ISS.CO.json;raw/eodhd/ISS.CO.json,"{""asOf"": 1, ""company"": 2, ""ownerMemo"": 5, ""series"": 1, ""tests"": 12, ""valuation"": 3, ""versions"": 1}",source-cache arrival observed; per-field attribution unproven
IT.US,558,fundamentals/IT.US.json;companies/IT.US.json;raw/eodhd/IT.US.json,"{""asOf"": 1, ""company"": 6, ""events"": 9, ""historyCoverage"": 2, ""ownerMemo"": 65, ""series"": 283, ""tests"": 128, ""valuation"": 33, ""valueHistory"": 30, ""versions"": 1}",source-cache arrival observed; per-field attribution unproven
ITC.NSE,167,,"{""asOf"": 1, ""ownerMemo"": 101, ""series"": 25, ""tests"": 39, ""versions"": 1}",same inventoried inputs; recomputation mismatch
ITH.LSE,179,fundamentals/ITH.LSE.json;companies/ITH.LSE.json;raw/eodhd/ITH.LSE.json,"{""asOf"": 1, ""company"": 2, ""events"": 2, ""ownerMemo"": 67, ""report"": 10, ""series"": 20, ""tests"": 55, ""valueHistory"": 21, ""versions"": 1}",source-cache arrival observed; per-field attribution unproven
ITRK.LSE,9,fundamentals/ITRK.LSE.json;companies/ITRK.LSE.json;raw/eodhd/ITRK.LSE.json,"{""asOf"": 1, ""company"": 2, ""ownerMemo"": 5, ""versions"": 1}",source-cache arrival observed; per-field attribution unproven
ITSA3.SA,81,,"{""asOf"": 1, ""company"": 2, ""ownerMemo"": 21, ""series"": 1, ""tests"": 13, ""valuation"": 12, ""valueHistory"": 30, ""versions"": 1}",same inventoried inputs; recomputation mismatch
ITUB3.SA,114,,"{""asOf"": 1, ""company"": 2, ""ownerMemo"": 9, ""series"": 32, ""tests"": 37, ""valuation"": 11, ""valueHistory"": 21, ""versions"": 1}",same inventoried inputs; recomputation mismatch
ITV.LSE,108,,"{""asOf"": 1, ""company"": 2, ""ownerMemo"": 24, ""report"": 9, ""series"": 1, ""tests"": 66, ""valuation"": 4, ""versions"": 1}",same inventoried inputs; recomputation mismatch
ITW.US,9,fundamentals/ITW.US.json;companies/ITW.US.json;raw/eodhd/ITW.US.json,"{""asOf"": 1, ""company"": 2, ""ownerMemo"": 5, ""versions"": 1}",source-cache arrival observed; per-field attribution unproven
ITX.MC,9,fundamentals/ITX.MC.json;companies/ITX.MC.json;raw/eodhd/ITX.MC.json,"{""asOf"": 1, ""company"": 2, ""ownerMemo"": 5, ""versions"": 1}",source-cache arrival observed; per-field attribution unproven
IVA.PA,168,,"{""asOf"": 1, ""company"": 4, ""events"": 1, ""ownerMemo"": 25, ""series"": 66, ""tests"": 70, ""versions"": 1}",same inventoried inputs; recomputation mismatch
IVG.MI,93,,"{""asOf"": 1, ""ownerMemo"": 40, ""series"": 13, ""tests"": 38, ""versions"": 1}",same inventoried inputs; recomputation mismatch
IVZ.US,507,fundamentals/IVZ.US.json;companies/IVZ.US.json;raw/eodhd/IVZ.US.json,"{""asOf"": 1, ""company"": 6, ""events"": 6, ""historyCoverage"": 2, ""ownerMemo"": 37, ""series"": 297, ""tests"": 149, ""valueHistory"": 8, ""versions"": 1}",source-cache arrival observed; per-field attribution unproven
IWG.LSE,62,,"{""asOf"": 1, ""company"": 3, ""ownerMemo"": 42, ""report"": 8, ""series"": 7, ""versions"": 1}",same inventoried inputs; recomputation mismatch
J.US,49,fundamentals/J.US.json;companies/J.US.json;raw/eodhd/J.US.json,"{""asOf"": 1, ""company"": 2, ""ownerMemo"": 45, ""versions"": 1}",source-cache arrival observed; per-field attribution unproven
JBH.AU,26,,"{""asOf"": 1, ""company"": 2, ""ownerMemo"": 20, ""valuation"": 2, ""versions"": 1}",same inventoried inputs; recomputation mismatch
JBHT.US,573,fundamentals/JBHT.US.json;companies/JBHT.US.json;raw/eodhd/JBHT.US.json,"{""asOf"": 1, ""company"": 6, ""historyCoverage"": 2, ""ownerMemo"": 49, ""series"": 308, ""tests"": 155, ""valuation"": 32, ""valueHistory"": 19, ""versions"": 1}",source-cache arrival observed; per-field attribution unproven
JBL.US,1243,fundamentals/JBL.US.json;companies/JBL.US.json;raw/eodhd/JBL.US.json,"{""asOf"": 1, ""company"": 2, ""events"": 1, ""historyCoverage"": 2, ""ownerMemo"": 61, ""series"": 639, ""tests"": 470, ""valuation"": 34, ""valueHistory"": 32, ""versions"": 1}",source-cache arrival observed; per-field attribution unproven
JCI.US,22,fundamentals/JCI.US.json;companies/JCI.US.json;raw/eodhd/JCI.US.json,"{""asOf"": 1, ""company"": 2, ""ownerMemo"": 6, ""series"": 5, ""tests"": 4, ""valueHistory"": 3, ""versions"": 1}",source-cache arrival observed; per-field attribution unproven
JD.LSE,97,,"{""asOf"": 1, ""company"": 2, ""ownerMemo"": 23, ""report"": 7, ""series"": 1, ""tests"": 62, ""versions"": 1}",same inventoried inputs; recomputation mismatch
JDO.AU,11,,"{""asOf"": 1, ""company"": 2, ""ownerMemo"": 7, ""versions"": 1}",same inventoried inputs; recomputation mismatch
JDW.LSE,75,,"{""asOf"": 1, ""company"": 3, ""ownerMemo"": 31, ""report"": 6, ""series"": 1, ""tests"": 32, ""versions"": 1}",same inventoried inputs; recomputation mismatch
JEN.XETRA,39,,"{""asOf"": 1, ""company"": 2, ""ownerMemo"": 19, ""series"": 1, ""tests"": 12, ""valuation"": 3, ""versions"": 1}",same inventoried inputs; recomputation mismatch
JHX.AU,104,fundamentals/JHX.AU.json;companies/JHX.AU.json;raw/eodhd/JHX.AU.json,"{""asOf"": 1, ""company"": 2, ""ownerMemo"": 25, ""series"": 11, ""tests"": 25, ""valuation"": 9, ""valueHistory"": 30, ""versions"": 1}",source-cache arrival observed; per-field attribution unproven
JIOFIN.NSE,52,,"{""asOf"": 1, ""ownerMemo"": 42, ""series"": 8, ""versions"": 1}",same inventoried inputs; recomputation mismatch
JKHY.US,521,fundamentals/JKHY.US.json;companies/JKHY.US.json;raw/eodhd/JKHY.US.json,"{""asOf"": 1, ""company"": 6, ""events"": 9, ""historyCoverage"": 2, ""ownerMemo"": 56, ""series"": 292, ""tests"": 144, ""valuation"": 1, ""valueHistory"": 9, ""versions"": 1}",source-cache arrival observed; per-field attribution unproven
JMAT.LSE,100,,"{""asOf"": 1, ""company"": 2, ""ownerMemo"": 18, ""report"": 9, ""series"": 1, ""tests"": 68, ""versions"": 1}",same inventoried inputs; recomputation mismatch
JMT.LS,80,fundamentals/JMT.LS.json;companies/JMT.LS.json;raw/eodhd/JMT.LS.json,"{""asOf"": 1, ""company"": 2, ""ownerMemo"": 13, ""series"": 30, ""tests"": 21, ""valueHistory"": 12, ""versions"": 1}",source-cache arrival observed; per-field attribution unproven
JNJ.US,8,fundamentals/JNJ.US.json;companies/JNJ.US.json;raw/eodhd/JNJ.US.json,"{""asOf"": 1, ""company"": 2, ""ownerMemo"": 4, ""versions"": 1}",source-cache arrival observed; per-field attribution unproven
JPM.US,59,fundamentals/JPM.US.json;companies/JPM.US.json;raw/eodhd/JPM.US.json;raw/sec-companyfacts/JPM.US.json,"{""asOf"": 1, ""company"": 2, ""ownerMemo"": 6, ""series"": 29, ""tests"": 20, ""versions"": 1}",source-cache arrival observed; per-field attribution unproven
JSG.LSE,97,,"{""asOf"": 1, ""company"": 3, ""ownerMemo"": 45, ""report"": 9, ""series"": 1, ""tests"": 33, ""valuation"": 4, ""versions"": 1}",same inventoried inputs; recomputation mismatch
JSWSTEEL.NSE,127,,"{""asOf"": 1, ""ownerMemo"": 66, ""series"": 25, ""tests"": 33, ""valuation"": 1, ""versions"": 1}",same inventoried inputs; recomputation mismatch
JUP.LSE,107,,"{""asOf"": 1, ""company"": 1, ""ownerMemo"": 23, ""report"": 9, ""series"": 1, ""tests"": 67, ""valuation"": 4, ""versions"": 1}",same inventoried inputs; recomputation mismatch
JYSK.CO,10,fundamentals/JYSK.CO.json;companies/JYSK.CO.json;raw/eodhd/JYSK.CO.json,"{""asOf"": 1, ""company"": 2, ""ownerMemo"": 6, ""versions"": 1}",source-cache arrival observed; per-field attribution unproven
K.TO,184,fundamentals/K.TO.json;companies/K.TO.json;raw/eodhd/K.TO.json,"{""asOf"": 1, ""company"": 4, ""ownerMemo"": 59, ""series"": 56, ""tests"": 57, ""valuation"": 1, ""valueHistory"": 5, ""versions"": 1}",source-cache arrival observed; per-field attribution unproven
KALMAR.HE,44,,"{""asOf"": 1, ""company"": 2, ""ownerMemo"": 27, ""series"": 13, ""versions"": 1}",same inventoried inputs; recomputation mismatch
KAR.AU,121,,"{""asOf"": 1, ""company"": 2, ""events"": 1, ""ownerMemo"": 47, ""series"": 19, ""tests"": 47, ""valueHistory"": 3, ""versions"": 1}",same inventoried inputs; recomputation mismatch
KBC.BR,170,fundamentals/KBC.BR.json;companies/KBC.BR.json;raw/eodhd/KBC.BR.json,"{""asOf"": 1, ""company"": 2, ""ownerMemo"": 11, ""report"": 6, ""series"": 38, ""tests"": 87, ""valuation"": 12, ""valueHistory"": 12, ""versions"": 1}",source-cache arrival observed; per-field attribution unproven
KBX.XETRA,32,fundamentals/KBX.XETRA.json;companies/KBX.XETRA.json;raw/eodhd/KBX.XETRA.json,"{""asOf"": 1, ""company"": 8, ""ownerMemo"": 22, ""versions"": 1}",source-cache arrival observed; per-field attribution unproven
KCN.AU,36,,"{""asOf"": 1, ""company"": 2, ""ownerMemo"": 15, ""series"": 1, ""tests"": 12, ""valuation"": 4, ""versions"": 1}",same inventoried inputs; recomputation mismatch
KCR.HE,42,fundamentals/KCR.HE.json;companies/KCR.HE.json;raw/eodhd/KCR.HE.json,"{""asOf"": 1, ""company"": 2, ""ownerMemo"": 22, ""series"": 1, ""tests"": 12, ""valuation"": 3, ""versions"": 1}",source-cache arrival observed; per-field attribution unproven
KDP.US,116,fundamentals/KDP.US.json;companies/KDP.US.json;raw/eodhd/KDP.US.json,"{""asOf"": 1, ""company"": 1, ""ownerMemo"": 27, ""report"": 11, ""series"": 1, ""tests"": 70, ""valuation"": 4, ""versions"": 1}",source-cache arrival observed; per-field attribution unproven
KEMIRA.HE,24,,"{""asOf"": 1, ""company"": 2, ""ownerMemo"": 20, ""versions"": 1}",same inventoried inputs; recomputation mismatch
KEP1.F,24,fundamentals/KEP1.F.json;companies/KEP1.F.json;raw/eodhd/KEP1.F.json,"{""asOf"": 1, ""company"": 1, ""ownerMemo"": 20, ""report"": 1, ""versions"": 1}",source-cache arrival observed; per-field attribution unproven
KER.PA,25,fundamentals/KER.PA.json;companies/KER.PA.json;raw/eodhd/KER.PA.json,"{""asOf"": 1, ""company"": 2, ""ownerMemo"": 5, ""series"": 1, ""tests"": 12, ""valuation"": 3, ""versions"": 1}",source-cache arrival observed; per-field attribution unproven
KESKOB.HE,90,fundamentals/KESKOB.HE.json;companies/KESKOB.HE.json;raw/eodhd/KESKOB.HE.json,"{""asOf"": 1, ""company"": 2, ""ownerMemo"": 22, ""report"": 7, ""series"": 1, ""tests"": 56, ""versions"": 1}",source-cache arrival observed; per-field attribution unproven
KEY.US,111,fundamentals/KEY.US.json;companies/KEY.US.json;raw/eodhd/KEY.US.json,"{""asOf"": 1, ""company"": 3, ""ownerMemo"": 13, ""series"": 36, ""tests"": 46, ""valuation"": 1, ""valueHistory"": 10, ""versions"": 1}",source-cache arrival observed; per-field attribution unproven
KEYS.US,26,fundamentals/KEYS.US.json;companies/KEYS.US.json;raw/eodhd/KEYS.US.json,"{""asOf"": 1, ""company"": 2, ""ownerMemo"": 5, ""series"": 1, ""tests"": 12, ""valuation"": 4, ""versions"": 1}",source-cache arrival observed; per-field attribution unproven
KGF.LSE,114,fundamentals/KGF.LSE.json;companies/KGF.LSE.json;raw/eodhd/KGF.LSE.json,"{""asOf"": 1, ""company"": 2, ""ownerMemo"": 26, ""report"": 10, ""series"": 1, ""tests"": 69, ""valuation"": 4, ""versions"": 1}",source-cache arrival observed; per-field attribution unproven
KGH.WAR,25,fundamentals/KGH.WAR.json;companies/KGH.WAR.json;raw/eodhd/KGH.WAR.json,"{""asOf"": 1, ""company"": 2, ""ownerMemo"": 5, ""series"": 1, ""tests"": 12, ""valuation"": 3, ""versions"": 1}",source-cache arrival observed; per-field attribution unproven
KGX.XETRA,35,fundamentals/KGX.XETRA.json;companies/KGX.XETRA.json;raw/eodhd/KGX.XETRA.json,"{""asOf"": 1, ""company"": 2, ""ownerMemo"": 18, ""series"": 1, ""tests"": 12, ""versions"": 1}",source-cache arrival observed; per-field attribution unproven
KHC.US,38,fundamentals/KHC.US.json;companies/KHC.US.json;raw/eodhd/KHC.US.json,"{""asOf"": 1, ""company"": 3, ""ownerMemo"": 33, ""versions"": 1}",source-cache arrival observed; per-field attribution unproven
KIE.LSE,85,,"{""asOf"": 1, ""company"": 3, ""ownerMemo"": 31, ""report"": 10, ""series"": 1, ""tests"": 34, ""valuation"": 4, ""versions"": 1}",same inventoried inputs; recomputation mismatch
KIM.US,593,fundamentals/KIM.US.json;companies/KIM.US.json;raw/eodhd/KIM.US.json,"{""asOf"": 1, ""company"": 6, ""events"": 6, ""historyCoverage"": 2, ""ownerMemo"": 44, ""series"": 302, ""tests"": 165, ""valuation"": 36, ""valueHistory"": 30, ""versions"": 1}",source-cache arrival observed; per-field attribution unproven
KIMBERA.MX,24,,"{""asOf"": 1, ""company"": 2, ""ownerMemo"": 20, ""versions"": 1}",same inventoried inputs; recomputation mismatch
KKR.US,59,fundamentals/KKR.US.json;companies/KKR.US.json;raw/eodhd/KKR.US.json,"{""asOf"": 1, ""company"": 2, ""ownerMemo"": 28, ""series"": 2, ""tests"": 15, ""valuation"": 1, ""valueHistory"": 9, ""versions"": 1}",source-cache arrival observed; per-field attribution unproven
KLAC.US,9,fundamentals/KLAC.US.json;companies/KLAC.US.json;raw/eodhd/KLAC.US.json,"{""asOf"": 1, ""company"": 2, ""ownerMemo"": 5, ""versions"": 1}",source-cache arrival observed; per-field attribution unproven
KLBN3.SA,155,,"{""asOf"": 1, ""company"": 2, ""events"": 2, ""ownerMemo"": 35, ""series"": 29, ""tests"": 48, ""valuation"": 13, ""valueHistory"": 24, ""versions"": 1}",same inventoried inputs; recomputation mismatch
KLR.LSE,108,,"{""asOf"": 1, ""company"": 2, ""ownerMemo"": 23, ""report"": 9, ""series"": 1, ""tests"": 67, ""valuation"": 4, ""versions"": 1}",same inventoried inputs; recomputation mismatch
KMAR.OL,36,fundamentals/KMAR.OL.json;raw/eodhd/KMAR.OL.json,"{""asOf"": 1, ""company"": 1, ""ownerMemo"": 24, ""report"": 1, ""series"": 8, ""versions"": 1}",source-cache arrival observed; per-field attribution unproven
KMB.US,9,fundamentals/KMB.US.json;companies/KMB.US.json;raw/eodhd/KMB.US.json,"{""asOf"": 1, ""company"": 2, ""ownerMemo"": 5, ""versions"": 1}",source-cache arrival observed; per-field attribution unproven
KMD.AU,237,,"{""asOf"": 1, ""company"": 2, ""events"": 13, ""historyCoverage"": 2, ""ownerMemo"": 34, ""priceHistory"": 1, ""series"": 95, ""status"": 1, ""tests"": 80, ""valueHistory"": 6, ""versions"": 1, ""w"": 1}",same inventoried inputs; recomputation mismatch
KMI.US,8,fundamentals/KMI.US.json;companies/KMI.US.json;raw/eodhd/KMI.US.json,"{""asOf"": 1, ""company"": 2, ""ownerMemo"": 4, ""versions"": 1}",source-cache arrival observed; per-field attribution unproven
KMR.IR,80,,"{""asOf"": 1, ""company"": 4, ""ownerMemo"": 23, ""series"": 12, ""tests"": 39, ""versions"": 1}",same inventoried inputs; recomputation mismatch
KNEBV.HE,9,fundamentals/KNEBV.HE.json;companies/KNEBV.HE.json;raw/eodhd/KNEBV.HE.json,"{""asOf"": 1, ""company"": 2, ""ownerMemo"": 5, ""versions"": 1}",source-cache arrival observed; per-field attribution unproven
KNIN.SW,29,fundamentals/KNIN.SW.json;companies/KNIN.SW.json;raw/eodhd/KNIN.SW.json,"{""asOf"": 1, ""company"": 2, ""ownerMemo"": 23, ""valuation"": 2, ""versions"": 1}",source-cache arrival observed; per-field attribution unproven
KNOS.LSE,76,,"{""asOf"": 1, ""company"": 3, ""ownerMemo"": 36, ""report"": 10, ""series"": 3, ""tests"": 22, ""versions"": 1}",same inventoried inputs; recomputation mismatch
KO.US,6,fundamentals/KO.US.json;companies/KO.US.json;raw/eodhd/KO.US.json,"{""asOf"": 1, ""company"": 2, ""ownerMemo"": 2, ""versions"": 1}",source-cache arrival observed; per-field attribution unproven
KOFUBL.MX,97,fundamentals/KOFUBL.MX.json;companies/KOFUBL.MX.json;raw/eodhd/KOFUBL.MX.json,"{""asOf"": 1, ""company"": 2, ""events"": 2, ""ownerMemo"": 55, ""series"": 9, ""tests"": 27, ""versions"": 1}",source-cache arrival observed; per-field attribution unproven
KOG.OL,42,fundamentals/KOG.OL.json;companies/KOG.OL.json;raw/eodhd/KOG.OL.json,"{""asOf"": 1, ""company"": 2, ""ownerMemo"": 22, ""series"": 1, ""tests"": 12, ""valuation"": 3, ""versions"": 1}",source-cache arrival observed; per-field attribution unproven
KOTAKBANK.NSE,55,,"{""asOf"": 1, ""ownerMemo"": 39, ""series"": 7, ""tests"": 7, ""versions"": 1}",same inventoried inputs; recomputation mismatch
KPDCF.US,129,,"{""asOf"": 1, ""company"": 1, ""events"": 1, ""ownerMemo"": 41, ""report"": 1, ""series"": 29, ""tests"": 44, ""valuation"": 1, ""valueHistory"": 9, ""versions"": 1}",same inventoried inputs; recomputation mismatch
KPN.AS,26,fundamentals/KPN.AS.json;companies/KPN.AS.json;raw/eodhd/KPN.AS.json,"{""asOf"": 1, ""company"": 2, ""ownerMemo"": 5, ""series"": 1, ""tests"": 12, ""valuation"": 4, ""versions"": 1}",source-cache arrival observed; per-field attribution unproven
KR.US,13,fundamentals/KR.US.json;companies/KR.US.json;raw/eodhd/KR.US.json,"{""asOf"": 1, ""company"": 2, ""ownerMemo"": 3, ""series"": 6, ""versions"": 1}",source-cache arrival observed; per-field attribution unproven
KRN.XETRA,38,,"{""asOf"": 1, ""company"": 2, ""ownerMemo"": 18, ""series"": 1, ""tests"": 12, ""valuation"": 3, ""versions"": 1}",same inventoried inputs; recomputation mismatch
KRX.IR,9,fundamentals/KRX.IR.json;companies/KRX.IR.json;raw/eodhd/KRX.IR.json,"{""asOf"": 1, ""company"": 2, ""ownerMemo"": 5, ""versions"": 1}",source-cache arrival observed; per-field attribution unproven
KRZ.IR,123,fundamentals/KRZ.IR.json;companies/KRZ.IR.json;raw/eodhd/KRZ.IR.json,"{""asOf"": 1, ""company"": 4, ""ownerMemo"": 31, ""series"": 35, ""tests"": 40, ""valuation"": 1, ""valueHistory"": 10, ""versions"": 1}",source-cache arrival observed; per-field attribution unproven
KTY.WAR,6,,"{""asOf"": 1, ""company"": 2, ""ownerMemo"": 2, ""versions"": 1}",same inventoried inputs; recomputation mismatch
KVUE.US,9,fundamentals/KVUE.US.json;companies/KVUE.US.json;raw/eodhd/KVUE.US.json,"{""asOf"": 1, ""company"": 2, ""ownerMemo"": 5, ""versions"": 1}",source-cache arrival observed; per-field attribution unproven
KWIPF.US,135,,"{""asOf"": 1, ""ownerMemo"": 53, ""report"": 1, ""series"": 32, ""tests"": 44, ""valueHistory"": 3, ""versions"": 1}",same inventoried inputs; recomputation mismatch
L.TO,55,fundamentals/L.TO.json;companies/L.TO.json;raw/eodhd/L.TO.json,"{""asOf"": 1, ""company"": 2, ""ownerMemo"": 26, ""series"": 1, ""tests"": 13, ""valuation"": 1, ""valueHistory"": 10, ""versions"": 1}",source-cache arrival observed; per-field attribution unproven
L.US,12,fundamentals/L.US.json;companies/L.US.json;raw/eodhd/L.US.json,"{""asOf"": 1, ""company"": 3, ""ownerMemo"": 7, ""versions"": 1}",source-cache arrival observed; per-field attribution unproven
LABB.MX,175,,"{""asOf"": 1, ""company"": 2, ""ownerMemo"": 107, ""series"": 17, ""tests"": 44, ""valuation"": 3, ""versions"": 1}",same inventoried inputs; recomputation mismatch
LACOMERUBC.MX,73,,"{""asOf"": 1, ""company"": 2, ""ownerMemo"": 49, ""series"": 5, ""tests"": 15, ""versions"": 1}",same inventoried inputs; recomputation mismatch
LAGR-B.ST,6,,"{""asOf"": 1, ""company"": 2, ""ownerMemo"": 2, ""versions"": 1}",same inventoried inputs; recomputation mismatch
LAND.LSE,107,fundamentals/LAND.LSE.json;companies/LAND.LSE.json;raw/eodhd/LAND.LSE.json,"{""asOf"": 1, ""company"": 2, ""ownerMemo"": 21, ""report"": 9, ""series"": 1, ""tests"": 68, ""valuation"": 4, ""versions"": 1}",source-cache arrival observed; per-field attribution unproven
LATO-B.ST,80,fundamentals/LATO-B.ST.json;companies/LATO-B.ST.json;raw/eodhd/LATO-B.ST.json,"{""asOf"": 1, ""company"": 2, ""ownerMemo"": 25, ""report"": 4, ""tests"": 47, ""versions"": 1}",source-cache arrival observed; per-field attribution unproven
LDO.MI,157,,"{""asOf"": 1, ""ownerMemo"": 92, ""report"": 2, ""series"": 17, ""tests"": 44, ""versions"": 1}",same inventoried inputs; recomputation mismatch
LDOS.US,210,fundamentals/LDOS.US.json;companies/LDOS.US.json;raw/eodhd/LDOS.US.json,"{""asOf"": 1, ""company"": 3, ""ownerMemo"": 56, ""requiredMos"": 1, ""series"": 33, ""tests"": 95, ""valuation"": 14, ""valueHistory"": 6, ""versions"": 1}",source-cache arrival observed; per-field attribution unproven
LEG.XETRA,114,,"{""asOf"": 1, ""company"": 2, ""ownerMemo"": 24, ""series"": 29, ""tests"": 30, ""valuation"": 18, ""valueHistory"": 9, ""versions"": 1}",same inventoried inputs; recomputation mismatch
LEN-B.US,329,fundamentals/LEN-B.US.json;companies/LEN-B.US.json;raw/eodhd/LEN-B.US.json,"{""asOf"": 1, ""company"": 6, ""events"": 3, ""ownerMemo"": 61, ""series"": 75, ""tests"": 105, ""valuation"": 45, ""valueHistory"": 32, ""versions"": 1}",source-cache arrival observed; per-field attribution unproven
LGEN.LSE,25,fundamentals/LGEN.LSE.json;companies/LGEN.LSE.json;raw/eodhd/LGEN.LSE.json,"{""asOf"": 1, ""company"": 2, ""ownerMemo"": 4, ""series"": 1, ""tests"": 12, ""valuation"": 4, ""versions"": 1}",source-cache arrival observed; per-field attribution unproven
LH.US,592,fundamentals/LH.US.json;companies/LH.US.json;raw/eodhd/LH.US.json,"{""asOf"": 1, ""company"": 5, ""events"": 14, ""historyCoverage"": 2, ""ownerMemo"": 69, ""series"": 299, ""tests"": 150, ""valuation"": 27, ""valueHistory"": 24, ""versions"": 1}",source-cache arrival observed; per-field attribution unproven
LHA.XETRA,36,fundamentals/LHA.XETRA.json;companies/LHA.XETRA.json;raw/eodhd/LHA.XETRA.json,"{""asOf"": 1, ""company"": 2, ""ownerMemo"": 19, ""series"": 1, ""tests"": 12, ""versions"": 1}",source-cache arrival observed; per-field attribution unproven
LHX.US,59,fundamentals/LHX.US.json;companies/LHX.US.json;raw/eodhd/LHX.US.json,"{""asOf"": 1, ""company"": 2, ""ownerMemo"": 6, ""series"": 12, ""tests"": 28, ""valueHistory"": 9, ""versions"": 1}",source-cache arrival observed; per-field attribution unproven
LI.PA,32,fundamentals/LI.PA.json;companies/LI.PA.json;raw/eodhd/LI.PA.json,"{""asOf"": 1, ""company"": 2, ""ownerMemo"": 4, ""series"": 9, ""tests"": 12, ""valuation"": 3, ""versions"": 1}",source-cache arrival observed; per-field attribution unproven
LIFCO-B.ST,26,fundamentals/LIFCO-B.ST.json;companies/LIFCO-B.ST.json;raw/eodhd/LIFCO-B.ST.json,"{""asOf"": 1, ""company"": 2, ""ownerMemo"": 22, ""versions"": 1}",source-cache arrival observed; per-field attribution unproven
LIGHT.AS,23,,"{""asOf"": 1, ""company"": 2, ""ownerMemo"": 2, ""series"": 1, ""tests"": 12, ""valuation"": 4, ""versions"": 1}",same inventoried inputs; recomputation mismatch
LII.US,572,fundamentals/LII.US.json;companies/LII.US.json;raw/eodhd/LII.US.json,"{""asOf"": 1, ""company"": 6, ""events"": 11, ""historyCoverage"": 2, ""ownerMemo"": 49, ""requiredMos"": 1, ""series"": 295, ""tests"": 161, ""valuation"": 18, ""valueHistory"": 27, ""versions"": 1}",source-cache arrival observed; per-field attribution unproven
LIN.US,9,fundamentals/LIN.US.json;companies/LIN.US.json;raw/eodhd/LIN.US.json,"{""asOf"": 1, ""company"": 2, ""ownerMemo"": 5, ""versions"": 1}",source-cache arrival observed; per-field attribution unproven
LISP.SW,39,fundamentals/LISP.SW.json;companies/LISP.SW.json;raw/eodhd/LISP.SW.json,"{""asOf"": 1, ""company"": 2, ""ownerMemo"": 22, ""series"": 1, ""tests"": 12, ""versions"": 1}",source-cache arrival observed; per-field attribution unproven
LITE.US,37,fundamentals/LITE.US.json;companies/LITE.US.json;raw/eodhd/LITE.US.json,"{""asOf"": 1, ""company"": 2, ""ownerMemo"": 5, ""series"": 8, ""tests"": 20, ""versions"": 1}",source-cache arrival observed; per-field attribution unproven
LIVEPOLC-1.MX,39,,"{""asOf"": 1, ""company"": 2, ""ownerMemo"": 20, ""series"": 1, ""tests"": 11, ""valuation"": 3, ""versions"": 1}",same inventoried inputs; recomputation mismatch
LLC.AU,31,,"{""asOf"": 1, ""company"": 2, ""ownerMemo"": 14, ""series"": 1, ""tests"": 12, ""versions"": 1}",same inventoried inputs; recomputation mismatch
LLOY.LSE,10,fundamentals/LLOY.LSE.json;companies/LLOY.LSE.json;raw/eodhd/LLOY.LSE.json,"{""asOf"": 1, ""company"": 4, ""ownerMemo"": 4, ""versions"": 1}",source-cache arrival observed; per-field attribution unproven
LLY.US,9,fundamentals/LLY.US.json;companies/LLY.US.json;raw/eodhd/LLY.US.json,"{""asOf"": 1, ""company"": 2, ""ownerMemo"": 5, ""versions"": 1}",source-cache arrival observed; per-field attribution unproven
LMP.LSE,108,fundamentals/LMP.LSE.json;companies/LMP.LSE.json;raw/eodhd/LMP.LSE.json,"{""asOf"": 1, ""company"": 2, ""ownerMemo"": 24, ""report"": 9, ""series"": 1, ""tests"": 66, ""valuation"": 4, ""versions"": 1}",source-cache arrival observed; per-field attribution unproven
LMT.US,9,fundamentals/LMT.US.json;companies/LMT.US.json;raw/eodhd/LMT.US.json,"{""asOf"": 1, ""company"": 2, ""ownerMemo"": 5, ""versions"": 1}",source-cache arrival observed; per-field attribution unproven
LNT.US,47,fundamentals/LNT.US.json;companies/LNT.US.json;raw/eodhd/LNT.US.json,"{""asOf"": 1, ""company"": 3, ""ownerMemo"": 21, ""series"": 9, ""tests"": 12, ""versions"": 1}",source-cache arrival observed; per-field attribution unproven
LNW.AU,239,fundamentals/LNW.AU.json;companies/LNW.AU.json;raw/eodhd/LNW.AU.json,"{""asOf"": 1, ""company"": 2, ""ownerMemo"": 88, ""series"": 36, ""tests"": 60, ""valuation"": 24, ""valueHistory"": 27, ""versions"": 1}",source-cache arrival observed; per-field attribution unproven
LNZ.VI,69,,"{""asOf"": 1, ""company"": 2, ""ownerMemo"": 17, ""series"": 16, ""tests"": 30, ""valueHistory"": 2, ""versions"": 1}",same inventoried inputs; recomputation mismatch
LOG.MC,6,,"{""asOf"": 1, ""company"": 2, ""ownerMemo"": 2, ""versions"": 1}",same inventoried inputs; recomputation mismatch
LOGI.US,70,fundamentals/LOGI.US.json;companies/LOGI.US.json;raw/eodhd/LOGI.US.json,"{""asOf"": 1, ""company"": 3, ""ownerMemo"": 53, ""series"": 12, ""versions"": 1}",source-cache arrival observed; per-field attribution unproven
LONN.SW,37,fundamentals/LONN.SW.json;companies/LONN.SW.json;raw/eodhd/LONN.SW.json,"{""asOf"": 1, ""company"": 2, ""ownerMemo"": 20, ""series"": 1, ""tests"": 12, ""versions"": 1}",source-cache arrival observed; per-field attribution unproven
LOOMIS.ST,6,,"{""asOf"": 1, ""company"": 2, ""ownerMemo"": 2, ""versions"": 1}",same inventoried inputs; recomputation mismatch
LOTB.BR,97,fundamentals/LOTB.BR.json;companies/LOTB.BR.json;raw/eodhd/LOTB.BR.json,"{""asOf"": 1, ""company"": 2, ""ownerMemo"": 27, ""report"": 7, ""tests"": 57, ""valuation"": 2, ""versions"": 1}",source-cache arrival observed; per-field attribution unproven
LOV.AU,24,,"{""asOf"": 1, ""company"": 2, ""ownerMemo"": 18, ""valuation"": 2, ""versions"": 1}",same inventoried inputs; recomputation mismatch
LOW.US,30,fundamentals/LOW.US.json;companies/LOW.US.json;raw/eodhd/LOW.US.json,"{""asOf"": 1, ""company"": 2, ""ownerMemo"": 26, ""versions"": 1}",source-cache arrival observed; per-field attribution unproven
LPP.WAR,25,fundamentals/LPP.WAR.json;companies/LPP.WAR.json;raw/eodhd/LPP.WAR.json,"{""asOf"": 1, ""company"": 2, ""ownerMemo"": 5, ""series"": 1, ""tests"": 12, ""valuation"": 3, ""versions"": 1}",source-cache arrival observed; per-field attribution unproven
LR.PA,9,fundamentals/LR.PA.json;companies/LR.PA.json;raw/eodhd/LR.PA.json,"{""asOf"": 1, ""company"": 2, ""ownerMemo"": 5, ""versions"": 1}",source-cache arrival observed; per-field attribution unproven
LRCX.US,9,fundamentals/LRCX.US.json;companies/LRCX.US.json;raw/eodhd/LRCX.US.json,"{""asOf"": 1, ""company"": 2, ""ownerMemo"": 5, ""versions"": 1}",source-cache arrival observed; per-field attribution unproven
LRE.LSE,83,,"{""asOf"": 1, ""company"": 3, ""ownerMemo"": 8, ""report"": 9, ""series"": 4, ""tests"": 22, ""valuation"": 5, ""valueHistory"": 30, ""versions"": 1}",same inventoried inputs; recomputation mismatch
LREN3.SA,82,,"{""asOf"": 1, ""company"": 2, ""ownerMemo"": 22, ""series"": 1, ""tests"": 13, ""valuation"": 12, ""valueHistory"": 30, ""versions"": 1}",same inventoried inputs; recomputation mismatch
LSEG.LSE,26,fundamentals/LSEG.LSE.json;companies/LSEG.LSE.json;raw/eodhd/LSEG.LSE.json,"{""asOf"": 1, ""company"": 2, ""ownerMemo"": 5, ""series"": 1, ""tests"": 12, ""valuation"": 4, ""versions"": 1}",source-cache arrival observed; per-field attribution unproven
LTMC.MI,61,,"{""asOf"": 1, ""company"": 2, ""ownerMemo"": 48, ""report"": 3, ""series"": 6, ""versions"": 1}",same inventoried inputs; recomputation mismatch
LTOD.LSE,62,fundamentals/LTOD.LSE.json;raw/eodhd/LTOD.LSE.json,"{""asOf"": 1, ""company"": 1, ""ownerMemo"": 24, ""tests"": 1, ""valuation"": 4, ""valueHistory"": 30, ""versions"": 1}",source-cache arrival observed; per-field attribution unproven
LTR.AU,83,,"{""asOf"": 1, ""company"": 2, ""ownerMemo"": 11, ""series"": 34, ""tests"": 34, ""versions"": 1}",same inventoried inputs; recomputation mismatch
LULU.US,1,fundamentals/LULU.US.json;companies/LULU.US.json;raw/eodhd/LULU.US.json,"{""dossiers"": 1}",source-cache arrival observed; per-field attribution unproven
LUMO.HE,22,,"{""asOf"": 1, ""company"": 2, ""ownerMemo"": 2, ""series"": 1, ""tests"": 12, ""valuation"": 3, ""versions"": 1}",same inventoried inputs; recomputation mismatch
LUND-B.ST,25,fundamentals/LUND-B.ST.json;companies/LUND-B.ST.json;raw/eodhd/LUND-B.ST.json,"{""asOf"": 1, ""company"": 2, ""ownerMemo"": 5, ""series"": 1, ""tests"": 12, ""valuation"": 3, ""versions"": 1}",source-cache arrival observed; per-field attribution unproven
LUV.US,10,fundamentals/LUV.US.json;companies/LUV.US.json;raw/eodhd/LUV.US.json,"{""asOf"": 1, ""company"": 2, ""ownerMemo"": 5, ""series"": 1, ""versions"": 1}",source-cache arrival observed; per-field attribution unproven
LVS.US,49,fundamentals/LVS.US.json;companies/LVS.US.json;raw/eodhd/LVS.US.json,"{""asOf"": 1, ""company"": 3, ""ownerMemo"": 21, ""series"": 1, ""tests"": 13, ""valuation"": 1, ""valueHistory"": 8, ""versions"": 1}",source-cache arrival observed; per-field attribution unproven
LXS.XETRA,35,,"{""asOf"": 1, ""company"": 2, ""ownerMemo"": 18, ""series"": 1, ""tests"": 12, ""versions"": 1}",same inventoried inputs; recomputation mismatch
LYB.US,561,fundamentals/LYB.US.json;companies/LYB.US.json;raw/eodhd/LYB.US.json,"{""asOf"": 1, ""company"": 6, ""historyCoverage"": 2, ""ownerMemo"": 37, ""series"": 269, ""tests"": 218, ""valueHistory"": 27, ""versions"": 1}",source-cache arrival observed; per-field attribution unproven
LYC.AU,38,fundamentals/LYC.AU.json;companies/LYC.AU.json;raw/eodhd/LYC.AU.json,"{""asOf"": 1, ""company"": 2, ""ownerMemo"": 21, ""series"": 1, ""tests"": 12, ""versions"": 1}",source-cache arrival observed; per-field attribution unproven
LYV.US,22,fundamentals/LYV.US.json;companies/LYV.US.json;raw/eodhd/LYV.US.json,"{""asOf"": 1, ""company"": 2, ""ownerMemo"": 5, ""series"": 1, ""tests"": 12, ""versions"": 1}",source-cache arrival observed; per-field attribution unproven
M2L.F,121,,"{""asOf"": 1, ""events"": 2, ""ownerMemo"": 50, ""series"": 28, ""tests"": 24, ""valuation"": 3, ""valueHistory"": 12, ""versions"": 1}",same inventoried inputs; recomputation mismatch
MA.US,9,fundamentals/MA.US.json;companies/MA.US.json;raw/eodhd/MA.US.json,"{""asOf"": 1, ""company"": 2, ""ownerMemo"": 5, ""versions"": 1}",source-cache arrival observed; per-field attribution unproven
MAA.US,56,fundamentals/MAA.US.json;companies/MAA.US.json;raw/eodhd/MAA.US.json,"{""asOf"": 1, ""company"": 3, ""ownerMemo"": 39, ""tests"": 1, ""valuation"": 1, ""valueHistory"": 10, ""versions"": 1}",source-cache arrival observed; per-field attribution unproven
MAB.LSE,84,,"{""asOf"": 1, ""company"": 3, ""ownerMemo"": 34, ""report"": 10, ""series"": 1, ""tests"": 34, ""versions"": 1}",same inventoried inputs; recomputation mismatch
MAERSK-B.CO,141,fundamentals/MAERSK-B.CO.json;companies/MAERSK-B.CO.json;raw/eodhd/MAERSK-B.CO.json,"{""asOf"": 1, ""company"": 2, ""ownerMemo"": 23, ""report"": 6, ""series"": 11, ""tests"": 71, ""valuation"": 8, ""valueHistory"": 18, ""versions"": 1}",source-cache arrival observed; per-field attribution unproven
MANTA.HE,51,,"{""asOf"": 1, ""company"": 2, ""ownerMemo"": 30, ""series"": 17, ""versions"": 1}",same inventoried inputs; recomputation mismatch
MAP.MC,104,fundamentals/MAP.MC.json;companies/MAP.MC.json;raw/eodhd/MAP.MC.json,"{""asOf"": 1, ""company"": 2, ""ownerMemo"": 6, ""series"": 39, ""tests"": 33, ""valuation"": 10, ""valueHistory"": 12, ""versions"": 1}",source-cache arrival observed; per-field attribution unproven
MAPGF.US,124,,"{""asOf"": 1, ""events"": 5, ""ownerMemo"": 50, ""report"": 1, ""series"": 15, ""tests"": 39, ""valuation"": 9, ""valueHistory"": 3, ""versions"": 1}",same inventoried inputs; recomputation mismatch
MAR.US,8,fundamentals/MAR.US.json;companies/MAR.US.json;raw/eodhd/MAR.US.json,"{""asOf"": 1, ""company"": 2, ""ownerMemo"": 4, ""versions"": 1}",source-cache arrival observed; per-field attribution unproven
MARUTI.NSE,154,,"{""asOf"": 1, ""ownerMemo"": 93, ""series"": 25, ""tests"": 33, ""valuation"": 1, ""versions"": 1}",same inventoried inputs; recomputation mismatch
MAS.US,640,fundamentals/MAS.US.json;companies/MAS.US.json;raw/eodhd/MAS.US.json,"{""asOf"": 1, ""company"": 6, ""events"": 18, ""historyCoverage"": 2, ""ownerMemo"": 61, ""series"": 330, ""tests"": 177, ""valuation"": 17, ""valueHistory"": 27, ""versions"": 1}",source-cache arrival observed; per-field attribution unproven
MAU.PA,167,,"{""asOf"": 1, ""company"": 2, ""ownerMemo"": 58, ""series"": 27, ""tests"": 60, ""valuation"": 9, ""valueHistory"": 9, ""versions"": 1}",same inventoried inputs; recomputation mismatch
MAXHEALTH.NSE,125,,"{""asOf"": 1, ""ownerMemo"": 78, ""series"": 23, ""tests"": 21, ""valuation"": 1, ""versions"": 1}",same inventoried inputs; recomputation mismatch
MB.MI,57,,"{""asOf"": 1, ""ownerMemo"": 26, ""report"": 5, ""tests"": 17, ""valuation"": 1, ""valueHistory"": 6, ""versions"": 1}",same inventoried inputs; recomputation mismatch
MBG.XETRA,61,fundamentals/MBG.XETRA.json;companies/MBG.XETRA.json;raw/eodhd/MBG.XETRA.json,"{""asOf"": 1, ""company"": 8, ""ownerMemo"": 26, ""series"": 1, ""tests"": 13, ""valuation"": 1, ""valueHistory"": 10, ""versions"": 1}",source-cache arrival observed; per-field attribution unproven
MBK.WAR,61,fundamentals/MBK.WAR.json;companies/MBK.WAR.json;raw/eodhd/MBK.WAR.json,"{""asOf"": 1, ""company"": 2, ""ownerMemo"": 8, ""report"": 4, ""tests"": 45, ""versions"": 1}",source-cache arrival observed; per-field attribution unproven
MBRF3.SA,45,,"{""asOf"": 1, ""company"": 2, ""ownerMemo"": 21, ""series"": 1, ""tests"": 12, ""valuation"": 1, ""valueHistory"": 6, ""versions"": 1}",same inventoried inputs; recomputation mismatch
MC.PA,9,fundamentals/MC.PA.json;companies/MC.PA.json;raw/eodhd/MC.PA.json,"{""asOf"": 1, ""company"": 2, ""ownerMemo"": 5, ""versions"": 1}",source-cache arrival observed; per-field attribution unproven
MCD.US,9,fundamentals/MCD.US.json;companies/MCD.US.json;raw/eodhd/MCD.US.json,"{""asOf"": 1, ""company"": 2, ""ownerMemo"": 5, ""versions"": 1}",source-cache arrival observed; per-field attribution unproven
MCHP.US,26,fundamentals/MCHP.US.json;companies/MCHP.US.json;raw/eodhd/MCHP.US.json,"{""asOf"": 1, ""company"": 2, ""ownerMemo"": 5, ""series"": 1, ""tests"": 12, ""valuation"": 4, ""versions"": 1}",source-cache arrival observed; per-field attribution unproven
MCK.US,9,fundamentals/MCK.US.json;companies/MCK.US.json;raw/eodhd/MCK.US.json,"{""asOf"": 1, ""company"": 2, ""ownerMemo"": 5, ""versions"": 1}",source-cache arrival observed; per-field attribution unproven
MCO.US,6,fundamentals/MCO.US.json;companies/MCO.US.json;raw/eodhd/MCO.US.json,"{""asOf"": 1, ""company"": 2, ""ownerMemo"": 2, ""versions"": 1}",source-cache arrival observed; per-field attribution unproven
MCY.AU,88,fundamentals/MCY.AU.json;companies/MCY.AU.json;raw/eodhd/MCY.AU.json,"{""asOf"": 1, ""company"": 2, ""ownerMemo"": 22, ""series"": 10, ""tests"": 15, ""valuation"": 7, ""valueHistory"": 30, ""versions"": 1}",source-cache arrival observed; per-field attribution unproven
MDLZ.US,26,fundamentals/MDLZ.US.json;companies/MDLZ.US.json;raw/eodhd/MDLZ.US.json,"{""asOf"": 1, ""company"": 2, ""ownerMemo"": 5, ""series"": 1, ""tests"": 12, ""valuation"": 4, ""versions"": 1}",source-cache arrival observed; per-field attribution unproven
MDT.US,11,fundamentals/MDT.US.json;companies/MDT.US.json;raw/eodhd/MDT.US.json,"{""asOf"": 1, ""businessDepth"": 1, ""company"": 2, ""ownerMemo"": 6, ""versions"": 1}",source-cache arrival observed; per-field attribution unproven
MEDCL.PA,26,,"{""asOf"": 1, ""company"": 2, ""ownerMemo"": 9, ""series"": 1, ""tests"": 12, ""versions"": 1}",same inventoried inputs; recomputation mismatch
MEGACPO.MX,114,,"{""asOf"": 1, ""company"": 2, ""ownerMemo"": 32, ""series"": 29, ""tests"": 34, ""valuation"": 6, ""valueHistory"": 9, ""versions"": 1}",same inventoried inputs; recomputation mismatch
MEGP.LSE,97,,"{""asOf"": 1, ""company"": 3, ""ownerMemo"": 47, ""report"": 8, ""series"": 1, ""tests"": 32, ""valuation"": 4, ""versions"": 1}",same inventoried inputs; recomputation mismatch
MELE.BR,23,,"{""asOf"": 1, ""company"": 2, ""ownerMemo"": 2, ""series"": 1, ""tests"": 12, ""valuation"": 4, ""versions"": 1}",same inventoried inputs; recomputation mismatch
MELI.US,24,fundamentals/MELI.US.json;companies/MELI.US.json;raw/eodhd/MELI.US.json,"{""asOf"": 1, ""company"": 2, ""ownerMemo"": 3, ""series"": 1, ""tests"": 12, ""valuation"": 4, ""versions"": 1}",source-cache arrival observed; per-field attribution unproven
MERY.PA,19,,"{""asOf"": 1, ""company"": 2, ""ownerMemo"": 2, ""series"": 1, ""tests"": 12, ""versions"": 1}",same inventoried inputs; recomputation mismatch
MET.US,124,fundamentals/MET.US.json;companies/MET.US.json;raw/eodhd/MET.US.json,"{""asOf"": 1, ""company"": 2, ""events"": 1, ""ownerMemo"": 10, ""series"": 41, ""tests"": 50, ""valueHistory"": 18, ""versions"": 1}",source-cache arrival observed; per-field attribution unproven
META.US,9,fundamentals/META.US.json;companies/META.US.json;raw/eodhd/META.US.json,"{""asOf"": 1, ""company"": 2, ""ownerMemo"": 5, ""versions"": 1}",source-cache arrival observed; per-field attribution unproven
METSO.HE,40,fundamentals/METSO.HE.json;companies/METSO.HE.json;raw/eodhd/METSO.HE.json,"{""asOf"": 1, ""company"": 2, ""ownerMemo"": 20, ""series"": 1, ""tests"": 12, ""valuation"": 3, ""versions"": 1}",source-cache arrival observed; per-field attribution unproven
MEZ.AU,162,fundamentals/MEZ.AU.json;companies/MEZ.AU.json;raw/eodhd/MEZ.AU.json,"{""asOf"": 1, ""company"": 2, ""events"": 4, ""ownerMemo"": 44, ""requiredMos"": 1, ""series"": 38, ""tests"": 50, ""valuation"": 14, ""valueHistory"": 6, ""versions"": 1, ""volatility"": 1}",source-cache arrival observed; per-field attribution unproven
MF.PA,101,,"{""asOf"": 1, ""company"": 2, ""ownerMemo"": 8, ""report"": 9, ""series"": 1, ""tests"": 68, ""valuation"": 5, ""valueHistory"": 6, ""versions"": 1}",same inventoried inputs; recomputation mismatch
MFC.TO,126,fundamentals/MFC.TO.json;companies/MFC.TO.json;raw/eodhd/MFC.TO.json,"{""asOf"": 1, ""company"": 6, ""ownerMemo"": 6, ""series"": 56, ""tests"": 34, ""valuation"": 10, ""valueHistory"": 12, ""versions"": 1}",source-cache arrival observed; per-field attribution unproven
MFG.AU,41,,"{""asOf"": 1, ""company"": 2, ""ownerMemo"": 20, ""series"": 1, ""tests"": 12, ""valuation"": 4, ""versions"": 1}",same inventoried inputs; recomputation mismatch
MG.TO,87,fundamentals/MG.TO.json;companies/MG.TO.json;raw/eodhd/MG.TO.json,"{""asOf"": 1, ""company"": 4, ""ownerMemo"": 6, ""series"": 11, ""tests"": 25, ""valuation"": 9, ""valueHistory"": 30, ""versions"": 1}",source-cache arrival observed; per-field attribution unproven
MGAM.LSE,90,,"{""asOf"": 1, ""company"": 3, ""ownerMemo"": 35, ""report"": 8, ""series"": 5, ""tests"": 34, ""valueHistory"": 3, ""versions"": 1}",same inventoried inputs; recomputation mismatch
MGLU3.SA,43,,"{""asOf"": 1, ""company"": 2, ""ownerMemo"": 14, ""series"": 1, ""tests"": 12, ""valueHistory"": 12, ""versions"": 1}",same inventoried inputs; recomputation mismatch
MGM.US,578,fundamentals/MGM.US.json;companies/MGM.US.json;raw/eodhd/MGM.US.json,"{""asOf"": 1, ""company"": 6, ""events"": 5, ""historyCoverage"": 2, ""ownerMemo"": 54, ""series"": 298, ""tests"": 157, ""valuation"": 31, ""valueHistory"": 23, ""versions"": 1}",source-cache arrival observed; per-field attribution unproven
MGNS.LSE,86,,"{""asOf"": 1, ""company"": 2, ""ownerMemo"": 24, ""report"": 8, ""tests"": 50, ""versions"": 1}",same inventoried inputs; recomputation mismatch
MGR.AU,38,,"{""asOf"": 1, ""company"": 2, ""ownerMemo"": 17, ""series"": 1, ""tests"": 12, ""valuation"": 4, ""versions"": 1}",same inventoried inputs; recomputation mismatch
MHID.LSE,54,fundamentals/MHID.LSE.json;raw/eodhd/MHID.LSE.json,"{""asOf"": 1, ""company"": 1, ""ownerMemo"": 22, ""tests"": 1, ""valuation"": 4, ""valueHistory"": 24, ""versions"": 1}",source-cache arrival observed; per-field attribution unproven
MI6.AU,55,,"{""asOf"": 1, ""company"": 2, ""ownerMemo"": 14, ""series"": 8, ""tests"": 29, ""versions"": 1}",same inventoried inputs; recomputation mismatch
MICC.AS,54,fundamentals/MICC.AS.json;companies/MICC.AS.json;raw/eodhd/MICC.AS.json,"{""asOf"": 1, ""company"": 4, ""ownerMemo"": 37, ""series"": 11, ""versions"": 1}",source-cache arrival observed; per-field attribution unproven
MIL.WAR,8,fundamentals/MIL.WAR.json;companies/MIL.WAR.json;raw/eodhd/MIL.WAR.json,"{""asOf"": 1, ""company"": 2, ""ownerMemo"": 4, ""versions"": 1}",source-cache arrival observed; per-field attribution unproven
MIN.AU,35,fundamentals/MIN.AU.json;companies/MIN.AU.json;raw/eodhd/MIN.AU.json,"{""asOf"": 1, ""company"": 2, ""ownerMemo"": 18, ""series"": 1, ""tests"": 12, ""versions"": 1}",source-cache arrival observed; per-field attribution unproven
MIO.IR,46,,"{""asOf"": 1, ""company"": 2, ""ownerMemo"": 28, ""series"": 1, ""tests"": 2, ""valuation"": 1, ""valueHistory"": 10, ""versions"": 1}",same inventoried inputs; recomputation mismatch
MKC-V.US,568,fundamentals/MKC-V.US.json;companies/MKC-V.US.json;raw/eodhd/MKC-V.US.json,"{""asOf"": 1, ""company"": 5, ""events"": 7, ""historyCoverage"": 2, ""ownerMemo"": 37, ""requiredMos"": 1, ""series"": 293, ""tests"": 157, ""valuation"": 34, ""valueHistory"": 30, ""versions"": 1}",source-cache arrival observed; per-field attribution unproven
MKS.LSE,102,fundamentals/MKS.LSE.json;companies/MKS.LSE.json;raw/eodhd/MKS.LSE.json,"{""asOf"": 1, ""company"": 2, ""ownerMemo"": 20, ""report"": 10, ""series"": 1, ""tests"": 67, ""versions"": 1}",source-cache arrival observed; per-field attribution unproven
ML.PA,22,fundamentals/ML.PA.json;companies/ML.PA.json;raw/eodhd/ML.PA.json,"{""asOf"": 1, ""company"": 2, ""ownerMemo"": 5, ""series"": 1, ""tests"": 12, ""versions"": 1}",source-cache arrival observed; per-field attribution unproven
MLC.IR,18,,"{""asOf"": 1, ""company"": 2, ""ownerMemo"": 9, ""series"": 2, ""tests"": 3, ""versions"": 1}",same inventoried inputs; recomputation mismatch
MLM.US,9,fundamentals/MLM.US.json;companies/MLM.US.json;raw/eodhd/MLM.US.json,"{""asOf"": 1, ""company"": 2, ""ownerMemo"": 5, ""versions"": 1}",source-cache arrival observed; per-field attribution unproven
MMM.US,26,fundamentals/MMM.US.json;companies/MMM.US.json;raw/eodhd/MMM.US.json,"{""asOf"": 1, ""company"": 2, ""ownerMemo"": 5, ""series"": 1, ""tests"": 12, ""valuation"": 4, ""versions"": 1}",source-cache arrival observed; per-field attribution unproven
MMT.PA,22,,"{""asOf"": 1, ""company"": 2, ""ownerMemo"": 2, ""series"": 1, ""tests"": 12, ""valuation"": 3, ""versions"": 1}",same inventoried inputs; recomputation mismatch
MND.AU,25,,"{""asOf"": 1, ""company"": 2, ""ownerMemo"": 19, ""valuation"": 2, ""versions"": 1}",same inventoried inputs; recomputation mismatch
MNDI.LSE,94,,"{""asOf"": 1, ""company"": 2, ""ownerMemo"": 20, ""report"": 1, ""series"": 11, ""tests"": 25, ""valuation"": 9, ""valueHistory"": 24, ""versions"": 1}",same inventoried inputs; recomputation mismatch
MNG.LSE,76,fundamentals/MNG.LSE.json;companies/MNG.LSE.json;raw/eodhd/MNG.LSE.json,"{""asOf"": 1, ""company"": 2, ""events"": 4, ""ownerMemo"": 24, ""report"": 10, ""series"": 1, ""tests"": 33, ""versions"": 1}",source-cache arrival observed; per-field attribution unproven
MNO.LSE,18,,"{""asOf"": 1, ""company"": 2, ""ownerMemo"": 3, ""report"": 1, ""series"": 10, ""versions"": 1}",same inventoried inputs; recomputation mismatch
MNST.US,9,fundamentals/MNST.US.json;companies/MNST.US.json;raw/eodhd/MNST.US.json,"{""asOf"": 1, ""company"": 2, ""ownerMemo"": 5, ""versions"": 1}",source-cache arrival observed; per-field attribution unproven
MO.US,26,fundamentals/MO.US.json;companies/MO.US.json;raw/eodhd/MO.US.json,"{""asOf"": 1, ""company"": 2, ""ownerMemo"": 5, ""series"": 1, ""tests"": 12, ""valuation"": 4, ""versions"": 1}",source-cache arrival observed; per-field attribution unproven
MOBN.SW,42,,"{""asOf"": 1, ""company"": 2, ""ownerMemo"": 20, ""series"": 1, ""tests"": 12, ""valuation"": 5, ""versions"": 1}",same inventoried inputs; recomputation mismatch
MONC.MI,126,,"{""asOf"": 1, ""ownerMemo"": 75, ""series"": 16, ""tests"": 33, ""versions"": 1}",same inventoried inputs; recomputation mismatch
MONT.BR,41,,"{""asOf"": 1, ""company"": 2, ""ownerMemo"": 20, ""series"": 1, ""tests"": 12, ""valuation"": 4, ""versions"": 1}",same inventoried inputs; recomputation mismatch
MONY.LSE,57,,"{""asOf"": 1, ""company"": 3, ""ownerMemo"": 35, ""report"": 1, ""tests"": 16, ""versions"": 1}",same inventoried inputs; recomputation mismatch
MOON.LSE,68,,"{""asOf"": 1, ""company"": 3, ""ownerMemo"": 35, ""report"": 8, ""tests"": 20, ""versions"": 1}",same inventoried inputs; recomputation mismatch
MOS.US,458,fundamentals/MOS.US.json;companies/MOS.US.json;raw/eodhd/MOS.US.json,"{""asOf"": 1, ""company"": 6, ""events"": 5, ""historyCoverage"": 2, ""ownerMemo"": 25, ""series"": 271, ""tests"": 121, ""valuation"": 1, ""valueHistory"": 25, ""versions"": 1}",source-cache arrival observed; per-field attribution unproven
MOTV3.SA,46,,"{""asOf"": 1, ""company"": 2, ""ownerMemo"": 14, ""series"": 1, ""tests"": 12, ""valueHistory"": 15, ""versions"": 1}",same inventoried inputs; recomputation mismatch
MOWI.OL,102,fundamentals/MOWI.OL.json;companies/MOWI.OL.json;raw/eodhd/MOWI.OL.json,"{""asOf"": 1, ""company"": 2, ""ownerMemo"": 24, ""series"": 11, ""tests"": 25, ""valuation"": 8, ""valueHistory"": 30, ""versions"": 1}",source-cache arrival observed; per-field attribution unproven
MP1.AU,28,,"{""asOf"": 1, ""company"": 2, ""ownerMemo"": 11, ""series"": 1, ""tests"": 12, ""versions"": 1}",same inventoried inputs; recomputation mismatch
MPC.US,26,fundamentals/MPC.US.json;companies/MPC.US.json;raw/eodhd/MPC.US.json,"{""asOf"": 1, ""company"": 2, ""ownerMemo"": 5, ""series"": 1, ""tests"": 12, ""valuation"": 4, ""versions"": 1}",source-cache arrival observed; per-field attribution unproven
MPL.AU,99,fundamentals/MPL.AU.json;companies/MPL.AU.json;raw/eodhd/MPL.AU.json,"{""asOf"": 1, ""company"": 2, ""ownerMemo"": 11, ""series"": 30, ""tests"": 32, ""valuation"": 4, ""valueHistory"": 18, ""versions"": 1}",source-cache arrival observed; per-field attribution unproven
MPWR.US,9,fundamentals/MPWR.US.json;companies/MPWR.US.json;raw/eodhd/MPWR.US.json,"{""asOf"": 1, ""company"": 2, ""ownerMemo"": 5, ""versions"": 1}",source-cache arrival observed; per-field attribution unproven
MQG.AU,44,fundamentals/MQG.AU.json;companies/MQG.AU.json;raw/eodhd/MQG.AU.json,"{""asOf"": 1, ""company"": 2, ""ownerMemo"": 23, ""series"": 1, ""tests"": 12, ""valuation"": 4, ""versions"": 1}",source-cache arrival observed; per-field attribution unproven
MRK.US,9,fundamentals/MRK.US.json;companies/MRK.US.json;raw/eodhd/MRK.US.json,"{""asOf"": 1, ""company"": 2, ""ownerMemo"": 5, ""versions"": 1}",source-cache arrival observed; per-field attribution unproven
MRK.XETRA,31,fundamentals/MRK.XETRA.json;companies/MRK.XETRA.json;raw/eodhd/MRK.XETRA.json,"{""asOf"": 1, ""company"": 8, ""ownerMemo"": 5, ""series"": 1, ""tests"": 12, ""valuation"": 3, ""versions"": 1}",source-cache arrival observed; per-field attribution unproven
MRL.MC,26,fundamentals/MRL.MC.json;companies/MRL.MC.json;raw/eodhd/MRL.MC.json,"{""asOf"": 1, ""company"": 4, ""ownerMemo"": 4, ""series"": 1, ""tests"": 12, ""valuation"": 3, ""versions"": 1}",source-cache arrival observed; per-field attribution unproven
MRN.PA,19,,"{""asOf"": 1, ""company"": 2, ""ownerMemo"": 2, ""series"": 1, ""tests"": 12, ""versions"": 1}",same inventoried inputs; recomputation mismatch
MRNA.US,22,fundamentals/MRNA.US.json;companies/MRNA.US.json;raw/eodhd/MRNA.US.json,"{""asOf"": 1, ""company"": 2, ""ownerMemo"": 5, ""series"": 1, ""tests"": 12, ""versions"": 1}",source-cache arrival observed; per-field attribution unproven
MRO.LSE,55,fundamentals/MRO.LSE.json;companies/MRO.LSE.json;raw/eodhd/MRO.LSE.json,"{""asOf"": 1, ""company"": 2, ""events"": 19, ""ownerMemo"": 18, ""report"": 1, ""series"": 1, ""tests"": 12, ""versions"": 1}",source-cache arrival observed; per-field attribution unproven
MRSH.US,9,fundamentals/MRSH.US.json;companies/MRSH.US.json;raw/eodhd/MRSH.US.json,"{""asOf"": 1, ""company"": 2, ""ownerMemo"": 5, ""versions"": 1}",source-cache arrival observed; per-field attribution unproven
MRU.TO,55,fundamentals/MRU.TO.json;companies/MRU.TO.json;raw/eodhd/MRU.TO.json,"{""asOf"": 1, ""company"": 2, ""ownerMemo"": 26, ""series"": 1, ""tests"": 13, ""valuation"": 1, ""valueHistory"": 10, ""versions"": 1}",source-cache arrival observed; per-field attribution unproven
MRVE3.SA,51,,"{""asOf"": 1, ""company"": 2, ""ownerMemo"": 16, ""series"": 1, ""tests"": 12, ""valueHistory"": 18, ""versions"": 1}",same inventoried inputs; recomputation mismatch
MRVL.US,26,fundamentals/MRVL.US.json;companies/MRVL.US.json;raw/eodhd/MRVL.US.json,"{""asOf"": 1, ""company"": 2, ""ownerMemo"": 5, ""series"": 1, ""tests"": 12, ""valuation"": 4, ""versions"": 1}",source-cache arrival observed; per-field attribution unproven
MS.US,45,fundamentals/MS.US.json;companies/MS.US.json;raw/eodhd/MS.US.json;raw/sec-companyfacts/MS.US.json,"{""asOf"": 1, ""company"": 2, ""ownerMemo"": 2, ""series"": 24, ""tests"": 15, ""versions"": 1}",source-cache arrival observed; per-field attribution unproven
MSB.AU,40,,"{""asOf"": 1, ""company"": 2, ""ownerMemo"": 2, ""series"": 11, ""tests"": 23, ""versions"": 1}",same inventoried inputs; recomputation mismatch
MSCI.US,9,fundamentals/MSCI.US.json;companies/MSCI.US.json;raw/eodhd/MSCI.US.json,"{""asOf"": 1, ""company"": 2, ""ownerMemo"": 5, ""versions"": 1}",source-cache arrival observed; per-field attribution unproven
MSFT.US,8,fundamentals/MSFT.US.json;companies/MSFT.US.json;raw/eodhd/MSFT.US.json,"{""asOf"": 1, ""company"": 2, ""ownerMemo"": 4, ""versions"": 1}",source-cache arrival observed; per-field attribution unproven
MSI.US,9,fundamentals/MSI.US.json;companies/MSI.US.json;raw/eodhd/MSI.US.json,"{""asOf"": 1, ""company"": 2, ""ownerMemo"": 5, ""versions"": 1}",source-cache arrival observed; per-field attribution unproven
MSTR.US,22,fundamentals/MSTR.US.json;companies/MSTR.US.json;raw/eodhd/MSTR.US.json,"{""asOf"": 1, ""company"": 2, ""ownerMemo"": 5, ""series"": 1, ""tests"": 12, ""versions"": 1}",source-cache arrival observed; per-field attribution unproven
MT.AS,113,fundamentals/MT.AS.json;companies/MT.AS.json;raw/eodhd/MT.AS.json,"{""asOf"": 1, ""company"": 2, ""ownerMemo"": 24, ""report"": 7, ""series"": 11, ""tests"": 55, ""valueHistory"": 12, ""versions"": 1}",source-cache arrival observed; per-field attribution unproven
MTB.US,181,fundamentals/MTB.US.json;companies/MTB.US.json;raw/eodhd/MTB.US.json,"{""asOf"": 1, ""businessDepth"": 2, ""company"": 4, ""ownerMemo"": 13, ""series"": 72, ""tests"": 82, ""valueHistory"": 6, ""versions"": 1}",source-cache arrival observed; per-field attribution unproven
MTD.US,69,fundamentals/MTD.US.json;companies/MTD.US.json;raw/eodhd/MTD.US.json,"{""asOf"": 1, ""company"": 3, ""ownerMemo"": 64, ""versions"": 1}",source-cache arrival observed; per-field attribution unproven
MTLN.LSE,46,fundamentals/MTLN.LSE.json;companies/MTLN.LSE.json;raw/eodhd/MTLN.LSE.json,"{""asOf"": 1, ""company"": 4, ""ownerMemo"": 23, ""series"": 1, ""tests"": 12, ""valuation"": 4, ""versions"": 1}",source-cache arrival observed; per-field attribution unproven
MTO.LSE,86,,"{""asOf"": 1, ""company"": 2, ""ownerMemo"": 21, ""report"": 8, ""tests"": 53, ""versions"": 1}",same inventoried inputs; recomputation mismatch
MTRO.LSE,42,,"{""asOf"": 1, ""company"": 3, ""ownerMemo"": 7, ""report"": 9, ""tests"": 21, ""versions"": 1}",same inventoried inputs; recomputation mismatch
MTS.AU,48,,"{""asOf"": 1, ""company"": 2, ""ownerMemo"": 21, ""series"": 1, ""tests"": 13, ""valuation"": 1, ""valueHistory"": 8, ""versions"": 1}",same inventoried inputs; recomputation mismatch
MTX.XETRA,43,fundamentals/MTX.XETRA.json;companies/MTX.XETRA.json;raw/eodhd/MTX.XETRA.json,"{""asOf"": 1, ""company"": 2, ""ownerMemo"": 23, ""series"": 1, ""tests"": 12, ""valuation"": 3, ""versions"": 1}",source-cache arrival observed; per-field attribution unproven
MU.US,1181,fundamentals/MU.US.json;companies/MU.US.json;raw/eodhd/MU.US.json,"{""asOf"": 1, ""company"": 2, ""events"": 1, ""historyCoverage"": 2, ""ownerMemo"": 64, ""series"": 620, ""tests"": 456, ""valuation"": 33, ""valueHistory"": 1, ""versions"": 1}",source-cache arrival observed; per-field attribution unproven
MULT3.SA,82,,"{""asOf"": 1, ""company"": 2, ""ownerMemo"": 22, ""series"": 1, ""tests"": 13, ""valuation"": 12, ""valueHistory"": 30, ""versions"": 1}",same inventoried inputs; recomputation mismatch
MUV2.XETRA,93,fundamentals/MUV2.XETRA.json;companies/MUV2.XETRA.json;raw/eodhd/MUV2.XETRA.json,"{""asOf"": 1, ""company"": 2, ""ownerMemo"": 10, ""series"": 32, ""tests"": 34, ""valuation"": 1, ""valueHistory"": 12, ""versions"": 1}",source-cache arrival observed; per-field attribution unproven
MYCR.ST,68,fundamentals/MYCR.ST.json;companies/MYCR.ST.json;raw/eodhd/MYCR.ST.json,"{""asOf"": 1, ""company"": 2, ""ownerMemo"": 23, ""series"": 32, ""valueHistory"": 9, ""versions"": 1}",source-cache arrival observed; per-field attribution unproven
N91.LSE,103,,"{""asOf"": 1, ""company"": 2, ""ownerMemo"": 24, ""report"": 7, ""series"": 1, ""tests"": 63, ""valuation"": 4, ""versions"": 1}",same inventoried inputs; recomputation mismatch
NA.TO,24,fundamentals/NA.TO.json;companies/NA.TO.json;raw/eodhd/NA.TO.json,"{""asOf"": 1, ""company"": 2, ""ownerMemo"": 10, ""valuation"": 2, ""valueHistory"": 8, ""versions"": 1}",source-cache arrival observed; per-field attribution unproven
NAB.AU,97,fundamentals/NAB.AU.json;companies/NAB.AU.json;raw/eodhd/NAB.AU.json,"{""asOf"": 1, ""company"": 2, ""ownerMemo"": 10, ""series"": 32, ""tests"": 36, ""valuation"": 3, ""valueHistory"": 12, ""versions"": 1}",source-cache arrival observed; per-field attribution unproven
NANO.PA,21,,"{""asOf"": 1, ""company"": 4, ""ownerMemo"": 2, ""series"": 1, ""tests"": 12, ""versions"": 1}",same inventoried inputs; recomputation mismatch
NAS.OL,91,,"{""asOf"": 1, ""company"": 2, ""events"": 3, ""ownerMemo"": 37, ""series"": 14, ""tests"": 33, ""versions"": 1}",same inventoried inputs; recomputation mismatch
NATU3.SA,55,,"{""asOf"": 1, ""company"": 2, ""ownerMemo"": 17, ""series"": 1, ""tests"": 12, ""valueHistory"": 21, ""versions"": 1}",same inventoried inputs; recomputation mismatch
NBIS.US,487,fundamentals/NBIS.US.json;companies/NBIS.US.json;raw/eodhd/NBIS.US.json,"{""asOf"": 1, ""company"": 2, ""events"": 3, ""historyCoverage"": 2, ""ownerMemo"": 43, ""series"": 243, ""tests"": 177, ""valuation"": 1, ""valueHistory"": 14, ""versions"": 1}",source-cache arrival observed; per-field attribution unproven
NCC.LSE,91,,"{""asOf"": 1, ""company"": 3, ""ownerMemo"": 37, ""report"": 10, ""series"": 1, ""tests"": 34, ""valuation"": 4, ""versions"": 1}",same inventoried inputs; recomputation mismatch
NCK.AU,25,,"{""asOf"": 1, ""company"": 2, ""ownerMemo"": 19, ""valuation"": 2, ""versions"": 1}",same inventoried inputs; recomputation mismatch
NCLH.US,446,fundamentals/NCLH.US.json;companies/NCLH.US.json;raw/eodhd/NCLH.US.json,"{""asOf"": 1, ""company"": 6, ""events"": 4, ""historyCoverage"": 2, ""ownerMemo"": 31, ""series"": 245, ""tests"": 147, ""valueHistory"": 9, ""versions"": 1}",source-cache arrival observed; per-field attribution unproven
NDA-FI.HE,111,fundamentals/NDA-FI.HE.json;companies/NDA-FI.HE.json;raw/eodhd/NDA-FI.HE.json,"{""asOf"": 1, ""company"": 4, ""ownerMemo"": 11, ""series"": 37, ""tests"": 35, ""valuation"": 10, ""valueHistory"": 12, ""versions"": 1}",source-cache arrival observed; per-field attribution unproven
NDA.XETRA,41,fundamentals/NDA.XETRA.json;companies/NDA.XETRA.json;raw/eodhd/NDA.XETRA.json,"{""asOf"": 1, ""company"": 2, ""ownerMemo"": 21, ""series"": 1, ""tests"": 12, ""valuation"": 3, ""versions"": 1}",source-cache arrival observed; per-field attribution unproven
NDAQ.US,7,fundamentals/NDAQ.US.json;companies/NDAQ.US.json;raw/eodhd/NDAQ.US.json,"{""asOf"": 1, ""company"": 2, ""ownerMemo"": 3, ""versions"": 1}",source-cache arrival observed; per-field attribution unproven
NDSN.US,540,fundamentals/NDSN.US.json;companies/NDSN.US.json;raw/eodhd/NDSN.US.json,"{""asOf"": 1, ""company"": 6, ""events"": 17, ""historyCoverage"": 2, ""ownerMemo"": 57, ""series"": 279, ""tests"": 117, ""valuation"": 32, ""valueHistory"": 28, ""versions"": 1}",source-cache arrival observed; per-field attribution unproven
NDX1.XETRA,32,fundamentals/NDX1.XETRA.json;companies/NDX1.XETRA.json;raw/eodhd/NDX1.XETRA.json,"{""asOf"": 1, ""company"": 2, ""ownerMemo"": 15, ""series"": 1, ""tests"": 12, ""versions"": 1}",source-cache arrival observed; per-field attribution unproven
NEC.AU,33,,"{""asOf"": 1, ""company"": 2, ""ownerMemo"": 16, ""series"": 1, ""tests"": 12, ""versions"": 1}",same inventoried inputs; recomputation mismatch
NEE.US,22,fundamentals/NEE.US.json;companies/NEE.US.json;raw/eodhd/NEE.US.json,"{""asOf"": 1, ""company"": 2, ""ownerMemo"": 5, ""series"": 1, ""tests"": 12, ""versions"": 1}",source-cache arrival observed; per-field attribution unproven
NEM.US,25,fundamentals/NEM.US.json;companies/NEM.US.json;raw/eodhd/NEM.US.json,"{""asOf"": 1, ""company"": 2, ""ownerMemo"": 4, ""series"": 1, ""tests"": 12, ""valuation"": 4, ""versions"": 1}",source-cache arrival observed; per-field attribution unproven
NEM.XETRA,27,fundamentals/NEM.XETRA.json;companies/NEM.XETRA.json;raw/eodhd/NEM.XETRA.json,"{""asOf"": 1, ""company"": 2, ""ownerMemo"": 23, ""versions"": 1}",source-cache arrival observed; per-field attribution unproven
NESN.SW,44,fundamentals/NESN.SW.json;companies/NESN.SW.json;raw/eodhd/NESN.SW.json,"{""asOf"": 1, ""company"": 2, ""ownerMemo"": 22, ""series"": 1, ""tests"": 12, ""valuation"": 5, ""versions"": 1}",source-cache arrival observed; per-field attribution unproven
NESTE.HE,22,fundamentals/NESTE.HE.json;companies/NESTE.HE.json;raw/eodhd/NESTE.HE.json,"{""asOf"": 1, ""company"": 2, ""ownerMemo"": 5, ""series"": 1, ""tests"": 12, ""versions"": 1}",source-cache arrival observed; per-field attribution unproven
NESTLEIND.NSE,25,,"{""asOf"": 1, ""ownerMemo"": 20, ""series"": 3, ""versions"": 1}",same inventoried inputs; recomputation mismatch
NEU.AU,36,,"{""asOf"": 1, ""company"": 2, ""ownerMemo"": 15, ""series"": 1, ""tests"": 12, ""valuation"": 4, ""versions"": 1}",same inventoried inputs; recomputation mismatch
NEX.PA,25,fundamentals/NEX.PA.json;companies/NEX.PA.json;raw/eodhd/NEX.PA.json,"{""asOf"": 1, ""company"": 2, ""ownerMemo"": 5, ""series"": 1, ""tests"": 12, ""valuation"": 3, ""versions"": 1}",source-cache arrival observed; per-field attribution unproven
NEXI.MI,134,,"{""asOf"": 1, ""ownerMemo"": 81, ""report"": 6, ""series"": 17, ""tests"": 28, ""versions"": 1}",same inventoried inputs; recomputation mismatch
NFLX.US,9,fundamentals/NFLX.US.json;companies/NFLX.US.json;raw/eodhd/NFLX.US.json,"{""asOf"": 1, ""company"": 2, ""ownerMemo"": 5, ""versions"": 1}",source-cache arrival observed; per-field attribution unproven
NG.LSE,24,fundamentals/NG.LSE.json;companies/NG.LSE.json;raw/eodhd/NG.LSE.json,"{""asOf"": 1, ""company"": 4, ""ownerMemo"": 5, ""series"": 1, ""tests"": 12, ""versions"": 1}",source-cache arrival observed; per-field attribution unproven
NHC.AU,40,,"{""asOf"": 1, ""company"": 2, ""ownerMemo"": 19, ""series"": 1, ""tests"": 12, ""valuation"": 4, ""versions"": 1}",same inventoried inputs; recomputation mismatch
NHF.AU,114,,"{""asOf"": 1, ""company"": 2, ""ownerMemo"": 8, ""series"": 32, ""tests"": 35, ""valuation"": 11, ""valueHistory"": 24, ""versions"": 1}",same inventoried inputs; recomputation mismatch
NHY.OL,42,fundamentals/NHY.OL.json;companies/NHY.OL.json;raw/eodhd/NHY.OL.json,"{""asOf"": 1, ""company"": 2, ""ownerMemo"": 22, ""series"": 1, ""tests"": 12, ""valuation"": 3, ""versions"": 1}",source-cache arrival observed; per-field attribution unproven
NI.US,513,fundamentals/NI.US.json;companies/NI.US.json;raw/eodhd/NI.US.json,"{""asOf"": 1, ""company"": 6, ""events"": 8, ""historyCoverage"": 2, ""ownerMemo"": 26, ""series"": 308, ""tests"": 157, ""valuation"": 1, ""valueHistory"": 3, ""versions"": 1}",source-cache arrival observed; per-field attribution unproven
NIBE-B.ST,79,fundamentals/NIBE-B.ST.json;companies/NIBE-B.ST.json;raw/eodhd/NIBE-B.ST.json,"{""asOf"": 1, ""company"": 2, ""ownerMemo"": 24, ""report"": 4, ""tests"": 47, ""versions"": 1}",source-cache arrival observed; per-field attribution unproven
NIC.AU,70,,"{""asOf"": 1, ""company"": 2, ""ownerMemo"": 17, ""series"": 9, ""tests"": 22, ""valuation"": 9, ""valueHistory"": 9, ""versions"": 1}",same inventoried inputs; recomputation mismatch
NK.PA,88,,"{""asOf"": 1, ""company"": 2, ""ownerMemo"": 20, ""report"": 4, ""series"": 1, ""tests"": 59, ""versions"": 1}",same inventoried inputs; recomputation mismatch
NK7.F,84,,"{""asOf"": 1, ""ownerMemo"": 56, ""series"": 8, ""tests"": 18, ""versions"": 1}",same inventoried inputs; recomputation mismatch
NKE.US,58,fundamentals/NKE.US.json;companies/NKE.US.json;raw/eodhd/NKE.US.json,"{""asOf"": 1, ""company"": 2, ""ownerMemo"": 7, ""series"": 8, ""tests"": 19, ""valuation"": 17, ""valueHistory"": 3, ""versions"": 1}",source-cache arrival observed; per-field attribution unproven
NKT.CO,49,fundamentals/NKT.CO.json;companies/NKT.CO.json;raw/eodhd/NKT.CO.json,"{""asOf"": 1, ""company"": 4, ""ownerMemo"": 5, ""series"": 11, ""tests"": 24, ""valueHistory"": 3, ""versions"": 1}",source-cache arrival observed; per-field attribution unproven
NN.AS,114,fundamentals/NN.AS.json;companies/NN.AS.json;raw/eodhd/NN.AS.json,"{""asOf"": 1, ""company"": 4, ""events"": 8, ""ownerMemo"": 6, ""series"": 37, ""tests"": 35, ""valuation"": 10, ""valueHistory"": 12, ""versions"": 1}",source-cache arrival observed; per-field attribution unproven
NOC.US,9,fundamentals/NOC.US.json;companies/NOC.US.json;raw/eodhd/NOC.US.json,"{""asOf"": 1, ""company"": 2, ""ownerMemo"": 5, ""versions"": 1}",source-cache arrival observed; per-field attribution unproven
NOD.OL,207,,"{""asOf"": 1, ""company"": 2, ""ownerMemo"": 68, ""series"": 49, ""tests"": 68, ""valueHistory"": 18, ""versions"": 1}",same inventoried inputs; recomputation mismatch
NOKIA.HE,29,fundamentals/NOKIA.HE.json;companies/NOKIA.HE.json;raw/eodhd/NOKIA.HE.json,"{""asOf"": 1, ""company"": 6, ""ownerMemo"": 5, ""series"": 1, ""tests"": 12, ""valuation"": 3, ""versions"": 1}",source-cache arrival observed; per-field attribution unproven
NOS.LS,125,,"{""asOf"": 1, ""company"": 2, ""ownerMemo"": 48, ""series"": 31, ""tests"": 32, ""valuation"": 1, ""valueHistory"": 9, ""versions"": 1}",same inventoried inputs; recomputation mismatch
NOVN.SW,75,fundamentals/NOVN.SW.json;companies/NOVN.SW.json;raw/eodhd/NOVN.SW.json,"{""asOf"": 1, ""company"": 4, ""ownerMemo"": 7, ""series"": 10, ""tests"": 15, ""valuation"": 7, ""valueHistory"": 30, ""versions"": 1}",source-cache arrival observed; per-field attribution unproven
NOVO-B.CO,10,fundamentals/NOVO-B.CO.json;companies/NOVO-B.CO.json;raw/eodhd/NOVO-B.CO.json,"{""asOf"": 1, ""company"": 4, ""ownerMemo"": 4, ""versions"": 1}",source-cache arrival observed; per-field attribution unproven
NOW.US,22,fundamentals/NOW.US.json;companies/NOW.US.json;raw/eodhd/NOW.US.json,"{""asOf"": 1, ""company"": 2, ""ownerMemo"": 5, ""series"": 1, ""tests"": 12, ""versions"": 1}",source-cache arrival observed; per-field attribution unproven
NPH.NZ,68,,"{""asOf"": 1, ""ownerMemo"": 35, ""series"": 16, ""tests"": 15, ""versions"": 1}",same inventoried inputs; recomputation mismatch
NRG.US,65,fundamentals/NRG.US.json;companies/NRG.US.json;raw/eodhd/NRG.US.json,"{""asOf"": 1, ""company"": 3, ""ownerMemo"": 43, ""series"": 1, ""tests"": 12, ""valuation"": 4, ""versions"": 1}",source-cache arrival observed; per-field attribution unproven
NSC.US,38,fundamentals/NSC.US.json;companies/NSC.US.json;raw/eodhd/NSC.US.json,"{""asOf"": 1, ""company"": 2, ""ownerMemo"": 6, ""series"": 1, ""tests"": 13, ""valuation"": 14, ""versions"": 1}",source-cache arrival observed; per-field attribution unproven
NSIS-B.CO,175,fundamentals/NSIS-B.CO.json;companies/NSIS-B.CO.json;raw/eodhd/NSIS-B.CO.json,"{""asOf"": 1, ""company"": 2, ""ownerMemo"": 66, ""report"": 4, ""series"": 29, ""tests"": 55, ""valuation"": 8, ""valueHistory"": 9, ""versions"": 1}",source-cache arrival observed; per-field attribution unproven
NST.AU,45,fundamentals/NST.AU.json;companies/NST.AU.json;raw/eodhd/NST.AU.json,"{""asOf"": 1, ""company"": 2, ""ownerMemo"": 24, ""series"": 1, ""tests"": 12, ""valuation"": 4, ""versions"": 1}",source-cache arrival observed; per-field attribution unproven
NTAP.US,10,fundamentals/NTAP.US.json;companies/NTAP.US.json;raw/eodhd/NTAP.US.json,"{""asOf"": 1, ""company"": 3, ""ownerMemo"": 5, ""versions"": 1}",source-cache arrival observed; per-field attribution unproven
NTGY.MC,24,fundamentals/NTGY.MC.json;companies/NTGY.MC.json;raw/eodhd/NTGY.MC.json,"{""asOf"": 1, ""company"": 2, ""ownerMemo"": 4, ""series"": 1, ""tests"": 12, ""valuation"": 3, ""versions"": 1}",source-cache arrival observed; per-field attribution unproven
NTPC.NSE,146,,"{""asOf"": 1, ""ownerMemo"": 85, ""series"": 25, ""tests"": 33, ""valuation"": 1, ""versions"": 1}",same inventoried inputs; recomputation mismatch
NTR.TO,83,fundamentals/NTR.TO.json;companies/NTR.TO.json;raw/eodhd/NTR.TO.json,"{""asOf"": 1, ""company"": 4, ""ownerMemo"": 6, ""series"": 9, ""tests"": 23, ""valuation"": 9, ""valueHistory"": 30, ""versions"": 1}",source-cache arrival observed; per-field attribution unproven
NTRS.US,428,fundamentals/NTRS.US.json;companies/NTRS.US.json;raw/eodhd/NTRS.US.json,"{""asOf"": 1, ""company"": 2, ""events"": 8, ""historyCoverage"": 2, ""ownerMemo"": 9, ""series"": 267, ""tests"": 99, ""valuation"": 9, ""valueHistory"": 30, ""versions"": 1}",source-cache arrival observed; per-field attribution unproven
NUE.US,9,fundamentals/NUE.US.json;companies/NUE.US.json;raw/eodhd/NUE.US.json,"{""asOf"": 1, ""company"": 2, ""ownerMemo"": 5, ""versions"": 1}",source-cache arrival observed; per-field attribution unproven
NVDA.US,9,fundamentals/NVDA.US.json;companies/NVDA.US.json;raw/eodhd/NVDA.US.json,"{""asOf"": 1, ""company"": 2, ""ownerMemo"": 5, ""versions"": 1}",source-cache arrival observed; per-field attribution unproven
NVG.LS,129,,"{""asOf"": 1, ""company"": 2, ""ownerMemo"": 53, ""series"": 27, ""tests"": 33, ""valuation"": 3, ""valueHistory"": 9, ""versions"": 1}",same inventoried inputs; recomputation mismatch
NVR.US,44,fundamentals/NVR.US.json;companies/NVR.US.json;raw/eodhd/NVR.US.json,"{""asOf"": 1, ""company"": 3, ""ownerMemo"": 39, ""versions"": 1}",source-cache arrival observed; per-field attribution unproven
NWG.LSE,11,fundamentals/NWG.LSE.json;companies/NWG.LSE.json;raw/eodhd/NWG.LSE.json,"{""asOf"": 1, ""company"": 4, ""ownerMemo"": 5, ""versions"": 1}",source-cache arrival observed; per-field attribution unproven
NWH.AU,40,,"{""asOf"": 1, ""company"": 2, ""ownerMemo"": 19, ""series"": 1, ""tests"": 12, ""valuation"": 4, ""versions"": 1}",same inventoried inputs; recomputation mismatch
NWL.AU,25,,"{""asOf"": 1, ""company"": 2, ""ownerMemo"": 19, ""valuation"": 2, ""versions"": 1}",same inventoried inputs; recomputation mismatch
NWS.AU,209,fundamentals/NWS.AU.json;companies/NWS.AU.json;raw/eodhd/NWS.AU.json,"{""asOf"": 1, ""company"": 4, ""holders"": 2, ""ownerMemo"": 71, ""series"": 42, ""tests"": 65, ""valuation"": 11, ""valueHistory"": 12, ""versions"": 1}",source-cache arrival observed; per-field attribution unproven
NXG.AU,130,fundamentals/NXG.AU.json;companies/NXG.AU.json;raw/eodhd/NXG.AU.json,"{""asOf"": 1, ""company"": 2, ""ownerMemo"": 25, ""series"": 40, ""tests"": 61, ""versions"": 1}",source-cache arrival observed; per-field attribution unproven
NXPI.US,26,fundamentals/NXPI.US.json;companies/NXPI.US.json;raw/eodhd/NXPI.US.json,"{""asOf"": 1, ""company"": 2, ""ownerMemo"": 5, ""series"": 1, ""tests"": 12, ""valuation"": 4, ""versions"": 1}",source-cache arrival observed; per-field attribution unproven
NXT.AU,31,fundamentals/NXT.AU.json;companies/NXT.AU.json;raw/eodhd/NXT.AU.json,"{""asOf"": 1, ""company"": 2, ""ownerMemo"": 14, ""series"": 1, ""tests"": 12, ""versions"": 1}",source-cache arrival observed; per-field attribution unproven
NXT.LSE,9,fundamentals/NXT.LSE.json;companies/NXT.LSE.json;raw/eodhd/NXT.LSE.json,"{""asOf"": 1, ""company"": 2, ""ownerMemo"": 5, ""versions"": 1}",source-cache arrival observed; per-field attribution unproven
NZX.NZ,67,,"{""asOf"": 1, ""ownerMemo"": 34, ""series"": 14, ""tests"": 15, ""valuation"": 2, ""versions"": 1}",same inventoried inputs; recomputation mismatch
O.US,210,fundamentals/O.US.json;companies/O.US.json;raw/eodhd/O.US.json,"{""asOf"": 1, ""company"": 2, ""ownerMemo"": 19, ""series"": 104, ""tests"": 52, ""valuation"": 13, ""valueHistory"": 18, ""versions"": 1}",source-cache arrival observed; per-field attribution unproven
OBM.AU,35,,"{""asOf"": 1, ""company"": 2, ""ownerMemo"": 14, ""series"": 1, ""tests"": 12, ""valuation"": 4, ""versions"": 1}",same inventoried inputs; recomputation mismatch
OCA.AU,190,,"{""asOf"": 1, ""company"": 2, ""ownerMemo"": 79, ""series"": 25, ""tests"": 55, ""valuation"": 9, ""valueHistory"": 18, ""versions"": 1}",same inventoried inputs; recomputation mismatch
OCBA.F,197,fundamentals/OCBA.F.json;companies/OCBA.F.json;raw/eodhd/OCBA.F.json,"{""asOf"": 1, ""company"": 1, ""ownerMemo"": 81, ""report"": 1, ""series"": 40, ""tests"": 55, ""valuation"": 5, ""valueHistory"": 12, ""versions"": 1}",source-cache arrival observed; per-field attribution unproven
OCDO.LSE,99,,"{""asOf"": 1, ""company"": 2, ""ownerMemo"": 14, ""report"": 10, ""series"": 1, ""tests"": 70, ""versions"": 1}",same inventoried inputs; recomputation mismatch
OCTV-SDB.ST,43,,"{""asOf"": 1, ""company"": 1, ""ownerMemo"": 36, ""report"": 1, ""series"": 3, ""versions"": 1}",same inventoried inputs; recomputation mismatch
ODFL.US,51,fundamentals/ODFL.US.json;companies/ODFL.US.json;raw/eodhd/ODFL.US.json,"{""asOf"": 1, ""company"": 2, ""ownerMemo"": 5, ""series"": 10, ""tests"": 17, ""valueHistory"": 15, ""versions"": 1}",source-cache arrival observed; per-field attribution unproven
OIZ.IR,24,,"{""asOf"": 1, ""company"": 2, ""ownerMemo"": 20, ""versions"": 1}",same inventoried inputs; recomputation mismatch
OKE.US,26,fundamentals/OKE.US.json;companies/OKE.US.json;raw/eodhd/OKE.US.json,"{""asOf"": 1, ""company"": 2, ""ownerMemo"": 5, ""series"": 1, ""tests"": 12, ""valuation"": 4, ""versions"": 1}",source-cache arrival observed; per-field attribution unproven
OMAB.MX,10,,"{""asOf"": 1, ""company"": 4, ""ownerMemo"": 4, ""versions"": 1}",same inventoried inputs; recomputation mismatch
OMC.US,525,fundamentals/OMC.US.json;companies/OMC.US.json;raw/eodhd/OMC.US.json,"{""asOf"": 1, ""company"": 6, ""events"": 6, ""historyCoverage"": 2, ""judgement"": 1, ""ownerMemo"": 33, ""requiredMos"": 1, ""series"": 299, ""tests"": 147, ""valueHistory"": 27, ""versions"": 1, ""volatility"": 1}",source-cache arrival observed; per-field attribution unproven
OMV.VI,116,fundamentals/OMV.VI.json;companies/OMV.VI.json;raw/eodhd/OMV.VI.json,"{""asOf"": 1, ""company"": 2, ""ownerMemo"": 7, ""series"": 42, ""tests"": 45, ""valueHistory"": 18, ""versions"": 1}",source-cache arrival observed; per-field attribution unproven
ON.US,516,fundamentals/ON.US.json;companies/ON.US.json;raw/eodhd/ON.US.json,"{""asOf"": 1, ""company"": 6, ""events"": 8, ""historyCoverage"": 2, ""ownerMemo"": 56, ""series"": 260, ""tests"": 128, ""valuation"": 27, ""valueHistory"": 27, ""versions"": 1}",source-cache arrival observed; per-field attribution unproven
ONGC.NSE,167,,"{""asOf"": 1, ""ownerMemo"": 90, ""series"": 30, ""tests"": 44, ""valuation"": 1, ""versions"": 1}",same inventoried inputs; recomputation mismatch
ONT.LSE,78,,"{""asOf"": 1, ""company"": 2, ""ownerMemo"": 11, ""report"": 6, ""series"": 1, ""tests"": 56, ""versions"": 1}",same inventoried inputs; recomputation mismatch
OPM.PA,39,,"{""asOf"": 1, ""company"": 2, ""ownerMemo"": 19, ""series"": 1, ""tests"": 12, ""valuation"": 3, ""versions"": 1}",same inventoried inputs; recomputation mismatch
OR.PA,9,fundamentals/OR.PA.json;companies/OR.PA.json;raw/eodhd/OR.PA.json,"{""asOf"": 1, ""company"": 2, ""ownerMemo"": 5, ""versions"": 1}",source-cache arrival observed; per-field attribution unproven
ORA.AU,36,,"{""asOf"": 1, ""company"": 2, ""ownerMemo"": 19, ""series"": 1, ""tests"": 12, ""versions"": 1}",same inventoried inputs; recomputation mismatch
ORA.PA,25,fundamentals/ORA.PA.json;companies/ORA.PA.json;raw/eodhd/ORA.PA.json,"{""asOf"": 1, ""company"": 2, ""ownerMemo"": 5, ""series"": 1, ""tests"": 12, ""valuation"": 3, ""versions"": 1}",source-cache arrival observed; per-field attribution unproven
ORBIA.MX,60,,"{""asOf"": 1, ""company"": 1, ""ownerMemo"": 16, ""series"": 10, ""tests"": 22, ""valueHistory"": 9, ""versions"": 1}",same inventoried inputs; recomputation mismatch
ORCL.US,10,fundamentals/ORCL.US.json;companies/ORCL.US.json;raw/eodhd/ORCL.US.json,"{""asOf"": 1, ""businessDepth"": 2, ""company"": 2, ""ownerMemo"": 4, ""versions"": 1}",source-cache arrival observed; per-field attribution unproven
ORG.AU,41,fundamentals/ORG.AU.json;companies/ORG.AU.json;raw/eodhd/ORG.AU.json,"{""asOf"": 1, ""company"": 2, ""ownerMemo"": 20, ""series"": 1, ""tests"": 12, ""valuation"": 4, ""versions"": 1}",source-cache arrival observed; per-field attribution unproven
ORI.AU,42,fundamentals/ORI.AU.json;companies/ORI.AU.json;raw/eodhd/ORI.AU.json,"{""asOf"": 1, ""company"": 2, ""ownerMemo"": 21, ""series"": 1, ""tests"": 12, ""valuation"": 4, ""versions"": 1}",source-cache arrival observed; per-field attribution unproven
ORK.OL,27,fundamentals/ORK.OL.json;companies/ORK.OL.json;raw/eodhd/ORK.OL.json,"{""asOf"": 1, ""company"": 2, ""ownerMemo"": 23, ""versions"": 1}",source-cache arrival observed; per-field attribution unproven
ORLY.US,9,fundamentals/ORLY.US.json;companies/ORLY.US.json;raw/eodhd/ORLY.US.json,"{""asOf"": 1, ""company"": 2, ""ownerMemo"": 5, ""versions"": 1}",source-cache arrival observed; per-field attribution unproven
ORNBV.HE,25,fundamentals/ORNBV.HE.json;companies/ORNBV.HE.json;raw/eodhd/ORNBV.HE.json,"{""asOf"": 1, ""company"": 2, ""ownerMemo"": 5, ""series"": 1, ""tests"": 12, ""valuation"": 3, ""versions"": 1}",source-cache arrival observed; per-field attribution unproven
ORSTED.CO,22,fundamentals/ORSTED.CO.json;companies/ORSTED.CO.json;raw/eodhd/ORSTED.CO.json,"{""asOf"": 1, ""company"": 2, ""ownerMemo"": 5, ""series"": 1, ""tests"": 12, ""versions"": 1}",source-cache arrival observed; per-field attribution unproven
OSB.LSE,89,,"{""asOf"": 1, ""company"": 3, ""ownerMemo"": 35, ""report"": 10, ""series"": 1, ""tests"": 34, ""valuation"": 4, ""versions"": 1}",same inventoried inputs; recomputation mismatch
OTEX.TO,73,fundamentals/OTEX.TO.json;companies/OTEX.TO.json;raw/eodhd/OTEX.TO.json,"{""asOf"": 1, ""company"": 4, ""ownerMemo"": 6, ""series"": 10, ""tests"": 14, ""valuation"": 7, ""valueHistory"": 30, ""versions"": 1}",source-cache arrival observed; per-field attribution unproven
OTIS.US,813,fundamentals/OTIS.US.json;companies/OTIS.US.json;raw/eodhd/OTIS.US.json,"{""asOf"": 1, ""company"": 6, ""historyCoverage"": 2, ""ownerMemo"": 76, ""series"": 363, ""tests"": 332, ""valuation"": 15, ""valueHistory"": 17, ""versions"": 1}",source-cache arrival observed; per-field attribution unproven
OUT1V.HE,32,,"{""asOf"": 1, ""company"": 2, ""ownerMemo"": 15, ""series"": 1, ""tests"": 12, ""versions"": 1}",same inventoried inputs; recomputation mismatch
OXB.LSE,89,,"{""asOf"": 1, ""company"": 3, ""ownerMemo"": 17, ""report"": 9, ""series"": 6, ""tests"": 52, ""versions"": 1}",same inventoried inputs; recomputation mismatch
OXIG.LSE,66,,"{""asOf"": 1, ""company"": 3, ""ownerMemo"": 33, ""report"": 8, ""tests"": 20, ""versions"": 1}",same inventoried inputs; recomputation mismatch
OXY.US,42,fundamentals/OXY.US.json;companies/OXY.US.json;raw/eodhd/OXY.US.json,"{""asOf"": 1, ""company"": 2, ""ownerMemo"": 2, ""tests"": 36, ""versions"": 1}",source-cache arrival observed; per-field attribution unproven
P.US,22,fundamentals/P.US.json;companies/P.US.json;raw/eodhd/P.US.json,"{""asOf"": 1, ""company"": 2, ""ownerMemo"": 5, ""series"": 1, ""tests"": 12, ""versions"": 1}",source-cache arrival observed; per-field attribution unproven
P911.XETRA,75,fundamentals/P911.XETRA.json;companies/P911.XETRA.json;raw/eodhd/P911.XETRA.json,"{""asOf"": 1, ""company"": 7, ""ownerMemo"": 24, ""series"": 15, ""tests"": 18, ""valuation"": 3, ""valueHistory"": 6, ""versions"": 1}",source-cache arrival observed; per-field attribution unproven
PAF.LSE,173,,"{""asOf"": 1, ""company"": 2, ""ownerMemo"": 70, ""series"": 24, ""tests"": 54, ""valuation"": 9, ""valueHistory"": 12, ""versions"": 1}",same inventoried inputs; recomputation mismatch
PAG.LSE,73,,"{""asOf"": 1, ""company"": 3, ""ownerMemo"": 35, ""report"": 8, ""series"": 5, ""tests"": 20, ""versions"": 1}",same inventoried inputs; recomputation mismatch
PAGE.LSE,87,,"{""asOf"": 1, ""company"": 3, ""ownerMemo"": 35, ""report"": 9, ""series"": 1, ""tests"": 33, ""valuation"": 4, ""versions"": 1}",same inventoried inputs; recomputation mismatch
PAH3.XETRA,93,fundamentals/PAH3.XETRA.json;companies/PAH3.XETRA.json;raw/eodhd/PAH3.XETRA.json,"{""asOf"": 1, ""company"": 8, ""ownerMemo"": 31, ""series"": 22, ""tests"": 24, ""valueHistory"": 6, ""versions"": 1}",source-cache arrival observed; per-field attribution unproven
PANW.US,22,fundamentals/PANW.US.json;companies/PANW.US.json;raw/eodhd/PANW.US.json,"{""asOf"": 1, ""company"": 2, ""ownerMemo"": 5, ""series"": 1, ""tests"": 12, ""versions"": 1}",source-cache arrival observed; per-field attribution unproven
PAYX.US,10,fundamentals/PAYX.US.json;companies/PAYX.US.json;raw/eodhd/PAYX.US.json,"{""asOf"": 1, ""company"": 2, ""ownerMemo"": 6, ""versions"": 1}",source-cache arrival observed; per-field attribution unproven
PCAR.US,25,fundamentals/PCAR.US.json;companies/PCAR.US.json;raw/eodhd/PCAR.US.json,"{""asOf"": 1, ""company"": 2, ""ownerMemo"": 4, ""series"": 1, ""tests"": 12, ""valuation"": 4, ""versions"": 1}",source-cache arrival observed; per-field attribution unproven
PCG.US,21,fundamentals/PCG.US.json;companies/PCG.US.json;raw/eodhd/PCG.US.json,"{""asOf"": 1, ""company"": 2, ""ownerMemo"": 4, ""series"": 1, ""tests"": 12, ""versions"": 1}",source-cache arrival observed; per-field attribution unproven
PDD.US,24,fundamentals/PDD.US.json;companies/PDD.US.json;raw/eodhd/PDD.US.json,"{""asOf"": 1, ""company"": 2, ""ownerMemo"": 4, ""series"": 1, ""tests"": 11, ""valuation"": 4, ""versions"": 1}",source-cache arrival observed; per-field attribution unproven
PDI.AU,233,,"{""asOf"": 1, ""company"": 4, ""events"": 3, ""historyCoverage"": 2, ""ownerMemo"": 38, ""priceHistory"": 1, ""series"": 99, ""status"": 1, ""tests"": 82, ""versions"": 1, ""w"": 1}",same inventoried inputs; recomputation mismatch
PDN.AU,141,,"{""asOf"": 1, ""company"": 4, ""events"": 1, ""ownerMemo"": 44, ""series"": 33, ""tests"": 57, ""versions"": 1}",same inventoried inputs; recomputation mismatch
PE&OLES.MX,142,,"{""asOf"": 1, ""company"": 2, ""ownerMemo"": 36, ""series"": 37, ""tests"": 38, ""valuation"": 9, ""valueHistory"": 18, ""versions"": 1}",same inventoried inputs; recomputation mismatch
PEG.US,21,fundamentals/PEG.US.json;companies/PEG.US.json;raw/eodhd/PEG.US.json,"{""asOf"": 1, ""company"": 2, ""ownerMemo"": 4, ""series"": 1, ""tests"": 12, ""versions"": 1}",source-cache arrival observed; per-field attribution unproven
PEO.WAR,9,fundamentals/PEO.WAR.json;companies/PEO.WAR.json;raw/eodhd/PEO.WAR.json,"{""asOf"": 1, ""company"": 2, ""ownerMemo"": 5, ""versions"": 1}",source-cache arrival observed; per-field attribution unproven
PEP.US,9,fundamentals/PEP.US.json;companies/PEP.US.json;raw/eodhd/PEP.US.json,"{""asOf"": 1, ""company"": 2, ""ownerMemo"": 5, ""versions"": 1}",source-cache arrival observed; per-field attribution unproven
PETR3.SA,84,fundamentals/PETR3.SA.json;companies/PETR3.SA.json;raw/eodhd/PETR3.SA.json,"{""asOf"": 1, ""company"": 2, ""ownerMemo"": 7, ""series"": 19, ""tests"": 25, ""valuation"": 14, ""valueHistory"": 15, ""versions"": 1}",source-cache arrival observed; per-field attribution unproven
PETS.LSE,87,,"{""asOf"": 1, ""company"": 3, ""ownerMemo"": 35, ""report"": 9, ""series"": 1, ""tests"": 33, ""valuation"": 4, ""versions"": 1}",same inventoried inputs; recomputation mismatch
PFD.LSE,174,,"{""asOf"": 1, ""company"": 3, ""judgement"": 1, ""ownerMemo"": 48, ""report"": 10, ""series"": 13, ""tests"": 61, ""valuation"": 23, ""valueHistory"": 13, ""versions"": 1}",same inventoried inputs; recomputation mismatch
PFE.US,26,fundamentals/PFE.US.json;companies/PFE.US.json;raw/eodhd/PFE.US.json,"{""asOf"": 1, ""company"": 2, ""ownerMemo"": 5, ""series"": 1, ""tests"": 12, ""valuation"": 4, ""versions"": 1}",source-cache arrival observed; per-field attribution unproven
PFG.US,53,fundamentals/PFG.US.json;raw/eodhd/PFG.US.json,"{""asOf"": 1, ""company"": 3, ""ownerMemo"": 31, ""series"": 1, ""tests"": 12, ""valuation"": 4, ""versions"": 1}",source-cache arrival observed; per-field attribution unproven
PG.US,9,fundamentals/PG.US.json;companies/PG.US.json;raw/eodhd/PG.US.json,"{""asOf"": 1, ""company"": 2, ""ownerMemo"": 5, ""versions"": 1}",source-cache arrival observed; per-field attribution unproven
PGHN.SW,29,fundamentals/PGHN.SW.json;companies/PGHN.SW.json;raw/eodhd/PGHN.SW.json,"{""asOf"": 1, ""company"": 2, ""ownerMemo"": 23, ""valuation"": 2, ""versions"": 1}",source-cache arrival observed; per-field attribution unproven
PGR.US,93,fundamentals/PGR.US.json;companies/PGR.US.json;raw/eodhd/PGR.US.json,"{""asOf"": 1, ""company"": 2, ""ownerMemo"": 9, ""series"": 23, ""tests"": 34, ""valueHistory"": 23, ""versions"": 1}",source-cache arrival observed; per-field attribution unproven
PH.US,9,fundamentals/PH.US.json;companies/PH.US.json;raw/eodhd/PH.US.json,"{""asOf"": 1, ""company"": 2, ""ownerMemo"": 5, ""versions"": 1}",source-cache arrival observed; per-field attribution unproven
PHIA.AS,22,fundamentals/PHIA.AS.json;companies/PHIA.AS.json;raw/eodhd/PHIA.AS.json,"{""asOf"": 1, ""company"": 2, ""ownerMemo"": 5, ""series"": 1, ""tests"": 12, ""versions"": 1}",source-cache arrival observed; per-field attribution unproven
PHM.US,86,fundamentals/PHM.US.json;companies/PHM.US.json;raw/eodhd/PHM.US.json,"{""asOf"": 1, ""company"": 2, ""ownerMemo"": 36, ""series"": 1, ""tests"": 41, ""valuation"": 4, ""versions"": 1}",source-cache arrival observed; per-field attribution unproven
PHP.LSE,168,,"{""asOf"": 1, ""company"": 2, ""ownerMemo"": 25, ""report"": 11, ""series"": 19, ""tests"": 101, ""valuation"": 5, ""valueHistory"": 3, ""versions"": 1}",same inventoried inputs; recomputation mismatch
PINE.LSE,64,,"{""asOf"": 1, ""company"": 2, ""ownerMemo"": 27, ""report"": 1, ""series"": 1, ""tests"": 27, ""valuation"": 4, ""versions"": 1}",same inventoried inputs; recomputation mismatch
PINFRA.MX,121,,"{""asOf"": 1, ""company"": 2, ""ownerMemo"": 28, ""series"": 28, ""tests"": 35, ""valuation"": 14, ""valueHistory"": 12, ""versions"": 1}",same inventoried inputs; recomputation mismatch
PIRC.MI,136,,"{""asOf"": 1, ""ownerMemo"": 73, ""series"": 17, ""tests"": 44, ""versions"": 1}",same inventoried inputs; recomputation mismatch
PKF1.F,97,,"{""asOf"": 1, ""company"": 1, ""ownerMemo"": 31, ""report"": 1, ""series"": 21, ""tests"": 38, ""valuation"": 1, ""valueHistory"": 2, ""versions"": 1}",same inventoried inputs; recomputation mismatch
PKG.US,574,fundamentals/PKG.US.json;companies/PKG.US.json;raw/eodhd/PKG.US.json,"{""asOf"": 1, ""company"": 6, ""events"": 8, ""historyCoverage"": 2, ""ownerMemo"": 53, ""requiredMos"": 1, ""series"": 286, ""tests"": 150, ""valuation"": 36, ""valueHistory"": 30, ""versions"": 1}",source-cache arrival observed; per-field attribution unproven
PKN.WAR,22,fundamentals/PKN.WAR.json;companies/PKN.WAR.json;raw/eodhd/PKN.WAR.json,"{""asOf"": 1, ""company"": 2, ""ownerMemo"": 5, ""series"": 1, ""tests"": 12, ""versions"": 1}",source-cache arrival observed; per-field attribution unproven
PKO.WAR,12,fundamentals/PKO.WAR.json;companies/PKO.WAR.json;raw/eodhd/PKO.WAR.json,"{""asOf"": 1, ""company"": 2, ""ownerMemo"": 4, ""series"": 4, ""versions"": 1}",source-cache arrival observed; per-field attribution unproven
PLD.US,21,fundamentals/PLD.US.json;companies/PLD.US.json;raw/eodhd/PLD.US.json,"{""asOf"": 1, ""company"": 2, ""ownerMemo"": 4, ""series"": 1, ""tests"": 12, ""versions"": 1}",source-cache arrival observed; per-field attribution unproven
PLS.AU,36,fundamentals/PLS.AU.json;companies/PLS.AU.json;raw/eodhd/PLS.AU.json,"{""asOf"": 1, ""company"": 2, ""ownerMemo"": 15, ""series"": 1, ""tests"": 12, ""valuation"": 4, ""versions"": 1}",source-cache arrival observed; per-field attribution unproven
PLTR.US,21,fundamentals/PLTR.US.json;companies/PLTR.US.json;raw/eodhd/PLTR.US.json,"{""asOf"": 1, ""company"": 2, ""ownerMemo"": 5, ""series"": 1, ""tests"": 11, ""versions"": 1}",source-cache arrival observed; per-field attribution unproven
PLUS.LSE,152,,"{""asOf"": 1, ""company"": 2, ""ownerMemo"": 25, ""report"": 8, ""series"": 10, ""tests"": 70, ""valuation"": 5, ""valueHistory"": 30, ""versions"": 1}",same inventoried inputs; recomputation mismatch
PLX.PA,50,,"{""asOf"": 1, ""company"": 2, ""ownerMemo"": 39, ""series"": 7, ""versions"": 1}",same inventoried inputs; recomputation mismatch
PM.US,9,fundamentals/PM.US.json;companies/PM.US.json;raw/eodhd/PM.US.json,"{""asOf"": 1, ""company"": 2, ""ownerMemo"": 5, ""versions"": 1}",source-cache arrival observed; per-field attribution unproven
PME.AU,29,fundamentals/PME.AU.json;companies/PME.AU.json;raw/eodhd/PME.AU.json,"{""asOf"": 1, ""company"": 2, ""ownerMemo"": 23, ""valuation"": 2, ""versions"": 1}",source-cache arrival observed; per-field attribution unproven
PMV.AU,41,,"{""asOf"": 1, ""company"": 2, ""ownerMemo"": 20, ""series"": 1, ""tests"": 12, ""valuation"": 4, ""versions"": 1}",same inventoried inputs; recomputation mismatch
PNC.US,159,fundamentals/PNC.US.json;companies/PNC.US.json;raw/eodhd/PNC.US.json,"{""asOf"": 1, ""company"": 2, ""ownerMemo"": 11, ""requiredMos"": 1, ""series"": 65, ""tests"": 65, ""valueHistory"": 12, ""versions"": 1, ""volatility"": 1}",source-cache arrival observed; per-field attribution unproven
PNDORA.CO,9,fundamentals/PNDORA.CO.json;companies/PNDORA.CO.json;raw/eodhd/PNDORA.CO.json,"{""asOf"": 1, ""company"": 2, ""ownerMemo"": 5, ""versions"": 1}",source-cache arrival observed; per-field attribution unproven
PNI.AU,40,,"{""asOf"": 1, ""company"": 2, ""ownerMemo"": 19, ""series"": 1, ""tests"": 12, ""valuation"": 4, ""versions"": 1}",same inventoried inputs; recomputation mismatch
PNN.LSE,236,,"{""asOf"": 1, ""company"": 2, ""ownerMemo"": 14, ""report"": 8, ""series"": 117, ""tests"": 90, ""valueHistory"": 3, ""versions"": 1}",same inventoried inputs; recomputation mismatch
PNR.US,64,fundamentals/PNR.US.json;companies/PNR.US.json;raw/eodhd/PNR.US.json,"{""asOf"": 1, ""company"": 2, ""ownerMemo"": 60, ""versions"": 1}",source-cache arrival observed; per-field attribution unproven
PNW.US,39,fundamentals/PNW.US.json;companies/PNW.US.json;raw/eodhd/PNW.US.json,"{""asOf"": 1, ""company"": 3, ""ownerMemo"": 21, ""series"": 1, ""tests"": 12, ""versions"": 1}",source-cache arrival observed; per-field attribution unproven
PODD.US,43,fundamentals/PODD.US.json;companies/PODD.US.json;raw/eodhd/PODD.US.json,"{""asOf"": 1, ""company"": 3, ""ownerMemo"": 22, ""series"": 1, ""tests"": 13, ""valuation"": 1, ""valueHistory"": 1, ""versions"": 1}",source-cache arrival observed; per-field attribution unproven
POLN.LSE,70,,"{""asOf"": 1, ""company"": 2, ""ownerMemo"": 42, ""report"": 1, ""series"": 3, ""tests"": 20, ""versions"": 1}",same inventoried inputs; recomputation mismatch
POMO3.SA,72,,"{""asOf"": 1, ""company"": 2, ""ownerMemo"": 22, ""series"": 1, ""tests"": 12, ""valuation"": 12, ""valueHistory"": 21, ""versions"": 1}",same inventoried inputs; recomputation mismatch
POS.VI,224,,"{""asOf"": 1, ""company"": 2, ""ownerMemo"": 20, ""series"": 69, ""tests"": 104, ""valuation"": 16, ""valueHistory"": 11, ""versions"": 1}",same inventoried inputs; recomputation mismatch
POST.VI,79,,"{""asOf"": 1, ""company"": 2, ""ownerMemo"": 9, ""series"": 25, ""tests"": 28, ""valuation"": 4, ""valueHistory"": 9, ""versions"": 1}",same inventoried inputs; recomputation mismatch
POW.TO,72,fundamentals/POW.TO.json;companies/POW.TO.json;raw/eodhd/POW.TO.json,"{""asOf"": 1, ""company"": 2, ""ownerMemo"": 10, ""series"": 25, ""tests"": 20, ""valuation"": 2, ""valueHistory"": 11, ""versions"": 1}",source-cache arrival observed; per-field attribution unproven
POWERGRID.NSE,147,,"{""asOf"": 1, ""ownerMemo"": 84, ""series"": 25, ""tests"": 36, ""versions"": 1}",same inventoried inputs; recomputation mismatch
PPG.US,510,fundamentals/PPG.US.json;companies/PPG.US.json;raw/eodhd/PPG.US.json,"{""asOf"": 1, ""company"": 6, ""events"": 10, ""historyCoverage"": 2, ""judgement"": 1, ""ownerMemo"": 63, ""series"": 283, ""tests"": 132, ""valuation"": 1, ""valueHistory"": 10, ""versions"": 1}",source-cache arrival observed; per-field attribution unproven
PPH.LSE,100,,"{""asOf"": 1, ""company"": 3, ""ownerMemo"": 23, ""report"": 10, ""series"": 13, ""tests"": 49, ""versions"": 1}",same inventoried inputs; recomputation mismatch
PPL.TO,26,fundamentals/PPL.TO.json;companies/PPL.TO.json;raw/eodhd/PPL.TO.json,"{""asOf"": 1, ""company"": 2, ""ownerMemo"": 5, ""series"": 1, ""tests"": 12, ""valuation"": 4, ""versions"": 1}",source-cache arrival observed; per-field attribution unproven
PPL.US,474,fundamentals/PPL.US.json;companies/PPL.US.json;raw/eodhd/PPL.US.json,"{""asOf"": 1, ""company"": 6, ""events"": 7, ""historyCoverage"": 2, ""ownerMemo"": 25, ""requiredMos"": 1, ""series"": 291, ""tests"": 128, ""valuation"": 1, ""valueHistory"": 11, ""versions"": 1}",source-cache arrival observed; per-field attribution unproven
PPT.AU,49,,"{""asOf"": 1, ""company"": 2, ""ownerMemo"": 21, ""series"": 1, ""tests"": 13, ""valuation"": 1, ""valueHistory"": 9, ""versions"": 1}",same inventoried inputs; recomputation mismatch
PRIO3.SA,56,,"{""asOf"": 1, ""company"": 2, ""ownerMemo"": 18, ""series"": 1, ""tests"": 12, ""valueHistory"": 21, ""versions"": 1}",same inventoried inputs; recomputation mismatch
PRN.AU,39,,"{""asOf"": 1, ""company"": 2, ""ownerMemo"": 18, ""series"": 1, ""tests"": 12, ""valuation"": 4, ""versions"": 1}",same inventoried inputs; recomputation mismatch
PRN.LSE,45,,"{""asOf"": 1, ""company"": 2, ""ownerMemo"": 38, ""report"": 1, ""series"": 2, ""versions"": 1}",same inventoried inputs; recomputation mismatch
PRU.AU,187,fundamentals/PRU.AU.json;companies/PRU.AU.json;raw/eodhd/PRU.AU.json,"{""asOf"": 1, ""company"": 4, ""ownerMemo"": 78, ""series"": 38, ""tests"": 60, ""valuation"": 1, ""valueHistory"": 4, ""versions"": 1}",source-cache arrival observed; per-field attribution unproven
PRU.LSE,45,fundamentals/PRU.LSE.json;companies/PRU.LSE.json;raw/eodhd/PRU.LSE.json,"{""asOf"": 1, ""company"": 4, ""ownerMemo"": 6, ""tests"": 1, ""valuation"": 5, ""valueHistory"": 27, ""versions"": 1}",source-cache arrival observed; per-field attribution unproven
PRU.US,135,fundamentals/PRU.US.json;companies/PRU.US.json;raw/eodhd/PRU.US.json,"{""asOf"": 1, ""company"": 2, ""events"": 7, ""ownerMemo"": 14, ""series"": 51, ""tests"": 48, ""valuation"": 1, ""valueHistory"": 10, ""versions"": 1}",source-cache arrival observed; per-field attribution unproven
PRX.AS,143,fundamentals/PRX.AS.json;companies/PRX.AS.json;raw/eodhd/PRX.AS.json,"{""asOf"": 1, ""company"": 2, ""ownerMemo"": 26, ""report"": 7, ""series"": 8, ""tests"": 74, ""valuation"": 9, ""valueHistory"": 15, ""versions"": 1}",source-cache arrival observed; per-field attribution unproven
PRY.MI,130,,"{""asOf"": 1, ""ownerMemo"": 80, ""report"": 1, ""series"": 15, ""tests"": 32, ""versions"": 1}",same inventoried inputs; recomputation mismatch
PSA.US,14,fundamentals/PSA.US.json;companies/PSA.US.json;raw/eodhd/PSA.US.json,"{""asOf"": 1, ""company"": 2, ""ownerMemo"": 10, ""versions"": 1}",source-cache arrival observed; per-field attribution unproven
PSKY.US,63,fundamentals/PSKY.US.json;companies/PSKY.US.json;raw/eodhd/PSKY.US.json,"{""asOf"": 1, ""company"": 2, ""ownerMemo"": 19, ""series"": 3, ""tests"": 37, ""versions"": 1}",source-cache arrival observed; per-field attribution unproven
PSN.LSE,108,,"{""asOf"": 1, ""company"": 2, ""ownerMemo"": 24, ""report"": 10, ""series"": 1, ""tests"": 65, ""valuation"": 4, ""versions"": 1}",same inventoried inputs; recomputation mismatch
PSON.LSE,101,fundamentals/PSON.LSE.json;companies/PSON.LSE.json;raw/eodhd/PSON.LSE.json,"{""asOf"": 1, ""company"": 2, ""ownerMemo"": 26, ""report"": 7, ""series"": 1, ""tests"": 59, ""valuation"": 4, ""versions"": 1}",source-cache arrival observed; per-field attribution unproven
PSPN.SW,28,fundamentals/PSPN.SW.json;companies/PSPN.SW.json;raw/eodhd/PSPN.SW.json,"{""asOf"": 1, ""company"": 2, ""ownerMemo"": 22, ""valuation"": 2, ""versions"": 1}",source-cache arrival observed; per-field attribution unproven
PSSA3.SA,25,,"{""asOf"": 1, ""company"": 2, ""ownerMemo"": 9, ""tests"": 1, ""valuation"": 1, ""valueHistory"": 10, ""versions"": 1}",same inventoried inputs; recomputation mismatch
PST.MI,123,,"{""asOf"": 1, ""ownerMemo"": 80, ""series"": 12, ""tests"": 29, ""versions"": 1}",same inventoried inputs; recomputation mismatch
PSX.US,26,fundamentals/PSX.US.json;companies/PSX.US.json;raw/eodhd/PSX.US.json,"{""asOf"": 1, ""company"": 2, ""ownerMemo"": 5, ""series"": 1, ""tests"": 12, ""valuation"": 4, ""versions"": 1}",source-cache arrival observed; per-field attribution unproven
PTC.US,542,fundamentals/PTC.US.json;companies/PTC.US.json;raw/eodhd/PTC.US.json,"{""asOf"": 1, ""company"": 6, ""events"": 23, ""historyCoverage"": 2, ""ownerMemo"": 56, ""series"": 279, ""tests"": 124, ""valuation"": 32, ""valueHistory"": 18, ""versions"": 1}",source-cache arrival observed; per-field attribution unproven
PTEC.LSE,141,,"{""asOf"": 1, ""company"": 3, ""ownerMemo"": 40, ""report"": 9, ""series"": 11, ""tests"": 46, ""valuation"": 9, ""valueHistory"": 21, ""versions"": 1}",same inventoried inputs; recomputation mismatch
PTSB.IR,27,,"{""asOf"": 1, ""company"": 2, ""ownerMemo"": 23, ""versions"": 1}",same inventoried inputs; recomputation mismatch
PUB.PA,26,fundamentals/PUB.PA.json;companies/PUB.PA.json;raw/eodhd/PUB.PA.json,"{""asOf"": 1, ""company"": 2, ""ownerMemo"": 22, ""versions"": 1}",source-cache arrival observed; per-field attribution unproven
PUIG.MC,86,fundamentals/PUIG.MC.json;companies/PUIG.MC.json;raw/eodhd/PUIG.MC.json,"{""asOf"": 1, ""company"": 2, ""ownerMemo"": 22, ""series"": 27, ""tests"": 24, ""valuation"": 3, ""valueHistory"": 6, ""versions"": 1}",source-cache arrival observed; per-field attribution unproven
PUM.XETRA,36,,"{""asOf"": 1, ""company"": 2, ""ownerMemo"": 19, ""series"": 1, ""tests"": 12, ""versions"": 1}",same inventoried inputs; recomputation mismatch
PWR.US,9,fundamentals/PWR.US.json;companies/PWR.US.json;raw/eodhd/PWR.US.json,"{""asOf"": 1, ""company"": 2, ""ownerMemo"": 5, ""versions"": 1}",source-cache arrival observed; per-field attribution unproven
PXA.AU,31,,"{""asOf"": 1, ""company"": 2, ""ownerMemo"": 15, ""series"": 1, ""tests"": 11, ""versions"": 1}",same inventoried inputs; recomputation mismatch
PYIYF.US,56,,"{""asOf"": 1, ""ownerMemo"": 39, ""report"": 1, ""series"": 14, ""versions"": 1}",same inventoried inputs; recomputation mismatch
PYPL.US,63,fundamentals/PYPL.US.json;companies/PYPL.US.json;raw/eodhd/PYPL.US.json,"{""asOf"": 1, ""company"": 2, ""ownerMemo"": 9, ""series"": 14, ""tests"": 20, ""valueHistory"": 16, ""versions"": 1}",source-cache arrival observed; per-field attribution unproven
PZU.WAR,102,fundamentals/PZU.WAR.json;companies/PZU.WAR.json;raw/eodhd/PZU.WAR.json,"{""asOf"": 1, ""company"": 2, ""ownerMemo"": 6, ""series"": 38, ""tests"": 34, ""valuation"": 2, ""valueHistory"": 18, ""versions"": 1}",source-cache arrival observed; per-field attribution unproven
Q.MX,99,,"{""asOf"": 1, ""company"": 2, ""ownerMemo"": 8, ""series"": 32, ""tests"": 35, ""valuation"": 8, ""valueHistory"": 12, ""versions"": 1}",same inventoried inputs; recomputation mismatch
Q.US,50,fundamentals/Q.US.json;companies/Q.US.json;raw/eodhd/Q.US.json,"{""asOf"": 1, ""company"": 2, ""ownerMemo"": 45, ""series"": 1, ""versions"": 1}",source-cache arrival observed; per-field attribution unproven
QAN.AU,42,fundamentals/QAN.AU.json;companies/QAN.AU.json;raw/eodhd/QAN.AU.json,"{""asOf"": 1, ""company"": 2, ""ownerMemo"": 21, ""series"": 1, ""tests"": 12, ""valuation"": 4, ""versions"": 1}",source-cache arrival observed; per-field attribution unproven
QBE.AU,16,fundamentals/QBE.AU.json;companies/QBE.AU.json;raw/eodhd/QBE.AU.json,"{""asOf"": 1, ""company"": 2, ""ownerMemo"": 10, ""valuation"": 2, ""versions"": 1}",source-cache arrival observed; per-field attribution unproven
QCOM.US,26,fundamentals/QCOM.US.json;companies/QCOM.US.json;raw/eodhd/QCOM.US.json,"{""asOf"": 1, ""company"": 2, ""ownerMemo"": 5, ""series"": 1, ""tests"": 12, ""valuation"": 4, ""versions"": 1}",source-cache arrival observed; per-field attribution unproven
QGEN.US,517,fundamentals/QGEN.US.json;companies/QGEN.US.json;raw/eodhd/QGEN.US.json,"{""asOf"": 1, ""company"": 5, ""events"": 7, ""historyCoverage"": 2, ""ownerMemo"": 53, ""series"": 276, ""tests"": 161, ""valuation"": 1, ""valueHistory"": 10, ""versions"": 1}",source-cache arrival observed; per-field attribution unproven
QLT.LSE,111,,"{""asOf"": 1, ""company"": 2, ""ownerMemo"": 23, ""report"": 10, ""series"": 1, ""tests"": 69, ""valuation"": 4, ""versions"": 1}",same inventoried inputs; recomputation mismatch
QQ.LSE,112,,"{""asOf"": 1, ""company"": 2, ""ownerMemo"": 23, ""report"": 10, ""series"": 1, ""tests"": 70, ""valuation"": 4, ""versions"": 1}",same inventoried inputs; recomputation mismatch
QSR.TO,196,fundamentals/QSR.TO.json;companies/QSR.TO.json;raw/eodhd/QSR.TO.json,"{""asOf"": 1, ""company"": 4, ""ownerMemo"": 66, ""series"": 28, ""tests"": 59, ""valuation"": 7, ""valueHistory"": 30, ""versions"": 1}",source-cache arrival observed; per-field attribution unproven
QTCOM.HE,36,,"{""asOf"": 1, ""company"": 2, ""ownerMemo"": 16, ""series"": 1, ""tests"": 12, ""valuation"": 3, ""versions"": 1}",same inventoried inputs; recomputation mismatch
R3NK.XETRA,31,,"{""asOf"": 1, ""company"": 2, ""ownerMemo"": 26, ""series"": 1, ""versions"": 1}",same inventoried inputs; recomputation mismatch
RA.MX,112,,"{""asOf"": 1, ""b"": 1, ""company"": 2, ""ownerMemo"": 10, ""series"": 33, ""tests"": 41, ""valuation"": 11, ""valueHistory"": 12, ""versions"": 1}",same inventoried inputs; recomputation mismatch
RAA.XETRA,26,fundamentals/RAA.XETRA.json;companies/RAA.XETRA.json;raw/eodhd/RAA.XETRA.json,"{""asOf"": 1, ""company"": 2, ""ownerMemo"": 22, ""versions"": 1}",source-cache arrival observed; per-field attribution unproven
RACE.MI,87,,"{""asOf"": 1, ""ownerMemo"": 21, ""report"": 9, ""tests"": 55, ""versions"": 1}",same inventoried inputs; recomputation mismatch
RADL3.SA,66,,"{""asOf"": 1, ""company"": 2, ""ownerMemo"": 21, ""tests"": 1, ""valuation"": 10, ""valueHistory"": 30, ""versions"": 1}",same inventoried inputs; recomputation mismatch
RAIL3.SA,27,,"{""asOf"": 1, ""company"": 2, ""ownerMemo"": 10, ""series"": 1, ""tests"": 12, ""versions"": 1}",same inventoried inputs; recomputation mismatch
RAND.AS,26,fundamentals/RAND.AS.json;companies/RAND.AS.json;raw/eodhd/RAND.AS.json,"{""asOf"": 1, ""company"": 2, ""ownerMemo"": 5, ""series"": 1, ""tests"": 12, ""valuation"": 4, ""versions"": 1}",source-cache arrival observed; per-field attribution unproven
RAT.LSE,95,,"{""asOf"": 1, ""company"": 3, ""ownerMemo"": 45, ""report"": 8, ""series"": 1, ""tests"": 32, ""valuation"": 4, ""versions"": 1}",same inventoried inputs; recomputation mismatch
RBI.VI,137,fundamentals/RBI.VI.json;companies/RBI.VI.json;raw/eodhd/RBI.VI.json,"{""asOf"": 1, ""company"": 4, ""ownerMemo"": 12, ""report"": 9, ""series"": 32, ""tests"": 67, ""valuation"": 2, ""valueHistory"": 9, ""versions"": 1}",source-cache arrival observed; per-field attribution unproven
RBREW.CO,6,,"{""asOf"": 1, ""company"": 2, ""ownerMemo"": 2, ""versions"": 1}",same inventoried inputs; recomputation mismatch
RCI-B.TO,11,fundamentals/RCI-B.TO.json;companies/RCI-B.TO.json;raw/eodhd/RCI-B.TO.json,"{""asOf"": 1, ""company"": 2, ""ownerMemo"": 5, ""valuation"": 2, ""versions"": 1}",source-cache arrival observed; per-field attribution unproven
RCL.US,19,fundamentals/RCL.US.json;companies/RCL.US.json;raw/eodhd/RCL.US.json,"{""asOf"": 1, ""company"": 2, ""ownerMemo"": 2, ""series"": 1, ""tests"": 12, ""versions"": 1}",source-cache arrival observed; per-field attribution unproven
RCO.PA,39,,"{""asOf"": 1, ""company"": 2, ""ownerMemo"": 19, ""series"": 1, ""tests"": 12, ""valuation"": 3, ""versions"": 1}",same inventoried inputs; recomputation mismatch
RDDT.US,33,fundamentals/RDDT.US.json;companies/RDDT.US.json;raw/eodhd/RDDT.US.json,"{""asOf"": 1, ""company"": 2, ""ownerMemo"": 28, ""series"": 1, ""versions"": 1}",source-cache arrival observed; per-field attribution unproven
RDOR3.SA,60,,"{""asOf"": 1, ""company"": 2, ""ownerMemo"": 21, ""tests"": 1, ""valuation"": 10, ""valueHistory"": 24, ""versions"": 1}",same inventoried inputs; recomputation mismatch
REA.AU,29,fundamentals/REA.AU.json;companies/REA.AU.json;raw/eodhd/REA.AU.json,"{""asOf"": 1, ""company"": 2, ""ownerMemo"": 23, ""valuation"": 2, ""versions"": 1}",source-cache arrival observed; per-field attribution unproven
REC.MI,132,,"{""asOf"": 1, ""ownerMemo"": 81, ""series"": 16, ""tests"": 33, ""versions"": 1}",same inventoried inputs; recomputation mismatch
RED.MC,22,fundamentals/RED.MC.json;companies/RED.MC.json;raw/eodhd/RED.MC.json,"{""asOf"": 1, ""company"": 2, ""ownerMemo"": 5, ""series"": 1, ""tests"": 12, ""versions"": 1}",source-cache arrival observed; per-field attribution unproven
REG.US,75,fundamentals/REG.US.json;companies/REG.US.json;raw/eodhd/REG.US.json,"{""asOf"": 1, ""company"": 3, ""ownerMemo"": 45, ""series"": 1, ""tests"": 13, ""valuation"": 1, ""valueHistory"": 10, ""versions"": 1}",source-cache arrival observed; per-field attribution unproven
REGN.US,9,fundamentals/REGN.US.json;companies/REGN.US.json;raw/eodhd/REGN.US.json,"{""asOf"": 1, ""company"": 2, ""ownerMemo"": 5, ""versions"": 1}",source-cache arrival observed; per-field attribution unproven
REH.AU,44,fundamentals/REH.AU.json;companies/REH.AU.json;raw/eodhd/REH.AU.json,"{""asOf"": 1, ""company"": 2, ""ownerMemo"": 23, ""series"": 1, ""tests"": 12, ""valuation"": 4, ""versions"": 1}",source-cache arrival observed; per-field attribution unproven
REL.LSE,11,fundamentals/REL.LSE.json;companies/REL.LSE.json;raw/eodhd/REL.LSE.json,"{""asOf"": 1, ""company"": 4, ""ownerMemo"": 5, ""versions"": 1}",source-cache arrival observed; per-field attribution unproven
RENE.LS,70,,"{""asOf"": 1, ""company"": 2, ""ownerMemo"": 53, ""series"": 6, ""tests"": 7, ""versions"": 1}",same inventoried inputs; recomputation mismatch
RENT3.SA,80,,"{""asOf"": 1, ""company"": 2, ""ownerMemo"": 21, ""series"": 1, ""tests"": 12, ""valuation"": 12, ""valueHistory"": 30, ""versions"": 1}",same inventoried inputs; recomputation mismatch
REP.MC,98,fundamentals/REP.MC.json;companies/REP.MC.json;raw/eodhd/REP.MC.json,"{""asOf"": 1, ""company"": 2, ""ownerMemo"": 23, ""report"": 4, ""series"": 1, ""tests"": 58, ""valuation"": 1, ""valueHistory"": 7, ""versions"": 1}",source-cache arrival observed; per-field attribution unproven
REY.MI,133,,"{""asOf"": 1, ""ownerMemo"": 82, ""series"": 16, ""tests"": 33, ""versions"": 1}",same inventoried inputs; recomputation mismatch
RF.US,148,fundamentals/RF.US.json;companies/RF.US.json;raw/eodhd/RF.US.json,"{""asOf"": 1, ""businessDepth"": 1, ""businessOverview"": 1, ""company"": 3, ""judgement"": 1, ""ownerMemo"": 11, ""series"": 57, ""tests"": 72, ""versions"": 1}",source-cache arrival observed; per-field attribution unproven
RGN.AU,39,,"{""asOf"": 1, ""company"": 2, ""ownerMemo"": 18, ""series"": 1, ""tests"": 12, ""valuation"": 4, ""versions"": 1}",same inventoried inputs; recomputation mismatch
RHC.AU,33,fundamentals/RHC.AU.json;companies/RHC.AU.json;raw/eodhd/RHC.AU.json,"{""asOf"": 1, ""company"": 2, ""ownerMemo"": 16, ""series"": 1, ""tests"": 12, ""versions"": 1}",source-cache arrival observed; per-field attribution unproven
RHIM.LSE,187,,"{""asOf"": 1, ""company"": 3, ""ownerMemo"": 53, ""report"": 9, ""series"": 16, ""tests"": 49, ""valuation"": 31, ""valueHistory"": 24, ""versions"": 1}",same inventoried inputs; recomputation mismatch
RHM.XETRA,42,fundamentals/RHM.XETRA.json;companies/RHM.XETRA.json;raw/eodhd/RHM.XETRA.json,"{""asOf"": 1, ""company"": 2, ""ownerMemo"": 22, ""series"": 1, ""tests"": 12, ""valuation"": 3, ""versions"": 1}",source-cache arrival observed; per-field attribution unproven
RI.PA,111,fundamentals/RI.PA.json;companies/RI.PA.json;raw/eodhd/RI.PA.json,"{""asOf"": 1, ""company"": 2, ""ownerMemo"": 14, ""series"": 24, ""tests"": 46, ""valuation"": 17, ""valueHistory"": 6, ""versions"": 1}",source-cache arrival observed; per-field attribution unproven
RIGD.LSE,45,fundamentals/RIGD.LSE.json;raw/eodhd/RIGD.LSE.json,"{""asOf"": 1, ""company"": 1, ""ownerMemo"": 22, ""tests"": 1, ""valuation"": 4, ""valueHistory"": 15, ""versions"": 1}",source-cache arrival observed; per-field attribution unproven
RILBA.CO,86,fundamentals/RILBA.CO.json;companies/RILBA.CO.json;raw/eodhd/RILBA.CO.json,"{""asOf"": 1, ""company"": 2, ""ownerMemo"": 21, ""series"": 28, ""tests"": 30, ""valueHistory"": 3, ""versions"": 1}",source-cache arrival observed; per-field attribution unproven
RIO.AU,73,fundamentals/RIO.AU.json;companies/RIO.AU.json;raw/eodhd/RIO.AU.json,"{""asOf"": 1, ""company"": 4, ""ownerMemo"": 5, ""series"": 10, ""tests"": 15, ""valuation"": 7, ""valueHistory"": 30, ""versions"": 1}",source-cache arrival observed; per-field attribution unproven
RJF.US,83,fundamentals/RJF.US.json;companies/RJF.US.json;raw/eodhd/RJF.US.json,"{""asOf"": 1, ""company"": 3, ""ownerMemo"": 50, ""series"": 5, ""tests"": 19, ""valuation"": 4, ""versions"": 1}",source-cache arrival observed; per-field attribution unproven
RKLB.US,21,fundamentals/RKLB.US.json;companies/RKLB.US.json;raw/eodhd/RKLB.US.json,"{""asOf"": 1, ""company"": 2, ""ownerMemo"": 5, ""series"": 1, ""tests"": 11, ""versions"": 1}",source-cache arrival observed; per-field attribution unproven
RKT.LSE,25,fundamentals/RKT.LSE.json;companies/RKT.LSE.json;raw/eodhd/RKT.LSE.json,"{""asOf"": 1, ""company"": 2, ""ownerMemo"": 21, ""versions"": 1}",source-cache arrival observed; per-field attribution unproven
RL.US,509,fundamentals/RL.US.json;companies/RL.US.json;raw/eodhd/RL.US.json,"{""asOf"": 1, ""company"": 6, ""events"": 2, ""historyCoverage"": 2, ""ownerMemo"": 31, ""series"": 276, ""tests"": 124, ""valuation"": 32, ""valueHistory"": 34, ""versions"": 1}",source-cache arrival observed; per-field attribution unproven
RMD.US,9,fundamentals/RMD.US.json;companies/RMD.US.json;raw/eodhd/RMD.US.json,"{""asOf"": 1, ""company"": 2, ""ownerMemo"": 5, ""versions"": 1}",source-cache arrival observed; per-field attribution unproven
RMS.AU,41,,"{""asOf"": 1, ""company"": 2, ""ownerMemo"": 20, ""series"": 1, ""tests"": 12, ""valuation"": 4, ""versions"": 1}",same inventoried inputs; recomputation mismatch
RMS.PA,9,fundamentals/RMS.PA.json;companies/RMS.PA.json;raw/eodhd/RMS.PA.json,"{""asOf"": 1, ""company"": 2, ""ownerMemo"": 5, ""versions"": 1}",source-cache arrival observed; per-field attribution unproven
RMV.LSE,91,,"{""asOf"": 1, ""company"": 2, ""ownerMemo"": 24, ""report"": 9, ""tests"": 54, ""versions"": 1}",same inventoried inputs; recomputation mismatch
RNK.LSE,69,,"{""asOf"": 1, ""company"": 3, ""ownerMemo"": 30, ""report"": 1, ""series"": 1, ""tests"": 28, ""valuation"": 4, ""versions"": 1}",same inventoried inputs; recomputation mismatch
RNO.PA,22,fundamentals/RNO.PA.json;companies/RNO.PA.json;raw/eodhd/RNO.PA.json,"{""asOf"": 1, ""company"": 2, ""ownerMemo"": 5, ""series"": 1, ""tests"": 12, ""versions"": 1}",source-cache arrival observed; per-field attribution unproven
ROCK-B.CO,89,fundamentals/ROCK-B.CO.json;companies/ROCK-B.CO.json;raw/eodhd/ROCK-B.CO.json,"{""asOf"": 1, ""company"": 2, ""ownerMemo"": 22, ""report"": 1, ""series"": 11, ""tests"": 24, ""valueHistory"": 27, ""versions"": 1}",source-cache arrival observed; per-field attribution unproven
ROK.US,26,fundamentals/ROK.US.json;companies/ROK.US.json;raw/eodhd/ROK.US.json,"{""asOf"": 1, ""company"": 2, ""ownerMemo"": 5, ""series"": 1, ""tests"": 12, ""valuation"": 4, ""versions"": 1}",source-cache arrival observed; per-field attribution unproven
ROL.US,81,fundamentals/ROL.US.json;companies/ROL.US.json;raw/eodhd/ROL.US.json,"{""asOf"": 1, ""company"": 3, ""ownerMemo"": 61, ""series"": 4, ""tests"": 11, ""versions"": 1}",source-cache arrival observed; per-field attribution unproven
ROP.SW,30,fundamentals/ROP.SW.json;companies/ROP.SW.json;raw/eodhd/ROP.SW.json,"{""asOf"": 1, ""company"": 2, ""ownerMemo"": 23, ""report"": 1, ""valuation"": 2, ""versions"": 1}",source-cache arrival observed; per-field attribution unproven
ROP.US,9,fundamentals/ROP.US.json;companies/ROP.US.json;raw/eodhd/ROP.US.json,"{""asOf"": 1, ""company"": 2, ""ownerMemo"": 5, ""versions"": 1}",source-cache arrival observed; per-field attribution unproven
ROR.LSE,94,,"{""asOf"": 1, ""company"": 2, ""ownerMemo"": 24, ""report"": 9, ""tests"": 57, ""versions"": 1}",same inventoried inputs; recomputation mismatch
ROSE.LSE,17,,"{""asOf"": 1, ""company"": 2, ""events"": 6, ""ownerMemo"": 5, ""report"": 1, ""series"": 1, ""versions"": 1}",same inventoried inputs; recomputation mismatch
ROST.US,9,fundamentals/ROST.US.json;companies/ROST.US.json;raw/eodhd/ROST.US.json,"{""asOf"": 1, ""company"": 2, ""ownerMemo"": 5, ""versions"": 1}",source-cache arrival observed; per-field attribution unproven
ROVI.MC,22,,"{""asOf"": 1, ""company"": 2, ""ownerMemo"": 2, ""series"": 1, ""tests"": 12, ""valuation"": 3, ""versions"": 1}",same inventoried inputs; recomputation mismatch
RPI.LSE,53,,"{""asOf"": 1, ""company"": 2, ""ownerMemo"": 40, ""report"": 1, ""series"": 8, ""versions"": 1}",same inventoried inputs; recomputation mismatch
RR.LSE,106,fundamentals/RR.LSE.json;companies/RR.LSE.json;raw/eodhd/RR.LSE.json,"{""asOf"": 1, ""company"": 2, ""ownerMemo"": 21, ""report"": 8, ""series"": 1, ""tests"": 68, ""valuation"": 4, ""versions"": 1}",source-cache arrival observed; per-field attribution unproven
RRL.AU,33,,"{""asOf"": 1, ""company"": 2, ""ownerMemo"": 16, ""series"": 1, ""tests"": 12, ""versions"": 1}",same inventoried inputs; recomputation mismatch
RS1.LSE,93,,"{""asOf"": 1, ""company"": 2, ""ownerMemo"": 24, ""report"": 9, ""tests"": 56, ""versions"": 1}",same inventoried inputs; recomputation mismatch
RSG.AU,145,,"{""asOf"": 1, ""company"": 4, ""ownerMemo"": 61, ""series"": 24, ""tests"": 54, ""versions"": 1}",same inventoried inputs; recomputation mismatch
RSG.US,9,fundamentals/RSG.US.json;companies/RSG.US.json;raw/eodhd/RSG.US.json,"{""asOf"": 1, ""company"": 2, ""ownerMemo"": 5, ""versions"": 1}",source-cache arrival observed; per-field attribution unproven
RSW.LSE,94,fundamentals/RSW.LSE.json;companies/RSW.LSE.json;raw/eodhd/RSW.LSE.json,"{""asOf"": 1, ""company"": 3, ""ownerMemo"": 26, ""report"": 9, ""tests"": 54, ""versions"": 1}",source-cache arrival observed; per-field attribution unproven
RTHA.F,222,fundamentals/RTHA.F.json;companies/RTHA.F.json;raw/eodhd/RTHA.F.json,"{""asOf"": 1, ""company"": 1, ""events"": 1, ""ownerMemo"": 102, ""report"": 1, ""series"": 38, ""tests"": 61, ""valuation"": 6, ""valueHistory"": 9, ""versions"": 1, ""volatility"": 1}",source-cache arrival observed; per-field attribution unproven
RTO.LSE,165,fundamentals/RTO.LSE.json;companies/RTO.LSE.json;raw/eodhd/RTO.LSE.json,"{""asOf"": 1, ""company"": 2, ""ownerMemo"": 63, ""report"": 9, ""series"": 21, ""tests"": 45, ""valuation"": 5, ""valueHistory"": 18, ""versions"": 1}",source-cache arrival observed; per-field attribution unproven
RTX.US,26,fundamentals/RTX.US.json;companies/RTX.US.json;raw/eodhd/RTX.US.json,"{""asOf"": 1, ""company"": 2, ""ownerMemo"": 5, ""series"": 1, ""tests"": 12, ""valuation"": 4, ""versions"": 1}",source-cache arrival observed; per-field attribution unproven
RUI.PA,22,,"{""asOf"": 1, ""company"": 2, ""ownerMemo"": 2, ""series"": 1, ""tests"": 12, ""valuation"": 3, ""versions"": 1}",same inventoried inputs; recomputation mismatch
RVTY.US,65,fundamentals/RVTY.US.json;companies/RVTY.US.json;raw/eodhd/RVTY.US.json,"{""asOf"": 1, ""company"": 3, ""ownerMemo"": 20, ""series"": 1, ""tests"": 35, ""valuation"": 4, ""versions"": 1}",source-cache arrival observed; per-field attribution unproven
RWC.AU,246,,"{""asOf"": 1, ""company"": 2, ""ownerMemo"": 90, ""series"": 42, ""tests"": 66, ""valuation"": 14, ""valueHistory"": 30, ""versions"": 1}",same inventoried inputs; recomputation mismatch
RWE.XETRA,33,fundamentals/RWE.XETRA.json;companies/RWE.XETRA.json;raw/eodhd/RWE.XETRA.json,"{""asOf"": 1, ""company"": 2, ""ownerMemo"": 16, ""series"": 1, ""tests"": 12, ""versions"": 1}",source-cache arrival observed; per-field attribution unproven
RXL.PA,25,fundamentals/RXL.PA.json;companies/RXL.PA.json;raw/eodhd/RXL.PA.json,"{""asOf"": 1, ""company"": 2, ""ownerMemo"": 5, ""series"": 1, ""tests"": 12, ""valuation"": 3, ""versions"": 1}",source-cache arrival observed; per-field attribution unproven
RY.TO,23,fundamentals/RY.TO.json;companies/RY.TO.json;raw/eodhd/RY.TO.json,"{""asOf"": 1, ""company"": 4, ""ownerMemo"": 5, ""valuation"": 2, ""valueHistory"": 10, ""versions"": 1}",source-cache arrival observed; per-field attribution unproven
RYA.IR,99,fundamentals/RYA.IR.json;companies/RYA.IR.json;raw/eodhd/RYA.IR.json,"{""asOf"": 1, ""company"": 4, ""ownerMemo"": 12, ""series"": 28, ""tests"": 32, ""valuation"": 9, ""valueHistory"": 12, ""versions"": 1}",source-cache arrival observed; per-field attribution unproven
RYM.AU,124,,"{""asOf"": 1, ""company"": 2, ""ownerMemo"": 60, ""series"": 15, ""tests"": 42, ""valueHistory"": 3, ""versions"": 1}",same inventoried inputs; recomputation mismatch
S05.F,126,,"{""asOf"": 1, ""company"": 1, ""events"": 1, ""ownerMemo"": 66, ""report"": 1, ""series"": 21, ""tests"": 34, ""versions"": 1}",same inventoried inputs; recomputation mismatch
S32.AU,179,fundamentals/S32.AU.json;companies/S32.AU.json;raw/eodhd/S32.AU.json,"{""asOf"": 1, ""company"": 5, ""ownerMemo"": 66, ""series"": 35, ""tests"": 62, ""valueHistory"": 9, ""versions"": 1}",source-cache arrival observed; per-field attribution unproven
S3Z.F,66,fundamentals/S3Z.F.json;raw/eodhd/S3Z.F.json,"{""asOf"": 1, ""events"": 2, ""ownerMemo"": 45, ""series"": 17, ""versions"": 1}",source-cache arrival observed; per-field attribution unproven
S8N0.F,94,,"{""asOf"": 1, ""company"": 1, ""events"": 1, ""ownerMemo"": 23, ""report"": 1, ""series"": 28, ""tests"": 38, ""versions"": 1}",same inventoried inputs; recomputation mismatch
SAAB-B.ST,40,fundamentals/SAAB-B.ST.json;companies/SAAB-B.ST.json;raw/eodhd/SAAB-B.ST.json,"{""asOf"": 1, ""company"": 2, ""ownerMemo"": 20, ""series"": 1, ""tests"": 12, ""valuation"": 3, ""versions"": 1}",source-cache arrival observed; per-field attribution unproven
SAB.MC,14,fundamentals/SAB.MC.json;companies/SAB.MC.json;raw/eodhd/SAB.MC.json,"{""asOf"": 1, ""company"": 2, ""ownerMemo"": 10, ""versions"": 1}",source-cache arrival observed; per-field attribution unproven
SAF.PA,81,fundamentals/SAF.PA.json;companies/SAF.PA.json;raw/eodhd/SAF.PA.json,"{""asOf"": 1, ""company"": 2, ""ownerMemo"": 25, ""report"": 4, ""tests"": 48, ""versions"": 1}",source-cache arrival observed; per-field attribution unproven
SAFE.LSE,59,,"{""asOf"": 1, ""company"": 3, ""ownerMemo"": 33, ""report"": 4, ""series"": 1, ""tests"": 12, ""valuation"": 4, ""versions"": 1}",same inventoried inputs; recomputation mismatch
SAGA-B.ST,79,fundamentals/SAGA-B.ST.json;companies/SAGA-B.ST.json;raw/eodhd/SAGA-B.ST.json,"{""asOf"": 1, ""company"": 2, ""ownerMemo"": 23, ""report"": 5, ""tests"": 47, ""versions"": 1}",source-cache arrival observed; per-field attribution unproven
SAGA.LSE,75,,"{""asOf"": 1, ""company"": 3, ""ownerMemo"": 27, ""report"": 9, ""series"": 1, ""tests"": 33, ""versions"": 1}",same inventoried inputs; recomputation mismatch
SALM.OL,42,fundamentals/SALM.OL.json;companies/SALM.OL.json;raw/eodhd/SALM.OL.json,"{""asOf"": 1, ""company"": 2, ""ownerMemo"": 22, ""series"": 1, ""tests"": 12, ""valuation"": 3, ""versions"": 1}",source-cache arrival observed; per-field attribution unproven
SAMPO.HE,110,fundamentals/SAMPO.HE.json;companies/SAMPO.HE.json;raw/eodhd/SAMPO.HE.json,"{""asOf"": 1, ""company"": 2, ""ownerMemo"": 34, ""series"": 16, ""tests"": 39, ""valuation"": 11, ""valueHistory"": 6, ""versions"": 1}",source-cache arrival observed; per-field attribution unproven
SAN.MC,177,fundamentals/SAN.MC.json;companies/SAN.MC.json;raw/eodhd/SAN.MC.json,"{""asOf"": 1, ""company"": 5, ""ownerMemo"": 12, ""report"": 9, ""series"": 37, ""tests"": 92, ""valuation"": 8, ""valueHistory"": 12, ""versions"": 1}",source-cache arrival observed; per-field attribution unproven
SAN.PA,114,fundamentals/SAN.PA.json;companies/SAN.PA.json;raw/eodhd/SAN.PA.json,"{""asOf"": 1, ""company"": 4, ""ownerMemo"": 27, ""report"": 10, ""series"": 1, ""tests"": 67, ""valuation"": 3, ""versions"": 1}",source-cache arrival observed; per-field attribution unproven
SANB3.SA,122,fundamentals/SANB3.SA.json;companies/SANB3.SA.json;raw/eodhd/SANB3.SA.json,"{""asOf"": 1, ""company"": 2, ""ownerMemo"": 7, ""series"": 32, ""tests"": 41, ""valuation"": 11, ""valueHistory"": 27, ""versions"": 1}",source-cache arrival observed; per-field attribution unproven
SAND.ST,8,fundamentals/SAND.ST.json;companies/SAND.ST.json;raw/eodhd/SAND.ST.json,"{""asOf"": 1, ""company"": 2, ""ownerMemo"": 4, ""versions"": 1}",source-cache arrival observed; per-field attribution unproven
SAP.TO,42,fundamentals/SAP.TO.json;companies/SAP.TO.json;raw/eodhd/SAP.TO.json,"{""asOf"": 1, ""company"": 2, ""ownerMemo"": 21, ""series"": 1, ""tests"": 12, ""valuation"": 4, ""versions"": 1}",source-cache arrival observed; per-field attribution unproven
SAP.XETRA,12,fundamentals/SAP.XETRA.json;companies/SAP.XETRA.json;raw/eodhd/SAP.XETRA.json,"{""asOf"": 1, ""company"": 5, ""ownerMemo"": 5, ""versions"": 1}",source-cache arrival observed; per-field attribution unproven
SARDF.US,148,,"{""asOf"": 1, ""ownerMemo"": 58, ""series"": 29, ""tests"": 45, ""valuation"": 8, ""valueHistory"": 6, ""versions"": 1}",same inventoried inputs; recomputation mismatch
SATS.OL,54,,"{""asOf"": 1, ""company"": 2, ""ownerMemo"": 27, ""series"": 5, ""tests"": 15, ""valuation"": 3, ""versions"": 1}",same inventoried inputs; recomputation mismatch
SAVE.ST,149,fundamentals/SAVE.ST.json;companies/SAVE.ST.json;raw/eodhd/SAVE.ST.json,"{""asOf"": 1, ""company"": 2, ""events"": 2, ""ownerMemo"": 42, ""series"": 29, ""tests"": 48, ""valuation"": 12, ""valueHistory"": 12, ""versions"": 1}",source-cache arrival observed; per-field attribution unproven
SB1NO.OL,106,fundamentals/SB1NO.OL.json;companies/SB1NO.OL.json;raw/eodhd/SB1NO.OL.json,"{""asOf"": 1, ""company"": 2, ""ownerMemo"": 10, ""series"": 37, ""tests"": 35, ""valuation"": 8, ""valueHistory"": 12, ""versions"": 1}",source-cache arrival observed; per-field attribution unproven
SBAC.US,82,fundamentals/SBAC.US.json;companies/SBAC.US.json;raw/eodhd/SBAC.US.json,"{""asOf"": 1, ""company"": 3, ""ownerMemo"": 60, ""series"": 1, ""tests"": 12, ""valuation"": 4, ""versions"": 1}",source-cache arrival observed; per-field attribution unproven
SBILIFE.NSE,135,,"{""asOf"": 1, ""events"": 1, ""ownerMemo"": 32, ""series"": 48, ""tests"": 52, ""versions"": 1}",same inventoried inputs; recomputation mismatch
SBIN.NSE,44,,"{""asOf"": 1, ""ownerMemo"": 37, ""tests"": 5, ""versions"": 1}",same inventoried inputs; recomputation mismatch
SBMO.AS,150,fundamentals/SBMO.AS.json;companies/SBMO.AS.json;raw/eodhd/SBMO.AS.json,"{""asOf"": 1, ""company"": 2, ""ownerMemo"": 30, ""report"": 11, ""series"": 11, ""tests"": 83, ""valuation"": 1, ""valueHistory"": 10, ""versions"": 1}",source-cache arrival observed; per-field attribution unproven
SBNOR.OL,147,,"{""asOf"": 1, ""company"": 2, ""ownerMemo"": 29, ""series"": 40, ""tests"": 55, ""valuation"": 4, ""valueHistory"": 15, ""versions"": 1}",same inventoried inputs; recomputation mismatch
SBO.VI,115,,"{""asOf"": 1, ""company"": 2, ""ownerMemo"": 16, ""series"": 32, ""tests"": 57, ""valueHistory"": 6, ""versions"": 1}",same inventoried inputs; recomputation mismatch
SBRY.LSE,102,fundamentals/SBRY.LSE.json;companies/SBRY.LSE.json;raw/eodhd/SBRY.LSE.json,"{""asOf"": 1, ""company"": 2, ""ownerMemo"": 18, ""report"": 10, ""series"": 1, ""tests"": 69, ""versions"": 1}",source-cache arrival observed; per-field attribution unproven
SBSP3.SA,52,fundamentals/SBSP3.SA.json;companies/SBSP3.SA.json;raw/eodhd/SBSP3.SA.json,"{""asOf"": 1, ""company"": 2, ""ownerMemo"": 5, ""series"": 1, ""tests"": 12, ""valueHistory"": 30, ""versions"": 1}",source-cache arrival observed; per-field attribution unproven
SBUX.US,9,fundamentals/SBUX.US.json;companies/SBUX.US.json;raw/eodhd/SBUX.US.json,"{""asOf"": 1, ""company"": 2, ""ownerMemo"": 5, ""versions"": 1}",source-cache arrival observed; per-field attribution unproven
SCA-B.ST,40,fundamentals/SCA-B.ST.json;companies/SCA-B.ST.json;raw/eodhd/SCA-B.ST.json,"{""asOf"": 1, ""company"": 2, ""ownerMemo"": 19, ""report"": 1, ""series"": 1, ""tests"": 12, ""valuation"": 3, ""versions"": 1}",source-cache arrival observed; per-field attribution unproven
SCG.AU,40,fundamentals/SCG.AU.json;companies/SCG.AU.json;raw/eodhd/SCG.AU.json,"{""asOf"": 1, ""company"": 2, ""ownerMemo"": 19, ""series"": 1, ""tests"": 12, ""valuation"": 4, ""versions"": 1}",source-cache arrival observed; per-field attribution unproven
SCHP.SW,30,fundamentals/SCHP.SW.json;companies/SCHP.SW.json;raw/eodhd/SCHP.SW.json,"{""asOf"": 1, ""company"": 2, ""ownerMemo"": 23, ""report"": 1, ""valuation"": 2, ""versions"": 1}",source-cache arrival observed; per-field attribution unproven
SCHW.US,356,fundamentals/SCHW.US.json;companies/SCHW.US.json;raw/eodhd/SCHW.US.json,"{""asOf"": 1, ""company"": 3, ""events"": 1, ""judgement"": 1, ""ownerMemo"": 54, ""requiredMos"": 1, ""series"": 77, ""tests"": 146, ""valuation"": 40, ""valueHistory"": 30, ""versions"": 1, ""volatility"": 1}",source-cache arrival observed; per-field attribution unproven
SCMN.SW,28,fundamentals/SCMN.SW.json;companies/SCMN.SW.json;raw/eodhd/SCMN.SW.json,"{""asOf"": 1, ""company"": 2, ""ownerMemo"": 22, ""valuation"": 2, ""versions"": 1}",source-cache arrival observed; per-field attribution unproven
SCR.PA,85,fundamentals/SCR.PA.json;companies/SCR.PA.json;raw/eodhd/SCR.PA.json,"{""asOf"": 1, ""company"": 2, ""ownerMemo"": 5, ""series"": 39, ""tests"": 25, ""valueHistory"": 12, ""versions"": 1}",source-cache arrival observed; per-field attribution unproven
SCRPF.US,106,fundamentals/SCRPF.US.json;raw/eodhd/SCRPF.US.json,"{""asOf"": 1, ""events"": 1, ""ownerMemo"": 37, ""report"": 1, ""series"": 14, ""tests"": 35, ""valuation"": 9, ""valueHistory"": 6, ""versions"": 1, ""volatility"": 1}",source-cache arrival observed; per-field attribution unproven
SCT.LSE,95,,"{""asOf"": 1, ""company"": 2, ""ownerMemo"": 22, ""report"": 10, ""tests"": 59, ""versions"": 1}",same inventoried inputs; recomputation mismatch
SCYR.MC,19,,"{""asOf"": 1, ""company"": 2, ""ownerMemo"": 2, ""series"": 1, ""tests"": 12, ""versions"": 1}",same inventoried inputs; recomputation mismatch
SDF.AU,36,,"{""asOf"": 1, ""company"": 2, ""ownerMemo"": 19, ""series"": 1, ""tests"": 12, ""versions"": 1}",same inventoried inputs; recomputation mismatch
SDF.XETRA,31,,"{""asOf"": 1, ""company"": 2, ""ownerMemo"": 14, ""series"": 1, ""tests"": 12, ""versions"": 1}",same inventoried inputs; recomputation mismatch
SDLF.LSE,61,fundamentals/SDLF.LSE.json;companies/SDLF.LSE.json;raw/eodhd/SDLF.LSE.json,"{""asOf"": 1, ""company"": 2, ""ownerMemo"": 12, ""series"": 22, ""tests"": 14, ""valueHistory"": 9, ""versions"": 1}",source-cache arrival observed; per-field attribution unproven
SDR.LSE,28,fundamentals/SDR.LSE.json;companies/SDR.LSE.json;raw/eodhd/SDR.LSE.json,"{""asOf"": 1, ""company"": 3, ""ownerMemo"": 6, ""series"": 1, ""tests"": 12, ""valuation"": 4, ""versions"": 1}",source-cache arrival observed; per-field attribution unproven
SDZ.SW,60,fundamentals/SDZ.SW.json;companies/SDZ.SW.json;raw/eodhd/SDZ.SW.json,"{""asOf"": 1, ""company"": 2, ""ownerMemo"": 44, ""series"": 12, ""versions"": 1}",source-cache arrival observed; per-field attribution unproven
SEB-A.ST,120,fundamentals/SEB-A.ST.json;companies/SEB-A.ST.json;raw/eodhd/SEB-A.ST.json,"{""asOf"": 1, ""company"": 2, ""ownerMemo"": 5, ""series"": 62, ""tests"": 34, ""valuation"": 3, ""valueHistory"": 12, ""versions"": 1}",source-cache arrival observed; per-field attribution unproven
SECU-B.ST,9,fundamentals/SECU-B.ST.json;companies/SECU-B.ST.json;raw/eodhd/SECU-B.ST.json,"{""asOf"": 1, ""company"": 2, ""ownerMemo"": 5, ""versions"": 1}",source-cache arrival observed; per-field attribution unproven
SEK.AU,33,,"{""asOf"": 1, ""company"": 2, ""ownerMemo"": 16, ""series"": 1, ""tests"": 12, ""versions"": 1}",same inventoried inputs; recomputation mismatch
SEM.LS,79,,"{""asOf"": 1, ""company"": 2, ""ownerMemo"": 53, ""series"": 4, ""tests"": 15, ""valuation"": 3, ""versions"": 1}",same inventoried inputs; recomputation mismatch
SESG.PA,22,,"{""asOf"": 1, ""company"": 2, ""ownerMemo"": 2, ""series"": 1, ""tests"": 12, ""valuation"": 3, ""versions"": 1}",same inventoried inputs; recomputation mismatch
SFR.AU,211,fundamentals/SFR.AU.json;companies/SFR.AU.json;raw/eodhd/SFR.AU.json,"{""asOf"": 1, ""company"": 2, ""events"": 6, ""ownerMemo"": 78, ""series"": 41, ""tests"": 63, ""valuation"": 10, ""valueHistory"": 9, ""versions"": 1}",source-cache arrival observed; per-field attribution unproven
SFSN.SW,29,fundamentals/SFSN.SW.json;companies/SFSN.SW.json;raw/eodhd/SFSN.SW.json,"{""asOf"": 1, ""company"": 2, ""ownerMemo"": 23, ""valuation"": 2, ""versions"": 1}",source-cache arrival observed; per-field attribution unproven
SFZN.SW,133,,"{""asOf"": 1, ""company"": 2, ""events"": 2, ""ownerMemo"": 50, ""series"": 15, ""tests"": 42, ""valuation"": 14, ""valueHistory"": 6, ""versions"": 1}",same inventoried inputs; recomputation mismatch
SGE.LSE,9,fundamentals/SGE.LSE.json;companies/SGE.LSE.json;raw/eodhd/SGE.LSE.json,"{""asOf"": 1, ""company"": 2, ""ownerMemo"": 5, ""versions"": 1}",source-cache arrival observed; per-field attribution unproven
SGH.AU,52,fundamentals/SGH.AU.json;companies/SGH.AU.json;raw/eodhd/SGH.AU.json,"{""asOf"": 1, ""company"": 2, ""events"": 11, ""ownerMemo"": 21, ""series"": 1, ""tests"": 11, ""valuation"": 4, ""versions"": 1}",source-cache arrival observed; per-field attribution unproven
SGM.AU,44,,"{""asOf"": 1, ""company"": 2, ""ownerMemo"": 19, ""series"": 1, ""tests"": 13, ""valuation"": 1, ""valueHistory"": 6, ""versions"": 1}",same inventoried inputs; recomputation mismatch
SGO.PA,9,fundamentals/SGO.PA.json;companies/SGO.PA.json;raw/eodhd/SGO.PA.json,"{""asOf"": 1, ""company"": 2, ""ownerMemo"": 5, ""versions"": 1}",source-cache arrival observed; per-field attribution unproven
SGP.AU,43,fundamentals/SGP.AU.json;companies/SGP.AU.json;raw/eodhd/SGP.AU.json,"{""asOf"": 1, ""company"": 2, ""ownerMemo"": 22, ""series"": 1, ""tests"": 12, ""valuation"": 4, ""versions"": 1}",source-cache arrival observed; per-field attribution unproven
SGRO.LSE,26,fundamentals/SGRO.LSE.json;companies/SGRO.LSE.json;raw/eodhd/SGRO.LSE.json,"{""asOf"": 1, ""company"": 2, ""ownerMemo"": 5, ""series"": 1, ""tests"": 12, ""valuation"": 4, ""versions"": 1}",source-cache arrival observed; per-field attribution unproven
SGSN.SW,29,fundamentals/SGSN.SW.json;companies/SGSN.SW.json;raw/eodhd/SGSN.SW.json,"{""asOf"": 1, ""company"": 2, ""ownerMemo"": 23, ""valuation"": 2, ""versions"": 1}",source-cache arrival observed; per-field attribution unproven
SHA0.XETRA,47,fundamentals/SHA0.XETRA.json;companies/SHA0.XETRA.json;raw/eodhd/SHA0.XETRA.json,"{""asOf"": 1, ""company"": 8, ""ownerMemo"": 21, ""series"": 1, ""tests"": 12, ""valuation"": 3, ""versions"": 1}",source-cache arrival observed; per-field attribution unproven
SHAW.LSE,30,,"{""asOf"": 1, ""company"": 2, ""ownerMemo"": 7, ""report"": 1, ""series"": 2, ""tests"": 16, ""versions"": 1}",same inventoried inputs; recomputation mismatch
SHB-A.ST,8,fundamentals/SHB-A.ST.json;companies/SHB-A.ST.json;raw/eodhd/SHB-A.ST.json,"{""asOf"": 1, ""company"": 2, ""ownerMemo"": 4, ""versions"": 1}",source-cache arrival observed; per-field attribution unproven
SHC.LSE,280,,"{""asOf"": 1, ""company"": 2, ""ownerMemo"": 35, ""report"": 10, ""series"": 59, ""tests"": 141, ""valuation"": 22, ""valueHistory"": 9, ""versions"": 1}",same inventoried inputs; recomputation mismatch
SHEL.LSE,87,fundamentals/SHEL.LSE.json;companies/SHEL.LSE.json;raw/eodhd/SHEL.LSE.json,"{""asOf"": 1, ""company"": 4, ""ownerMemo"": 6, ""series"": 11, ""tests"": 25, ""valuation"": 9, ""valueHistory"": 30, ""versions"": 1}",source-cache arrival observed; per-field attribution unproven
SHL.AU,44,fundamentals/SHL.AU.json;companies/SHL.AU.json;raw/eodhd/SHL.AU.json,"{""asOf"": 1, ""company"": 2, ""ownerMemo"": 23, ""series"": 1, ""tests"": 12, ""valuation"": 4, ""versions"": 1}",source-cache arrival observed; per-field attribution unproven
SHL.XETRA,26,fundamentals/SHL.XETRA.json;companies/SHL.XETRA.json;raw/eodhd/SHL.XETRA.json,"{""asOf"": 1, ""company"": 2, ""ownerMemo"": 22, ""versions"": 1}",source-cache arrival observed; per-field attribution unproven
SHOP.TO,63,fundamentals/SHOP.TO.json;companies/SHOP.TO.json;raw/eodhd/SHOP.TO.json,"{""asOf"": 1, ""company"": 4, ""ownerMemo"": 7, ""series"": 11, ""tests"": 24, ""valuation"": 9, ""valueHistory"": 6, ""versions"": 1}",source-cache arrival observed; per-field attribution unproven
SHRIRAMFIN.NSE,539,,"{""asOf"": 1, ""events"": 4, ""historyCoverage"": 2, ""ownerMemo"": 51, ""series"": 274, ""tests"": 206, ""versions"": 1}",same inventoried inputs; recomputation mismatch
SHW.US,7,fundamentals/SHW.US.json;companies/SHW.US.json;raw/eodhd/SHW.US.json,"{""asOf"": 1, ""company"": 2, ""ownerMemo"": 3, ""versions"": 1}",source-cache arrival observed; per-field attribution unproven
SIA1.F,31,fundamentals/SIA1.F.json;companies/SIA1.F.json;raw/eodhd/SIA1.F.json,"{""asOf"": 1, ""company"": 1, ""ownerMemo"": 27, ""report"": 1, ""versions"": 1}",source-cache arrival observed; per-field attribution unproven
SIE.XETRA,27,fundamentals/SIE.XETRA.json;companies/SIE.XETRA.json;raw/eodhd/SIE.XETRA.json,"{""asOf"": 1, ""company"": 2, ""ownerMemo"": 23, ""versions"": 1}",source-cache arrival observed; per-field attribution unproven
SIG.AU,32,fundamentals/SIG.AU.json;companies/SIG.AU.json;raw/eodhd/SIG.AU.json,"{""asOf"": 1, ""company"": 2, ""ownerMemo"": 15, ""series"": 1, ""tests"": 12, ""versions"": 1}",source-cache arrival observed; per-field attribution unproven
SIGMAFA.MX,77,,"{""asOf"": 1, ""company"": 2, ""ownerMemo"": 47, ""series"": 26, ""versions"": 1}",same inventoried inputs; recomputation mismatch
SIGN.SW,69,fundamentals/SIGN.SW.json;companies/SIGN.SW.json;raw/eodhd/SIGN.SW.json,"{""asOf"": 1, ""company"": 2, ""ownerMemo"": 20, ""series"": 9, ""tests"": 21, ""valueHistory"": 15, ""versions"": 1}",source-cache arrival observed; per-field attribution unproven
SIKA.SW,29,fundamentals/SIKA.SW.json;companies/SIKA.SW.json;raw/eodhd/SIKA.SW.json,"{""asOf"": 1, ""company"": 2, ""ownerMemo"": 23, ""valuation"": 2, ""versions"": 1}",source-cache arrival observed; per-field attribution unproven
SIQ.AU,25,,"{""asOf"": 1, ""company"": 2, ""ownerMemo"": 19, ""valuation"": 2, ""versions"": 1}",same inventoried inputs; recomputation mismatch
SIT4.F,25,fundamentals/SIT4.F.json;companies/SIT4.F.json;raw/eodhd/SIT4.F.json,"{""asOf"": 1, ""company"": 1, ""ownerMemo"": 21, ""report"": 1, ""versions"": 1}",source-cache arrival observed; per-field attribution unproven
SJM.US,54,fundamentals/SJM.US.json;companies/SJM.US.json;raw/eodhd/SJM.US.json,"{""asOf"": 1, ""company"": 3, ""ownerMemo"": 32, ""series"": 1, ""tests"": 12, ""valuation"": 4, ""versions"": 1}",source-cache arrival observed; per-field attribution unproven
SJX.F,231,fundamentals/SJX.F.json;companies/SJX.F.json;raw/eodhd/SJX.F.json,"{""asOf"": 1, ""company"": 1, ""events"": 4, ""ownerMemo"": 111, ""report"": 1, ""series"": 38, ""tests"": 58, ""valuation"": 7, ""valueHistory"": 9, ""versions"": 1}",source-cache arrival observed; per-field attribution unproven
SK.PA,6,,"{""asOf"": 1, ""company"": 2, ""ownerMemo"": 2, ""versions"": 1}",same inventoried inputs; recomputation mismatch
SKA-B.ST,22,fundamentals/SKA-B.ST.json;companies/SKA-B.ST.json;raw/eodhd/SKA-B.ST.json,"{""asOf"": 1, ""company"": 2, ""ownerMemo"": 5, ""series"": 1, ""tests"": 12, ""versions"": 1}",source-cache arrival observed; per-field attribution unproven
SKC.AU,57,,"{""asOf"": 1, ""company"": 2, ""ownerMemo"": 12, ""series"": 11, ""tests"": 24, ""valueHistory"": 6, ""versions"": 1}",same inventoried inputs; recomputation mismatch
SKF-B.ST,26,fundamentals/SKF-B.ST.json;companies/SKF-B.ST.json;raw/eodhd/SKF-B.ST.json,"{""asOf"": 1, ""company"": 2, ""ownerMemo"": 22, ""versions"": 1}",source-cache arrival observed; per-field attribution unproven
SKLUY.US,257,,"{""asOf"": 1, ""businessOverview"": 1, ""events"": 3, ""historyCoverage"": 2, ""judgement"": 1, ""ownerMemo"": 73, ""priceHistory"": 1, ""report"": 1, ""requiredMos"": 1, ""series"": 83, ""status"": 1, ""tests"": 82, ""valuation"": 1, ""valueHistory"": 3, ""versions"": 1, ""volatility"": 1, ""w"": 1}",same inventoried inputs; recomputation mismatch
SKO.AU,46,,"{""asOf"": 1, ""company"": 2, ""ownerMemo"": 11, ""series"": 9, ""tests"": 22, ""versions"": 1}",same inventoried inputs; recomputation mismatch
SKT.AU,80,,"{""asOf"": 1, ""company"": 2, ""ownerMemo"": 17, ""series"": 11, ""tests"": 24, ""valuation"": 9, ""valueHistory"": 15, ""versions"": 1}",same inventoried inputs; recomputation mismatch
SLB.US,26,fundamentals/SLB.US.json;companies/SLB.US.json;raw/eodhd/SLB.US.json,"{""asOf"": 1, ""company"": 2, ""ownerMemo"": 5, ""series"": 1, ""tests"": 12, ""valuation"": 4, ""versions"": 1}",source-cache arrival observed; per-field attribution unproven
SLC.AU,37,,"{""asOf"": 1, ""company"": 2, ""ownerMemo"": 17, ""series"": 1, ""tests"": 13, ""valuation"": 1, ""valueHistory"": 1, ""versions"": 1}",same inventoried inputs; recomputation mismatch
SLF.TO,88,fundamentals/SLF.TO.json;companies/SLF.TO.json;raw/eodhd/SLF.TO.json,"{""asOf"": 1, ""company"": 4, ""ownerMemo"": 6, ""series"": 24, ""tests"": 30, ""valuation"": 13, ""valueHistory"": 9, ""versions"": 1}",source-cache arrival observed; per-field attribution unproven
SLHN.SW,104,fundamentals/SLHN.SW.json;companies/SLHN.SW.json;raw/eodhd/SLHN.SW.json,"{""asOf"": 1, ""company"": 2, ""ownerMemo"": 12, ""series"": 32, ""tests"": 34, ""valuation"": 10, ""valueHistory"": 12, ""versions"": 1}",source-cache arrival observed; per-field attribution unproven
SLR.MC,19,,"{""asOf"": 1, ""company"": 2, ""ownerMemo"": 2, ""series"": 1, ""tests"": 12, ""versions"": 1}",same inventoried inputs; recomputation mismatch
SLX.AU,22,,"{""asOf"": 1, ""company"": 2, ""ownerMemo"": 5, ""series"": 1, ""tests"": 12, ""versions"": 1}",same inventoried inputs; recomputation mismatch
SMCI.US,104,fundamentals/SMCI.US.json;companies/SMCI.US.json;raw/eodhd/SMCI.US.json,"{""asOf"": 1, ""company"": 2, ""events"": 4, ""ownerMemo"": 50, ""series"": 4, ""tests"": 38, ""valuation"": 4, ""versions"": 1}",source-cache arrival observed; per-field attribution unproven
SMFT3.SA,26,,"{""asOf"": 1, ""company"": 2, ""ownerMemo"": 10, ""series"": 1, ""tests"": 11, ""versions"": 1}",same inventoried inputs; recomputation mismatch
SMHN.XETRA,39,,"{""asOf"": 1, ""company"": 2, ""ownerMemo"": 19, ""series"": 1, ""tests"": 12, ""valuation"": 3, ""versions"": 1}",same inventoried inputs; recomputation mismatch
SMIN.LSE,106,fundamentals/SMIN.LSE.json;companies/SMIN.LSE.json;raw/eodhd/SMIN.LSE.json,"{""asOf"": 1, ""company"": 2, ""ownerMemo"": 25, ""report"": 7, ""series"": 1, ""tests"": 65, ""valuation"": 4, ""versions"": 1}",source-cache arrival observed; per-field attribution unproven
SMWH.LSE,83,,"{""asOf"": 1, ""company"": 3, ""ownerMemo"": 25, ""report"": 10, ""series"": 3, ""tests"": 40, ""versions"": 1}",same inventoried inputs; recomputation mismatch
SN.LSE,85,fundamentals/SN.LSE.json;companies/SN.LSE.json;raw/eodhd/SN.LSE.json,"{""asOf"": 1, ""company"": 2, ""ownerMemo"": 6, ""series"": 11, ""tests"": 25, ""valuation"": 9, ""valueHistory"": 30, ""versions"": 1}",source-cache arrival observed; per-field attribution unproven
SNA.US,82,fundamentals/SNA.US.json;companies/SNA.US.json;raw/eodhd/SNA.US.json,"{""asOf"": 1, ""company"": 3, ""ownerMemo"": 54, ""tests"": 23, ""versions"": 1}",source-cache arrival observed; per-field attribution unproven
SNDK.US,51,fundamentals/SNDK.US.json;companies/SNDK.US.json;raw/eodhd/SNDK.US.json,"{""asOf"": 1, ""company"": 2, ""ownerMemo"": 34, ""series"": 13, ""versions"": 1}",source-cache arrival observed; per-field attribution unproven
SNPS.US,32,fundamentals/SNPS.US.json;companies/SNPS.US.json;raw/eodhd/SNPS.US.json,"{""asOf"": 1, ""company"": 3, ""ownerMemo"": 6, ""series"": 5, ""tests"": 12, ""valuation"": 4, ""versions"": 1}",source-cache arrival observed; per-field attribution unproven
SNR.LSE,104,,"{""asOf"": 1, ""company"": 3, ""ownerMemo"": 50, ""report"": 10, ""series"": 1, ""tests"": 34, ""valuation"": 4, ""versions"": 1}",same inventoried inputs; recomputation mismatch
SNZ.AU,98,,"{""asOf"": 1, ""company"": 2, ""ownerMemo"": 20, ""series"": 11, ""tests"": 24, ""valuation"": 9, ""valueHistory"": 30, ""versions"": 1}",same inventoried inputs; recomputation mismatch
SO.US,22,fundamentals/SO.US.json;companies/SO.US.json;raw/eodhd/SO.US.json,"{""asOf"": 1, ""company"": 2, ""ownerMemo"": 5, ""series"": 1, ""tests"": 12, ""versions"": 1}",source-cache arrival observed; per-field attribution unproven
SOBI.ST,25,fundamentals/SOBI.ST.json;companies/SOBI.ST.json;raw/eodhd/SOBI.ST.json,"{""asOf"": 1, ""company"": 2, ""ownerMemo"": 5, ""series"": 1, ""tests"": 12, ""valuation"": 3, ""versions"": 1}",source-cache arrival observed; per-field attribution unproven
SOF.BR,71,fundamentals/SOF.BR.json;companies/SOF.BR.json;raw/eodhd/SOF.BR.json,"{""asOf"": 1, ""company"": 2, ""ownerMemo"": 10, ""series"": 13, ""tests"": 33, ""valuation"": 5, ""valueHistory"": 6, ""versions"": 1}",source-cache arrival observed; per-field attribution unproven
SOI.PA,22,fundamentals/SOI.PA.json;companies/SOI.PA.json;raw/eodhd/SOI.PA.json,"{""asOf"": 1, ""company"": 2, ""ownerMemo"": 5, ""series"": 1, ""tests"": 12, ""versions"": 1}",source-cache arrival observed; per-field attribution unproven
SOL.AU,63,fundamentals/SOL.AU.json;companies/SOL.AU.json;raw/eodhd/SOL.AU.json,"{""asOf"": 1, ""company"": 2, ""events"": 21, ""ownerMemo"": 21, ""series"": 1, ""tests"": 12, ""valuation"": 4, ""versions"": 1}",source-cache arrival observed; per-field attribution unproven
SOLB.BR,23,,"{""asOf"": 1, ""company"": 2, ""ownerMemo"": 2, ""series"": 1, ""tests"": 12, ""valuation"": 4, ""versions"": 1}",same inventoried inputs; recomputation mismatch
SOLV.US,32,fundamentals/SOLV.US.json;companies/SOLV.US.json;raw/eodhd/SOLV.US.json,"{""asOf"": 1, ""company"": 2, ""ownerMemo"": 27, ""series"": 1, ""versions"": 1}",source-cache arrival observed; per-field attribution unproven
SON.LS,122,,"{""asOf"": 1, ""company"": 2, ""events"": 5, ""ownerMemo"": 39, ""series"": 32, ""tests"": 33, ""valuation"": 6, ""valueHistory"": 3, ""versions"": 1}",same inventoried inputs; recomputation mismatch
SOON.SW,29,fundamentals/SOON.SW.json;companies/SOON.SW.json;raw/eodhd/SOON.SW.json,"{""asOf"": 1, ""company"": 2, ""ownerMemo"": 23, ""valuation"": 2, ""versions"": 1}",source-cache arrival observed; per-field attribution unproven
SOP.PA,6,,"{""asOf"": 1, ""company"": 2, ""ownerMemo"": 2, ""versions"": 1}",same inventoried inputs; recomputation mismatch
SOU.F,138,fundamentals/SOU.F.json;companies/SOU.F.json;raw/eodhd/SOU.F.json,"{""asOf"": 1, ""company"": 1, ""ownerMemo"": 87, ""report"": 1, ""series"": 15, ""tests"": 32, ""versions"": 1}",source-cache arrival observed; per-field attribution unproven
SPCX.US,44,fundamentals/SPCX.US.json;companies/SPCX.US.json;raw/eodhd/SPCX.US.json,"{""asOf"": 1, ""company"": 2, ""ownerMemo"": 29, ""series"": 11, ""versions"": 1}",source-cache arrival observed; per-field attribution unproven
SPG.NZ,71,,"{""asOf"": 1, ""ownerMemo"": 36, ""series"": 16, ""tests"": 17, ""versions"": 1}",same inventoried inputs; recomputation mismatch
SPG.US,26,fundamentals/SPG.US.json;companies/SPG.US.json;raw/eodhd/SPG.US.json,"{""asOf"": 1, ""company"": 2, ""ownerMemo"": 5, ""series"": 1, ""tests"": 12, ""valuation"": 4, ""versions"": 1}",source-cache arrival observed; per-field attribution unproven
SPGI.US,26,fundamentals/SPGI.US.json;companies/SPGI.US.json;raw/eodhd/SPGI.US.json,"{""asOf"": 1, ""company"": 2, ""ownerMemo"": 5, ""series"": 1, ""tests"": 12, ""valuation"": 4, ""versions"": 1}",source-cache arrival observed; per-field attribution unproven
SPI.LSE,54,,"{""asOf"": 1, ""company"": 3, ""ownerMemo"": 19, ""report"": 1, ""series"": 1, ""tests"": 28, ""versions"": 1}",same inventoried inputs; recomputation mismatch
SPIE.PA,114,fundamentals/SPIE.PA.json;companies/SPIE.PA.json;raw/eodhd/SPIE.PA.json,"{""asOf"": 1, ""company"": 2, ""ownerMemo"": 27, ""report"": 9, ""series"": 1, ""tests"": 70, ""valuation"": 3, ""versions"": 1}",source-cache arrival observed; per-field attribution unproven
SPK.AU,222,,"{""asOf"": 1, ""company"": 2, ""ownerMemo"": 75, ""series"": 43, ""tests"": 65, ""valuation"": 14, ""valueHistory"": 21, ""versions"": 1}",same inventoried inputs; recomputation mismatch
SPM.MI,54,,"{""asOf"": 1, ""ownerMemo"": 24, ""series"": 7, ""tests"": 18, ""valuation"": 3, ""versions"": 1}",same inventoried inputs; recomputation mismatch
SPSN.SW,44,fundamentals/SPSN.SW.json;companies/SPSN.SW.json;raw/eodhd/SPSN.SW.json,"{""asOf"": 1, ""company"": 2, ""ownerMemo"": 22, ""series"": 1, ""tests"": 12, ""valuation"": 5, ""versions"": 1}",source-cache arrival observed; per-field attribution unproven
SPX.LSE,86,fundamentals/SPX.LSE.json;companies/SPX.LSE.json;raw/eodhd/SPX.LSE.json,"{""asOf"": 1, ""company"": 2, ""ownerMemo"": 25, ""report"": 7, ""tests"": 50, ""versions"": 1}",source-cache arrival observed; per-field attribution unproven
SQN.SW,147,fundamentals/SQN.SW.json;companies/SQN.SW.json;raw/eodhd/SQN.SW.json,"{""asOf"": 1, ""company"": 2, ""events"": 2, ""ownerMemo"": 53, ""series"": 22, ""tests"": 45, ""valuation"": 12, ""valueHistory"": 9, ""versions"": 1}",source-cache arrival observed; per-field attribution unproven
SRE.LSE,140,,"{""asOf"": 1, ""company"": 4, ""ownerMemo"": 44, ""series"": 11, ""tests"": 40, ""valuation"": 9, ""valueHistory"": 30, ""versions"": 1}",same inventoried inputs; recomputation mismatch
SRE.US,42,fundamentals/SRE.US.json;companies/SRE.US.json;raw/eodhd/SRE.US.json,"{""asOf"": 1, ""company"": 2, ""ownerMemo"": 5, ""series"": 21, ""tests"": 12, ""versions"": 1}",source-cache arrival observed; per-field attribution unproven
SREN.SW,151,fundamentals/SREN.SW.json;companies/SREN.SW.json;raw/eodhd/SREN.SW.json,"{""asOf"": 1, ""company"": 2, ""events"": 1, ""ownerMemo"": 50, ""series"": 25, ""tests"": 44, ""valuation"": 15, ""valueHistory"": 12, ""versions"": 1}",source-cache arrival observed; per-field attribution unproven
SRG.AU,39,,"{""asOf"": 1, ""company"": 2, ""ownerMemo"": 18, ""series"": 1, ""tests"": 12, ""valuation"": 4, ""versions"": 1}",same inventoried inputs; recomputation mismatch
SRG.MI,157,,"{""asOf"": 1, ""ownerMemo"": 83, ""report"": 4, ""series"": 17, ""tests"": 48, ""valuation"": 3, ""versions"": 1}",same inventoried inputs; recomputation mismatch
SRL.AU,68,,"{""asOf"": 1, ""company"": 2, ""ownerMemo"": 7, ""series"": 28, ""tests"": 29, ""versions"": 1}",same inventoried inputs; recomputation mismatch
SRP.LSE,105,,"{""asOf"": 1, ""company"": 2, ""ownerMemo"": 23, ""report"": 9, ""series"": 1, ""tests"": 64, ""valuation"": 4, ""versions"": 1}",same inventoried inputs; recomputation mismatch
SRT3.XETRA,42,fundamentals/SRT3.XETRA.json;companies/SRT3.XETRA.json;raw/eodhd/SRT3.XETRA.json,"{""asOf"": 1, ""company"": 2, ""ownerMemo"": 22, ""series"": 1, ""tests"": 12, ""valuation"": 3, ""versions"": 1}",source-cache arrival observed; per-field attribution unproven
SSAB-B.ST,39,fundamentals/SSAB-B.ST.json;raw/eodhd/SSAB-B.ST.json,"{""asOf"": 1, ""company"": 2, ""ownerMemo"": 21, ""report"": 1, ""series"": 1, ""tests"": 12, ""versions"": 1}",source-cache arrival observed; per-field attribution unproven
SSE.LSE,22,fundamentals/SSE.LSE.json;companies/SSE.LSE.json;raw/eodhd/SSE.LSE.json,"{""asOf"": 1, ""company"": 2, ""ownerMemo"": 5, ""series"": 1, ""tests"": 12, ""versions"": 1}",source-cache arrival observed; per-field attribution unproven
SSM.AU,40,,"{""asOf"": 1, ""company"": 2, ""ownerMemo"": 19, ""series"": 1, ""tests"": 12, ""valuation"": 4, ""versions"": 1}",same inventoried inputs; recomputation mismatch
SSPG.LSE,97,,"{""asOf"": 1, ""company"": 4, ""ownerMemo"": 23, ""report"": 10, ""series"": 11, ""tests"": 47, ""versions"": 1}",same inventoried inputs; recomputation mismatch
STAN.LSE,48,fundamentals/STAN.LSE.json;companies/STAN.LSE.json;raw/eodhd/STAN.LSE.json,"{""asOf"": 1, ""company"": 4, ""ownerMemo"": 6, ""tests"": 1, ""valuation"": 5, ""valueHistory"": 30, ""versions"": 1}",source-cache arrival observed; per-field attribution unproven
STB.OL,100,fundamentals/STB.OL.json;companies/STB.OL.json;raw/eodhd/STB.OL.json,"{""asOf"": 1, ""company"": 2, ""ownerMemo"": 25, ""series"": 29, ""tests"": 32, ""valuation"": 1, ""valueHistory"": 9, ""versions"": 1}",source-cache arrival observed; per-field attribution unproven
STE.US,679,fundamentals/STE.US.json;companies/STE.US.json;raw/eodhd/STE.US.json,"{""asOf"": 1, ""businessDepth"": 1, ""businessOverview"": 1, ""company"": 7, ""events"": 10, ""historyCoverage"": 2, ""judgement"": 1, ""ownerMemo"": 94, ""requiredMos"": 1, ""series"": 299, ""tests"": 201, ""valuation"": 35, ""valueHistory"": 25, ""versions"": 1}",source-cache arrival observed; per-field attribution unproven
STERV.HE,25,fundamentals/STERV.HE.json;companies/STERV.HE.json;raw/eodhd/STERV.HE.json,"{""asOf"": 1, ""company"": 2, ""ownerMemo"": 5, ""series"": 1, ""tests"": 12, ""valuation"": 3, ""versions"": 1}",source-cache arrival observed; per-field attribution unproven
STJ.LSE,94,fundamentals/STJ.LSE.json;companies/STJ.LSE.json;raw/eodhd/STJ.LSE.json,"{""asOf"": 1, ""company"": 2, ""ownerMemo"": 25, ""report"": 9, ""tests"": 56, ""versions"": 1}",source-cache arrival observed; per-field attribution unproven
STLAM.MI,143,,"{""asOf"": 1, ""company"": 2, ""ownerMemo"": 83, ""series"": 26, ""tests"": 30, ""versions"": 1}",same inventoried inputs; recomputation mismatch
STLD.US,24,fundamentals/STLD.US.json;companies/STLD.US.json;raw/eodhd/STLD.US.json,"{""asOf"": 1, ""company"": 2, ""ownerMemo"": 3, ""series"": 1, ""tests"": 12, ""valuation"": 4, ""versions"": 1}",source-cache arrival observed; per-field attribution unproven
STMMI.MI,192,,"{""asOf"": 1, ""company"": 2, ""ownerMemo"": 81, ""series"": 26, ""tests"": 60, ""valueHistory"": 21, ""versions"": 1}",same inventoried inputs; recomputation mismatch
STMN.SW,30,fundamentals/STMN.SW.json;companies/STMN.SW.json;raw/eodhd/STMN.SW.json,"{""asOf"": 1, ""company"": 2, ""ownerMemo"": 24, ""valuation"": 2, ""versions"": 1}",source-cache arrival observed; per-field attribution unproven
STO.AU,88,fundamentals/STO.AU.json;companies/STO.AU.json;raw/eodhd/STO.AU.json,"{""asOf"": 1, ""company"": 2, ""ownerMemo"": 21, ""series"": 11, ""tests"": 25, ""valuation"": 9, ""valueHistory"": 18, ""versions"": 1}",source-cache arrival observed; per-field attribution unproven
STR.VI,45,fundamentals/STR.VI.json;companies/STR.VI.json;raw/eodhd/STR.VI.json,"{""asOf"": 1, ""company"": 2, ""ownerMemo"": 9, ""series"": 6, ""tests"": 22, ""valuation"": 4, ""versions"": 1}",source-cache arrival observed; per-field attribution unproven
STT.US,221,fundamentals/STT.US.json;companies/STT.US.json;raw/eodhd/STT.US.json,"{""asOf"": 1, ""company"": 2, ""ownerMemo"": 36, ""series"": 101, ""tests"": 49, ""valuation"": 4, ""valueHistory"": 27, ""versions"": 1}",source-cache arrival observed; per-field attribution unproven
STX.US,26,fundamentals/STX.US.json;companies/STX.US.json;raw/eodhd/STX.US.json,"{""asOf"": 1, ""company"": 2, ""ownerMemo"": 5, ""series"": 1, ""tests"": 12, ""valuation"": 4, ""versions"": 1}",source-cache arrival observed; per-field attribution unproven
STZ.US,43,fundamentals/STZ.US.json;companies/STZ.US.json;raw/eodhd/STZ.US.json,"{""asOf"": 1, ""company"": 4, ""ownerMemo"": 37, ""versions"": 1}",source-cache arrival observed; per-field attribution unproven
SU.PA,85,fundamentals/SU.PA.json;companies/SU.PA.json;raw/eodhd/SU.PA.json,"{""asOf"": 1, ""company"": 2, ""ownerMemo"": 27, ""report"": 6, ""tests"": 48, ""versions"": 1}",source-cache arrival observed; per-field attribution unproven
SU.TO,28,fundamentals/SU.TO.json;companies/SU.TO.json;raw/eodhd/SU.TO.json,"{""asOf"": 1, ""company"": 4, ""ownerMemo"": 5, ""series"": 1, ""tests"": 12, ""valuation"": 4, ""versions"": 1}",source-cache arrival observed; per-field attribution unproven
SUBC.OL,175,fundamentals/SUBC.OL.json;companies/SUBC.OL.json;raw/eodhd/SUBC.OL.json,"{""asOf"": 1, ""company"": 2, ""ownerMemo"": 62, ""report"": 1, ""series"": 28, ""tests"": 55, ""valuation"": 13, ""valueHistory"": 12, ""versions"": 1}",source-cache arrival observed; per-field attribution unproven
SUL.AU,38,,"{""asOf"": 1, ""company"": 2, ""ownerMemo"": 22, ""tests"": 1, ""valuation"": 1, ""valueHistory"": 10, ""versions"": 1}",same inventoried inputs; recomputation mismatch
SUN.AU,104,fundamentals/SUN.AU.json;companies/SUN.AU.json;raw/eodhd/SUN.AU.json,"{""asOf"": 1, ""company"": 2, ""ownerMemo"": 11, ""series"": 32, ""tests"": 33, ""valuation"": 12, ""valueHistory"": 12, ""versions"": 1}",source-cache arrival observed; per-field attribution unproven
SUN.SW,28,fundamentals/SUN.SW.json;companies/SUN.SW.json;raw/eodhd/SUN.SW.json,"{""asOf"": 1, ""company"": 2, ""ownerMemo"": 22, ""valuation"": 2, ""versions"": 1}",source-cache arrival observed; per-field attribution unproven
SUNN.SW,41,,"{""asOf"": 1, ""company"": 2, ""ownerMemo"": 28, ""series"": 9, ""versions"": 1}",same inventoried inputs; recomputation mismatch
SUNPHARMA.NSE,144,,"{""asOf"": 1, ""ownerMemo"": 81, ""series"": 25, ""tests"": 36, ""versions"": 1}",same inventoried inputs; recomputation mismatch
SUPR.LSE,79,,"{""asOf"": 1, ""company"": 4, ""ownerMemo"": 33, ""report"": 7, ""series"": 1, ""tests"": 28, ""valuation"": 4, ""versions"": 1}",same inventoried inputs; recomputation mismatch
SUZB3.SA,64,,"{""asOf"": 1, ""company"": 2, ""ownerMemo"": 20, ""series"": 1, ""tests"": 12, ""valuation"": 12, ""valueHistory"": 15, ""versions"": 1}",same inventoried inputs; recomputation mismatch
SVS.LSE,105,,"{""asOf"": 1, ""company"": 4, ""ownerMemo"": 52, ""report"": 9, ""series"": 1, ""tests"": 33, ""valuation"": 4, ""versions"": 1}",same inventoried inputs; recomputation mismatch
SVT.LSE,26,fundamentals/SVT.LSE.json;companies/SVT.LSE.json;raw/eodhd/SVT.LSE.json,"{""asOf"": 1, ""company"": 2, ""ownerMemo"": 5, ""series"": 1, ""tests"": 12, ""valuation"": 4, ""versions"": 1}",source-cache arrival observed; per-field attribution unproven
SW.PA,107,fundamentals/SW.PA.json;companies/SW.PA.json;raw/eodhd/SW.PA.json,"{""asOf"": 1, ""company"": 2, ""ownerMemo"": 26, ""report"": 8, ""series"": 1, ""tests"": 65, ""valuation"": 3, ""versions"": 1}",source-cache arrival observed; per-field attribution unproven
SW.US,80,fundamentals/SW.US.json;companies/SW.US.json;raw/eodhd/SW.US.json,"{""asOf"": 1, ""company"": 3, ""ownerMemo"": 35, ""series"": 1, ""tests"": 35, ""valuation"": 4, ""versions"": 1}",source-cache arrival observed; per-field attribution unproven
SWEC-B.ST,24,,"{""asOf"": 1, ""company"": 2, ""ownerMemo"": 19, ""report"": 1, ""versions"": 1}",same inventoried inputs; recomputation mismatch
SWED-A.ST,151,fundamentals/SWED-A.ST.json;companies/SWED-A.ST.json;raw/eodhd/SWED-A.ST.json,"{""asOf"": 1, ""company"": 2, ""ownerMemo"": 10, ""report"": 4, ""series"": 32, ""tests"": 79, ""valuation"": 10, ""valueHistory"": 12, ""versions"": 1}",source-cache arrival observed; per-field attribution unproven
SWK.US,98,fundamentals/SWK.US.json;companies/SWK.US.json;raw/eodhd/SWK.US.json,"{""asOf"": 1, ""company"": 4, ""ownerMemo"": 50, ""series"": 2, ""tests"": 36, ""valuation"": 4, ""versions"": 1}",source-cache arrival observed; per-field attribution unproven
SWKS.US,469,fundamentals/SWKS.US.json;companies/SWKS.US.json;raw/eodhd/SWKS.US.json,"{""asOf"": 1, ""company"": 7, ""events"": 10, ""historyCoverage"": 2, ""ownerMemo"": 37, ""series"": 280, ""tests"": 125, ""valuation"": 1, ""valueHistory"": 5, ""versions"": 1}",source-cache arrival observed; per-field attribution unproven
SY1.XETRA,26,fundamentals/SY1.XETRA.json;companies/SY1.XETRA.json;raw/eodhd/SY1.XETRA.json,"{""asOf"": 1, ""company"": 2, ""ownerMemo"": 22, ""versions"": 1}",source-cache arrival observed; per-field attribution unproven
SYENS.BR,53,fundamentals/SYENS.BR.json;companies/SYENS.BR.json;raw/eodhd/SYENS.BR.json,"{""asOf"": 1, ""company"": 2, ""ownerMemo"": 46, ""series"": 3, ""versions"": 1}",source-cache arrival observed; per-field attribution unproven
SYF.US,81,fundamentals/SYF.US.json;companies/SYF.US.json;raw/eodhd/SYF.US.json,"{""asOf"": 1, ""company"": 4, ""ownerMemo"": 27, ""series"": 1, ""tests"": 43, ""valuation"": 4, ""versions"": 1}",source-cache arrival observed; per-field attribution unproven
SYK.US,9,fundamentals/SYK.US.json;companies/SYK.US.json;raw/eodhd/SYK.US.json,"{""asOf"": 1, ""company"": 2, ""ownerMemo"": 5, ""versions"": 1}",source-cache arrival observed; per-field attribution unproven
SYY.US,32,fundamentals/SYY.US.json;companies/SYY.US.json;raw/eodhd/SYY.US.json,"{""asOf"": 1, ""company"": 2, ""ownerMemo"": 4, ""tests"": 24, ""versions"": 1}",source-cache arrival observed; per-field attribution unproven
SZG.XETRA,31,,"{""asOf"": 1, ""company"": 2, ""ownerMemo"": 14, ""series"": 1, ""tests"": 12, ""versions"": 1}",same inventoried inputs; recomputation mismatch
T.TO,28,fundamentals/T.TO.json;companies/T.TO.json;raw/eodhd/T.TO.json,"{""asOf"": 1, ""company"": 4, ""ownerMemo"": 5, ""series"": 1, ""tests"": 12, ""valuation"": 4, ""versions"": 1}",source-cache arrival observed; per-field attribution unproven
T.US,26,fundamentals/T.US.json;companies/T.US.json;raw/eodhd/T.US.json,"{""asOf"": 1, ""company"": 2, ""ownerMemo"": 5, ""series"": 1, ""tests"": 12, ""valuation"": 4, ""versions"": 1}",source-cache arrival observed; per-field attribution unproven
T6W.F,147,fundamentals/T6W.F.json;companies/T6W.F.json;raw/eodhd/T6W.F.json,"{""asOf"": 1, ""company"": 1, ""events"": 4, ""ownerMemo"": 63, ""report"": 1, ""series"": 23, ""tests"": 44, ""valuation"": 3, ""valueHistory"": 6, ""versions"": 1}",source-cache arrival observed; per-field attribution unproven
TAEE3.SA,36,,"{""asOf"": 1, ""company"": 2, ""ownerMemo"": 19, ""series"": 1, ""tests"": 12, ""versions"": 1}",same inventoried inputs; recomputation mismatch
TAH.AU,45,,"{""asOf"": 1, ""company"": 2, ""ownerMemo"": 19, ""series"": 1, ""tests"": 13, ""valuation"": 1, ""valueHistory"": 7, ""versions"": 1}",same inventoried inputs; recomputation mismatch
TATACONSUM.NSE,142,,"{""asOf"": 1, ""ownerMemo"": 77, ""series"": 25, ""tests"": 37, ""valuation"": 1, ""versions"": 1}",same inventoried inputs; recomputation mismatch
TATE.LSE,65,,"{""asOf"": 1, ""company"": 2, ""ownerMemo"": 24, ""report"": 4, ""series"": 1, ""tests"": 28, ""valuation"": 4, ""versions"": 1}",same inventoried inputs; recomputation mismatch
TBCG.LSE,103,,"{""asOf"": 1, ""company"": 2, ""ownerMemo"": 10, ""report"": 5, ""tests"": 49, ""valuation"": 5, ""valueHistory"": 30, ""versions"": 1}",same inventoried inputs; recomputation mismatch
TCAP.LSE,112,,"{""asOf"": 1, ""company"": 2, ""ownerMemo"": 24, ""report"": 10, ""series"": 1, ""tests"": 69, ""valuation"": 4, ""versions"": 1}",same inventoried inputs; recomputation mismatch
TCL.AU,40,fundamentals/TCL.AU.json;companies/TCL.AU.json;raw/eodhd/TCL.AU.json,"{""asOf"": 1, ""company"": 2, ""ownerMemo"": 19, ""series"": 1, ""tests"": 12, ""valuation"": 4, ""versions"": 1}",source-cache arrival observed; per-field attribution unproven
TCS.NSE,125,,"{""asOf"": 1, ""ownerMemo"": 64, ""series"": 25, ""tests"": 34, ""versions"": 1}",same inventoried inputs; recomputation mismatch
TD.TO,18,fundamentals/TD.TO.json;companies/TD.TO.json;raw/eodhd/TD.TO.json,"{""asOf"": 1, ""company"": 4, ""ownerMemo"": 4, ""valuation"": 2, ""valueHistory"": 6, ""versions"": 1}",source-cache arrival observed; per-field attribution unproven
TDG.US,9,fundamentals/TDG.US.json;companies/TDG.US.json;raw/eodhd/TDG.US.json,"{""asOf"": 1, ""company"": 2, ""ownerMemo"": 5, ""versions"": 1}",source-cache arrival observed; per-field attribution unproven
TDY.US,99,fundamentals/TDY.US.json;companies/TDY.US.json;raw/eodhd/TDY.US.json,"{""asOf"": 1, ""company"": 4, ""ownerMemo"": 58, ""tests"": 24, ""valuation"": 1, ""valueHistory"": 10, ""versions"": 1}",source-cache arrival observed; per-field attribution unproven
TE.PA,41,fundamentals/TE.PA.json;companies/TE.PA.json;raw/eodhd/TE.PA.json,"{""asOf"": 1, ""company"": 2, ""ownerMemo"": 21, ""report"": 1, ""series"": 1, ""tests"": 11, ""valuation"": 3, ""versions"": 1}",source-cache arrival observed; per-field attribution unproven
TECH.US,542,fundamentals/TECH.US.json;companies/TECH.US.json;raw/eodhd/TECH.US.json,"{""asOf"": 1, ""company"": 7, ""events"": 19, ""historyCoverage"": 2, ""ownerMemo"": 63, ""series"": 281, ""tests"": 131, ""valuation"": 3, ""valueHistory"": 34, ""versions"": 1}",source-cache arrival observed; per-field attribution unproven
TECHM.NSE,144,,"{""asOf"": 1, ""ownerMemo"": 81, ""series"": 25, ""tests"": 36, ""versions"": 1}",same inventoried inputs; recomputation mismatch
TECK-B.TO,54,fundamentals/TECK-B.TO.json;companies/TECK-B.TO.json;raw/eodhd/TECK-B.TO.json,"{""asOf"": 1, ""company"": 5, ""ownerMemo"": 8, ""series"": 21, ""tests"": 13, ""valuation"": 1, ""valueHistory"": 4, ""versions"": 1}",source-cache arrival observed; per-field attribution unproven
TEF.MC,22,fundamentals/TEF.MC.json;companies/TEF.MC.json;raw/eodhd/TEF.MC.json,"{""asOf"": 1, ""company"": 2, ""ownerMemo"": 5, ""series"": 1, ""tests"": 12, ""versions"": 1}",source-cache arrival observed; per-field attribution unproven
TEG.XETRA,44,,"{""asOf"": 1, ""company"": 8, ""ownerMemo"": 18, ""series"": 1, ""tests"": 12, ""valuation"": 3, ""versions"": 1}",same inventoried inputs; recomputation mismatch
TEL.OL,43,fundamentals/TEL.OL.json;companies/TEL.OL.json;raw/eodhd/TEL.OL.json,"{""asOf"": 1, ""company"": 2, ""ownerMemo"": 23, ""series"": 1, ""tests"": 12, ""valuation"": 3, ""versions"": 1}",source-cache arrival observed; per-field attribution unproven
TEL.US,9,fundamentals/TEL.US.json;companies/TEL.US.json;raw/eodhd/TEL.US.json,"{""asOf"": 1, ""company"": 2, ""ownerMemo"": 5, ""versions"": 1}",source-cache arrival observed; per-field attribution unproven
TEL2-B.ST,93,fundamentals/TEL2-B.ST.json;companies/TEL2-B.ST.json;raw/eodhd/TEL2-B.ST.json,"{""asOf"": 1, ""company"": 2, ""ownerMemo"": 22, ""report"": 5, ""series"": 1, ""tests"": 58, ""valuation"": 3, ""versions"": 1}",source-cache arrival observed; per-field attribution unproven
TELIA.ST,25,fundamentals/TELIA.ST.json;companies/TELIA.ST.json;raw/eodhd/TELIA.ST.json,"{""asOf"": 1, ""company"": 2, ""ownerMemo"": 5, ""series"": 1, ""tests"": 12, ""valuation"": 3, ""versions"": 1}",source-cache arrival observed; per-field attribution unproven
TEMN.SW,90,fundamentals/TEMN.SW.json;companies/TEMN.SW.json;raw/eodhd/TEMN.SW.json,"{""asOf"": 1, ""company"": 2, ""ownerMemo"": 24, ""series"": 10, ""tests"": 15, ""valuation"": 7, ""valueHistory"": 30, ""versions"": 1}",source-cache arrival observed; per-field attribution unproven
TEN.MI,217,,"{""asOf"": 1, ""company"": 3, ""ownerMemo"": 108, ""report"": 2, ""series"": 28, ""tests"": 42, ""valuation"": 8, ""valueHistory"": 24, ""versions"": 1}",same inventoried inputs; recomputation mismatch
TEND3.SA,47,,"{""asOf"": 1, ""company"": 2, ""ownerMemo"": 18, ""series"": 1, ""tests"": 12, ""valueHistory"": 12, ""versions"": 1}",same inventoried inputs; recomputation mismatch
TEP.LSE,94,,"{""asOf"": 1, ""company"": 4, ""ownerMemo"": 45, ""report"": 9, ""series"": 1, ""tests"": 22, ""valuation"": 1, ""valueHistory"": 10, ""versions"": 1}",same inventoried inputs; recomputation mismatch
TEP.PA,6,,"{""asOf"": 1, ""company"": 2, ""ownerMemo"": 2, ""versions"": 1}",same inventoried inputs; recomputation mismatch
TER.US,21,fundamentals/TER.US.json;companies/TER.US.json;raw/eodhd/TER.US.json,"{""asOf"": 1, ""company"": 2, ""ownerMemo"": 4, ""series"": 1, ""tests"": 12, ""versions"": 1}",source-cache arrival observed; per-field attribution unproven
TFC.US,150,fundamentals/TFC.US.json;companies/TFC.US.json;raw/eodhd/TFC.US.json,"{""asOf"": 1, ""businessDepth"": 1, ""businessOverview"": 1, ""company"": 2, ""events"": 1, ""judgement"": 1, ""ownerMemo"": 9, ""series"": 59, ""tests"": 71, ""valueHistory"": 3, ""versions"": 1}",source-cache arrival observed; per-field attribution unproven
TFI.PA,22,,"{""asOf"": 1, ""company"": 2, ""ownerMemo"": 2, ""series"": 1, ""tests"": 12, ""valuation"": 3, ""versions"": 1}",same inventoried inputs; recomputation mismatch
TGS.OL,89,,"{""asOf"": 1, ""company"": 2, ""ownerMemo"": 18, ""series"": 11, ""tests"": 24, ""valuation"": 8, ""valueHistory"": 24, ""versions"": 1}",same inventoried inputs; recomputation mismatch
TGT.US,26,fundamentals/TGT.US.json;companies/TGT.US.json;raw/eodhd/TGT.US.json,"{""asOf"": 1, ""company"": 2, ""ownerMemo"": 5, ""series"": 1, ""tests"": 12, ""valuation"": 4, ""versions"": 1}",source-cache arrival observed; per-field attribution unproven
THG.LSE,65,,"{""asOf"": 1, ""company"": 4, ""events"": 7, ""ownerMemo"": 36, ""report"": 10, ""series"": 6, ""versions"": 1}",same inventoried inputs; recomputation mismatch
THL.AU,80,,"{""asOf"": 1, ""company"": 2, ""ownerMemo"": 19, ""series"": 5, ""tests"": 16, ""valuation"": 9, ""valueHistory"": 27, ""versions"": 1}",same inventoried inputs; recomputation mismatch
THRL.LSE,94,,"{""asOf"": 1, ""company"": 4, ""ownerMemo"": 33, ""report"": 9, ""series"": 3, ""tests"": 43, ""versions"": 1}",same inventoried inputs; recomputation mismatch
THULE.ST,6,,"{""asOf"": 1, ""company"": 2, ""ownerMemo"": 2, ""versions"": 1}",same inventoried inputs; recomputation mismatch
TIETO.HE,8,,"{""asOf"": 1, ""company"": 4, ""ownerMemo"": 2, ""versions"": 1}",same inventoried inputs; recomputation mismatch
TIMS3.SA,78,,"{""asOf"": 1, ""company"": 2, ""ownerMemo"": 21, ""series"": 1, ""tests"": 13, ""valuation"": 12, ""valueHistory"": 27, ""versions"": 1}",same inventoried inputs; recomputation mismatch
TIT.MI,112,,"{""asOf"": 1, ""ownerMemo"": 52, ""series"": 15, ""tests"": 43, ""versions"": 1}",same inventoried inputs; recomputation mismatch
TITAN.NSE,130,,"{""asOf"": 1, ""ownerMemo"": 68, ""series"": 25, ""tests"": 34, ""valuation"": 1, ""versions"": 1}",same inventoried inputs; recomputation mismatch
TJX.US,9,fundamentals/TJX.US.json;companies/TJX.US.json;raw/eodhd/TJX.US.json,"{""asOf"": 1, ""company"": 2, ""ownerMemo"": 5, ""versions"": 1}",source-cache arrival observed; per-field attribution unproven
TKA.XETRA,38,fundamentals/TKA.XETRA.json;companies/TKA.XETRA.json;raw/eodhd/TKA.XETRA.json,"{""asOf"": 1, ""company"": 8, ""ownerMemo"": 15, ""series"": 1, ""tests"": 12, ""versions"": 1}",source-cache arrival observed; per-field attribution unproven
TKMS.XETRA,45,fundamentals/TKMS.XETRA.json;companies/TKMS.XETRA.json;raw/eodhd/TKMS.XETRA.json,"{""asOf"": 1, ""company"": 2, ""ownerMemo"": 40, ""series"": 1, ""versions"": 1}",source-cache arrival observed; per-field attribution unproven
TKO.US,26,fundamentals/TKO.US.json;companies/TKO.US.json;raw/eodhd/TKO.US.json,"{""asOf"": 1, ""company"": 2, ""ownerMemo"": 5, ""series"": 1, ""tests"": 12, ""valuation"": 4, ""versions"": 1}",source-cache arrival observed; per-field attribution unproven
TLC.AU,60,fundamentals/TLC.AU.json;companies/TLC.AU.json;raw/eodhd/TLC.AU.json,"{""asOf"": 1, ""company"": 2, ""ownerMemo"": 39, ""series"": 17, ""versions"": 1}",source-cache arrival observed; per-field attribution unproven
TLS.AU,44,fundamentals/TLS.AU.json;companies/TLS.AU.json;raw/eodhd/TLS.AU.json,"{""asOf"": 1, ""company"": 2, ""ownerMemo"": 23, ""series"": 1, ""tests"": 12, ""valuation"": 4, ""versions"": 1}",source-cache arrival observed; per-field attribution unproven
TLX.AU,49,,"{""asOf"": 1, ""company"": 4, ""ownerMemo"": 33, ""series"": 10, ""versions"": 1}",same inventoried inputs; recomputation mismatch
TLX.XETRA,100,fundamentals/TLX.XETRA.json;companies/TLX.XETRA.json;raw/eodhd/TLX.XETRA.json,"{""asOf"": 1, ""company"": 2, ""ownerMemo"": 10, ""series"": 32, ""tests"": 34, ""valuation"": 8, ""valueHistory"": 12, ""versions"": 1}",source-cache arrival observed; per-field attribution unproven
TMO.US,9,fundamentals/TMO.US.json;companies/TMO.US.json;raw/eodhd/TMO.US.json,"{""asOf"": 1, ""company"": 2, ""ownerMemo"": 5, ""versions"": 1}",source-cache arrival observed; per-field attribution unproven
TMPV.NSE,139,,"{""asOf"": 1, ""ownerMemo"": 74, ""series"": 25, ""tests"": 37, ""valuation"": 1, ""versions"": 1}",same inventoried inputs; recomputation mismatch
TMUS.US,36,fundamentals/TMUS.US.json;companies/TMUS.US.json;raw/eodhd/TMUS.US.json,"{""asOf"": 1, ""company"": 2, ""ownerMemo"": 8, ""series"": 1, ""tests"": 13, ""valuation"": 1, ""valueHistory"": 9, ""versions"": 1}",source-cache arrival observed; per-field attribution unproven
TNE.AU,29,fundamentals/TNE.AU.json;companies/TNE.AU.json;raw/eodhd/TNE.AU.json,"{""asOf"": 1, ""company"": 2, ""ownerMemo"": 23, ""valuation"": 2, ""versions"": 1}",source-cache arrival observed; per-field attribution unproven
TOM.OL,131,,"{""asOf"": 1, ""company"": 2, ""ownerMemo"": 46, ""series"": 21, ""tests"": 47, ""valuation"": 10, ""valueHistory"": 3, ""versions"": 1}",same inventoried inputs; recomputation mismatch
TOTS3.SA,66,,"{""asOf"": 1, ""company"": 2, ""ownerMemo"": 21, ""tests"": 1, ""valuation"": 10, ""valueHistory"": 30, ""versions"": 1}",same inventoried inputs; recomputation mismatch
TOU.TO,100,fundamentals/TOU.TO.json;companies/TOU.TO.json;raw/eodhd/TOU.TO.json,"{""asOf"": 1, ""company"": 2, ""ownerMemo"": 34, ""series"": 29, ""tests"": 30, ""valueHistory"": 3, ""versions"": 1}",source-cache arrival observed; per-field attribution unproven
TPG.AU,68,,"{""asOf"": 1, ""company"": 2, ""events"": 2, ""ownerMemo"": 29, ""series"": 1, ""tests"": 28, ""valuation"": 4, ""versions"": 1}",same inventoried inputs; recomputation mismatch
TPK.LSE,81,,"{""asOf"": 1, ""company"": 4, ""events"": 5, ""ownerMemo"": 21, ""report"": 11, ""series"": 1, ""tests"": 37, ""versions"": 1}",same inventoried inputs; recomputation mismatch
TPL.US,1092,fundamentals/TPL.US.json;companies/TPL.US.json;raw/eodhd/TPL.US.json,"{""asOf"": 1, ""company"": 7, ""historyCoverage"": 2, ""ownerMemo"": 83, ""report"": 3, ""series"": 485, ""tests"": 455, ""valuation"": 33, ""valueHistory"": 22, ""versions"": 1}",source-cache arrival observed; per-field attribution unproven
TPR.US,478,fundamentals/TPR.US.json;companies/TPR.US.json;raw/eodhd/TPR.US.json,"{""asOf"": 1, ""company"": 7, ""events"": 8, ""historyCoverage"": 2, ""ownerMemo"": 31, ""series"": 288, ""tests"": 130, ""valuation"": 1, ""valueHistory"": 9, ""versions"": 1}",source-cache arrival observed; per-field attribution unproven
TPRO.MI,49,,"{""asOf"": 1, ""ownerMemo"": 41, ""series"": 6, ""versions"": 1}",same inventoried inputs; recomputation mismatch
TRA.AU,98,,"{""asOf"": 1, ""company"": 2, ""ownerMemo"": 21, ""series"": 10, ""tests"": 24, ""valuation"": 9, ""valueHistory"": 30, ""versions"": 1}",same inventoried inputs; recomputation mismatch
TREL-B.ST,9,fundamentals/TREL-B.ST.json;companies/TREL-B.ST.json;raw/eodhd/TREL-B.ST.json,"{""asOf"": 1, ""company"": 2, ""ownerMemo"": 5, ""versions"": 1}",source-cache arrival observed; per-field attribution unproven
TRENT.NSE,171,,"{""asOf"": 1, ""ownerMemo"": 97, ""series"": 30, ""tests"": 41, ""valuation"": 1, ""versions"": 1}",same inventoried inputs; recomputation mismatch
TRGP.US,26,fundamentals/TRGP.US.json;companies/TRGP.US.json;raw/eodhd/TRGP.US.json,"{""asOf"": 1, ""company"": 2, ""ownerMemo"": 5, ""series"": 1, ""tests"": 12, ""valuation"": 4, ""versions"": 1}",source-cache arrival observed; per-field attribution unproven
TRI.PA,24,,"{""asOf"": 1, ""company"": 2, ""ownerMemo"": 20, ""versions"": 1}",same inventoried inputs; recomputation mismatch
TRI.TO,84,fundamentals/TRI.TO.json;companies/TRI.TO.json;raw/eodhd/TRI.TO.json,"{""asOf"": 1, ""company"": 4, ""ownerMemo"": 6, ""series"": 11, ""tests"": 25, ""valuation"": 9, ""valueHistory"": 27, ""versions"": 1}",source-cache arrival observed; per-field attribution unproven
TRMB.US,126,fundamentals/TRMB.US.json;companies/TRMB.US.json;raw/eodhd/TRMB.US.json,"{""asOf"": 1, ""company"": 4, ""ownerMemo"": 62, ""series"": 9, ""tests"": 46, ""valueHistory"": 3, ""versions"": 1}",source-cache arrival observed; per-field attribution unproven
TRN.LSE,136,,"{""asOf"": 1, ""company"": 4, ""ownerMemo"": 61, ""report"": 8, ""series"": 13, ""tests"": 44, ""valuation"": 4, ""versions"": 1}",same inventoried inputs; recomputation mismatch
TRN.MI,128,,"{""asOf"": 1, ""ownerMemo"": 65, ""report"": 1, ""series"": 17, ""tests"": 43, ""versions"": 1}",same inventoried inputs; recomputation mismatch
TROW.US,513,fundamentals/TROW.US.json;companies/TROW.US.json;raw/eodhd/TROW.US.json,"{""asOf"": 1, ""businessDepth"": 1, ""businessOverview"": 1, ""company"": 7, ""events"": 16, ""historyCoverage"": 2, ""judgement"": 1, ""ownerMemo"": 31, ""series"": 293, ""tests"": 150, ""valuation"": 1, ""valueHistory"": 8, ""versions"": 1}",source-cache arrival observed; per-field attribution unproven
TRP.TO,27,fundamentals/TRP.TO.json;companies/TRP.TO.json;raw/eodhd/TRP.TO.json,"{""asOf"": 1, ""company"": 4, ""ownerMemo"": 4, ""series"": 1, ""tests"": 12, ""valuation"": 4, ""versions"": 1}",source-cache arrival observed; per-field attribution unproven
TRST.LSE,128,,"{""asOf"": 1, ""company"": 4, ""events"": 2, ""ownerMemo"": 47, ""report"": 9, ""series"": 16, ""tests"": 48, ""versions"": 1}",same inventoried inputs; recomputation mismatch
TRV.US,77,fundamentals/TRV.US.json;companies/TRV.US.json;raw/eodhd/TRV.US.json,"{""asOf"": 1, ""company"": 2, ""ownerMemo"": 13, ""series"": 18, ""tests"": 27, ""valuation"": 9, ""valueHistory"": 6, ""versions"": 1}",source-cache arrival observed; per-field attribution unproven
TRYG.CO,105,fundamentals/TRYG.CO.json;companies/TRYG.CO.json;raw/eodhd/TRYG.CO.json,"{""asOf"": 1, ""company"": 2, ""ownerMemo"": 11, ""series"": 32, ""tests"": 32, ""valuation"": 6, ""valueHistory"": 20, ""versions"": 1}",source-cache arrival observed; per-field attribution unproven
TSCO.LSE,22,fundamentals/TSCO.LSE.json;companies/TSCO.LSE.json;raw/eodhd/TSCO.LSE.json,"{""asOf"": 1, ""company"": 2, ""ownerMemo"": 5, ""series"": 1, ""tests"": 12, ""versions"": 1}",source-cache arrival observed; per-field attribution unproven
TSCO.US,438,fundamentals/TSCO.US.json;companies/TSCO.US.json;raw/eodhd/TSCO.US.json,"{""asOf"": 1, ""company"": 7, ""events"": 4, ""historyCoverage"": 2, ""judgement"": 1, ""ownerMemo"": 55, ""requiredMos"": 1, ""series"": 216, ""tests"": 140, ""valuation"": 1, ""valueHistory"": 9, ""versions"": 1}",source-cache arrival observed; per-field attribution unproven
TSLA.US,9,fundamentals/TSLA.US.json;companies/TSLA.US.json;raw/eodhd/TSLA.US.json,"{""asOf"": 1, ""company"": 2, ""ownerMemo"": 5, ""versions"": 1}",source-cache arrival observed; per-field attribution unproven
TSN.US,62,fundamentals/TSN.US.json;companies/TSN.US.json;raw/eodhd/TSN.US.json,"{""asOf"": 1, ""company"": 4, ""ownerMemo"": 39, ""series"": 1, ""tests"": 12, ""valuation"": 4, ""versions"": 1}",source-cache arrival observed; per-field attribution unproven
TT.US,9,fundamentals/TT.US.json;companies/TT.US.json;raw/eodhd/TT.US.json,"{""asOf"": 1, ""company"": 2, ""ownerMemo"": 5, ""versions"": 1}",source-cache arrival observed; per-field attribution unproven
TTE.PA,81,fundamentals/TTE.PA.json;companies/TTE.PA.json;raw/eodhd/TTE.PA.json,"{""asOf"": 1, ""company"": 5, ""ownerMemo"": 6, ""series"": 11, ""tests"": 25, ""valuation"": 8, ""valueHistory"": 24, ""versions"": 1}",source-cache arrival observed; per-field attribution unproven
TTST.LSE,57,fundamentals/TTST.LSE.json;raw/eodhd/TTST.LSE.json,"{""asOf"": 1, ""company"": 1, ""ownerMemo"": 20, ""series"": 1, ""tests"": 13, ""valuation"": 8, ""valueHistory"": 12, ""versions"": 1}",source-cache arrival observed; per-field attribution unproven
TTWO.US,34,fundamentals/TTWO.US.json;companies/TTWO.US.json;raw/eodhd/TTWO.US.json,"{""asOf"": 1, ""company"": 2, ""ownerMemo"": 5, ""series"": 9, ""tests"": 12, ""valuation"": 4, ""versions"": 1}",source-cache arrival observed; per-field attribution unproven
TUB.BR,100,fundamentals/TUB.BR.json;companies/TUB.BR.json;raw/eodhd/TUB.BR.json,"{""asOf"": 1, ""company"": 2, ""ownerMemo"": 22, ""series"": 27, ""tests"": 30, ""valuation"": 5, ""valueHistory"": 12, ""versions"": 1}",source-cache arrival observed; per-field attribution unproven
TUI1.XETRA,19,,"{""asOf"": 1, ""company"": 2, ""ownerMemo"": 2, ""series"": 1, ""tests"": 12, ""versions"": 1}",same inventoried inputs; recomputation mismatch
TW.LSE,106,,"{""asOf"": 1, ""company"": 2, ""ownerMemo"": 24, ""report"": 8, ""series"": 1, ""tests"": 65, ""valuation"": 4, ""versions"": 1}",same inventoried inputs; recomputation mismatch
TWE.AU,36,,"{""asOf"": 1, ""company"": 2, ""ownerMemo"": 19, ""series"": 1, ""tests"": 12, ""versions"": 1}",same inventoried inputs; recomputation mismatch
TWR.AU,50,,"{""asOf"": 1, ""company"": 2, ""ownerMemo"": 8, ""tests"": 1, ""valuation"": 7, ""valueHistory"": 30, ""versions"": 1}",same inventoried inputs; recomputation mismatch
TXN.US,9,fundamentals/TXN.US.json;companies/TXN.US.json;raw/eodhd/TXN.US.json,"{""asOf"": 1, ""company"": 2, ""ownerMemo"": 5, ""versions"": 1}",source-cache arrival observed; per-field attribution unproven
TXT.US,67,fundamentals/TXT.US.json;companies/TXT.US.json;raw/eodhd/TXT.US.json,"{""asOf"": 1, ""company"": 4, ""ownerMemo"": 36, ""series"": 1, ""tests"": 13, ""valuation"": 1, ""valueHistory"": 10, ""versions"": 1}",source-cache arrival observed; per-field attribution unproven
TYL.US,557,fundamentals/TYL.US.json;companies/TYL.US.json;raw/eodhd/TYL.US.json,"{""asOf"": 1, ""businessDepth"": 1, ""businessOverview"": 1, ""company"": 7, ""events"": 11, ""historyCoverage"": 2, ""judgement"": 1, ""ownerMemo"": 71, ""series"": 293, ""tests"": 161, ""valuation"": 1, ""valueHistory"": 6, ""versions"": 1}",source-cache arrival observed; per-field attribution unproven
TYRES.HE,32,,"{""asOf"": 1, ""company"": 2, ""ownerMemo"": 15, ""series"": 1, ""tests"": 12, ""versions"": 1}",same inventoried inputs; recomputation mismatch
U1O.F,211,fundamentals/U1O.F.json;companies/U1O.F.json;raw/eodhd/U1O.F.json,"{""asOf"": 1, ""company"": 1, ""events"": 1, ""ownerMemo"": 101, ""report"": 1, ""series"": 38, ""tests"": 55, ""valuation"": 3, ""valueHistory"": 9, ""versions"": 1}",source-cache arrival observed; per-field attribution unproven
UAL.US,10,fundamentals/UAL.US.json;companies/UAL.US.json;raw/eodhd/UAL.US.json,"{""asOf"": 1, ""company"": 2, ""ownerMemo"": 5, ""series"": 1, ""versions"": 1}",source-cache arrival observed; per-field attribution unproven
UBER.US,34,fundamentals/UBER.US.json;companies/UBER.US.json;raw/eodhd/UBER.US.json,"{""asOf"": 1, ""company"": 2, ""ownerMemo"": 14, ""series"": 1, ""tests"": 11, ""valuation"": 4, ""versions"": 1}",source-cache arrival observed; per-field attribution unproven
UBI.PA,19,,"{""asOf"": 1, ""company"": 2, ""ownerMemo"": 2, ""series"": 1, ""tests"": 12, ""versions"": 1}",same inventoried inputs; recomputation mismatch
UBS.US,9,fundamentals/UBS.US.json;companies/UBS.US.json;raw/eodhd/UBS.US.json,"{""asOf"": 1, ""company"": 2, ""ownerMemo"": 5, ""versions"": 1}",source-cache arrival observed; per-field attribution unproven
UCB.BR,10,fundamentals/UCB.BR.json;companies/UCB.BR.json;raw/eodhd/UCB.BR.json,"{""asOf"": 1, ""company"": 2, ""ownerMemo"": 4, ""valuation"": 2, ""versions"": 1}",source-cache arrival observed; per-field attribution unproven
UCG.MI,45,,"{""asOf"": 1, ""ownerMemo"": 26, ""report"": 1, ""tests"": 16, ""versions"": 1}",same inventoried inputs; recomputation mismatch
UDR.US,529,fundamentals/UDR.US.json;companies/UDR.US.json;raw/eodhd/UDR.US.json,"{""asOf"": 1, ""company"": 7, ""events"": 12, ""historyCoverage"": 2, ""ownerMemo"": 37, ""series"": 306, ""tests"": 152, ""valuation"": 1, ""valueHistory"": 10, ""versions"": 1}",source-cache arrival observed; per-field attribution unproven
UGPA3.SA,109,fundamentals/UGPA3.SA.json;companies/UGPA3.SA.json;raw/eodhd/UGPA3.SA.json,"{""asOf"": 1, ""company"": 2, ""ownerMemo"": 7, ""series"": 49, ""tests"": 13, ""valuation"": 12, ""valueHistory"": 24, ""versions"": 1}",source-cache arrival observed; per-field attribution unproven
UHR.SW,44,fundamentals/UHR.SW.json;companies/UHR.SW.json;raw/eodhd/UHR.SW.json,"{""asOf"": 1, ""company"": 2, ""ownerMemo"": 22, ""series"": 1, ""tests"": 12, ""valuation"": 5, ""versions"": 1}",source-cache arrival observed; per-field attribution unproven
UHS.US,445,fundamentals/UHS.US.json;companies/UHS.US.json;raw/eodhd/UHS.US.json,"{""asOf"": 1, ""company"": 7, ""events"": 5, ""historyCoverage"": 2, ""ownerMemo"": 53, ""series"": 270, ""tests"": 96, ""valuation"": 1, ""valueHistory"": 9, ""versions"": 1}",source-cache arrival observed; per-field attribution unproven
ULTA.US,510,fundamentals/ULTA.US.json;companies/ULTA.US.json;raw/eodhd/ULTA.US.json,"{""asOf"": 1, ""company"": 7, ""events"": 1, ""historyCoverage"": 2, ""ownerMemo"": 42, ""series"": 257, ""tests"": 139, ""valuation"": 33, ""valueHistory"": 27, ""versions"": 1}",source-cache arrival observed; per-field attribution unproven
ULTRACEMCO.NSE,153,,"{""asOf"": 1, ""ownerMemo"": 92, ""series"": 25, ""tests"": 33, ""valuation"": 1, ""versions"": 1}",same inventoried inputs; recomputation mismatch
ULVR.LSE,71,fundamentals/ULVR.LSE.json;companies/ULVR.LSE.json;raw/eodhd/ULVR.LSE.json,"{""asOf"": 1, ""company"": 2, ""ownerMemo"": 7, ""series"": 10, ""tests"": 15, ""valuation"": 5, ""valueHistory"": 30, ""versions"": 1}",source-cache arrival observed; per-field attribution unproven
UMG.AS,9,fundamentals/UMG.AS.json;companies/UMG.AS.json;raw/eodhd/UMG.AS.json,"{""asOf"": 1, ""company"": 2, ""ownerMemo"": 5, ""versions"": 1}",source-cache arrival observed; per-field attribution unproven
UMI.BR,26,fundamentals/UMI.BR.json;companies/UMI.BR.json;raw/eodhd/UMI.BR.json,"{""asOf"": 1, ""company"": 2, ""ownerMemo"": 5, ""series"": 1, ""tests"": 12, ""valuation"": 4, ""versions"": 1}",source-cache arrival observed; per-field attribution unproven
UNH.US,9,fundamentals/UNH.US.json;companies/UNH.US.json;raw/eodhd/UNH.US.json,"{""asOf"": 1, ""company"": 2, ""ownerMemo"": 5, ""versions"": 1}",source-cache arrival observed; per-field attribution unproven
UNI.MC,156,fundamentals/UNI.MC.json;companies/UNI.MC.json;raw/eodhd/UNI.MC.json,"{""asOf"": 1, ""company"": 2, ""ownerMemo"": 10, ""report"": 6, ""series"": 35, ""tests"": 86, ""valuation"": 3, ""valueHistory"": 12, ""versions"": 1}",source-cache arrival observed; per-field attribution unproven
UNI.MI,41,,"{""asOf"": 1, ""ownerMemo"": 23, ""tests"": 16, ""versions"": 1}",same inventoried inputs; recomputation mismatch
UNP.US,9,fundamentals/UNP.US.json;companies/UNP.US.json;raw/eodhd/UNP.US.json,"{""asOf"": 1, ""company"": 2, ""ownerMemo"": 5, ""versions"": 1}",source-cache arrival observed; per-field attribution unproven
UOB.F,213,fundamentals/UOB.F.json;companies/UOB.F.json;raw/eodhd/UOB.F.json,"{""asOf"": 1, ""company"": 1, ""judgement"": 1, ""ownerMemo"": 84, ""report"": 1, ""requiredMos"": 1, ""series"": 37, ""tests"": 69, ""valuation"": 7, ""valueHistory"": 9, ""versions"": 1, ""volatility"": 1}",source-cache arrival observed; per-field attribution unproven
UPM.HE,96,fundamentals/UPM.HE.json;companies/UPM.HE.json;raw/eodhd/UPM.HE.json,"{""asOf"": 1, ""company"": 2, ""ownerMemo"": 26, ""report"": 6, ""series"": 1, ""tests"": 56, ""valuation"": 3, ""versions"": 1}",source-cache arrival observed; per-field attribution unproven
UPR.IR,38,,"{""asOf"": 1, ""company"": 4, ""ownerMemo"": 25, ""tests"": 1, ""valuation"": 1, ""valueHistory"": 5, ""versions"": 1}",same inventoried inputs; recomputation mismatch
UPS.US,26,fundamentals/UPS.US.json;companies/UPS.US.json;raw/eodhd/UPS.US.json,"{""asOf"": 1, ""company"": 2, ""ownerMemo"": 5, ""series"": 1, ""tests"": 12, ""valuation"": 4, ""versions"": 1}",source-cache arrival observed; per-field attribution unproven
UQA.VI,75,fundamentals/UQA.VI.json;companies/UQA.VI.json;raw/eodhd/UQA.VI.json,"{""asOf"": 1, ""company"": 4, ""ownerMemo"": 7, ""series"": 31, ""tests"": 20, ""valuation"": 2, ""valueHistory"": 9, ""versions"": 1}",source-cache arrival observed; per-field attribution unproven
URI.US,9,fundamentals/URI.US.json;companies/URI.US.json;raw/eodhd/URI.US.json,"{""asOf"": 1, ""company"": 2, ""ownerMemo"": 5, ""versions"": 1}",source-cache arrival observed; per-field attribution unproven
URW.PA,99,fundamentals/URW.PA.json;companies/URW.PA.json;raw/eodhd/URW.PA.json,"{""asOf"": 1, ""company"": 2, ""ownerMemo"": 19, ""report"": 8, ""series"": 1, ""tests"": 67, ""versions"": 1}",source-cache arrival observed; per-field attribution unproven
USB.US,154,fundamentals/USB.US.json;companies/USB.US.json;raw/eodhd/USB.US.json,"{""asOf"": 1, ""b"": 1, ""company"": 2, ""ownerMemo"": 10, ""series"": 59, ""tests"": 74, ""valueHistory"": 6, ""versions"": 1}",source-cache arrival observed; per-field attribution unproven
USIM3.SA,47,,"{""asOf"": 1, ""company"": 2, ""ownerMemo"": 15, ""series"": 1, ""tests"": 12, ""valueHistory"": 15, ""versions"": 1}",same inventoried inputs; recomputation mismatch
UTDI.XETRA,37,,"{""asOf"": 1, ""company"": 2, ""ownerMemo"": 17, ""series"": 1, ""tests"": 12, ""valuation"": 3, ""versions"": 1}",same inventoried inputs; recomputation mismatch
UTG.LSE,34,,"{""asOf"": 1, ""company"": 2, ""ownerMemo"": 16, ""report"": 1, ""series"": 1, ""tests"": 12, ""versions"": 1}",same inventoried inputs; recomputation mismatch
UU.LSE,26,fundamentals/UU.LSE.json;companies/UU.LSE.json;raw/eodhd/UU.LSE.json,"{""asOf"": 1, ""company"": 2, ""ownerMemo"": 5, ""series"": 1, ""tests"": 12, ""valuation"": 4, ""versions"": 1}",source-cache arrival observed; per-field attribution unproven
V.US,9,fundamentals/V.US.json;companies/V.US.json;raw/eodhd/V.US.json,"{""asOf"": 1, ""company"": 2, ""ownerMemo"": 5, ""versions"": 1}",source-cache arrival observed; per-field attribution unproven
VACN.SW,30,fundamentals/VACN.SW.json;companies/VACN.SW.json;raw/eodhd/VACN.SW.json,"{""asOf"": 1, ""company"": 2, ""ownerMemo"": 24, ""valuation"": 2, ""versions"": 1}",source-cache arrival observed; per-field attribution unproven
VALE3.SA,81,fundamentals/VALE3.SA.json;companies/VALE3.SA.json;raw/eodhd/VALE3.SA.json,"{""asOf"": 1, ""company"": 2, ""ownerMemo"": 4, ""series"": 10, ""tests"": 42, ""valueHistory"": 21, ""versions"": 1}",source-cache arrival observed; per-field attribution unproven
VALMT.HE,78,fundamentals/VALMT.HE.json;companies/VALMT.HE.json;raw/eodhd/VALMT.HE.json,"{""asOf"": 1, ""company"": 2, ""ownerMemo"": 27, ""report"": 4, ""tests"": 43, ""versions"": 1}",source-cache arrival observed; per-field attribution unproven
VAMO3.SA,68,,"{""asOf"": 1, ""company"": 2, ""ownerMemo"": 22, ""series"": 1, ""tests"": 11, ""valuation"": 12, ""valueHistory"": 18, ""versions"": 1}",same inventoried inputs; recomputation mismatch
VAR.OL,58,fundamentals/VAR.OL.json;companies/VAR.OL.json;raw/eodhd/VAR.OL.json,"{""asOf"": 1, ""company"": 2, ""events"": 4, ""ownerMemo"": 39, ""series"": 11, ""versions"": 1}",source-cache arrival observed; per-field attribution unproven
VATN.SW,87,,"{""asOf"": 1, ""company"": 2, ""ownerMemo"": 8, ""series"": 30, ""tests"": 30, ""valuation"": 3, ""valueHistory"": 12, ""versions"": 1}",same inventoried inputs; recomputation mismatch
VAU.AU,101,,"{""asOf"": 1, ""company"": 2, ""ownerMemo"": 20, ""series"": 29, ""tests"": 32, ""valuation"": 13, ""valueHistory"": 3, ""versions"": 1}",same inventoried inputs; recomputation mismatch
VBBR3.SA,79,,"{""asOf"": 1, ""company"": 2, ""ownerMemo"": 22, ""series"": 1, ""tests"": 13, ""valuation"": 12, ""valueHistory"": 27, ""versions"": 1}",same inventoried inputs; recomputation mismatch
VCT.LSE,88,,"{""asOf"": 1, ""company"": 4, ""ownerMemo"": 33, ""report"": 10, ""series"": 1, ""tests"": 34, ""valuation"": 4, ""versions"": 1}",same inventoried inputs; recomputation mismatch
VCT.PA,22,,"{""asOf"": 1, ""company"": 2, ""ownerMemo"": 2, ""series"": 1, ""tests"": 12, ""valuation"": 3, ""versions"": 1}",same inventoried inputs; recomputation mismatch
VCX.AU,42,fundamentals/VCX.AU.json;companies/VCX.AU.json;raw/eodhd/VCX.AU.json,"{""asOf"": 1, ""company"": 2, ""ownerMemo"": 21, ""series"": 1, ""tests"": 12, ""valuation"": 4, ""versions"": 1}",source-cache arrival observed; per-field attribution unproven
VEA.AU,31,,"{""asOf"": 1, ""company"": 2, ""ownerMemo"": 14, ""series"": 1, ""tests"": 12, ""versions"": 1}",same inventoried inputs; recomputation mismatch
VEEV.US,7,fundamentals/VEEV.US.json;companies/VEEV.US.json;raw/eodhd/VEEV.US.json,"{""asOf"": 1, ""company"": 2, ""ownerMemo"": 3, ""versions"": 1}",source-cache arrival observed; per-field attribution unproven
VEM.F,150,,"{""asOf"": 1, ""company"": 1, ""events"": 2, ""ownerMemo"": 44, ""report"": 1, ""series"": 32, ""tests"": 47, ""valuation"": 9, ""valueHistory"": 12, ""versions"": 1}",same inventoried inputs; recomputation mismatch
VEND.OL,34,,"{""asOf"": 1, ""company"": 2, ""ownerMemo"": 17, ""series"": 1, ""tests"": 12, ""versions"": 1}",same inventoried inputs; recomputation mismatch
VER.VI,100,fundamentals/VER.VI.json;companies/VER.VI.json;raw/eodhd/VER.VI.json,"{""asOf"": 1, ""company"": 4, ""ownerMemo"": 15, ""series"": 17, ""tests"": 34, ""valuation"": 13, ""valueHistory"": 15, ""versions"": 1}",source-cache arrival observed; per-field attribution unproven
VESTA.MX,98,,"{""asOf"": 1, ""company"": 2, ""events"": 1, ""ownerMemo"": 39, ""series"": 8, ""tests"": 29, ""valuation"": 5, ""valueHistory"": 12, ""versions"": 1}",same inventoried inputs; recomputation mismatch
VETTF.US,119,,"{""asOf"": 1, ""ownerMemo"": 41, ""report"": 1, ""series"": 30, ""tests"": 45, ""versions"": 1}",same inventoried inputs; recomputation mismatch
VGL.AU,62,,"{""asOf"": 1, ""company"": 2, ""events"": 1, ""ownerMemo"": 15, ""series"": 8, ""tests"": 34, ""versions"": 1}",same inventoried inputs; recomputation mismatch
VICI.US,64,fundamentals/VICI.US.json;companies/VICI.US.json;raw/eodhd/VICI.US.json,"{""asOf"": 1, ""company"": 4, ""ownerMemo"": 35, ""series"": 1, ""tests"": 13, ""valuation"": 1, ""valueHistory"": 8, ""versions"": 1}",source-cache arrival observed; per-field attribution unproven
VIE.PA,110,fundamentals/VIE.PA.json;companies/VIE.PA.json;raw/eodhd/VIE.PA.json,"{""asOf"": 1, ""company"": 2, ""ownerMemo"": 25, ""report"": 9, ""series"": 1, ""tests"": 68, ""valuation"": 3, ""versions"": 1}",source-cache arrival observed; per-field attribution unproven
VIG.VI,24,fundamentals/VIG.VI.json;companies/VIG.VI.json;raw/eodhd/VIG.VI.json,"{""asOf"": 1, ""company"": 4, ""ownerMemo"": 9, ""series"": 7, ""valuation"": 2, ""versions"": 1}",source-cache arrival observed; per-field attribution unproven
VIRI.PA,112,,"{""asOf"": 1, ""company"": 2, ""events"": 1, ""ownerMemo"": 43, ""series"": 18, ""tests"": 46, ""versions"": 1}",same inventoried inputs; recomputation mismatch
VIRP.PA,24,,"{""asOf"": 1, ""company"": 2, ""ownerMemo"": 20, ""versions"": 1}",same inventoried inputs; recomputation mismatch
VIS.MC,6,,"{""asOf"": 1, ""company"": 2, ""ownerMemo"": 2, ""versions"": 1}",same inventoried inputs; recomputation mismatch
VIV.PA,19,,"{""asOf"": 1, ""company"": 2, ""ownerMemo"": 2, ""series"": 1, ""tests"": 12, ""versions"": 1}",same inventoried inputs; recomputation mismatch
VIVA3.SA,55,,"{""asOf"": 1, ""company"": 2, ""ownerMemo"": 22, ""tests"": 1, ""valuation"": 10, ""valueHistory"": 18, ""versions"": 1}",same inventoried inputs; recomputation mismatch
VIVT3.SA,104,fundamentals/VIVT3.SA.json;companies/VIVT3.SA.json;raw/eodhd/VIVT3.SA.json,"{""asOf"": 1, ""company"": 2, ""ownerMemo"": 7, ""series"": 52, ""tests"": 1, ""valuation"": 10, ""valueHistory"": 30, ""versions"": 1}",source-cache arrival observed; per-field attribution unproven
VK.PA,37,fundamentals/VK.PA.json;companies/VK.PA.json;raw/eodhd/VK.PA.json,"{""asOf"": 1, ""company"": 2, ""ownerMemo"": 17, ""series"": 1, ""tests"": 12, ""valuation"": 3, ""versions"": 1}",source-cache arrival observed; per-field attribution unproven
VLA.PA,19,,"{""asOf"": 1, ""company"": 2, ""ownerMemo"": 2, ""series"": 1, ""tests"": 12, ""versions"": 1}",same inventoried inputs; recomputation mismatch
VLO.US,26,fundamentals/VLO.US.json;companies/VLO.US.json;raw/eodhd/VLO.US.json,"{""asOf"": 1, ""company"": 2, ""ownerMemo"": 5, ""series"": 1, ""tests"": 12, ""valuation"": 4, ""versions"": 1}",source-cache arrival observed; per-field attribution unproven
VLTO.US,39,fundamentals/VLTO.US.json;companies/VLTO.US.json;raw/eodhd/VLTO.US.json,"{""asOf"": 1, ""company"": 3, ""ownerMemo"": 33, ""series"": 1, ""versions"": 1}",source-cache arrival observed; per-field attribution unproven
VLX.LSE,142,,"{""asOf"": 1, ""company"": 4, ""ownerMemo"": 60, ""series"": 17, ""tests"": 45, ""valuation"": 5, ""valueHistory"": 9, ""versions"": 1}",same inventoried inputs; recomputation mismatch
VMC.US,9,fundamentals/VMC.US.json;companies/VMC.US.json;raw/eodhd/VMC.US.json,"{""asOf"": 1, ""company"": 2, ""ownerMemo"": 5, ""versions"": 1}",source-cache arrival observed; per-field attribution unproven
VMRK.US,235,fundamentals/VMRK.US.json;companies/VMRK.US.json;raw/eodhd/VMRK.US.json,"{""asOf"": 1, ""company"": 2, ""events"": 4, ""ownerMemo"": 34, ""series"": 111, ""tests"": 51, ""valuation"": 1, ""valueHistory"": 30, ""versions"": 1}",source-cache arrival observed; per-field attribution unproven
VNA.XETRA,41,fundamentals/VNA.XETRA.json;companies/VNA.XETRA.json;raw/eodhd/VNA.XETRA.json,"{""asOf"": 1, ""company"": 2, ""ownerMemo"": 21, ""series"": 1, ""tests"": 12, ""valuation"": 3, ""versions"": 1}",source-cache arrival observed; per-field attribution unproven
VNT.AU,24,,"{""asOf"": 1, ""company"": 2, ""ownerMemo"": 18, ""valuation"": 2, ""versions"": 1}",same inventoried inputs; recomputation mismatch
VOD.LSE,84,fundamentals/VOD.LSE.json;companies/VOD.LSE.json;raw/eodhd/VOD.LSE.json,"{""asOf"": 1, ""company"": 4, ""ownerMemo"": 7, ""series"": 11, ""tests"": 24, ""valuation"": 9, ""valueHistory"": 27, ""versions"": 1}",source-cache arrival observed; per-field attribution unproven
VOE.VI,57,fundamentals/VOE.VI.json;companies/VOE.VI.json;raw/eodhd/VOE.VI.json,"{""asOf"": 1, ""company"": 2, ""ownerMemo"": 12, ""series"": 9, ""tests"": 27, ""valuation"": 5, ""versions"": 1}",source-cache arrival observed; per-field attribution unproven
VOLARA.MX,44,,"{""asOf"": 1, ""company"": 2, ""ownerMemo"": 10, ""series"": 9, ""tests"": 21, ""versions"": 1}",same inventoried inputs; recomputation mismatch
VOLV-B.ST,86,fundamentals/VOLV-B.ST.json;companies/VOLV-B.ST.json;raw/eodhd/VOLV-B.ST.json,"{""asOf"": 1, ""company"": 2, ""ownerMemo"": 24, ""report"": 7, ""tests"": 51, ""versions"": 1}",source-cache arrival observed; per-field attribution unproven
VOW.XETRA,40,fundamentals/VOW.XETRA.json;companies/VOW.XETRA.json;raw/eodhd/VOW.XETRA.json,"{""asOf"": 1, ""company"": 5, ""ownerMemo"": 20, ""series"": 1, ""tests"": 12, ""versions"": 1}",source-cache arrival observed; per-field attribution unproven
VOW3.XETRA,37,fundamentals/VOW3.XETRA.json;companies/VOW3.XETRA.json;raw/eodhd/VOW3.XETRA.json,"{""asOf"": 1, ""company"": 2, ""ownerMemo"": 20, ""series"": 1, ""tests"": 12, ""versions"": 1}",source-cache arrival observed; per-field attribution unproven
VPK.AS,25,fundamentals/VPK.AS.json;companies/VPK.AS.json;raw/eodhd/VPK.AS.json,"{""asOf"": 1, ""company"": 2, ""ownerMemo"": 4, ""series"": 1, ""tests"": 12, ""valuation"": 4, ""versions"": 1}",source-cache arrival observed; per-field attribution unproven
VRSK.US,493,fundamentals/VRSK.US.json;companies/VRSK.US.json;raw/eodhd/VRSK.US.json,"{""asOf"": 1, ""company"": 7, ""events"": 12, ""historyCoverage"": 2, ""ownerMemo"": 60, ""series"": 231, ""tests"": 114, ""valuation"": 35, ""valueHistory"": 30, ""versions"": 1}",source-cache arrival observed; per-field attribution unproven
VRSN.US,7,fundamentals/VRSN.US.json;companies/VRSN.US.json;raw/eodhd/VRSN.US.json,"{""asOf"": 1, ""company"": 2, ""ownerMemo"": 3, ""versions"": 1}",source-cache arrival observed; per-field attribution unproven
VRT.US,218,fundamentals/VRT.US.json;companies/VRT.US.json;raw/eodhd/VRT.US.json,"{""asOf"": 1, ""company"": 2, ""ownerMemo"": 49, ""series"": 72, ""tests"": 70, ""valuation"": 8, ""valueHistory"": 15, ""versions"": 1}",source-cache arrival observed; per-field attribution unproven
VRTX.US,26,fundamentals/VRTX.US.json;companies/VRTX.US.json;raw/eodhd/VRTX.US.json,"{""asOf"": 1, ""company"": 2, ""ownerMemo"": 5, ""series"": 1, ""tests"": 12, ""valuation"": 4, ""versions"": 1}",source-cache arrival observed; per-field attribution unproven
VSL.AU,154,,"{""asOf"": 1, ""company"": 2, ""ownerMemo"": 62, ""series"": 18, ""tests"": 46, ""valuation"": 9, ""valueHistory"": 15, ""versions"": 1}",same inventoried inputs; recomputation mismatch
VST.US,22,fundamentals/VST.US.json;companies/VST.US.json;raw/eodhd/VST.US.json,"{""asOf"": 1, ""company"": 2, ""ownerMemo"": 5, ""series"": 1, ""tests"": 12, ""versions"": 1}",source-cache arrival observed; per-field attribution unproven
VSURE.ST,48,fundamentals/VSURE.ST.json;companies/VSURE.ST.json;raw/eodhd/VSURE.ST.json,"{""asOf"": 1, ""company"": 2, ""ownerMemo"": 39, ""series"": 5, ""versions"": 1}",source-cache arrival observed; per-field attribution unproven
VSVS.LSE,84,,"{""asOf"": 1, ""company"": 4, ""ownerMemo"": 48, ""report"": 9, ""tests"": 21, ""versions"": 1}",same inventoried inputs; recomputation mismatch
VTHPF.US,75,,"{""asOf"": 1, ""ownerMemo"": 16, ""report"": 1, ""series"": 25, ""tests"": 31, ""versions"": 1}",same inventoried inputs; recomputation mismatch
VTR.US,22,fundamentals/VTR.US.json;companies/VTR.US.json;raw/eodhd/VTR.US.json,"{""asOf"": 1, ""company"": 2, ""ownerMemo"": 5, ""series"": 1, ""tests"": 12, ""versions"": 1}",source-cache arrival observed; per-field attribution unproven
VTRS.US,959,fundamentals/VTRS.US.json;companies/VTRS.US.json;raw/eodhd/VTRS.US.json,"{""asOf"": 1, ""company"": 7, ""events"": 6, ""historyCoverage"": 2, ""ownerMemo"": 52, ""series"": 478, ""tests"": 394, ""valueHistory"": 18, ""versions"": 1}",source-cache arrival observed; per-field attribution unproven
VTY.LSE,176,,"{""asOf"": 1, ""company"": 6, ""events"": 2, ""ownerMemo"": 83, ""report"": 8, ""series"": 16, ""tests"": 54, ""valuation"": 5, ""versions"": 1}",same inventoried inputs; recomputation mismatch
VU.PA,35,,"{""asOf"": 1, ""company"": 2, ""ownerMemo"": 15, ""series"": 1, ""tests"": 12, ""valuation"": 3, ""versions"": 1}",same inventoried inputs; recomputation mismatch
VUL.AU,45,,"{""asOf"": 1, ""company"": 2, ""ownerMemo"": 11, ""series"": 9, ""tests"": 21, ""versions"": 1}",same inventoried inputs; recomputation mismatch
VWS.CO,82,fundamentals/VWS.CO.json;companies/VWS.CO.json;raw/eodhd/VWS.CO.json,"{""asOf"": 1, ""company"": 2, ""ownerMemo"": 7, ""series"": 11, ""tests"": 25, ""valuation"": 8, ""valueHistory"": 27, ""versions"": 1}",source-cache arrival observed; per-field attribution unproven
VZ.US,26,fundamentals/VZ.US.json;companies/VZ.US.json;raw/eodhd/VZ.US.json,"{""asOf"": 1, ""company"": 2, ""ownerMemo"": 5, ""series"": 1, ""tests"": 12, ""valuation"": 4, ""versions"": 1}",source-cache arrival observed; per-field attribution unproven
VZN.SW,29,fundamentals/VZN.SW.json;companies/VZN.SW.json;raw/eodhd/VZN.SW.json,"{""asOf"": 1, ""company"": 2, ""ownerMemo"": 23, ""valuation"": 2, ""versions"": 1}",source-cache arrival observed; per-field attribution unproven
WAB.US,18,fundamentals/WAB.US.json;companies/WAB.US.json;raw/eodhd/WAB.US.json,"{""asOf"": 1, ""company"": 2, ""ownerMemo"": 5, ""series"": 9, ""versions"": 1}",source-cache arrival observed; per-field attribution unproven
WAF.AU,36,,"{""asOf"": 1, ""company"": 2, ""ownerMemo"": 15, ""series"": 1, ""tests"": 12, ""valuation"": 4, ""versions"": 1}",same inventoried inputs; recomputation mismatch
WAF.XETRA,31,,"{""asOf"": 1, ""company"": 2, ""ownerMemo"": 14, ""series"": 1, ""tests"": 12, ""versions"": 1}",same inventoried inputs; recomputation mismatch
WALMEX.MX,24,,"{""asOf"": 1, ""company"": 2, ""ownerMemo"": 20, ""versions"": 1}",same inventoried inputs; recomputation mismatch
WAT.US,9,fundamentals/WAT.US.json;companies/WAT.US.json;raw/eodhd/WAT.US.json,"{""asOf"": 1, ""company"": 2, ""ownerMemo"": 5, ""versions"": 1}",source-cache arrival observed; per-field attribution unproven
WBC.AU,73,fundamentals/WBC.AU.json;companies/WBC.AU.json;raw/eodhd/WBC.AU.json,"{""asOf"": 1, ""company"": 2, ""ownerMemo"": 10, ""series"": 25, ""tests"": 20, ""valuation"": 2, ""valueHistory"": 12, ""versions"": 1}",source-cache arrival observed; per-field attribution unproven
WBD.US,55,fundamentals/WBD.US.json;raw/eodhd/WBD.US.json,"{""asOf"": 1, ""company"": 2, ""ownerMemo"": 5, ""series"": 30, ""tests"": 12, ""valuation"": 4, ""versions"": 1}",source-cache arrival observed; per-field attribution unproven
WBT.AU,68,,"{""asOf"": 1, ""company"": 2, ""events"": 2, ""ownerMemo"": 31, ""series"": 2, ""tests"": 29, ""versions"": 1}",same inventoried inputs; recomputation mismatch
WCH.XETRA,33,,"{""asOf"": 1, ""company"": 2, ""ownerMemo"": 16, ""series"": 1, ""tests"": 12, ""versions"": 1}",same inventoried inputs; recomputation mismatch
WCN.TO,78,fundamentals/WCN.TO.json;companies/WCN.TO.json;raw/eodhd/WCN.TO.json,"{""asOf"": 1, ""company"": 4, ""ownerMemo"": 6, ""series"": 14, ""tests"": 15, ""valuation"": 7, ""valueHistory"": 30, ""versions"": 1}",source-cache arrival observed; per-field attribution unproven
WDAY.US,22,fundamentals/WDAY.US.json;companies/WDAY.US.json;raw/eodhd/WDAY.US.json,"{""asOf"": 1, ""company"": 2, ""ownerMemo"": 5, ""series"": 1, ""tests"": 12, ""versions"": 1}",source-cache arrival observed; per-field attribution unproven
WDC.US,26,fundamentals/WDC.US.json;companies/WDC.US.json;raw/eodhd/WDC.US.json,"{""asOf"": 1, ""company"": 2, ""ownerMemo"": 5, ""series"": 1, ""tests"": 12, ""valuation"": 4, ""versions"": 1}",source-cache arrival observed; per-field attribution unproven
WDP.BR,23,,"{""asOf"": 1, ""company"": 2, ""ownerMemo"": 2, ""series"": 1, ""tests"": 12, ""valuation"": 4, ""versions"": 1}",same inventoried inputs; recomputation mismatch
WDS.AU,136,fundamentals/WDS.AU.json;companies/WDS.AU.json;raw/eodhd/WDS.AU.json,"{""asOf"": 1, ""company"": 4, ""ownerMemo"": 47, ""series"": 22, ""tests"": 55, ""valueHistory"": 6, ""versions"": 1}",source-cache arrival observed; per-field attribution unproven
WEC.US,22,fundamentals/WEC.US.json;companies/WEC.US.json;raw/eodhd/WEC.US.json,"{""asOf"": 1, ""company"": 2, ""ownerMemo"": 5, ""series"": 1, ""tests"": 12, ""versions"": 1}",source-cache arrival observed; per-field attribution unproven
WEGE3.SA,67,,"{""asOf"": 1, ""company"": 2, ""ownerMemo"": 22, ""tests"": 1, ""valuation"": 10, ""valueHistory"": 30, ""versions"": 1}",same inventoried inputs; recomputation mismatch
WEIR.LSE,90,fundamentals/WEIR.LSE.json;companies/WEIR.LSE.json;raw/eodhd/WEIR.LSE.json,"{""asOf"": 1, ""company"": 2, ""ownerMemo"": 25, ""report"": 8, ""tests"": 53, ""versions"": 1}",source-cache arrival observed; per-field attribution unproven
WELL.US,218,fundamentals/WELL.US.json;companies/WELL.US.json;raw/eodhd/WELL.US.json,"{""asOf"": 1, ""company"": 2, ""ownerMemo"": 17, ""series"": 104, ""tests"": 52, ""valuation"": 11, ""valueHistory"": 30, ""versions"": 1}",source-cache arrival observed; per-field attribution unproven
WES.AU,44,fundamentals/WES.AU.json;companies/WES.AU.json;raw/eodhd/WES.AU.json,"{""asOf"": 1, ""company"": 2, ""ownerMemo"": 23, ""series"": 1, ""tests"": 12, ""valuation"": 4, ""versions"": 1}",source-cache arrival observed; per-field attribution unproven
WFC.US,258,fundamentals/WFC.US.json;companies/WFC.US.json;raw/eodhd/WFC.US.json;raw/sec-companyfacts/WFC.US.json,"{""asOf"": 1, ""company"": 2, ""ownerMemo"": 18, ""series"": 100, ""tests"": 95, ""valuation"": 11, ""valueHistory"": 30, ""versions"": 1}",source-cache arrival observed; per-field attribution unproven
WGX.AU,41,,"{""asOf"": 1, ""company"": 4, ""ownerMemo"": 18, ""series"": 1, ""tests"": 12, ""valuation"": 4, ""versions"": 1}",same inventoried inputs; recomputation mismatch
WHC.AU,40,,"{""asOf"": 1, ""company"": 2, ""ownerMemo"": 19, ""series"": 1, ""tests"": 12, ""valuation"": 4, ""versions"": 1}",same inventoried inputs; recomputation mismatch
WIE.VI,97,,"{""asOf"": 1, ""company"": 2, ""ownerMemo"": 9, ""series"": 32, ""tests"": 33, ""valuation"": 7, ""valueHistory"": 12, ""versions"": 1}",same inventoried inputs; recomputation mismatch
WIHL.ST,22,,"{""asOf"": 1, ""company"": 2, ""ownerMemo"": 18, ""versions"": 1}",same inventoried inputs; recomputation mismatch
WIX.LSE,65,,"{""asOf"": 1, ""company"": 4, ""events"": 2, ""ownerMemo"": 17, ""report"": 8, ""series"": 1, ""tests"": 31, ""versions"": 1}",same inventoried inputs; recomputation mismatch
WIZZ.LSE,90,,"{""asOf"": 1, ""company"": 4, ""ownerMemo"": 17, ""report"": 9, ""series"": 11, ""tests"": 44, ""valueHistory"": 3, ""versions"": 1}",same inventoried inputs; recomputation mismatch
WKL.AS,26,fundamentals/WKL.AS.json;companies/WKL.AS.json;raw/eodhd/WKL.AS.json,"{""asOf"": 1, ""company"": 2, ""ownerMemo"": 22, ""versions"": 1}",source-cache arrival observed; per-field attribution unproven
WKP.LSE,76,,"{""asOf"": 1, ""company"": 4, ""ownerMemo"": 27, ""report"": 9, ""series"": 1, ""tests"": 33, ""versions"": 1}",same inventoried inputs; recomputation mismatch
WLN.PA,85,,"{""asOf"": 1, ""company"": 2, ""ownerMemo"": 19, ""report"": 4, ""series"": 1, ""tests"": 57, ""versions"": 1}",same inventoried inputs; recomputation mismatch
WM.US,9,fundamentals/WM.US.json;companies/WM.US.json;raw/eodhd/WM.US.json,"{""asOf"": 1, ""company"": 2, ""ownerMemo"": 5, ""versions"": 1}",source-cache arrival observed; per-field attribution unproven
WMB.US,22,fundamentals/WMB.US.json;companies/WMB.US.json;raw/eodhd/WMB.US.json,"{""asOf"": 1, ""company"": 2, ""ownerMemo"": 5, ""series"": 1, ""tests"": 12, ""versions"": 1}",source-cache arrival observed; per-field attribution unproven
WMT.US,10,fundamentals/WMT.US.json;companies/WMT.US.json;raw/eodhd/WMT.US.json,"{""asOf"": 1, ""company"": 2, ""ownerMemo"": 6, ""versions"": 1}",source-cache arrival observed; per-field attribution unproven
WN.TO,42,fundamentals/WN.TO.json;companies/WN.TO.json;raw/eodhd/WN.TO.json,"{""asOf"": 1, ""company"": 2, ""ownerMemo"": 21, ""series"": 1, ""tests"": 12, ""valuation"": 4, ""versions"": 1}",source-cache arrival observed; per-field attribution unproven
WOR.AU,26,,"{""asOf"": 1, ""company"": 2, ""ownerMemo"": 20, ""valuation"": 2, ""versions"": 1}",same inventoried inputs; recomputation mismatch
WOSG.LSE,75,,"{""asOf"": 1, ""company"": 4, ""events"": 2, ""ownerMemo"": 23, ""report"": 8, ""series"": 1, ""tests"": 31, ""valuation"": 4, ""versions"": 1}",same inventoried inputs; recomputation mismatch
WOW.AU,33,fundamentals/WOW.AU.json;companies/WOW.AU.json;raw/eodhd/WOW.AU.json,"{""asOf"": 1, ""company"": 2, ""ownerMemo"": 16, ""series"": 1, ""tests"": 12, ""versions"": 1}",source-cache arrival observed; per-field attribution unproven
WPM.TO,70,fundamentals/WPM.TO.json;companies/WPM.TO.json;raw/eodhd/WPM.TO.json,"{""asOf"": 1, ""company"": 5, ""events"": 8, ""ownerMemo"": 4, ""series"": 10, ""tests"": 14, ""valueHistory"": 27, ""versions"": 1}",source-cache arrival observed; per-field attribution unproven
WPP.LSE,93,fundamentals/WPP.LSE.json;companies/WPP.LSE.json;raw/eodhd/WPP.LSE.json,"{""asOf"": 1, ""company"": 2, ""ownerMemo"": 24, ""report"": 7, ""series"": 1, ""tests"": 57, ""versions"": 1}",source-cache arrival observed; per-field attribution unproven
WPR.AU,38,,"{""asOf"": 1, ""company"": 2, ""ownerMemo"": 18, ""series"": 1, ""tests"": 11, ""valuation"": 4, ""versions"": 1}",same inventoried inputs; recomputation mismatch
WRB.US,134,fundamentals/WRB.US.json;companies/WRB.US.json;raw/eodhd/WRB.US.json,"{""asOf"": 1, ""company"": 4, ""events"": 5, ""ownerMemo"": 7, ""priceHistory"": 65, ""series"": 24, ""tests"": 27, ""versions"": 1}",source-cache arrival observed; per-field attribution unproven
WRT1V.HE,9,fundamentals/WRT1V.HE.json;companies/WRT1V.HE.json;raw/eodhd/WRT1V.HE.json,"{""asOf"": 1, ""company"": 2, ""ownerMemo"": 5, ""versions"": 1}",source-cache arrival observed; per-field attribution unproven
WSE.US,78,fundamentals/WSE.US.json;companies/WSE.US.json;raw/eodhd/WSE.US.json,"{""asOf"": 1, ""company"": 3, ""ownerMemo"": 17, ""series"": 13, ""tests"": 39, ""valuation"": 1, ""valueHistory"": 3, ""versions"": 1}",source-cache arrival observed; per-field attribution unproven
WSM.US,457,fundamentals/WSM.US.json;companies/WSM.US.json;raw/eodhd/WSM.US.json,"{""asOf"": 1, ""company"": 6, ""historyCoverage"": 2, ""ownerMemo"": 26, ""requiredMos"": 1, ""series"": 278, ""tests"": 131, ""valuation"": 1, ""valueHistory"": 10, ""versions"": 1}",source-cache arrival observed; per-field attribution unproven
WSP.TO,28,fundamentals/WSP.TO.json;companies/WSP.TO.json;raw/eodhd/WSP.TO.json,"{""asOf"": 1, ""company"": 2, ""ownerMemo"": 22, ""valuation"": 2, ""versions"": 1}",source-cache arrival observed; per-field attribution unproven
WST.US,509,fundamentals/WST.US.json;companies/WST.US.json;raw/eodhd/WST.US.json,"{""asOf"": 1, ""company"": 7, ""events"": 1, ""historyCoverage"": 2, ""ownerMemo"": 34, ""series"": 304, ""tests"": 148, ""valuation"": 1, ""valueHistory"": 10, ""versions"": 1}",source-cache arrival observed; per-field attribution unproven
WTB.LSE,97,,"{""asOf"": 1, ""company"": 2, ""ownerMemo"": 15, ""report"": 9, ""series"": 1, ""tests"": 68, ""versions"": 1}",same inventoried inputs; recomputation mismatch
WTC.AU,28,fundamentals/WTC.AU.json;companies/WTC.AU.json;raw/eodhd/WTC.AU.json,"{""asOf"": 1, ""company"": 2, ""ownerMemo"": 22, ""valuation"": 2, ""versions"": 1}",source-cache arrival observed; per-field attribution unproven
WTW.US,504,fundamentals/WTW.US.json;companies/WTW.US.json;raw/eodhd/WTW.US.json,"{""asOf"": 1, ""company"": 7, ""historyCoverage"": 2, ""judgement"": 1, ""ownerMemo"": 62, ""series"": 274, ""tests"": 146, ""valuation"": 1, ""valueHistory"": 9, ""versions"": 1}",source-cache arrival observed; per-field attribution unproven
WY.US,518,fundamentals/WY.US.json;companies/WY.US.json;raw/eodhd/WY.US.json,"{""asOf"": 1, ""company"": 7, ""events"": 7, ""historyCoverage"": 2, ""ownerMemo"": 29, ""series"": 279, ""tests"": 161, ""valuation"": 1, ""valueHistory"": 30, ""versions"": 1}",source-cache arrival observed; per-field attribution unproven
WYNN.US,527,fundamentals/WYNN.US.json;companies/WYNN.US.json;raw/eodhd/WYNN.US.json,"{""asOf"": 1, ""company"": 7, ""events"": 4, ""historyCoverage"": 2, ""ownerMemo"": 46, ""series"": 279, ""tests"": 150, ""valuation"": 34, ""valueHistory"": 3, ""versions"": 1}",source-cache arrival observed; per-field attribution unproven
XEL.US,22,fundamentals/XEL.US.json;companies/XEL.US.json;raw/eodhd/XEL.US.json,"{""asOf"": 1, ""company"": 2, ""ownerMemo"": 5, ""series"": 1, ""tests"": 12, ""versions"": 1}",source-cache arrival observed; per-field attribution unproven
XOM.US,26,fundamentals/XOM.US.json;companies/XOM.US.json;raw/eodhd/XOM.US.json,"{""asOf"": 1, ""company"": 2, ""ownerMemo"": 5, ""series"": 1, ""tests"": 12, ""valuation"": 4, ""versions"": 1}",source-cache arrival observed; per-field attribution unproven
XPP.LSE,62,,"{""asOf"": 1, ""company"": 3, ""ownerMemo"": 27, ""report"": 1, ""series"": 1, ""tests"": 28, ""versions"": 1}",same inventoried inputs; recomputation mismatch
XPS.LSE,96,,"{""asOf"": 1, ""company"": 4, ""ownerMemo"": 43, ""report"": 9, ""series"": 1, ""tests"": 33, ""valuation"": 4, ""versions"": 1}",same inventoried inputs; recomputation mismatch
XRO.AU,37,fundamentals/XRO.AU.json;companies/XRO.AU.json;raw/eodhd/XRO.AU.json,"{""asOf"": 1, ""company"": 2, ""ownerMemo"": 16, ""series"": 1, ""tests"": 12, ""valuation"": 4, ""versions"": 1}",source-cache arrival observed; per-field attribution unproven
XYL.US,220,fundamentals/XYL.US.json;companies/XYL.US.json;raw/eodhd/XYL.US.json,"{""asOf"": 1, ""company"": 7, ""ownerMemo"": 53, ""series"": 82, ""tests"": 65, ""valuation"": 1, ""valueHistory"": 10, ""versions"": 1}",source-cache arrival observed; per-field attribution unproven
XYZ.US,22,fundamentals/XYZ.US.json;companies/XYZ.US.json;raw/eodhd/XYZ.US.json,"{""asOf"": 1, ""company"": 2, ""ownerMemo"": 5, ""series"": 1, ""tests"": 12, ""versions"": 1}",source-cache arrival observed; per-field attribution unproven
YAL.AU,40,,"{""asOf"": 1, ""company"": 4, ""ownerMemo"": 17, ""series"": 1, ""tests"": 12, ""valuation"": 4, ""versions"": 1}",same inventoried inputs; recomputation mismatch
YAR.OL,89,fundamentals/YAR.OL.json;companies/YAR.OL.json;raw/eodhd/YAR.OL.json,"{""asOf"": 1, ""company"": 2, ""ownerMemo"": 20, ""series"": 11, ""tests"": 25, ""valuation"": 8, ""valueHistory"": 21, ""versions"": 1}",source-cache arrival observed; per-field attribution unproven
YDUQ3.SA,64,,"{""asOf"": 1, ""company"": 2, ""ownerMemo"": 19, ""series"": 1, ""tests"": 13, ""valuation"": 12, ""valueHistory"": 15, ""versions"": 1}",same inventoried inputs; recomputation mismatch
YSHLF.US,140,fundamentals/YSHLF.US.json;companies/YSHLF.US.json;raw/eodhd/YSHLF.US.json,"{""asOf"": 1, ""company"": 1, ""events"": 5, ""ownerMemo"": 51, ""report"": 1, ""series"": 28, ""tests"": 40, ""valuation"": 3, ""valueHistory"": 9, ""versions"": 1}",source-cache arrival observed; per-field attribution unproven
YUM.US,8,fundamentals/YUM.US.json;companies/YUM.US.json;raw/eodhd/YUM.US.json,"{""asOf"": 1, ""company"": 2, ""ownerMemo"": 4, ""versions"": 1}",source-cache arrival observed; per-field attribution unproven
ZAB.WAR,33,fundamentals/ZAB.WAR.json;companies/ZAB.WAR.json;raw/eodhd/ZAB.WAR.json,"{""asOf"": 1, ""company"": 2, ""ownerMemo"": 24, ""series"": 5, ""versions"": 1}",source-cache arrival observed; per-field attribution unproven
ZAL.XETRA,39,fundamentals/ZAL.XETRA.json;companies/ZAL.XETRA.json;raw/eodhd/ZAL.XETRA.json,"{""asOf"": 1, ""company"": 4, ""ownerMemo"": 17, ""series"": 1, ""tests"": 12, ""valuation"": 3, ""versions"": 1}",source-cache arrival observed; per-field attribution unproven
ZBH.US,433,fundamentals/ZBH.US.json;companies/ZBH.US.json;raw/eodhd/ZBH.US.json,"{""asOf"": 1, ""company"": 7, ""events"": 4, ""historyCoverage"": 2, ""ownerMemo"": 19, ""series"": 268, ""tests"": 120, ""valuation"": 1, ""valueHistory"": 10, ""versions"": 1}",source-cache arrival observed; per-field attribution unproven
ZBRA.US,449,fundamentals/ZBRA.US.json;companies/ZBRA.US.json;raw/eodhd/ZBRA.US.json,"{""asOf"": 1, ""company"": 7, ""events"": 19, ""historyCoverage"": 2, ""ownerMemo"": 43, ""series"": 266, ""tests"": 103, ""valuation"": 1, ""valueHistory"": 6, ""versions"": 1}",source-cache arrival observed; per-field attribution unproven
ZEAL.CO,29,,"{""asOf"": 1, ""company"": 2, ""ownerMemo"": 12, ""series"": 1, ""tests"": 12, ""versions"": 1}",same inventoried inputs; recomputation mismatch
ZEG.LSE,29,,"{""asOf"": 1, ""company"": 2, ""events"": 5, ""ownerMemo"": 13, ""report"": 5, ""series"": 2, ""versions"": 1}",same inventoried inputs; recomputation mismatch
ZIG.LSE,74,,"{""asOf"": 1, ""company"": 4, ""ownerMemo"": 23, ""report"": 10, ""series"": 1, ""tests"": 34, ""versions"": 1}",same inventoried inputs; recomputation mismatch
ZIP.AU,34,,"{""asOf"": 1, ""company"": 2, ""ownerMemo"": 13, ""series"": 1, ""tests"": 12, ""valuation"": 4, ""versions"": 1}",same inventoried inputs; recomputation mismatch
ZTS.US,53,fundamentals/ZTS.US.json;companies/ZTS.US.json;raw/eodhd/ZTS.US.json,"{""asOf"": 1, ""company"": 3, ""ownerMemo"": 48, ""versions"": 1}",source-cache arrival observed; per-field attribution unproven
ZURN.SW,53,fundamentals/ZURN.SW.json;companies/ZURN.SW.json;raw/eodhd/ZURN.SW.json,"{""asOf"": 1, ""company"": 2, ""ownerMemo"": 11, ""tests"": 1, ""valuation"": 7, ""valueHistory"": 30, ""versions"": 1}",source-cache arrival observed; per-field attribution unproven
