scope,period,quarter,variant,state,selected,observed,hit,top_decile,losers,median
US,train,2005Q4,baseline,P,11,11,0.6363636363636364,1,7,-0.13490412576200878
US,train,2005Q4,baseline,F,9,9,0.3333333333333333,1,6,-0.13490412576200878
US,train,2005Q4,baseline,U,0,0,,0,0,-0.13490412576200878
US,train,2005Q4,redesigned,P,11,11,0.6363636363636364,1,7,-0.13490412576200878
US,train,2005Q4,redesigned,F,9,9,0.3333333333333333,1,6,-0.13490412576200878
US,train,2005Q4,redesigned,U,0,0,,0,0,-0.13490412576200878
US,train,2006Q1,baseline,P,118,118,0.4915254237288136,10,88,-0.23863996655885
US,train,2006Q1,baseline,F,73,73,0.5068493150684932,10,60,-0.23863996655885
US,train,2006Q1,baseline,U,0,0,,0,0,-0.23863996655885
US,train,2006Q1,redesigned,P,118,118,0.4915254237288136,10,88,-0.23863996655885
US,train,2006Q1,redesigned,F,73,73,0.5068493150684932,10,60,-0.23863996655885
US,train,2006Q1,redesigned,U,0,0,,0,0,-0.23863996655885
US,train,2006Q2,baseline,P,135,135,0.5037037037037037,12,92,-0.10299907323429303
US,train,2006Q2,baseline,F,89,89,0.4943820224719101,11,61,-0.10299907323429303
US,train,2006Q2,baseline,U,0,0,,0,0,-0.10299907323429303
US,train,2006Q2,redesigned,P,135,135,0.5037037037037037,12,92,-0.10299907323429303
US,train,2006Q2,redesigned,F,89,89,0.4943820224719101,11,61,-0.10299907323429303
US,train,2006Q2,redesigned,U,0,0,,0,0,-0.10299907323429303
US,train,2006Q3,baseline,P,154,154,0.5324675324675324,14,73,-0.011818443750710395
US,train,2006Q3,baseline,F,95,95,0.4421052631578947,11,53,-0.011818443750710395
US,train,2006Q3,baseline,U,0,0,,0,0,-0.011818443750710395
US,train,2006Q3,redesigned,P,154,154,0.5324675324675324,14,73,-0.011818443750710395
US,train,2006Q3,redesigned,F,95,95,0.4421052631578947,11,53,-0.011818443750710395
US,train,2006Q3,redesigned,U,0,0,,0,0,-0.011818443750710395
US,train,2006Q4,baseline,P,159,159,0.5094339622641509,15,76,0.004376539958466541
US,train,2006Q4,baseline,F,94,94,0.4787234042553192,11,48,0.004376539958466541
US,train,2006Q4,baseline,U,0,0,,0,0,0.004376539958466541
US,train,2006Q4,redesigned,P,159,159,0.5094339622641509,15,76,0.004376539958466541
US,train,2006Q4,redesigned,F,94,94,0.4787234042553192,11,48,0.004376539958466541
US,train,2006Q4,redesigned,U,0,0,,0,0,0.004376539958466541
US,train,2007Q1,baseline,P,168,168,0.5238095238095238,14,82,-0.01343197623827963
US,train,2007Q1,baseline,F,99,99,0.45454545454545453,13,55,-0.01343197623827963
US,train,2007Q1,baseline,U,0,0,,0,0,-0.01343197623827963
US,train,2007Q1,redesigned,P,168,168,0.5238095238095238,14,82,-0.01343197623827963
US,train,2007Q1,redesigned,F,99,99,0.45454545454545453,13,55,-0.01343197623827963
US,train,2007Q1,redesigned,U,0,0,,0,0,-0.01343197623827963
US,train,2007Q2,baseline,P,171,171,0.5146198830409356,13,115,-0.14879961672853315
US,train,2007Q2,baseline,F,100,100,0.47,15,68,-0.14879961672853315
US,train,2007Q2,baseline,U,0,0,,0,0,-0.14879961672853315
US,train,2007Q2,redesigned,P,171,171,0.5146198830409356,13,115,-0.14879961672853315
US,train,2007Q2,redesigned,F,100,100,0.47,15,68,-0.14879961672853315
US,train,2007Q2,redesigned,U,0,0,,0,0,-0.14879961672853315
US,train,2007Q3,baseline,P,170,170,0.5235294117647059,14,103,-0.08193737381859667
US,train,2007Q3,baseline,F,101,101,0.45544554455445546,14,58,-0.08193737381859667
US,train,2007Q3,baseline,U,0,0,,0,0,-0.08193737381859667
US,train,2007Q3,redesigned,P,170,170,0.5235294117647059,14,103,-0.08193737381859667
US,train,2007Q3,redesigned,F,101,101,0.45544554455445546,14,58,-0.08193737381859667
US,train,2007Q3,redesigned,U,0,0,,0,0,-0.08193737381859667
US,train,2007Q4,baseline,P,170,170,0.4764705882352941,17,62,0.10953263741178665
US,train,2007Q4,baseline,F,103,103,0.5339805825242718,11,38,0.10953263741178665
US,train,2007Q4,baseline,U,0,0,,0,0,0.10953263741178665
US,train,2007Q4,redesigned,P,170,170,0.4764705882352941,17,62,0.10953263741178665
US,train,2007Q4,redesigned,F,103,103,0.5339805825242718,11,38,0.10953263741178665
US,train,2007Q4,redesigned,U,0,0,,0,0,0.10953263741178665
US,train,2008Q1,baseline,P,182,182,0.45604395604395603,14,58,0.19899492000680008
US,train,2008Q1,baseline,F,108,108,0.5740740740740741,15,26,0.19899492000680008
US,train,2008Q1,baseline,U,0,0,,0,0,0.19899492000680008
US,train,2008Q1,redesigned,P,182,182,0.45604395604395603,14,58,0.19899492000680008
US,train,2008Q1,redesigned,F,108,108,0.5740740740740741,15,26,0.19899492000680008
US,train,2008Q1,redesigned,U,0,0,,0,0,0.19899492000680008
US,train,2008Q2,baseline,P,183,183,0.4918032786885246,15,41,0.296049423848574
US,train,2008Q2,baseline,F,109,109,0.5137614678899083,15,30,0.296049423848574
US,train,2008Q2,baseline,U,0,0,,0,0,0.296049423848574
US,train,2008Q2,redesigned,P,183,183,0.4918032786885246,15,41,0.296049423848574
US,train,2008Q2,redesigned,F,109,109,0.5137614678899083,15,30,0.296049423848574
US,train,2008Q2,redesigned,U,0,0,,0,0,0.296049423848574
US,train,2008Q3,baseline,P,186,186,0.45161290322580644,13,63,0.17426204424372282
US,train,2008Q3,baseline,F,106,106,0.5849056603773585,17,29,0.17426204424372282
US,train,2008Q3,baseline,U,0,0,,0,0,0.17426204424372282
US,train,2008Q3,redesigned,P,186,186,0.45161290322580644,13,63,0.17426204424372282
US,train,2008Q3,redesigned,F,106,106,0.5849056603773585,17,29,0.17426204424372282
US,train,2008Q3,redesigned,U,0,0,,0,0,0.17426204424372282
US,train,2008Q4,baseline,P,187,187,0.42780748663101603,12,19,0.5937835236836034
US,train,2008Q4,baseline,F,105,105,0.6285714285714286,18,10,0.5937835236836034
US,train,2008Q4,baseline,U,0,0,,0,0,0.5937835236836034
US,train,2008Q4,redesigned,P,187,187,0.42780748663101603,12,19,0.5937835236836034
US,train,2008Q4,redesigned,F,105,105,0.6285714285714286,18,10,0.5937835236836034
US,train,2008Q4,redesigned,U,0,0,,0,0,0.5937835236836034
US,train,2009Q1,baseline,P,192,192,0.4791666666666667,11,6,0.9818013689361105
US,train,2009Q1,baseline,F,106,106,0.5377358490566038,19,4,0.9818013689361105
US,train,2009Q1,baseline,U,1,1,0.0,0,0,0.9818013689361105
US,train,2009Q1,redesigned,P,193,193,0.47668393782383417,11,6,0.9818013689361105
US,train,2009Q1,redesigned,F,105,105,0.5428571428571428,19,4,0.9818013689361105
US,train,2009Q1,redesigned,U,1,1,0.0,0,0,0.9818013689361105
US,train,2009Q2,baseline,P,192,192,0.4947916666666667,13,12,0.6910477949546776
US,train,2009Q2,baseline,F,107,107,0.514018691588785,18,12,0.6910477949546776
US,train,2009Q2,baseline,U,2,2,0.0,0,1,0.6910477949546776
US,train,2009Q2,redesigned,P,193,193,0.49222797927461137,13,12,0.6910477949546776
US,train,2009Q2,redesigned,F,106,106,0.5188679245283019,18,12,0.6910477949546776
US,train,2009Q2,redesigned,U,2,2,0.0,0,1,0.6910477949546776
US,train,2009Q3,baseline,P,193,193,0.5233160621761658,17,17,0.5559898118323799
US,train,2009Q3,baseline,F,107,107,0.4672897196261682,14,20,0.5559898118323799
US,train,2009Q3,baseline,U,2,2,0.0,0,1,0.5559898118323799
US,train,2009Q3,redesigned,P,193,193,0.5233160621761658,17,17,0.5559898118323799
US,train,2009Q3,redesigned,F,107,107,0.4672897196261682,14,20,0.5559898118323799
US,train,2009Q3,redesigned,U,2,2,0.0,0,1,0.5559898118323799
US,train,2009Q4,baseline,P,193,193,0.5077720207253886,18,20,0.4478528777314137
US,train,2009Q4,baseline,F,110,110,0.4909090909090909,13,20,0.4478528777314137
US,train,2009Q4,baseline,U,2,2,0.0,0,1,0.4478528777314137
US,train,2009Q4,redesigned,P,193,193,0.5077720207253886,18,20,0.4478528777314137
US,train,2009Q4,redesigned,F,110,110,0.4909090909090909,13,20,0.4478528777314137
US,train,2009Q4,redesigned,U,2,2,0.0,0,1,0.4478528777314137
US,train,2010Q1,baseline,P,188,188,0.5053191489361702,15,15,0.5367714585133878
US,train,2010Q1,baseline,F,129,129,0.49612403100775193,17,16,0.5367714585133878
US,train,2010Q1,baseline,U,1,1,0.0,0,0,0.5367714585133878
US,train,2010Q1,redesigned,P,188,188,0.5053191489361702,15,15,0.5367714585133878
US,train,2010Q1,redesigned,F,129,129,0.49612403100775193,17,16,0.5367714585133878
US,train,2010Q1,redesigned,U,1,1,0.0,0,0,0.5367714585133878
US,train,2010Q2,baseline,P,190,190,0.5052631578947369,12,5,0.702910731955487
US,train,2010Q2,baseline,F,129,129,0.4883720930232558,20,8,0.702910731955487
US,train,2010Q2,baseline,U,0,0,,0,0,0.702910731955487
US,train,2010Q2,redesigned,P,190,190,0.5052631578947369,12,5,0.702910731955487
US,train,2010Q2,redesigned,F,129,129,0.4883720930232558,20,8,0.702910731955487
US,train,2010Q2,redesigned,U,0,0,,0,0,0.702910731955487
US,train,2010Q3,baseline,P,190,190,0.5105263157894737,14,10,0.6044236693543872
US,train,2010Q3,baseline,F,129,129,0.4806201550387597,18,9,0.6044236693543872
US,train,2010Q3,baseline,U,0,0,,0,0,0.6044236693543872
US,train,2010Q3,redesigned,P,190,190,0.5105263157894737,14,10,0.6044236693543872
US,train,2010Q3,redesigned,F,129,129,0.4806201550387597,18,9,0.6044236693543872
US,train,2010Q3,redesigned,U,0,0,,0,0,0.6044236693543872
US,train,2010Q4,baseline,P,191,191,0.5287958115183246,13,10,0.5720495076350747
US,train,2010Q4,baseline,F,128,128,0.453125,19,14,0.5720495076350747
US,train,2010Q4,baseline,U,0,0,,0,0,0.5720495076350747
US,train,2010Q4,redesigned,P,191,191,0.5287958115183246,13,10,0.5720495076350747
US,train,2010Q4,redesigned,F,128,128,0.453125,19,14,0.5720495076350747
US,train,2010Q4,redesigned,U,0,0,,0,0,0.5720495076350747
US,train,2011Q1,baseline,P,199,199,0.507537688442211,12,11,0.5481383363495822
US,train,2011Q1,baseline,F,128,128,0.484375,21,13,0.5481383363495822
US,train,2011Q1,baseline,U,0,0,,0,0,0.5481383363495822
US,train,2011Q1,redesigned,P,199,199,0.507537688442211,12,11,0.5481383363495822
US,train,2011Q1,redesigned,F,128,128,0.484375,21,13,0.5481383363495822
US,train,2011Q1,redesigned,U,0,0,,0,0,0.5481383363495822
US,train,2011Q2,baseline,P,201,201,0.4925373134328358,11,11,0.5958814012695691
US,train,2011Q2,baseline,F,127,127,0.5118110236220472,22,11,0.5958814012695691
US,train,2011Q2,baseline,U,0,0,,0,0,0.5958814012695691
US,train,2011Q2,redesigned,P,201,201,0.4925373134328358,11,11,0.5958814012695691
US,train,2011Q2,redesigned,F,127,127,0.5118110236220472,22,11,0.5958814012695691
US,train,2011Q2,redesigned,U,0,0,,0,0,0.5958814012695691
US,train,2011Q3,baseline,P,202,202,0.4405940594059406,10,4,0.9683943820589449
US,train,2011Q3,baseline,F,126,126,0.5952380952380952,23,2,0.9683943820589449
US,train,2011Q3,baseline,U,0,0,,0,0,0.9683943820589449
US,train,2011Q3,redesigned,P,202,202,0.4405940594059406,10,4,0.9683943820589449
US,train,2011Q3,redesigned,F,126,126,0.5952380952380952,23,2,0.9683943820589449
US,train,2011Q3,redesigned,U,0,0,,0,0,0.9683943820589449
US,train,2011Q4,baseline,P,204,204,0.47058823529411764,9,5,0.7981365320087948
US,train,2011Q4,baseline,F,125,125,0.544,24,4,0.7981365320087948
US,train,2011Q4,baseline,U,0,0,,0,0,0.7981365320087948
US,train,2011Q4,redesigned,P,204,204,0.47058823529411764,9,5,0.7981365320087948
US,train,2011Q4,redesigned,F,125,125,0.544,24,4,0.7981365320087948
US,train,2011Q4,redesigned,U,0,0,,0,0,0.7981365320087948
US,train,2012Q1,baseline,P,209,209,0.49760765550239233,9,11,0.6515235921518674
US,train,2012Q1,baseline,F,124,124,0.5,25,8,0.6515235921518674
US,train,2012Q1,baseline,U,0,0,,0,0,0.6515235921518674
US,train,2012Q1,redesigned,P,209,209,0.49760765550239233,9,11,0.6515235921518674
US,train,2012Q1,redesigned,F,124,124,0.5,25,8,0.6515235921518674
US,train,2012Q1,redesigned,U,0,0,,0,0,0.6515235921518674
US,train,2012Q2,baseline,P,210,210,0.4380952380952381,9,6,0.6726851845478329
US,train,2012Q2,baseline,F,124,124,0.6048387096774194,25,4,0.6726851845478329
US,train,2012Q2,baseline,U,0,0,,0,0,0.6726851845478329
US,train,2012Q2,redesigned,P,210,210,0.4380952380952381,9,6,0.6726851845478329
US,train,2012Q2,redesigned,F,124,124,0.6048387096774194,25,4,0.6726851845478329
US,train,2012Q2,redesigned,U,0,0,,0,0,0.6726851845478329
US,train,2012Q3,baseline,P,214,214,0.4766355140186916,12,19,0.5438016468186309
US,train,2012Q3,baseline,F,120,120,0.5416666666666666,22,11,0.5438016468186309
US,train,2012Q3,baseline,U,0,0,,0,0,0.5438016468186309
US,train,2012Q3,redesigned,P,214,214,0.4766355140186916,12,19,0.5438016468186309
US,train,2012Q3,redesigned,F,120,120,0.5416666666666666,22,11,0.5438016468186309
US,train,2012Q3,redesigned,U,0,0,,0,0,0.5438016468186309
US,train,2012Q4,baseline,P,213,213,0.4694835680751174,14,19,0.572418221669077
US,train,2012Q4,baseline,F,122,122,0.5491803278688525,20,15,0.572418221669077
US,train,2012Q4,baseline,U,0,0,,0,0,0.572418221669077
US,train,2012Q4,redesigned,P,213,213,0.4694835680751174,14,19,0.572418221669077
US,train,2012Q4,redesigned,F,122,122,0.5491803278688525,20,15,0.572418221669077
US,train,2012Q4,redesigned,U,0,0,,0,0,0.572418221669077
US,later,2016Q1,baseline,P,230,230,0.4956521739130435,20,21,0.4902334087905219
US,later,2016Q1,baseline,F,122,122,0.5081967213114754,16,12,0.4902334087905219
US,later,2016Q1,baseline,U,0,0,,0,0,0.4902334087905219
US,later,2016Q1,redesigned,P,230,230,0.4956521739130435,20,21,0.4902334087905219
US,later,2016Q1,redesigned,F,122,122,0.5081967213114754,16,12,0.4902334087905219
US,later,2016Q1,redesigned,U,0,0,,0,0,0.4902334087905219
US,later,2016Q2,baseline,P,229,229,0.4978165938864629,15,22,0.5429304386612976
US,later,2016Q2,baseline,F,123,123,0.5040650406504065,21,10,0.5429304386612976
US,later,2016Q2,baseline,U,0,0,,0,0,0.5429304386612976
US,later,2016Q2,redesigned,P,229,229,0.4978165938864629,15,22,0.5429304386612976
US,later,2016Q2,redesigned,F,123,123,0.5040650406504065,21,10,0.5429304386612976
US,later,2016Q2,redesigned,U,0,0,,0,0,0.5429304386612976
US,later,2016Q3,baseline,P,230,230,0.48695652173913045,17,22,0.5606599064722038
US,later,2016Q3,baseline,F,123,123,0.5203252032520326,19,20,0.5606599064722038
US,later,2016Q3,baseline,U,0,0,,0,0,0.5606599064722038
US,later,2016Q3,redesigned,P,230,230,0.48695652173913045,17,22,0.5606599064722038
US,later,2016Q3,redesigned,F,123,123,0.5203252032520326,19,20,0.5606599064722038
US,later,2016Q3,redesigned,U,0,0,,0,0,0.5606599064722038
US,later,2016Q4,baseline,P,229,229,0.4847161572052402,14,21,0.5963640574797051
US,later,2016Q4,baseline,F,127,127,0.5275590551181102,22,18,0.5963640574797051
US,later,2016Q4,baseline,U,0,0,,0,0,0.5963640574797051
US,later,2016Q4,redesigned,P,229,229,0.4847161572052402,14,21,0.5963640574797051
US,later,2016Q4,redesigned,F,127,127,0.5275590551181102,22,18,0.5963640574797051
US,later,2016Q4,redesigned,U,0,0,,0,0,0.5963640574797051
US,later,2017Q1,baseline,P,231,231,0.48917748917748916,19,79,0.17437900027925157
US,later,2017Q1,baseline,F,130,130,0.5153846153846153,18,48,0.17437900027925157
US,later,2017Q1,baseline,U,0,0,,0,0,0.17437900027925157
US,later,2017Q1,redesigned,P,231,231,0.48917748917748916,19,79,0.17437900027925157
US,later,2017Q1,redesigned,F,130,130,0.5153846153846153,18,48,0.17437900027925157
US,later,2017Q1,redesigned,U,0,0,,0,0,0.17437900027925157
US,later,2017Q2,baseline,P,240,240,0.5,16,67,0.28000772773455074
US,later,2017Q2,baseline,F,131,131,0.4961832061068702,22,43,0.28000772773455074
US,later,2017Q2,baseline,U,0,0,,0,0,0.28000772773455074
US,later,2017Q2,redesigned,P,240,240,0.5,16,67,0.28000772773455074
US,later,2017Q2,redesigned,F,131,131,0.4961832061068702,22,43,0.28000772773455074
US,later,2017Q2,redesigned,U,0,0,,0,0,0.28000772773455074
US,later,2017Q3,baseline,P,242,242,0.5247933884297521,21,64,0.335555762676666
US,later,2017Q3,baseline,F,130,130,0.45384615384615384,17,40,0.335555762676666
US,later,2017Q3,baseline,U,0,0,,0,0,0.335555762676666
US,later,2017Q3,redesigned,P,242,242,0.5247933884297521,21,64,0.335555762676666
US,later,2017Q3,redesigned,F,130,130,0.45384615384615384,17,40,0.335555762676666
US,later,2017Q3,redesigned,U,0,0,,0,0,0.335555762676666
US,later,2017Q4,baseline,P,241,241,0.5020746887966805,19,40,0.40163598853833216
US,later,2017Q4,baseline,F,133,133,0.49624060150375937,19,32,0.40163598853833216
US,later,2017Q4,baseline,U,0,0,,0,0,0.40163598853833216
US,later,2017Q4,redesigned,P,241,241,0.5020746887966805,19,40,0.40163598853833216
US,later,2017Q4,redesigned,F,133,133,0.49624060150375937,19,32,0.40163598853833216
US,later,2017Q4,redesigned,U,0,0,,0,0,0.40163598853833216
US,later,2018Q1,baseline,P,239,239,0.502092050209205,18,21,0.5975054935041116
US,later,2018Q1,baseline,F,138,138,0.4927536231884058,20,17,0.5975054935041116
US,later,2018Q1,baseline,U,1,1,1.0,0,0,0.5975054935041116
US,later,2018Q1,redesigned,P,240,240,0.5,18,21,0.5975054935041116
US,later,2018Q1,redesigned,F,137,137,0.49635036496350365,20,17,0.5975054935041116
US,later,2018Q1,redesigned,U,1,1,1.0,0,0,0.5975054935041116
US,later,2018Q2,baseline,P,247,247,0.47368421052631576,20,15,0.5832198613619637
US,later,2018Q2,baseline,F,145,145,0.5379310344827586,20,18,0.5832198613619637
US,later,2018Q2,baseline,U,1,1,1.0,0,0,0.5832198613619637
US,later,2018Q2,redesigned,P,248,248,0.4717741935483871,20,15,0.5832198613619637
US,later,2018Q2,redesigned,F,144,144,0.5416666666666666,20,18,0.5832198613619637
US,later,2018Q2,redesigned,U,1,1,1.0,0,0,0.5832198613619637
US,later,2018Q3,baseline,P,251,251,0.4820717131474104,19,20,0.48540383251828445
US,later,2018Q3,baseline,F,144,144,0.5277777777777778,21,26,0.48540383251828445
US,later,2018Q3,baseline,U,1,1,1.0,0,0,0.48540383251828445
US,later,2018Q3,redesigned,P,252,252,0.4801587301587302,19,20,0.48540383251828445
US,later,2018Q3,redesigned,F,143,143,0.5314685314685315,21,26,0.48540383251828445
US,later,2018Q3,redesigned,U,1,1,1.0,0,0,0.48540383251828445
US,later,2018Q4,baseline,P,250,250,0.488,16,5,0.875571821227267
US,later,2018Q4,baseline,F,146,146,0.5136986301369864,24,10,0.875571821227267
US,later,2018Q4,baseline,U,1,1,1.0,0,0,0.875571821227267
US,later,2018Q4,redesigned,P,250,250,0.488,16,5,0.875571821227267
US,later,2018Q4,redesigned,F,146,146,0.5136986301369864,24,10,0.875571821227267
US,later,2018Q4,redesigned,U,1,1,1.0,0,0,0.875571821227267
US,later,2019Q1,baseline,P,252,252,0.5079365079365079,16,18,0.5601900711774637
US,later,2019Q1,baseline,F,152,152,0.4868421052631579,25,13,0.5601900711774637
US,later,2019Q1,baseline,U,0,0,,0,0,0.5601900711774637
US,later,2019Q1,redesigned,P,252,252,0.5079365079365079,16,18,0.5601900711774637
US,later,2019Q1,redesigned,F,152,152,0.4868421052631579,25,13,0.5601900711774637
US,later,2019Q1,redesigned,U,0,0,,0,0,0.5601900711774637
US,later,2019Q2,baseline,P,257,257,0.49416342412451364,22,43,0.2892007557590226
US,later,2019Q2,baseline,F,149,149,0.5100671140939598,19,27,0.2892007557590226
US,later,2019Q2,baseline,U,0,0,,0,0,0.2892007557590226
US,later,2019Q2,redesigned,P,257,257,0.49416342412451364,22,43,0.2892007557590226
US,later,2019Q2,redesigned,F,149,149,0.5100671140939598,19,27,0.2892007557590226
US,later,2019Q2,redesigned,U,0,0,,0,0,0.2892007557590226
US,later,2019Q3,baseline,P,272,272,0.46691176470588236,19,65,0.2371150830093156
US,later,2019Q3,baseline,F,134,134,0.5671641791044776,22,34,0.2371150830093156
US,later,2019Q3,baseline,U,0,0,,0,0,0.2371150830093156
US,later,2019Q3,redesigned,P,272,272,0.46691176470588236,19,65,0.2371150830093156
US,later,2019Q3,redesigned,F,134,134,0.5671641791044776,22,34,0.2371150830093156
US,later,2019Q3,redesigned,U,0,0,,0,0,0.2371150830093156
US,later,2019Q4,baseline,P,274,274,0.4781021897810219,20,53,0.3023912131798361
US,later,2019Q4,baseline,F,131,131,0.5419847328244275,21,34,0.3023912131798361
US,later,2019Q4,baseline,U,0,0,,0,0,0.3023912131798361
US,later,2019Q4,redesigned,P,274,274,0.4781021897810219,20,53,0.3023912131798361
US,later,2019Q4,redesigned,F,131,131,0.5419847328244275,21,34,0.3023912131798361
US,later,2019Q4,redesigned,U,0,0,,0,0,0.3023912131798361
US,later,2020Q1,baseline,P,283,283,0.4664310954063604,14,18,0.8241565862499727
US,later,2020Q1,baseline,F,129,129,0.5736434108527132,28,7,0.8241565862499727
US,later,2020Q1,baseline,U,0,0,,0,0,0.8241565862499727
US,later,2020Q1,redesigned,P,283,283,0.4664310954063604,14,18,0.8241565862499727
US,later,2020Q1,redesigned,F,129,129,0.5736434108527132,28,7,0.8241565862499727
US,later,2020Q1,redesigned,U,0,0,,0,0,0.8241565862499727
US,later,2020Q2,baseline,P,284,284,0.46830985915492956,13,30,0.5264873592931408
US,later,2020Q2,baseline,F,128,128,0.5703125,29,11,0.5264873592931408
US,later,2020Q2,baseline,U,0,0,,0,0,0.5264873592931408
US,later,2020Q2,redesigned,P,284,284,0.46830985915492956,13,30,0.5264873592931408
US,later,2020Q2,redesigned,F,128,128,0.5703125,29,11,0.5264873592931408
US,later,2020Q2,redesigned,U,0,0,,0,0,0.5264873592931408
US,later,2020Q3,baseline,P,279,279,0.46953405017921146,14,57,0.3450461318343834
US,later,2020Q3,baseline,F,133,133,0.5639097744360902,28,24,0.3450461318343834
US,later,2020Q3,baseline,U,0,0,,0,0,0.3450461318343834
US,later,2020Q3,redesigned,P,279,279,0.46953405017921146,14,57,0.3450461318343834
US,later,2020Q3,redesigned,F,133,133,0.5639097744360902,28,24,0.3450461318343834
US,later,2020Q3,redesigned,U,0,0,,0,0,0.3450461318343834
US,later,2020Q4,baseline,P,273,273,0.46886446886446886,16,47,0.3448529337475743
US,later,2020Q4,baseline,F,140,140,0.5571428571428572,26,27,0.3448529337475743
US,later,2020Q4,baseline,U,0,0,,0,0,0.3448529337475743
US,later,2020Q4,redesigned,P,273,273,0.46886446886446886,16,47,0.3448529337475743
US,later,2020Q4,redesigned,F,140,140,0.5571428571428572,26,27,0.3448529337475743
US,later,2020Q4,redesigned,U,0,0,,0,0,0.3448529337475743
US,later,2021Q1,baseline,P,273,273,0.4652014652014652,19,64,0.2984720583047267
US,later,2021Q1,baseline,F,148,148,0.5608108108108109,24,32,0.2984720583047267
US,later,2021Q1,baseline,U,0,0,,0,0,0.2984720583047267
US,later,2021Q1,redesigned,P,273,273,0.4652014652014652,19,64,0.2984720583047267
US,later,2021Q1,redesigned,F,148,148,0.5608108108108109,24,32,0.2984720583047267
US,later,2021Q1,redesigned,U,0,0,,0,0,0.2984720583047267
US,later,2021Q2,baseline,P,272,272,0.45955882352941174,22,88,0.1856027925098258
US,later,2021Q2,baseline,F,152,152,0.5723684210526315,21,37,0.1856027925098258
US,later,2021Q2,baseline,U,0,0,,0,0,0.1856027925098258
US,later,2021Q2,redesigned,P,272,272,0.45955882352941174,22,88,0.1856027925098258
US,later,2021Q2,redesigned,F,152,152,0.5723684210526315,21,37,0.1856027925098258
US,later,2021Q2,redesigned,U,0,0,,0,0,0.1856027925098258
US,later,2021Q3,baseline,P,278,278,0.4676258992805755,25,61,0.31555581880323236
US,later,2021Q3,baseline,F,147,147,0.5578231292517006,18,30,0.31555581880323236
US,later,2021Q3,baseline,U,0,0,,0,0,0.31555581880323236
US,later,2021Q3,redesigned,P,278,278,0.4676258992805755,25,61,0.31555581880323236
US,later,2021Q3,redesigned,F,147,147,0.5578231292517006,18,30,0.31555581880323236
US,later,2021Q3,redesigned,U,0,0,,0,0,0.31555581880323236
US,later,2021Q4,baseline,P,281,281,0.47686832740213525,21,95,0.1619377791177834
US,later,2021Q4,baseline,F,145,145,0.5448275862068965,22,45,0.1619377791177834
US,later,2021Q4,baseline,U,0,0,,0,0,0.1619377791177834
US,later,2021Q4,redesigned,P,281,281,0.47686832740213525,21,95,0.1619377791177834
US,later,2021Q4,redesigned,F,145,145,0.5448275862068965,22,45,0.1619377791177834
US,later,2021Q4,redesigned,U,0,0,,0,0,0.1619377791177834
US,later,2022Q1,baseline,P,286,286,0.493006993006993,21,90,0.20603748571792846
US,later,2022Q1,baseline,F,144,144,0.5138888888888888,22,49,0.20603748571792846
US,later,2022Q1,baseline,U,0,0,,0,0,0.20603748571792846
US,later,2022Q1,redesigned,P,286,286,0.493006993006993,21,90,0.20603748571792846
US,later,2022Q1,redesigned,F,144,144,0.5138888888888888,22,49,0.20603748571792846
US,later,2022Q1,redesigned,U,0,0,,0,0,0.20603748571792846
US,later,2022Q2,baseline,P,288,288,0.46875,22,63,0.4407060036772409
US,later,2022Q2,baseline,F,144,144,0.5625,22,22,0.4407060036772409
US,later,2022Q2,baseline,U,0,0,,0,0,0.4407060036772409
US,later,2022Q2,redesigned,P,288,288,0.46875,22,63,0.4407060036772409
US,later,2022Q2,redesigned,F,144,144,0.5625,22,22,0.4407060036772409
US,later,2022Q2,redesigned,U,0,0,,0,0,0.4407060036772409
US,later,2022Q3,baseline,P,293,293,0.45733788395904434,22,52,0.5585908990108647
US,later,2022Q3,baseline,F,139,139,0.5899280575539568,22,20,0.5585908990108647
US,later,2022Q3,baseline,U,0,0,,0,0,0.5585908990108647
US,later,2022Q3,redesigned,P,293,293,0.45733788395904434,22,52,0.5585908990108647
US,later,2022Q3,redesigned,F,139,139,0.5899280575539568,22,20,0.5585908990108647
US,later,2022Q3,redesigned,U,0,0,,0,0,0.5585908990108647
US,later,2022Q4,baseline,P,293,293,0.4641638225255973,20,54,0.43168369223937675
US,later,2022Q4,baseline,F,139,139,0.5755395683453237,24,27,0.43168369223937675
US,later,2022Q4,baseline,U,0,0,,0,0,0.43168369223937675
US,later,2022Q4,redesigned,P,293,293,0.4641638225255973,20,54,0.43168369223937675
US,later,2022Q4,redesigned,F,139,139,0.5755395683453237,24,27,0.43168369223937675
US,later,2022Q4,redesigned,U,0,0,,0,0,0.43168369223937675
US,later,2023Q1,baseline,P,290,290,0.4896551724137931,20,71,0.4180770271942301
US,later,2023Q1,baseline,F,146,146,0.5205479452054794,24,30,0.4180770271942301
US,later,2023Q1,baseline,U,0,0,,0,0,0.4180770271942301
US,later,2023Q1,redesigned,P,290,290,0.4896551724137931,20,71,0.4180770271942301
US,later,2023Q1,redesigned,F,146,146,0.5205479452054794,24,30,0.4180770271942301
US,later,2023Q1,redesigned,U,0,0,,0,0,0.4180770271942301
US,later,2023Q2,baseline,P,292,292,0.4691780821917808,23,73,0.4170766686573998
US,later,2023Q2,baseline,F,144,144,0.5625,21,31,0.4170766686573998
US,later,2023Q2,baseline,U,0,0,,0,0,0.4170766686573998
US,later,2023Q2,redesigned,P,292,292,0.4691780821917808,23,73,0.4170766686573998
US,later,2023Q2,redesigned,F,144,144,0.5625,21,31,0.4170766686573998
US,later,2023Q2,redesigned,U,0,0,,0,0,0.4170766686573998
US,later,2023Q3,baseline,P,295,295,0.48135593220338985,15,65,0.4638678883367937
US,later,2023Q3,baseline,F,143,143,0.5384615384615384,29,26,0.4638678883367937
US,later,2023Q3,baseline,U,0,0,,0,0,0.4638678883367937
US,later,2023Q3,redesigned,P,295,295,0.48135593220338985,15,65,0.4638678883367937
US,later,2023Q3,redesigned,F,143,143,0.5384615384615384,29,26,0.4638678883367937
US,later,2023Q3,redesigned,U,0,0,,0,0,0.4638678883367937
Western_nonUS,train,2005Q3,baseline,P,0,0,,0,0,-0.28304921283390505
Western_nonUS,train,2005Q3,baseline,F,1,1,0.0,1,1,-0.28304921283390505
Western_nonUS,train,2005Q3,baseline,U,0,0,,0,0,-0.28304921283390505
Western_nonUS,train,2005Q3,redesigned,P,0,0,,0,0,-0.28304921283390505
Western_nonUS,train,2005Q3,redesigned,F,1,1,0.0,1,1,-0.28304921283390505
Western_nonUS,train,2005Q3,redesigned,U,0,0,,0,0,-0.28304921283390505
Western_nonUS,train,2005Q4,baseline,P,12,12,0.5,2,8,-0.21416739015504727
Western_nonUS,train,2005Q4,baseline,F,3,3,0.3333333333333333,0,3,-0.21416739015504727
Western_nonUS,train,2005Q4,baseline,U,0,0,,0,0,-0.21416739015504727
Western_nonUS,train,2005Q4,redesigned,P,12,12,0.5,2,8,-0.21416739015504727
Western_nonUS,train,2005Q4,redesigned,F,3,3,0.3333333333333333,0,3,-0.21416739015504727
Western_nonUS,train,2005Q4,redesigned,U,0,0,,0,0,-0.21416739015504727
Western_nonUS,train,2006Q1,baseline,P,17,17,0.5294117647058824,2,13,-0.27642062409881457
Western_nonUS,train,2006Q1,baseline,F,5,5,0.4,1,4,-0.27642062409881457
Western_nonUS,train,2006Q1,baseline,U,0,0,,0,0,-0.27642062409881457
Western_nonUS,train,2006Q1,redesigned,P,17,17,0.5294117647058824,2,13,-0.27642062409881457
Western_nonUS,train,2006Q1,redesigned,F,5,5,0.4,1,4,-0.27642062409881457
Western_nonUS,train,2006Q1,redesigned,U,0,0,,0,0,-0.27642062409881457
Western_nonUS,train,2006Q2,baseline,P,78,78,0.5256410256410257,7,52,-0.17914348741091146
Western_nonUS,train,2006Q2,baseline,F,64,64,0.46875,8,48,-0.17914348741091146
Western_nonUS,train,2006Q2,baseline,U,0,0,,0,0,-0.17914348741091146
Western_nonUS,train,2006Q2,redesigned,P,78,78,0.5256410256410257,7,52,-0.17914348741091146
Western_nonUS,train,2006Q2,redesigned,F,64,64,0.46875,8,48,-0.17914348741091146
Western_nonUS,train,2006Q2,redesigned,U,0,0,,0,0,-0.17914348741091146
Western_nonUS,train,2006Q3,baseline,P,90,90,0.4444444444444444,4,56,-0.038520721677930414
Western_nonUS,train,2006Q3,baseline,F,99,99,0.5454545454545454,15,48,-0.038520721677930414
Western_nonUS,train,2006Q3,baseline,U,0,0,,0,0,-0.038520721677930414
Western_nonUS,train,2006Q3,redesigned,P,90,90,0.4444444444444444,4,56,-0.038520721677930414
Western_nonUS,train,2006Q3,redesigned,F,99,99,0.5454545454545454,15,48,-0.038520721677930414
Western_nonUS,train,2006Q3,redesigned,U,0,0,,0,0,-0.038520721677930414
Western_nonUS,train,2006Q4,baseline,P,90,90,0.4777777777777778,4,53,-0.05853241901135009
Western_nonUS,train,2006Q4,baseline,F,103,103,0.5145631067961165,16,53,-0.05853241901135009
Western_nonUS,train,2006Q4,baseline,U,0,0,,0,0,-0.05853241901135009
Western_nonUS,train,2006Q4,redesigned,P,90,90,0.4777777777777778,4,53,-0.05853241901135009
Western_nonUS,train,2006Q4,redesigned,F,103,103,0.5145631067961165,16,53,-0.05853241901135009
Western_nonUS,train,2006Q4,redesigned,U,0,0,,0,0,-0.05853241901135009
Western_nonUS,train,2007Q1,baseline,P,91,91,0.4835164835164835,7,53,-0.0894677650131237
Western_nonUS,train,2007Q1,baseline,F,103,103,0.5145631067961165,13,57,-0.0894677650131237
Western_nonUS,train,2007Q1,baseline,U,0,0,,0,0,-0.0894677650131237
Western_nonUS,train,2007Q1,redesigned,P,91,91,0.4835164835164835,7,53,-0.0894677650131237
Western_nonUS,train,2007Q1,redesigned,F,103,103,0.5145631067961165,13,57,-0.0894677650131237
Western_nonUS,train,2007Q1,redesigned,U,0,0,,0,0,-0.0894677650131237
Western_nonUS,train,2007Q2,baseline,P,96,96,0.5625,9,63,-0.171958271219601
Western_nonUS,train,2007Q2,baseline,F,116,116,0.4482758620689655,13,80,-0.171958271219601
Western_nonUS,train,2007Q2,baseline,U,0,0,,0,0,-0.171958271219601
Western_nonUS,train,2007Q2,redesigned,P,96,96,0.5625,9,63,-0.171958271219601
Western_nonUS,train,2007Q2,redesigned,F,116,116,0.4482758620689655,13,80,-0.171958271219601
Western_nonUS,train,2007Q2,redesigned,U,0,0,,0,0,-0.171958271219601
Western_nonUS,train,2007Q3,baseline,P,100,100,0.54,10,58,-0.06386551125111117
Western_nonUS,train,2007Q3,baseline,F,117,117,0.46153846153846156,12,76,-0.06386551125111117
Western_nonUS,train,2007Q3,baseline,U,0,0,,0,0,-0.06386551125111117
Western_nonUS,train,2007Q3,redesigned,P,100,100,0.54,10,58,-0.06386551125111117
Western_nonUS,train,2007Q3,redesigned,F,117,117,0.46153846153846156,12,76,-0.06386551125111117
Western_nonUS,train,2007Q3,redesigned,U,0,0,,0,0,-0.06386551125111117
Western_nonUS,train,2007Q4,baseline,P,100,100,0.48,8,51,0.003983332660834948
Western_nonUS,train,2007Q4,baseline,F,119,119,0.5126050420168067,14,58,0.003983332660834948
Western_nonUS,train,2007Q4,baseline,U,0,0,,0,0,0.003983332660834948
Western_nonUS,train,2007Q4,redesigned,P,100,100,0.48,8,51,0.003983332660834948
Western_nonUS,train,2007Q4,redesigned,F,119,119,0.5126050420168067,14,58,0.003983332660834948
Western_nonUS,train,2007Q4,redesigned,U,0,0,,0,0,0.003983332660834948
Western_nonUS,train,2008Q1,baseline,P,109,109,0.5045871559633027,8,43,0.10785619564438176
Western_nonUS,train,2008Q1,baseline,F,135,135,0.4962962962962963,17,51,0.10785619564438176
Western_nonUS,train,2008Q1,baseline,U,0,0,,0,0,0.10785619564438176
Western_nonUS,train,2008Q1,redesigned,P,109,109,0.5045871559633027,8,43,0.10785619564438176
Western_nonUS,train,2008Q1,redesigned,F,135,135,0.4962962962962963,17,51,0.10785619564438176
Western_nonUS,train,2008Q1,redesigned,U,0,0,,0,0,0.10785619564438176
Western_nonUS,train,2008Q2,baseline,P,111,111,0.5585585585585585,12,22,0.24003303637594597
Western_nonUS,train,2008Q2,baseline,F,137,137,0.45255474452554745,13,42,0.24003303637594597
Western_nonUS,train,2008Q2,baseline,U,0,0,,0,0,0.24003303637594597
Western_nonUS,train,2008Q2,redesigned,P,111,111,0.5585585585585585,12,22,0.24003303637594597
Western_nonUS,train,2008Q2,redesigned,F,137,137,0.45255474452554745,13,42,0.24003303637594597
Western_nonUS,train,2008Q2,redesigned,U,0,0,,0,0,0.24003303637594597
Western_nonUS,train,2008Q3,baseline,P,112,112,0.5267857142857143,10,30,0.13749716374494425
Western_nonUS,train,2008Q3,baseline,F,142,142,0.4788732394366197,16,58,0.13749716374494425
Western_nonUS,train,2008Q3,baseline,U,0,0,,0,0,0.13749716374494425
Western_nonUS,train,2008Q3,redesigned,P,112,112,0.5267857142857143,10,30,0.13749716374494425
Western_nonUS,train,2008Q3,redesigned,F,142,142,0.4788732394366197,16,58,0.13749716374494425
Western_nonUS,train,2008Q3,redesigned,U,0,0,,0,0,0.13749716374494425
Western_nonUS,train,2008Q4,baseline,P,112,112,0.5178571428571429,5,19,0.3360042039600992
Western_nonUS,train,2008Q4,baseline,F,145,145,0.4827586206896552,21,32,0.3360042039600992
Western_nonUS,train,2008Q4,baseline,U,0,0,,0,0,0.3360042039600992
Western_nonUS,train,2008Q4,redesigned,P,112,112,0.5178571428571429,5,19,0.3360042039600992
Western_nonUS,train,2008Q4,redesigned,F,145,145,0.4827586206896552,21,32,0.3360042039600992
Western_nonUS,train,2008Q4,redesigned,U,0,0,,0,0,0.3360042039600992
Western_nonUS,train,2009Q1,baseline,P,112,112,0.49107142857142855,6,10,0.6400673897571362
Western_nonUS,train,2009Q1,baseline,F,146,146,0.5068493150684932,20,21,0.6400673897571362
Western_nonUS,train,2009Q1,baseline,U,0,0,,0,0,0.6400673897571362
Western_nonUS,train,2009Q1,redesigned,P,112,112,0.49107142857142855,6,10,0.6400673897571362
Western_nonUS,train,2009Q1,redesigned,F,146,146,0.5068493150684932,20,21,0.6400673897571362
Western_nonUS,train,2009Q1,redesigned,U,0,0,,0,0,0.6400673897571362
Western_nonUS,train,2009Q2,baseline,P,114,114,0.5175438596491229,7,23,0.418866623988164
Western_nonUS,train,2009Q2,baseline,F,162,162,0.4876543209876543,21,45,0.418866623988164
Western_nonUS,train,2009Q2,baseline,U,0,0,,0,0,0.418866623988164
Western_nonUS,train,2009Q2,redesigned,P,114,114,0.5175438596491229,7,23,0.418866623988164
Western_nonUS,train,2009Q2,redesigned,F,162,162,0.4876543209876543,21,45,0.418866623988164
Western_nonUS,train,2009Q2,redesigned,U,0,0,,0,0,0.418866623988164
Western_nonUS,train,2009Q3,baseline,P,113,113,0.5398230088495575,9,25,0.27284368164067063
Western_nonUS,train,2009Q3,baseline,F,169,169,0.47337278106508873,20,52,0.27284368164067063
Western_nonUS,train,2009Q3,baseline,U,0,0,,0,0,0.27284368164067063
Western_nonUS,train,2009Q3,redesigned,P,113,113,0.5398230088495575,9,25,0.27284368164067063
Western_nonUS,train,2009Q3,redesigned,F,169,169,0.47337278106508873,20,52,0.27284368164067063
Western_nonUS,train,2009Q3,redesigned,U,0,0,,0,0,0.27284368164067063
Western_nonUS,train,2009Q4,baseline,P,110,110,0.5363636363636364,11,25,0.25356046417125067
Western_nonUS,train,2009Q4,baseline,F,174,174,0.47701149425287354,18,49,0.25356046417125067
Western_nonUS,train,2009Q4,baseline,U,0,0,,0,0,0.25356046417125067
Western_nonUS,train,2009Q4,redesigned,P,110,110,0.5363636363636364,11,25,0.25356046417125067
Western_nonUS,train,2009Q4,redesigned,F,174,174,0.47701149425287354,18,49,0.25356046417125067
Western_nonUS,train,2009Q4,redesigned,U,0,0,,0,0,0.25356046417125067
Western_nonUS,train,2010Q1,baseline,P,109,109,0.5321100917431193,9,19,0.31950930442525416
Western_nonUS,train,2010Q1,baseline,F,175,175,0.48,20,48,0.31950930442525416
Western_nonUS,train,2010Q1,baseline,U,0,0,,0,0,0.31950930442525416
Western_nonUS,train,2010Q1,redesigned,P,109,109,0.5321100917431193,9,19,0.31950930442525416
Western_nonUS,train,2010Q1,redesigned,F,175,175,0.48,20,48,0.31950930442525416
Western_nonUS,train,2010Q1,redesigned,U,0,0,,0,0,0.31950930442525416
Western_nonUS,train,2010Q2,baseline,P,127,127,0.5669291338582677,9,13,0.4588164526557936
Western_nonUS,train,2010Q2,baseline,F,207,207,0.45893719806763283,25,48,0.4588164526557936
Western_nonUS,train,2010Q2,baseline,U,0,0,,0,0,0.4588164526557936
Western_nonUS,train,2010Q2,redesigned,P,127,127,0.5669291338582677,9,13,0.4588164526557936
Western_nonUS,train,2010Q2,redesigned,F,207,207,0.45893719806763283,25,48,0.4588164526557936
Western_nonUS,train,2010Q2,redesigned,U,0,0,,0,0,0.4588164526557936
Western_nonUS,train,2010Q3,baseline,P,132,132,0.5151515151515151,13,17,0.4134303720107104
Western_nonUS,train,2010Q3,baseline,F,213,213,0.48826291079812206,22,49,0.4134303720107104
Western_nonUS,train,2010Q3,baseline,U,0,0,,0,0,0.4134303720107104
Western_nonUS,train,2010Q3,redesigned,P,132,132,0.5151515151515151,13,17,0.4134303720107104
Western_nonUS,train,2010Q3,redesigned,F,213,213,0.48826291079812206,22,49,0.4134303720107104
Western_nonUS,train,2010Q3,redesigned,U,0,0,,0,0,0.4134303720107104
Western_nonUS,train,2010Q4,baseline,P,133,133,0.5413533834586466,13,21,0.4141513415462408
Western_nonUS,train,2010Q4,baseline,F,213,213,0.47417840375586856,22,60,0.4141513415462408
Western_nonUS,train,2010Q4,baseline,U,0,0,,0,0,0.4141513415462408
Western_nonUS,train,2010Q4,redesigned,P,133,133,0.5413533834586466,13,21,0.4141513415462408
Western_nonUS,train,2010Q4,redesigned,F,213,213,0.47417840375586856,22,60,0.4141513415462408
Western_nonUS,train,2010Q4,redesigned,U,0,0,,0,0,0.4141513415462408
Western_nonUS,train,2011Q1,baseline,P,133,133,0.5263157894736842,11,16,0.39172446635487346
Western_nonUS,train,2011Q1,baseline,F,213,213,0.4835680751173709,24,67,0.39172446635487346
Western_nonUS,train,2011Q1,baseline,U,0,0,,0,0,0.39172446635487346
Western_nonUS,train,2011Q1,redesigned,P,133,133,0.5263157894736842,11,16,0.39172446635487346
Western_nonUS,train,2011Q1,redesigned,F,213,213,0.4835680751173709,24,67,0.39172446635487346
Western_nonUS,train,2011Q1,redesigned,U,0,0,,0,0,0.39172446635487346
Western_nonUS,train,2011Q2,baseline,P,158,158,0.5253164556962026,14,18,0.4253719729486358
Western_nonUS,train,2011Q2,baseline,F,228,228,0.4824561403508772,25,60,0.4253719729486358
Western_nonUS,train,2011Q2,baseline,U,0,0,,0,0,0.4253719729486358
Western_nonUS,train,2011Q2,redesigned,P,158,158,0.5253164556962026,14,18,0.4253719729486358
Western_nonUS,train,2011Q2,redesigned,F,228,228,0.4824561403508772,25,60,0.4253719729486358
Western_nonUS,train,2011Q2,redesigned,U,0,0,,0,0,0.4253719729486358
Western_nonUS,train,2011Q3,baseline,P,165,165,0.5333333333333333,10,10,0.7016755868716662
Western_nonUS,train,2011Q3,baseline,F,226,226,0.47345132743362833,30,35,0.7016755868716662
Western_nonUS,train,2011Q3,baseline,U,0,0,,0,0,0.7016755868716662
Western_nonUS,train,2011Q3,redesigned,P,165,165,0.5333333333333333,10,10,0.7016755868716662
Western_nonUS,train,2011Q3,redesigned,F,226,226,0.47345132743362833,30,35,0.7016755868716662
Western_nonUS,train,2011Q3,redesigned,U,0,0,,0,0,0.7016755868716662
Western_nonUS,train,2011Q4,baseline,P,168,168,0.5,12,19,0.6836018554339758
Western_nonUS,train,2011Q4,baseline,F,226,226,0.5,28,49,0.6836018554339758
Western_nonUS,train,2011Q4,baseline,U,0,0,,0,0,0.6836018554339758
Western_nonUS,train,2011Q4,redesigned,P,168,168,0.5,12,19,0.6836018554339758
Western_nonUS,train,2011Q4,redesigned,F,226,226,0.5,28,49,0.6836018554339758
Western_nonUS,train,2011Q4,redesigned,U,0,0,,0,0,0.6836018554339758
Western_nonUS,train,2012Q1,baseline,P,223,223,0.4798206278026906,17,19,0.7380476931770092
Western_nonUS,train,2012Q1,baseline,F,267,267,0.5168539325842697,32,53,0.7380476931770092
Western_nonUS,train,2012Q1,baseline,U,0,0,,0,0,0.7380476931770092
Western_nonUS,train,2012Q1,redesigned,P,223,223,0.4798206278026906,17,19,0.7380476931770092
Western_nonUS,train,2012Q1,redesigned,F,267,267,0.5168539325842697,32,53,0.7380476931770092
Western_nonUS,train,2012Q1,redesigned,U,0,0,,0,0,0.7380476931770092
Western_nonUS,train,2012Q2,baseline,P,224,224,0.5,14,16,0.7178546372972394
Western_nonUS,train,2012Q2,baseline,F,269,269,0.49814126394052044,36,42,0.7178546372972394
Western_nonUS,train,2012Q2,baseline,U,0,0,,0,0,0.7178546372972394
Western_nonUS,train,2012Q2,redesigned,P,224,224,0.5,14,16,0.7178546372972394
Western_nonUS,train,2012Q2,redesigned,F,269,269,0.49814126394052044,36,42,0.7178546372972394
Western_nonUS,train,2012Q2,redesigned,U,0,0,,0,0,0.7178546372972394
Western_nonUS,train,2012Q3,baseline,P,232,232,0.5,13,31,0.5009472084107297
Western_nonUS,train,2012Q3,baseline,F,266,266,0.5,37,66,0.5009472084107297
Western_nonUS,train,2012Q3,baseline,U,0,0,,0,0,0.5009472084107297
Western_nonUS,train,2012Q3,redesigned,P,232,232,0.5,13,31,0.5009472084107297
Western_nonUS,train,2012Q3,redesigned,F,266,266,0.5,37,66,0.5009472084107297
Western_nonUS,train,2012Q3,redesigned,U,0,0,,0,0,0.5009472084107297
Western_nonUS,train,2012Q4,baseline,P,232,232,0.5086206896551724,17,29,0.48517442395910904
Western_nonUS,train,2012Q4,baseline,F,270,270,0.4925925925925926,34,69,0.48517442395910904
Western_nonUS,train,2012Q4,baseline,U,0,0,,0,0,0.48517442395910904
Western_nonUS,train,2012Q4,redesigned,P,232,232,0.5086206896551724,17,29,0.48517442395910904
Western_nonUS,train,2012Q4,redesigned,F,270,270,0.4925925925925926,34,69,0.48517442395910904
Western_nonUS,train,2012Q4,redesigned,U,0,0,,0,0,0.48517442395910904
Western_nonUS,later,2016Q1,baseline,P,345,345,0.46956521739130436,18,71,0.31854521776886624
Western_nonUS,later,2016Q1,baseline,F,305,305,0.5344262295081967,47,55,0.31854521776886624
Western_nonUS,later,2016Q1,baseline,U,0,0,,0,0,0.31854521776886624
Western_nonUS,later,2016Q1,redesigned,P,346,346,0.4682080924855491,18,71,0.31854521776886624
Western_nonUS,later,2016Q1,redesigned,F,304,304,0.5361842105263158,47,55,0.31854521776886624
Western_nonUS,later,2016Q1,redesigned,U,0,0,,0,0,0.31854521776886624
Western_nonUS,later,2016Q2,baseline,P,346,346,0.4797687861271676,22,64,0.3543305580469722
Western_nonUS,later,2016Q2,baseline,F,304,304,0.5230263157894737,43,59,0.3543305580469722
Western_nonUS,later,2016Q2,baseline,U,0,0,,0,0,0.3543305580469722
Western_nonUS,later,2016Q2,redesigned,P,347,347,0.4783861671469741,22,64,0.3543305580469722
Western_nonUS,later,2016Q2,redesigned,F,303,303,0.5247524752475248,43,59,0.3543305580469722
Western_nonUS,later,2016Q2,redesigned,U,0,0,,0,0,0.3543305580469722
Western_nonUS,later,2016Q3,baseline,P,350,350,0.4857142857142857,19,81,0.3013699056989141
Western_nonUS,later,2016Q3,baseline,F,302,302,0.5165562913907285,47,71,0.3013699056989141
Western_nonUS,later,2016Q3,baseline,U,0,0,,0,0,0.3013699056989141
Western_nonUS,later,2016Q3,redesigned,P,351,351,0.4843304843304843,19,81,0.3013699056989141
Western_nonUS,later,2016Q3,redesigned,F,301,301,0.5182724252491694,47,71,0.3013699056989141
Western_nonUS,later,2016Q3,redesigned,U,0,0,,0,0,0.3013699056989141
Western_nonUS,later,2016Q4,baseline,P,350,350,0.4828571428571429,23,74,0.34179630877442246
Western_nonUS,later,2016Q4,baseline,F,307,307,0.5179153094462541,43,76,0.34179630877442246
Western_nonUS,later,2016Q4,baseline,U,0,0,,0,0,0.34179630877442246
Western_nonUS,later,2016Q4,redesigned,P,351,351,0.48148148148148145,23,74,0.34179630877442246
Western_nonUS,later,2016Q4,redesigned,F,306,306,0.5196078431372549,43,76,0.34179630877442246
Western_nonUS,later,2016Q4,redesigned,U,0,0,,0,0,0.34179630877442246
Western_nonUS,later,2017Q1,baseline,P,351,351,0.5327635327635327,28,175,-0.05931165424393914
Western_nonUS,later,2017Q1,baseline,F,308,308,0.461038961038961,38,173,-0.05931165424393914
Western_nonUS,later,2017Q1,baseline,U,0,0,,0,0,-0.05931165424393914
Western_nonUS,later,2017Q1,redesigned,P,352,352,0.53125,28,176,-0.05931165424393914
Western_nonUS,later,2017Q1,redesigned,F,307,307,0.46254071661237783,38,172,-0.05931165424393914
Western_nonUS,later,2017Q1,redesigned,U,0,0,,0,0,-0.05931165424393914
Western_nonUS,later,2017Q2,baseline,P,351,351,0.5156695156695157,27,154,0.05156751696637962
Western_nonUS,later,2017Q2,baseline,F,319,319,0.4827586206896552,40,158,0.05156751696637962
Western_nonUS,later,2017Q2,baseline,U,0,0,,0,0,0.05156751696637962
Western_nonUS,later,2017Q2,redesigned,P,351,351,0.5156695156695157,27,154,0.05156751696637962
Western_nonUS,later,2017Q2,redesigned,F,319,319,0.4827586206896552,40,158,0.05156751696637962
Western_nonUS,later,2017Q2,redesigned,U,0,0,,0,0,0.05156751696637962
Western_nonUS,later,2017Q3,baseline,P,352,352,0.5397727272727273,30,154,0.058546723710351856
Western_nonUS,later,2017Q3,baseline,F,322,322,0.45652173913043476,38,163,0.058546723710351856
Western_nonUS,later,2017Q3,baseline,U,0,0,,0,0,0.058546723710351856
Western_nonUS,later,2017Q3,redesigned,P,352,352,0.5397727272727273,30,154,0.058546723710351856
Western_nonUS,later,2017Q3,redesigned,F,322,322,0.45652173913043476,38,163,0.058546723710351856
Western_nonUS,later,2017Q3,redesigned,U,0,0,,0,0,0.058546723710351856
Western_nonUS,later,2017Q4,baseline,P,349,349,0.5186246418338109,32,125,0.12473582932142002
Western_nonUS,later,2017Q4,baseline,F,324,324,0.4783950617283951,36,144,0.12473582932142002
Western_nonUS,later,2017Q4,baseline,U,0,0,,0,0,0.12473582932142002
Western_nonUS,later,2017Q4,redesigned,P,349,349,0.5186246418338109,32,125,0.12473582932142002
Western_nonUS,later,2017Q4,redesigned,F,324,324,0.4783950617283951,36,144,0.12473582932142002
Western_nonUS,later,2017Q4,redesigned,U,0,0,,0,0,0.12473582932142002
Western_nonUS,later,2018Q1,baseline,P,349,349,0.5243553008595988,30,85,0.2697617799913826
Western_nonUS,later,2018Q1,baseline,F,327,327,0.4740061162079511,38,114,0.2697617799913826
Western_nonUS,later,2018Q1,baseline,U,0,0,,0,0,0.2697617799913826
Western_nonUS,later,2018Q1,redesigned,P,349,349,0.5243553008595988,30,85,0.2697617799913826
Western_nonUS,later,2018Q1,redesigned,F,327,327,0.4740061162079511,38,114,0.2697617799913826
Western_nonUS,later,2018Q1,redesigned,U,0,0,,0,0,0.2697617799913826
Western_nonUS,later,2018Q2,baseline,P,362,362,0.5331491712707183,31,85,0.28571423906175797
Western_nonUS,later,2018Q2,baseline,F,325,325,0.46153846153846156,38,106,0.28571423906175797
Western_nonUS,later,2018Q2,baseline,U,0,0,,0,0,0.28571423906175797
Western_nonUS,later,2018Q2,redesigned,P,362,362,0.5331491712707183,31,85,0.28571423906175797
Western_nonUS,later,2018Q2,redesigned,F,325,325,0.46153846153846156,38,106,0.28571423906175797
Western_nonUS,later,2018Q2,redesigned,U,0,0,,0,0,0.28571423906175797
Western_nonUS,later,2018Q3,baseline,P,374,374,0.5374331550802139,26,91,0.2833680007642192
Western_nonUS,later,2018Q3,baseline,F,314,314,0.4554140127388535,43,100,0.2833680007642192
Western_nonUS,later,2018Q3,baseline,U,0,0,,0,0,0.2833680007642192
Western_nonUS,later,2018Q3,redesigned,P,374,374,0.5374331550802139,26,91,0.2833680007642192
Western_nonUS,later,2018Q3,redesigned,F,314,314,0.4554140127388535,43,100,0.2833680007642192
Western_nonUS,later,2018Q3,redesigned,U,0,0,,0,0,0.2833680007642192
Western_nonUS,later,2018Q4,baseline,P,376,376,0.5,30,61,0.49278034332807064
Western_nonUS,later,2018Q4,baseline,F,314,314,0.5,39,58,0.49278034332807064
Western_nonUS,later,2018Q4,baseline,U,0,0,,0,0,0.49278034332807064
Western_nonUS,later,2018Q4,redesigned,P,376,376,0.5,30,61,0.49278034332807064
Western_nonUS,later,2018Q4,redesigned,F,314,314,0.5,39,58,0.49278034332807064
Western_nonUS,later,2018Q4,redesigned,U,0,0,,0,0,0.49278034332807064
Western_nonUS,later,2019Q1,baseline,P,378,378,0.5052910052910053,24,99,0.303165845478643
Western_nonUS,later,2019Q1,baseline,F,314,314,0.49363057324840764,46,99,0.303165845478643
Western_nonUS,later,2019Q1,baseline,U,0,0,,0,0,0.303165845478643
Western_nonUS,later,2019Q1,redesigned,P,378,378,0.5052910052910053,24,99,0.303165845478643
Western_nonUS,later,2019Q1,redesigned,F,314,314,0.49363057324840764,46,99,0.303165845478643
Western_nonUS,later,2019Q1,redesigned,U,0,0,,0,0,0.303165845478643
Western_nonUS,later,2019Q2,baseline,P,383,383,0.4751958224543081,24,145,0.12592623649682055
Western_nonUS,later,2019Q2,baseline,F,317,317,0.5299684542586751,46,120,0.12592623649682055
Western_nonUS,later,2019Q2,baseline,U,0,0,,0,0,0.12592623649682055
Western_nonUS,later,2019Q2,redesigned,P,384,384,0.4739583333333333,24,146,0.12592623649682055
Western_nonUS,later,2019Q2,redesigned,F,316,316,0.5316455696202531,46,119,0.12592623649682055
Western_nonUS,later,2019Q2,redesigned,U,0,0,,0,0,0.12592623649682055
Western_nonUS,later,2019Q3,baseline,P,399,399,0.47368421052631576,20,181,0.057205817927693636
Western_nonUS,later,2019Q3,baseline,F,309,309,0.5339805825242718,51,131,0.057205817927693636
Western_nonUS,later,2019Q3,baseline,U,0,0,,0,0,0.057205817927693636
Western_nonUS,later,2019Q3,redesigned,P,400,400,0.4725,20,182,0.057205817927693636
Western_nonUS,later,2019Q3,redesigned,F,308,308,0.5357142857142857,51,130,0.057205817927693636
Western_nonUS,later,2019Q3,redesigned,U,0,0,,0,0,0.057205817927693636
Western_nonUS,later,2019Q4,baseline,P,402,402,0.48507462686567165,19,165,0.07894808875838799
Western_nonUS,later,2019Q4,baseline,F,307,307,0.5179153094462541,52,127,0.07894808875838799
Western_nonUS,later,2019Q4,baseline,U,0,0,,0,0,0.07894808875838799
Western_nonUS,later,2019Q4,redesigned,P,403,403,0.4838709677419355,19,166,0.07894808875838799
Western_nonUS,later,2019Q4,redesigned,F,306,306,0.5196078431372549,52,126,0.07894808875838799
Western_nonUS,later,2019Q4,redesigned,U,0,0,,0,0,0.07894808875838799
Western_nonUS,later,2020Q1,baseline,P,423,423,0.4846335697399527,26,46,0.6039414664925772
Western_nonUS,later,2020Q1,baseline,F,301,301,0.521594684385382,47,50,0.6039414664925772
Western_nonUS,later,2020Q1,baseline,U,0,0,,0,0,0.6039414664925772
Western_nonUS,later,2020Q1,redesigned,P,423,423,0.4846335697399527,26,46,0.6039414664925772
Western_nonUS,later,2020Q1,redesigned,F,301,301,0.521594684385382,47,50,0.6039414664925772
Western_nonUS,later,2020Q1,redesigned,U,0,0,,0,0,0.6039414664925772
Western_nonUS,later,2020Q2,baseline,P,423,423,0.508274231678487,26,86,0.37423595491519324
Western_nonUS,later,2020Q2,baseline,F,302,302,0.4867549668874172,47,84,0.37423595491519324
Western_nonUS,later,2020Q2,baseline,U,0,0,,0,0,0.37423595491519324
Western_nonUS,later,2020Q2,redesigned,P,423,423,0.508274231678487,26,86,0.37423595491519324
Western_nonUS,later,2020Q2,redesigned,F,302,302,0.4867549668874172,47,84,0.37423595491519324
Western_nonUS,later,2020Q2,redesigned,U,0,0,,0,0,0.37423595491519324
Western_nonUS,later,2020Q3,baseline,P,419,419,0.4916467780429594,25,117,0.28014033106742
Western_nonUS,later,2020Q3,baseline,F,307,307,0.511400651465798,48,93,0.28014033106742
Western_nonUS,later,2020Q3,baseline,U,0,0,,0,0,0.28014033106742
Western_nonUS,later,2020Q3,redesigned,P,419,419,0.4916467780429594,25,117,0.28014033106742
Western_nonUS,later,2020Q3,redesigned,F,307,307,0.511400651465798,48,93,0.28014033106742
Western_nonUS,later,2020Q3,redesigned,U,0,0,,0,0,0.28014033106742
Western_nonUS,later,2020Q4,baseline,P,418,418,0.5143540669856459,29,112,0.20202062613929028
Western_nonUS,later,2020Q4,baseline,F,310,310,0.4806451612903226,44,114,0.20202062613929028
Western_nonUS,later,2020Q4,baseline,U,0,0,,0,0,0.20202062613929028
Western_nonUS,later,2020Q4,redesigned,P,418,418,0.5143540669856459,29,112,0.20202062613929028
Western_nonUS,later,2020Q4,redesigned,F,310,310,0.4806451612903226,44,114,0.20202062613929028
Western_nonUS,later,2020Q4,redesigned,U,0,0,,0,0,0.20202062613929028
Western_nonUS,later,2021Q1,baseline,P,418,418,0.5215311004784688,36,128,0.18604521072345714
Western_nonUS,later,2021Q1,baseline,F,310,310,0.47096774193548385,37,118,0.18604521072345714
Western_nonUS,later,2021Q1,baseline,U,0,0,,0,0,0.18604521072345714
Western_nonUS,later,2021Q1,redesigned,P,418,418,0.5215311004784688,36,128,0.18604521072345714
Western_nonUS,later,2021Q1,redesigned,F,310,310,0.47096774193548385,37,118,0.18604521072345714
Western_nonUS,later,2021Q1,redesigned,U,0,0,,0,0,0.18604521072345714
Western_nonUS,later,2021Q2,baseline,P,410,410,0.4975609756097561,29,156,0.09879394830516919
Western_nonUS,later,2021Q2,baseline,F,341,341,0.501466275659824,47,137,0.09879394830516919
Western_nonUS,later,2021Q2,baseline,U,0,0,,0,0,0.09879394830516919
Western_nonUS,later,2021Q2,redesigned,P,410,410,0.4975609756097561,29,156,0.09879394830516919
Western_nonUS,later,2021Q2,redesigned,F,341,341,0.501466275659824,47,137,0.09879394830516919
Western_nonUS,later,2021Q2,redesigned,U,0,0,,0,0,0.09879394830516919
Western_nonUS,later,2021Q3,baseline,P,408,408,0.5,34,137,0.17946500762755813
Western_nonUS,later,2021Q3,baseline,F,347,347,0.49855907780979825,42,122,0.17946500762755813
Western_nonUS,later,2021Q3,baseline,U,0,0,,0,0,0.17946500762755813
Western_nonUS,later,2021Q3,redesigned,P,408,408,0.5,34,137,0.17946500762755813
Western_nonUS,later,2021Q3,redesigned,F,347,347,0.49855907780979825,42,122,0.17946500762755813
Western_nonUS,later,2021Q3,redesigned,U,0,0,,0,0,0.17946500762755813
Western_nonUS,later,2021Q4,baseline,P,406,406,0.5049261083743842,30,179,0.06195222563033198
Western_nonUS,later,2021Q4,baseline,F,349,349,0.49283667621776506,46,160,0.06195222563033198
Western_nonUS,later,2021Q4,baseline,U,0,0,,0,0,0.06195222563033198
Western_nonUS,later,2021Q4,redesigned,P,407,407,0.5036855036855037,30,180,0.06195222563033198
Western_nonUS,later,2021Q4,redesigned,F,348,348,0.4942528735632184,46,159,0.06195222563033198
Western_nonUS,later,2021Q4,redesigned,U,0,0,,0,0,0.06195222563033198
Western_nonUS,later,2022Q1,baseline,P,406,406,0.5172413793103449,36,153,0.15822872811768862
Western_nonUS,later,2022Q1,baseline,F,350,350,0.48,40,148,0.15822872811768862
Western_nonUS,later,2022Q1,baseline,U,0,0,,0,0,0.15822872811768862
Western_nonUS,later,2022Q1,redesigned,P,407,407,0.515970515970516,36,154,0.15822872811768862
Western_nonUS,later,2022Q1,redesigned,F,349,349,0.4813753581661891,40,147,0.15822872811768862
Western_nonUS,later,2022Q1,redesigned,U,0,0,,0,0,0.15822872811768862
Western_nonUS,later,2022Q2,baseline,P,421,421,0.49643705463182897,30,102,0.3968775338795034
Western_nonUS,later,2022Q2,baseline,F,345,345,0.5043478260869565,47,89,0.3968775338795034
Western_nonUS,later,2022Q2,baseline,U,0,0,,0,0,0.3968775338795034
Western_nonUS,later,2022Q2,redesigned,P,423,423,0.49645390070921985,30,102,0.3968775338795034
Western_nonUS,later,2022Q2,redesigned,F,343,343,0.5043731778425656,47,89,0.3968775338795034
Western_nonUS,later,2022Q2,redesigned,U,0,0,,0,0,0.3968775338795034
Western_nonUS,later,2022Q3,baseline,P,423,423,0.4728132387706856,26,85,0.510462969234953
Western_nonUS,later,2022Q3,baseline,F,351,351,0.5327635327635327,52,72,0.510462969234953
Western_nonUS,later,2022Q3,baseline,U,0,0,,0,0,0.510462969234953
Western_nonUS,later,2022Q3,redesigned,P,424,424,0.4740566037735849,26,85,0.510462969234953
Western_nonUS,later,2022Q3,redesigned,F,350,350,0.5314285714285715,52,72,0.510462969234953
Western_nonUS,later,2022Q3,redesigned,U,0,0,,0,0,0.510462969234953
Western_nonUS,later,2022Q4,baseline,P,421,421,0.47030878859857483,23,104,0.4125753932925762
Western_nonUS,later,2022Q4,baseline,F,356,356,0.5337078651685393,55,76,0.4125753932925762
Western_nonUS,later,2022Q4,baseline,U,0,0,,0,0,0.4125753932925762
Western_nonUS,later,2022Q4,redesigned,P,421,421,0.47030878859857483,23,104,0.4125753932925762
Western_nonUS,later,2022Q4,redesigned,F,356,356,0.5337078651685393,55,76,0.4125753932925762
Western_nonUS,later,2022Q4,redesigned,U,0,0,,0,0,0.4125753932925762
Western_nonUS,later,2023Q1,baseline,P,422,422,0.45023696682464454,25,147,0.30839779277626855
Western_nonUS,later,2023Q1,baseline,F,356,356,0.5589887640449438,53,91,0.30839779277626855
Western_nonUS,later,2023Q1,baseline,U,0,0,,0,0,0.30839779277626855
Western_nonUS,later,2023Q1,redesigned,P,422,422,0.45023696682464454,25,147,0.30839779277626855
Western_nonUS,later,2023Q1,redesigned,F,356,356,0.5589887640449438,53,91,0.30839779277626855
Western_nonUS,later,2023Q1,redesigned,U,0,0,,0,0,0.30839779277626855
Western_nonUS,later,2023Q2,baseline,P,436,436,0.463302752293578,26,136,0.37041050330220715
Western_nonUS,later,2023Q2,baseline,F,365,365,0.5424657534246575,55,83,0.37041050330220715
Western_nonUS,later,2023Q2,baseline,U,0,0,,0,0,0.37041050330220715
Western_nonUS,later,2023Q2,redesigned,P,436,436,0.463302752293578,26,136,0.37041050330220715
Western_nonUS,later,2023Q2,redesigned,F,365,365,0.5424657534246575,55,83,0.37041050330220715
Western_nonUS,later,2023Q2,redesigned,U,0,0,,0,0,0.37041050330220715
Western_nonUS,later,2023Q3,baseline,P,439,439,0.4760820045558087,30,108,0.4139783737126126
Western_nonUS,later,2023Q3,baseline,F,364,364,0.5274725274725275,51,79,0.4139783737126126
Western_nonUS,later,2023Q3,baseline,U,0,0,,0,0,0.4139783737126126
Western_nonUS,later,2023Q3,redesigned,P,440,440,0.4772727272727273,30,108,0.4139783737126126
Western_nonUS,later,2023Q3,redesigned,F,363,363,0.5261707988980716,51,79,0.4139783737126126
Western_nonUS,later,2023Q3,redesigned,U,0,0,,0,0,0.4139783737126126
all_markets,train,2005Q3,baseline,P,0,0,,0,0,-0.28304921283390505
all_markets,train,2005Q3,baseline,F,1,1,0.0,1,1,-0.28304921283390505
all_markets,train,2005Q3,baseline,U,0,0,,0,0,-0.28304921283390505
all_markets,train,2005Q3,redesigned,P,0,0,,0,0,-0.28304921283390505
all_markets,train,2005Q3,redesigned,F,1,1,0.0,1,1,-0.28304921283390505
all_markets,train,2005Q3,redesigned,U,0,0,,0,0,-0.28304921283390505
all_markets,train,2005Q4,baseline,P,23,23,0.5652173913043478,3,15,-0.19152868427913983
all_markets,train,2005Q4,baseline,F,12,12,0.3333333333333333,1,9,-0.19152868427913983
all_markets,train,2005Q4,baseline,U,0,0,,0,0,-0.19152868427913983
all_markets,train,2005Q4,redesigned,P,23,23,0.5652173913043478,3,15,-0.19152868427913983
all_markets,train,2005Q4,redesigned,F,12,12,0.3333333333333333,1,9,-0.19152868427913983
all_markets,train,2005Q4,redesigned,U,0,0,,0,0,-0.19152868427913983
all_markets,train,2006Q1,baseline,P,135,135,0.4888888888888889,12,101,-0.24324720568413827
all_markets,train,2006Q1,baseline,F,78,78,0.5128205128205128,10,64,-0.24324720568413827
all_markets,train,2006Q1,baseline,U,0,0,,0,0,-0.24324720568413827
all_markets,train,2006Q1,redesigned,P,135,135,0.4888888888888889,12,101,-0.24324720568413827
all_markets,train,2006Q1,redesigned,F,78,78,0.5128205128205128,10,64,-0.24324720568413827
all_markets,train,2006Q1,redesigned,U,0,0,,0,0,-0.24324720568413827
all_markets,train,2006Q2,baseline,P,230,230,0.4782608695652174,11,146,-0.07637076368149165
all_markets,train,2006Q2,baseline,F,189,189,0.5238095238095238,31,109,-0.07637076368149165
all_markets,train,2006Q2,baseline,U,0,0,,0,0,-0.07637076368149165
all_markets,train,2006Q2,redesigned,P,230,230,0.4782608695652174,11,146,-0.07637076368149165
all_markets,train,2006Q2,redesigned,F,189,189,0.5238095238095238,31,109,-0.07637076368149165
all_markets,train,2006Q2,redesigned,U,0,0,,0,0,-0.07637076368149165
all_markets,train,2006Q3,baseline,P,258,245,0.5020408163265306,15,129,-0.016870261967873
all_markets,train,2006Q3,baseline,F,233,194,0.4948453608247423,29,101,-0.016870261967873
all_markets,train,2006Q3,baseline,U,0,0,,0,0,-0.016870261967873
all_markets,train,2006Q3,redesigned,P,258,245,0.5020408163265306,15,129,-0.016870261967873
all_markets,train,2006Q3,redesigned,F,233,194,0.4948453608247423,29,101,-0.016870261967873
all_markets,train,2006Q3,redesigned,U,0,0,,0,0,-0.016870261967873
all_markets,train,2006Q4,baseline,P,263,263,0.4714828897338403,7,130,0.03840909036838891
all_markets,train,2006Q4,baseline,F,236,236,0.5296610169491526,43,101,0.03840909036838891
all_markets,train,2006Q4,baseline,U,0,0,,0,0,0.03840909036838891
all_markets,train,2006Q4,redesigned,P,263,263,0.4714828897338403,7,130,0.03840909036838891
all_markets,train,2006Q4,redesigned,F,236,236,0.5296610169491526,43,101,0.03840909036838891
all_markets,train,2006Q4,redesigned,U,0,0,,0,0,0.03840909036838891
all_markets,train,2007Q1,baseline,P,273,273,0.4835164835164835,11,138,0.0026757165688712226
all_markets,train,2007Q1,baseline,F,241,241,0.5186721991701245,41,115,0.0026757165688712226
all_markets,train,2007Q1,baseline,U,0,0,,0,0,0.0026757165688712226
all_markets,train,2007Q1,redesigned,P,273,273,0.4835164835164835,11,138,0.0026757165688712226
all_markets,train,2007Q1,redesigned,F,241,241,0.5186721991701245,41,115,0.0026757165688712226
all_markets,train,2007Q1,redesigned,U,0,0,,0,0,0.0026757165688712226
all_markets,train,2007Q2,baseline,P,293,293,0.5017064846416383,17,195,-0.13809565913634203
all_markets,train,2007Q2,baseline,F,257,257,0.4980544747081712,38,158,-0.13809565913634203
all_markets,train,2007Q2,baseline,U,0,0,,0,0,-0.13809565913634203
all_markets,train,2007Q2,redesigned,P,293,293,0.5017064846416383,17,195,-0.13809565913634203
all_markets,train,2007Q2,redesigned,F,257,257,0.4980544747081712,38,158,-0.13809565913634203
all_markets,train,2007Q2,redesigned,U,0,0,,0,0,-0.13809565913634203
all_markets,train,2007Q3,baseline,P,296,274,0.5255474452554745,23,162,-0.06702711453845722
all_markets,train,2007Q3,baseline,F,259,218,0.46788990825688076,27,134,-0.06702711453845722
all_markets,train,2007Q3,baseline,U,0,0,,0,0,-0.06702711453845722
all_markets,train,2007Q3,redesigned,P,296,274,0.5255474452554745,23,162,-0.06702711453845722
all_markets,train,2007Q3,redesigned,F,259,218,0.46788990825688076,27,134,-0.06702711453845722
all_markets,train,2007Q3,redesigned,U,0,0,,0,0,-0.06702711453845722
all_markets,train,2007Q4,baseline,P,296,296,0.4864864864864865,23,128,0.06785710447229332
all_markets,train,2007Q4,baseline,F,263,263,0.5133079847908745,33,113,0.06785710447229332
all_markets,train,2007Q4,baseline,U,0,0,,0,0,0.06785710447229332
all_markets,train,2007Q4,redesigned,P,296,296,0.4864864864864865,23,128,0.06785710447229332
all_markets,train,2007Q4,redesigned,F,263,263,0.5133079847908745,33,113,0.06785710447229332
all_markets,train,2007Q4,redesigned,U,0,0,,0,0,0.06785710447229332
all_markets,train,2008Q1,baseline,P,325,325,0.4584615384615385,20,114,0.19691764983709126
all_markets,train,2008Q1,baseline,F,290,290,0.5448275862068965,42,87,0.19691764983709126
all_markets,train,2008Q1,baseline,U,0,0,,0,0,0.19691764983709126
all_markets,train,2008Q1,redesigned,P,326,326,0.4601226993865031,21,114,0.19691764983709126
all_markets,train,2008Q1,redesigned,F,289,289,0.5432525951557093,41,87,0.19691764983709126
all_markets,train,2008Q1,redesigned,U,0,0,,0,0,0.19691764983709126
all_markets,train,2008Q2,baseline,P,328,328,0.49390243902439024,25,72,0.3024457639029179
all_markets,train,2008Q2,baseline,F,293,293,0.5051194539249146,38,76,0.3024457639029179
all_markets,train,2008Q2,baseline,U,0,0,,0,0,0.3024457639029179
all_markets,train,2008Q2,redesigned,P,329,329,0.49544072948328266,26,72,0.3024457639029179
all_markets,train,2008Q2,redesigned,F,292,292,0.5034246575342466,37,76,0.3024457639029179
all_markets,train,2008Q2,redesigned,U,0,0,,0,0,0.3024457639029179
all_markets,train,2008Q3,baseline,P,334,334,0.46706586826347307,23,101,0.2037397672056378
all_markets,train,2008Q3,baseline,F,293,293,0.5358361774744027,40,92,0.2037397672056378
all_markets,train,2008Q3,baseline,U,0,0,,0,0,0.2037397672056378
all_markets,train,2008Q3,redesigned,P,334,334,0.46706586826347307,23,101,0.2037397672056378
all_markets,train,2008Q3,redesigned,F,293,293,0.5358361774744027,40,92,0.2037397672056378
all_markets,train,2008Q3,redesigned,U,0,0,,0,0,0.2037397672056378
all_markets,train,2008Q4,baseline,P,336,336,0.4732142857142857,17,42,0.5324548516255325
all_markets,train,2008Q4,baseline,F,294,294,0.5306122448979592,46,48,0.5324548516255325
all_markets,train,2008Q4,baseline,U,0,0,,0,0,0.5324548516255325
all_markets,train,2008Q4,redesigned,P,336,336,0.4732142857142857,17,42,0.5324548516255325
all_markets,train,2008Q4,redesigned,F,294,294,0.5306122448979592,46,48,0.5324548516255325
all_markets,train,2008Q4,redesigned,U,0,0,,0,0,0.5324548516255325
all_markets,train,2009Q1,baseline,P,341,341,0.501466275659824,20,27,0.7962422827719385
all_markets,train,2009Q1,baseline,F,296,296,0.5,44,38,0.7962422827719385
all_markets,train,2009Q1,baseline,U,1,1,0.0,0,0,0.7962422827719385
all_markets,train,2009Q1,redesigned,P,342,342,0.5,20,27,0.7962422827719385
all_markets,train,2009Q1,redesigned,F,295,295,0.5016949152542373,44,38,0.7962422827719385
all_markets,train,2009Q1,redesigned,U,1,1,0.0,0,0,0.7962422827719385
all_markets,train,2009Q2,baseline,P,343,343,0.5481049562682215,21,52,0.5267568275104166
all_markets,train,2009Q2,baseline,F,324,324,0.4506172839506173,46,80,0.5267568275104166
all_markets,train,2009Q2,baseline,U,2,2,0.0,0,1,0.5267568275104166
all_markets,train,2009Q2,redesigned,P,344,344,0.5465116279069767,21,52,0.5267568275104166
all_markets,train,2009Q2,redesigned,F,323,323,0.4520123839009288,46,80,0.5267568275104166
all_markets,train,2009Q2,redesigned,U,2,2,0.0,0,1,0.5267568275104166
all_markets,train,2009Q3,baseline,P,343,313,0.5271565495207667,28,45,0.4339530203233116
all_markets,train,2009Q3,baseline,F,331,283,0.4734982332155477,32,73,0.4339530203233116
all_markets,train,2009Q3,baseline,U,2,2,0.0,0,1,0.4339530203233116
all_markets,train,2009Q3,redesigned,P,344,313,0.5271565495207667,28,45,0.4339530203233116
all_markets,train,2009Q3,redesigned,F,330,283,0.4734982332155477,32,73,0.4339530203233116
all_markets,train,2009Q3,redesigned,U,2,2,0.0,0,1,0.4339530203233116
all_markets,train,2009Q4,baseline,P,340,340,0.5558823529411765,32,69,0.32114604046059014
all_markets,train,2009Q4,baseline,F,339,339,0.44542772861356933,37,103,0.32114604046059014
all_markets,train,2009Q4,baseline,U,2,2,0.0,0,1,0.32114604046059014
all_markets,train,2009Q4,redesigned,P,341,341,0.5571847507331378,32,69,0.32114604046059014
all_markets,train,2009Q4,redesigned,F,338,338,0.4437869822485207,37,103,0.32114604046059014
all_markets,train,2009Q4,redesigned,U,2,2,0.0,0,1,0.32114604046059014
all_markets,train,2010Q1,baseline,P,334,334,0.5419161676646707,25,56,0.3706250584360049
all_markets,train,2010Q1,baseline,F,359,359,0.4596100278551532,45,96,0.3706250584360049
all_markets,train,2010Q1,baseline,U,1,1,1.0,0,0,0.3706250584360049
all_markets,train,2010Q1,redesigned,P,335,335,0.5432835820895522,25,56,0.3706250584360049
all_markets,train,2010Q1,redesigned,F,358,358,0.4581005586592179,45,96,0.3706250584360049
all_markets,train,2010Q1,redesigned,U,1,1,1.0,0,0,0.3706250584360049
all_markets,train,2010Q2,baseline,P,363,363,0.5537190082644629,26,40,0.5383669308860944
all_markets,train,2010Q2,baseline,F,403,403,0.45161290322580644,51,91,0.5383669308860944
all_markets,train,2010Q2,baseline,U,0,0,,0,0,0.5383669308860944
all_markets,train,2010Q2,redesigned,P,363,363,0.5537190082644629,26,40,0.5383669308860944
all_markets,train,2010Q2,redesigned,F,403,403,0.45161290322580644,51,91,0.5383669308860944
all_markets,train,2010Q2,redesigned,U,0,0,,0,0,0.5383669308860944
all_markets,train,2010Q3,baseline,P,369,334,0.5149700598802395,27,33,0.5092157999089313
all_markets,train,2010Q3,baseline,F,408,352,0.48579545454545453,42,59,0.5092157999089313
all_markets,train,2010Q3,baseline,U,0,0,,0,0,0.5092157999089313
all_markets,train,2010Q3,redesigned,P,369,334,0.5149700598802395,27,33,0.5092157999089313
all_markets,train,2010Q3,redesigned,F,408,352,0.48579545454545453,42,59,0.5092157999089313
all_markets,train,2010Q3,redesigned,U,0,0,,0,0,0.5092157999089313
all_markets,train,2010Q4,baseline,P,370,370,0.5621621621621622,29,57,0.441687350136889
all_markets,train,2010Q4,baseline,F,408,408,0.44362745098039214,49,112,0.441687350136889
all_markets,train,2010Q4,baseline,U,0,0,,0,0,0.441687350136889
all_markets,train,2010Q4,redesigned,P,370,370,0.5621621621621622,29,57,0.441687350136889
all_markets,train,2010Q4,redesigned,F,408,408,0.44362745098039214,49,112,0.441687350136889
all_markets,train,2010Q4,redesigned,U,0,0,,0,0,0.441687350136889
all_markets,train,2011Q1,baseline,P,378,378,0.5343915343915344,23,55,0.42180082934520546
all_markets,train,2011Q1,baseline,F,408,408,0.4681372549019608,56,122,0.42180082934520546
all_markets,train,2011Q1,baseline,U,0,0,,0,0,0.42180082934520546
all_markets,train,2011Q1,redesigned,P,378,378,0.5343915343915344,23,55,0.42180082934520546
all_markets,train,2011Q1,redesigned,F,408,408,0.4681372549019608,56,122,0.42180082934520546
all_markets,train,2011Q1,redesigned,U,0,0,,0,0,0.42180082934520546
all_markets,train,2011Q2,baseline,P,417,417,0.5227817745803357,28,58,0.45755423105440485
all_markets,train,2011Q2,baseline,F,427,427,0.477751756440281,57,108,0.45755423105440485
all_markets,train,2011Q2,baseline,U,0,0,,0,0,0.45755423105440485
all_markets,train,2011Q2,redesigned,P,417,417,0.5227817745803357,28,58,0.45755423105440485
all_markets,train,2011Q2,redesigned,F,427,427,0.477751756440281,57,108,0.45755423105440485
all_markets,train,2011Q2,redesigned,U,0,0,,0,0,0.45755423105440485
all_markets,train,2011Q3,baseline,P,428,387,0.49612403100775193,22,18,0.8156116769974409
all_markets,train,2011Q3,baseline,F,421,367,0.5040871934604905,54,38,0.8156116769974409
all_markets,train,2011Q3,baseline,U,0,0,,0,0,0.8156116769974409
all_markets,train,2011Q3,redesigned,P,428,387,0.49612403100775193,22,18,0.8156116769974409
all_markets,train,2011Q3,redesigned,F,421,367,0.5040871934604905,54,38,0.8156116769974409
all_markets,train,2011Q3,redesigned,U,0,0,,0,0,0.8156116769974409
all_markets,train,2011Q4,baseline,P,433,433,0.49653579676674364,25,38,0.7313490696515925
all_markets,train,2011Q4,baseline,F,420,420,0.5023809523809524,61,64,0.7313490696515925
all_markets,train,2011Q4,baseline,U,0,0,,0,0,0.7313490696515925
all_markets,train,2011Q4,redesigned,P,433,433,0.49653579676674364,25,38,0.7313490696515925
all_markets,train,2011Q4,redesigned,F,420,420,0.5023809523809524,61,64,0.7313490696515925
all_markets,train,2011Q4,redesigned,U,0,0,,0,0,0.7313490696515925
all_markets,train,2012Q1,baseline,P,499,499,0.4789579158316633,27,45,0.7020497016248659
all_markets,train,2012Q1,baseline,F,470,470,0.5212765957446809,70,73,0.7020497016248659
all_markets,train,2012Q1,baseline,U,0,0,,0,0,0.7020497016248659
all_markets,train,2012Q1,redesigned,P,499,499,0.4789579158316633,27,45,0.7020497016248659
all_markets,train,2012Q1,redesigned,F,470,470,0.5212765957446809,70,73,0.7020497016248659
all_markets,train,2012Q1,redesigned,U,0,0,,0,0,0.7020497016248659
all_markets,train,2012Q2,baseline,P,501,501,0.46706586826347307,25,35,0.7184320786136467
all_markets,train,2012Q2,baseline,F,472,472,0.5338983050847458,73,56,0.7184320786136467
all_markets,train,2012Q2,baseline,U,0,0,,0,0,0.7184320786136467
all_markets,train,2012Q2,redesigned,P,501,501,0.46706586826347307,25,35,0.7184320786136467
all_markets,train,2012Q2,redesigned,F,472,472,0.5338983050847458,73,56,0.7184320786136467
all_markets,train,2012Q2,redesigned,U,0,0,,0,0,0.7184320786136467
all_markets,train,2012Q3,baseline,P,513,465,0.4989247311827957,23,61,0.5092707366652118
all_markets,train,2012Q3,baseline,F,465,405,0.5012345679012346,64,86,0.5092707366652118
all_markets,train,2012Q3,baseline,U,0,0,,0,0,0.5092707366652118
all_markets,train,2012Q3,redesigned,P,513,465,0.4989247311827957,23,61,0.5092707366652118
all_markets,train,2012Q3,redesigned,F,465,405,0.5012345679012346,64,86,0.5092707366652118
all_markets,train,2012Q3,redesigned,U,0,0,,0,0,0.5092707366652118
all_markets,train,2012Q4,baseline,P,512,512,0.490234375,29,67,0.5170781560137665
all_markets,train,2012Q4,baseline,F,471,471,0.5095541401273885,70,100,0.5170781560137665
all_markets,train,2012Q4,baseline,U,0,0,,0,0,0.5170781560137665
all_markets,train,2012Q4,redesigned,P,512,512,0.490234375,29,67,0.5170781560137665
all_markets,train,2012Q4,redesigned,F,471,471,0.5095541401273885,70,100,0.5170781560137665
all_markets,train,2012Q4,redesigned,U,0,0,,0,0,0.5170781560137665
all_markets,later,2016Q1,baseline,P,717,717,0.4909344490934449,51,114,0.38471328203244126
all_markets,later,2016Q1,baseline,F,540,540,0.5111111111111111,75,96,0.38471328203244126
all_markets,later,2016Q1,baseline,U,0,0,,0,0,0.38471328203244126
all_markets,later,2016Q1,redesigned,P,718,718,0.49025069637883006,51,114,0.38471328203244126
all_markets,later,2016Q1,redesigned,F,539,539,0.5120593692022264,75,96,0.38471328203244126
all_markets,later,2016Q1,redesigned,U,0,0,,0,0,0.38471328203244126
all_markets,later,2016Q2,baseline,P,717,717,0.496513249651325,54,107,0.4241373995614135
all_markets,later,2016Q2,baseline,F,540,540,0.5037037037037037,72,100,0.4241373995614135
all_markets,later,2016Q2,baseline,U,0,0,,0,0,0.4241373995614135
all_markets,later,2016Q2,redesigned,P,718,718,0.4958217270194986,54,107,0.4241373995614135
all_markets,later,2016Q2,redesigned,F,539,539,0.5046382189239332,72,100,0.4241373995614135
all_markets,later,2016Q2,redesigned,U,0,0,,0,0,0.4241373995614135
all_markets,later,2016Q3,baseline,P,722,637,0.5117739403453689,46,108,0.40739144263389737
all_markets,later,2016Q3,baseline,F,539,464,0.4827586206896552,65,96,0.40739144263389737
all_markets,later,2016Q3,baseline,U,0,0,,0,0,0.40739144263389737
all_markets,later,2016Q3,redesigned,P,723,638,0.5109717868338558,46,108,0.40739144263389737
all_markets,later,2016Q3,redesigned,F,538,463,0.4838012958963283,65,96,0.40739144263389737
all_markets,later,2016Q3,redesigned,U,0,0,,0,0,0.40739144263389737
all_markets,later,2016Q4,baseline,P,725,724,0.5041436464088398,52,119,0.43389350821202466
all_markets,later,2016Q4,baseline,F,546,546,0.4945054945054945,75,126,0.43389350821202466
all_markets,later,2016Q4,baseline,U,0,0,,0,0,0.43389350821202466
all_markets,later,2016Q4,redesigned,P,726,725,0.503448275862069,52,119,0.43389350821202466
all_markets,later,2016Q4,redesigned,F,545,545,0.4954128440366973,75,126,0.43389350821202466
all_markets,later,2016Q4,redesigned,U,0,0,,0,0,0.43389350821202466
all_markets,later,2017Q1,baseline,P,729,728,0.5274725274725275,61,305,0.06141552327403499
all_markets,later,2017Q1,baseline,F,550,550,0.4636363636363636,67,277,0.06141552327403499
all_markets,later,2017Q1,baseline,U,0,0,,0,0,0.06141552327403499
all_markets,later,2017Q1,redesigned,P,730,729,0.5267489711934157,61,306,0.06141552327403499
all_markets,later,2017Q1,redesigned,F,549,549,0.4644808743169399,67,276,0.06141552327403499
all_markets,later,2017Q1,redesigned,U,0,0,,0,0,0.06141552327403499
all_markets,later,2017Q2,baseline,P,748,747,0.5167336010709505,58,273,0.1572306394118721
all_markets,later,2017Q2,baseline,F,573,573,0.4781849912739965,74,247,0.1572306394118721
all_markets,later,2017Q2,baseline,U,0,0,,0,0,0.1572306394118721
all_markets,later,2017Q2,redesigned,P,748,747,0.5167336010709505,58,273,0.1572306394118721
all_markets,later,2017Q2,redesigned,F,573,573,0.4781849912739965,74,247,0.1572306394118721
all_markets,later,2017Q2,redesigned,U,0,0,,0,0,0.1572306394118721
all_markets,later,2017Q3,baseline,P,748,645,0.5286821705426357,53,230,0.16873152785971812
all_markets,later,2017Q3,baseline,F,578,492,0.4613821138211382,61,210,0.16873152785971812
all_markets,later,2017Q3,baseline,U,0,0,,0,0,0.16873152785971812
all_markets,later,2017Q3,redesigned,P,748,645,0.5286821705426357,53,230,0.16873152785971812
all_markets,later,2017Q3,redesigned,F,578,492,0.4613821138211382,61,210,0.16873152785971812
all_markets,later,2017Q3,redesigned,U,0,0,,0,0,0.16873152785971812
all_markets,later,2017Q4,baseline,P,742,741,0.5168690958164642,63,208,0.2670940194555227
all_markets,later,2017Q4,baseline,F,586,586,0.4778156996587031,70,212,0.2670940194555227
all_markets,later,2017Q4,baseline,U,0,0,,0,0,0.2670940194555227
all_markets,later,2017Q4,redesigned,P,743,742,0.5161725067385444,63,209,0.2670940194555227
all_markets,later,2017Q4,redesigned,F,585,585,0.47863247863247865,70,211,0.2670940194555227
all_markets,later,2017Q4,redesigned,U,0,0,,0,0,0.2670940194555227
all_markets,later,2018Q1,baseline,P,741,740,0.5162162162162162,61,132,0.41020395879201255
all_markets,later,2018Q1,baseline,F,594,594,0.4781144781144781,73,162,0.41020395879201255
all_markets,later,2018Q1,baseline,U,1,1,1.0,0,0,0.41020395879201255
all_markets,later,2018Q1,redesigned,P,743,742,0.5148247978436657,61,133,0.41020395879201255
all_markets,later,2018Q1,redesigned,F,592,592,0.4797297297297297,73,161,0.41020395879201255
all_markets,later,2018Q1,redesigned,U,1,1,1.0,0,0,0.41020395879201255
all_markets,later,2018Q2,baseline,P,766,765,0.4993464052287582,54,121,0.4533604592259187
all_markets,later,2018Q2,baseline,F,616,616,0.5,85,141,0.4533604592259187
all_markets,later,2018Q2,baseline,U,1,1,1.0,0,0,0.4533604592259187
all_markets,later,2018Q2,redesigned,P,768,767,0.4980443285528031,54,122,0.4533604592259187
all_markets,later,2018Q2,redesigned,F,614,614,0.501628664495114,85,140,0.4533604592259187
all_markets,later,2018Q2,redesigned,U,1,1,1.0,0,0,0.4533604592259187
all_markets,later,2018Q3,baseline,P,788,681,0.5198237885462555,48,118,0.36801786244876267
all_markets,later,2018Q3,baseline,F,598,510,0.4725490196078431,72,130,0.36801786244876267
all_markets,later,2018Q3,baseline,U,1,1,1.0,0,0,0.36801786244876267
all_markets,later,2018Q3,redesigned,P,789,682,0.5190615835777126,48,118,0.36801786244876267
all_markets,later,2018Q3,redesigned,F,597,509,0.47347740667976423,72,130,0.36801786244876267
all_markets,later,2018Q3,redesigned,U,1,1,1.0,0,0,0.36801786244876267
all_markets,later,2018Q4,baseline,P,787,786,0.4872773536895674,56,89,0.6701401024551163
all_markets,later,2018Q4,baseline,F,602,602,0.5149501661129569,83,76,0.6701401024551163
all_markets,later,2018Q4,baseline,U,1,1,1.0,0,0,0.6701401024551163
all_markets,later,2018Q4,redesigned,P,787,786,0.4872773536895674,56,89,0.6701401024551163
all_markets,later,2018Q4,redesigned,F,602,602,0.5149501661129569,83,76,0.6701401024551163
all_markets,later,2018Q4,redesigned,U,1,1,1.0,0,0,0.6701401024551163
all_markets,later,2019Q1,baseline,P,791,790,0.5012658227848101,44,160,0.40268743316334743
all_markets,later,2019Q1,baseline,F,609,609,0.4975369458128079,96,137,0.40268743316334743
all_markets,later,2019Q1,baseline,U,0,0,,0,0,0.40268743316334743
all_markets,later,2019Q1,redesigned,P,791,790,0.5012658227848101,44,160,0.40268743316334743
all_markets,later,2019Q1,redesigned,F,609,609,0.4975369458128079,96,137,0.40268743316334743
all_markets,later,2019Q1,redesigned,U,0,0,,0,0,0.40268743316334743
all_markets,later,2019Q2,baseline,P,811,810,0.48271604938271606,51,235,0.22503059437674
all_markets,later,2019Q2,baseline,F,610,610,0.5229508196721312,91,175,0.22503059437674
all_markets,later,2019Q2,baseline,U,0,0,,0,0,0.22503059437674
all_markets,later,2019Q2,redesigned,P,812,811,0.48212083847102344,51,236,0.22503059437674
all_markets,later,2019Q2,redesigned,F,609,609,0.5238095238095238,91,174,0.22503059437674
all_markets,later,2019Q2,redesigned,U,0,0,,0,0,0.22503059437674
all_markets,later,2019Q3,baseline,P,846,732,0.47540983606557374,46,257,0.14106921057552435
all_markets,later,2019Q3,baseline,F,584,494,0.5364372469635628,77,177,0.14106921057552435
all_markets,later,2019Q3,baseline,U,0,0,,0,0,0.14106921057552435
all_markets,later,2019Q3,redesigned,P,847,733,0.4747612551159618,46,258,0.14106921057552435
all_markets,later,2019Q3,redesigned,F,583,493,0.537525354969574,77,176,0.14106921057552435
all_markets,later,2019Q3,redesigned,U,0,0,,0,0,0.14106921057552435
all_markets,later,2019Q4,baseline,P,851,850,0.4811764705882353,47,282,0.16511428488669688
all_markets,later,2019Q4,baseline,F,579,579,0.5267702936096719,96,201,0.16511428488669688
all_markets,later,2019Q4,baseline,U,0,0,,0,0,0.16511428488669688
all_markets,later,2019Q4,redesigned,P,852,851,0.4806110458284371,47,283,0.16511428488669688
all_markets,later,2019Q4,redesigned,F,578,578,0.527681660899654,96,200,0.16511428488669688
all_markets,later,2019Q4,redesigned,U,0,0,,0,0,0.16511428488669688
all_markets,later,2020Q1,baseline,P,878,878,0.46924829157175396,44,95,0.6495813578453575
all_markets,later,2020Q1,baseline,F,578,578,0.5467128027681661,102,73,0.6495813578453575
all_markets,later,2020Q1,baseline,U,0,0,,0,0,0.6495813578453575
all_markets,later,2020Q1,redesigned,P,878,878,0.46924829157175396,44,95,0.6495813578453575
all_markets,later,2020Q1,redesigned,F,578,578,0.5467128027681661,102,73,0.6495813578453575
all_markets,later,2020Q1,redesigned,U,0,0,,0,0,0.6495813578453575
all_markets,later,2020Q2,baseline,P,881,881,0.489216799091941,42,166,0.4062730826298375
all_markets,later,2020Q2,baseline,F,577,577,0.5164644714038128,104,127,0.4062730826298375
all_markets,later,2020Q2,baseline,U,0,0,,0,0,0.4062730826298375
all_markets,later,2020Q2,redesigned,P,881,881,0.489216799091941,42,166,0.4062730826298375
all_markets,later,2020Q2,redesigned,F,577,577,0.5164644714038128,104,127,0.4062730826298375
all_markets,later,2020Q2,redesigned,U,0,0,,0,0,0.4062730826298375
all_markets,later,2020Q3,baseline,P,877,762,0.484251968503937,40,183,0.31756649264978487
all_markets,later,2020Q3,baseline,F,582,492,0.524390243902439,86,127,0.31756649264978487
all_markets,later,2020Q3,baseline,U,0,0,,0,0,0.31756649264978487
all_markets,later,2020Q3,redesigned,P,877,762,0.484251968503937,40,183,0.31756649264978487
all_markets,later,2020Q3,redesigned,F,582,492,0.524390243902439,86,127,0.31756649264978487
all_markets,later,2020Q3,redesigned,U,0,0,,0,0,0.31756649264978487
all_markets,later,2020Q4,baseline,P,868,868,0.5011520737327189,60,244,0.21775566926828283
all_markets,later,2020Q4,baseline,F,594,594,0.4983164983164983,87,206,0.21775566926828283
all_markets,later,2020Q4,baseline,U,0,0,,0,0,0.21775566926828283
all_markets,later,2020Q4,redesigned,P,868,868,0.5011520737327189,60,244,0.21775566926828283
all_markets,later,2020Q4,redesigned,F,594,594,0.4983164983164983,87,206,0.21775566926828283
all_markets,later,2020Q4,redesigned,U,0,0,,0,0,0.21775566926828283
all_markets,later,2021Q1,baseline,P,868,868,0.5046082949308756,64,275,0.20046826864638856
all_markets,later,2021Q1,baseline,F,602,602,0.49335548172757476,83,214,0.20046826864638856
all_markets,later,2021Q1,baseline,U,0,0,,0,0,0.20046826864638856
all_markets,later,2021Q1,redesigned,P,868,868,0.5046082949308756,64,275,0.20046826864638856
all_markets,later,2021Q1,redesigned,F,602,602,0.49335548172757476,83,214,0.20046826864638856
all_markets,later,2021Q1,redesigned,U,0,0,,0,0,0.20046826864638856
all_markets,later,2021Q2,baseline,P,872,872,0.49655963302752293,64,343,0.09940095851922615
all_markets,later,2021Q2,baseline,F,639,639,0.5039123630672926,88,259,0.09940095851922615
all_markets,later,2021Q2,baseline,U,0,0,,0,0,0.09940095851922615
all_markets,later,2021Q2,redesigned,P,873,873,0.4959908361970218,64,344,0.09940095851922615
all_markets,later,2021Q2,redesigned,F,638,638,0.5047021943573667,88,258,0.09940095851922615
all_markets,later,2021Q2,redesigned,U,0,0,,0,0,0.09940095851922615
all_markets,later,2021Q3,baseline,P,880,753,0.50199203187251,62,214,0.2355800912483368
all_markets,later,2021Q3,baseline,F,637,542,0.496309963099631,68,168,0.2355800912483368
all_markets,later,2021Q3,baseline,U,0,0,,0,0,0.2355800912483368
all_markets,later,2021Q3,redesigned,P,881,753,0.50199203187251,62,214,0.2355800912483368
all_markets,later,2021Q3,redesigned,F,636,542,0.496309963099631,68,168,0.2355800912483368
all_markets,later,2021Q3,redesigned,U,0,0,,0,0,0.2355800912483368
all_markets,later,2021Q4,baseline,P,879,879,0.5017064846416383,70,359,0.08671724419957005
all_markets,later,2021Q4,baseline,F,640,640,0.496875,82,284,0.08671724419957005
all_markets,later,2021Q4,baseline,U,0,0,,0,0,0.08671724419957005
all_markets,later,2021Q4,redesigned,P,881,881,0.5005675368898979,70,361,0.08671724419957005
all_markets,later,2021Q4,redesigned,F,638,638,0.49843260188087773,82,282,0.08671724419957005
all_markets,later,2021Q4,redesigned,U,0,0,,0,0,0.08671724419957005
all_markets,later,2022Q1,baseline,P,888,888,0.5168918918918919,73,311,0.1585797323705731
all_markets,later,2022Q1,baseline,F,645,645,0.475968992248062,81,273,0.1585797323705731
all_markets,later,2022Q1,baseline,U,0,0,,0,0,0.1585797323705731
all_markets,later,2022Q1,redesigned,P,890,890,0.5157303370786517,73,313,0.1585797323705731
all_markets,later,2022Q1,redesigned,F,643,643,0.4774494556765163,81,271,0.1585797323705731
all_markets,later,2022Q1,redesigned,U,0,0,,0,0,0.1585797323705731
all_markets,later,2022Q2,baseline,P,991,991,0.49747729566094856,78,254,0.3486524896642904
all_markets,later,2022Q2,baseline,F,683,683,0.5021961932650073,90,189,0.3486524896642904
all_markets,later,2022Q2,baseline,U,1,1,1.0,0,0,0.3486524896642904
all_markets,later,2022Q2,redesigned,P,993,993,0.49748237663645517,78,254,0.3486524896642904
all_markets,later,2022Q2,redesigned,F,681,681,0.5022026431718062,90,189,0.3486524896642904
all_markets,later,2022Q2,redesigned,U,1,1,1.0,0,0,0.3486524896642904
all_markets,later,2022Q3,baseline,P,1004,868,0.478110599078341,56,163,0.5333239725174956
all_markets,later,2022Q3,baseline,F,685,588,0.5306122448979592,90,110,0.5333239725174956
all_markets,later,2022Q3,baseline,U,1,1,1.0,0,0,0.5333239725174956
all_markets,later,2022Q3,redesigned,P,1006,869,0.47871116225546606,56,163,0.5333239725174956
all_markets,later,2022Q3,redesigned,F,683,587,0.5298126064735945,90,110,0.5333239725174956
all_markets,later,2022Q3,redesigned,U,1,1,1.0,0,0,0.5333239725174956
all_markets,later,2022Q4,baseline,P,1003,1003,0.47756729810568294,64,223,0.41412345018607866
all_markets,later,2022Q4,baseline,F,690,690,0.5318840579710145,106,154,0.41412345018607866
all_markets,later,2022Q4,baseline,U,1,1,1.0,0,0,0.41412345018607866
all_markets,later,2022Q4,redesigned,P,1004,1004,0.4770916334661355,64,224,0.41412345018607866
all_markets,later,2022Q4,redesigned,F,689,689,0.532656023222061,106,153,0.41412345018607866
all_markets,later,2022Q4,redesigned,U,1,1,1.0,0,0,0.41412345018607866
all_markets,later,2023Q1,baseline,P,1005,1005,0.481592039800995,69,300,0.3293753952391647
all_markets,later,2023Q1,baseline,F,700,700,0.5271428571428571,102,186,0.3293753952391647
all_markets,later,2023Q1,baseline,U,8,8,0.375,1,2,0.3293753952391647
all_markets,later,2023Q1,redesigned,P,1006,1006,0.48111332007952284,69,301,0.3293753952391647
all_markets,later,2023Q1,redesigned,F,699,699,0.5278969957081545,102,185,0.3293753952391647
all_markets,later,2023Q1,redesigned,U,8,8,0.375,1,2,0.3293753952391647
all_markets,later,2023Q2,baseline,P,1069,1069,0.47988774555659497,73,307,0.3544144647094378
all_markets,later,2023Q2,baseline,F,787,787,0.5260482846251588,113,218,0.3544144647094378
all_markets,later,2023Q2,baseline,U,1,1,1.0,0,0,0.3544144647094378
all_markets,later,2023Q2,redesigned,P,1070,1070,0.4803738317757009,73,307,0.3544144647094378
all_markets,later,2023Q2,redesigned,F,786,786,0.5254452926208651,113,218,0.3544144647094378
all_markets,later,2023Q2,redesigned,U,1,1,1.0,0,0,0.3544144647094378
all_markets,later,2023Q3,baseline,P,1082,942,0.4830148619957537,62,202,0.47072889078550495
all_markets,later,2023Q3,baseline,F,778,677,0.5228951255539144,100,144,0.47072889078550495
all_markets,later,2023Q3,baseline,U,1,1,1.0,0,0,0.47072889078550495
all_markets,later,2023Q3,redesigned,P,1084,943,0.4835630965005302,62,202,0.47072889078550495
all_markets,later,2023Q3,redesigned,F,776,676,0.522189349112426,100,144,0.47072889078550495
all_markets,later,2023Q3,redesigned,U,1,1,1.0,0,0,0.47072889078550495
all_nonUS,train,2005Q3,baseline,P,0,0,,0,0,-0.28304921283390505
all_nonUS,train,2005Q3,baseline,F,1,1,0.0,1,1,-0.28304921283390505
all_nonUS,train,2005Q3,baseline,U,0,0,,0,0,-0.28304921283390505
all_nonUS,train,2005Q3,redesigned,P,0,0,,0,0,-0.28304921283390505
all_nonUS,train,2005Q3,redesigned,F,1,1,0.0,1,1,-0.28304921283390505
all_nonUS,train,2005Q3,redesigned,U,0,0,,0,0,-0.28304921283390505
all_nonUS,train,2005Q4,baseline,P,12,12,0.5,2,8,-0.21416739015504727
all_nonUS,train,2005Q4,baseline,F,3,3,0.3333333333333333,0,3,-0.21416739015504727
all_nonUS,train,2005Q4,baseline,U,0,0,,0,0,-0.21416739015504727
all_nonUS,train,2005Q4,redesigned,P,12,12,0.5,2,8,-0.21416739015504727
all_nonUS,train,2005Q4,redesigned,F,3,3,0.3333333333333333,0,3,-0.21416739015504727
all_nonUS,train,2005Q4,redesigned,U,0,0,,0,0,-0.21416739015504727
all_nonUS,train,2006Q1,baseline,P,17,17,0.5294117647058824,2,13,-0.27642062409881457
all_nonUS,train,2006Q1,baseline,F,5,5,0.4,1,4,-0.27642062409881457
all_nonUS,train,2006Q1,baseline,U,0,0,,0,0,-0.27642062409881457
all_nonUS,train,2006Q1,redesigned,P,17,17,0.5294117647058824,2,13,-0.27642062409881457
all_nonUS,train,2006Q1,redesigned,F,5,5,0.4,1,4,-0.27642062409881457
all_nonUS,train,2006Q1,redesigned,U,0,0,,0,0,-0.27642062409881457
all_nonUS,train,2006Q2,baseline,P,95,95,0.47368421052631576,5,54,-0.028233199036463152
all_nonUS,train,2006Q2,baseline,F,100,100,0.52,15,48,-0.028233199036463152
all_nonUS,train,2006Q2,baseline,U,0,0,,0,0,-0.028233199036463152
all_nonUS,train,2006Q2,redesigned,P,95,95,0.47368421052631576,5,54,-0.028233199036463152
all_nonUS,train,2006Q2,redesigned,F,100,100,0.52,15,48,-0.028233199036463152
all_nonUS,train,2006Q2,redesigned,U,0,0,,0,0,-0.028233199036463152
all_nonUS,train,2006Q3,baseline,P,104,91,0.45054945054945056,4,56,-0.03734709479170756
all_nonUS,train,2006Q3,baseline,F,138,99,0.5454545454545454,15,48,-0.03734709479170756
all_nonUS,train,2006Q3,baseline,U,0,0,,0,0,-0.03734709479170756
all_nonUS,train,2006Q3,redesigned,P,104,91,0.45054945054945056,4,56,-0.03734709479170756
all_nonUS,train,2006Q3,redesigned,F,138,99,0.5454545454545454,15,48,-0.03734709479170756
all_nonUS,train,2006Q3,redesigned,U,0,0,,0,0,-0.03734709479170756
all_nonUS,train,2006Q4,baseline,P,104,104,0.40384615384615385,4,54,0.053771057779000264
all_nonUS,train,2006Q4,baseline,F,142,142,0.5704225352112676,21,53,0.053771057779000264
all_nonUS,train,2006Q4,baseline,U,0,0,,0,0,0.053771057779000264
all_nonUS,train,2006Q4,redesigned,P,104,104,0.40384615384615385,4,54,0.053771057779000264
all_nonUS,train,2006Q4,redesigned,F,142,142,0.5704225352112676,21,53,0.053771057779000264
all_nonUS,train,2006Q4,redesigned,U,0,0,,0,0,0.053771057779000264
all_nonUS,train,2007Q1,baseline,P,105,105,0.4095238095238095,3,56,0.04290068787289525
all_nonUS,train,2007Q1,baseline,F,142,142,0.5633802816901409,22,60,0.04290068787289525
all_nonUS,train,2007Q1,baseline,U,0,0,,0,0,0.04290068787289525
all_nonUS,train,2007Q1,redesigned,P,105,105,0.4095238095238095,3,56,0.04290068787289525
all_nonUS,train,2007Q1,redesigned,F,142,142,0.5633802816901409,22,60,0.04290068787289525
all_nonUS,train,2007Q1,redesigned,U,0,0,,0,0,0.04290068787289525
all_nonUS,train,2007Q2,baseline,P,122,122,0.5,5,80,-0.11683819897171
all_nonUS,train,2007Q2,baseline,F,157,157,0.4968152866242038,23,90,-0.11683819897171
all_nonUS,train,2007Q2,baseline,U,0,0,,0,0,-0.11683819897171
all_nonUS,train,2007Q2,redesigned,P,122,122,0.5,5,80,-0.11683819897171
all_nonUS,train,2007Q2,redesigned,F,157,157,0.4968152866242038,23,90,-0.11683819897171
all_nonUS,train,2007Q2,redesigned,U,0,0,,0,0,-0.11683819897171
all_nonUS,train,2007Q3,baseline,P,126,104,0.5480769230769231,10,59,-0.05919869366409547
all_nonUS,train,2007Q3,baseline,F,158,117,0.452991452991453,13,76,-0.05919869366409547
all_nonUS,train,2007Q3,baseline,U,0,0,,0,0,-0.05919869366409547
all_nonUS,train,2007Q3,redesigned,P,126,104,0.5480769230769231,10,59,-0.05919869366409547
all_nonUS,train,2007Q3,redesigned,F,158,117,0.452991452991453,13,76,-0.05919869366409547
all_nonUS,train,2007Q3,redesigned,U,0,0,,0,0,-0.05919869366409547
all_nonUS,train,2007Q4,baseline,P,126,126,0.4603174603174603,5,66,0.00802911231593939
all_nonUS,train,2007Q4,baseline,F,160,160,0.53125,24,75,0.00802911231593939
all_nonUS,train,2007Q4,baseline,U,0,0,,0,0,0.00802911231593939
all_nonUS,train,2007Q4,redesigned,P,126,126,0.4603174603174603,5,66,0.00802911231593939
all_nonUS,train,2007Q4,redesigned,F,160,160,0.53125,24,75,0.00802911231593939
all_nonUS,train,2007Q4,redesigned,U,0,0,,0,0,0.00802911231593939
all_nonUS,train,2008Q1,baseline,P,143,143,0.46153846153846156,5,56,0.18316344057753287
all_nonUS,train,2008Q1,baseline,F,182,182,0.5274725274725275,28,61,0.18316344057753287
all_nonUS,train,2008Q1,baseline,U,0,0,,0,0,0.18316344057753287
all_nonUS,train,2008Q1,redesigned,P,144,144,0.4652777777777778,6,56,0.18316344057753287
all_nonUS,train,2008Q1,redesigned,F,181,181,0.5248618784530387,27,61,0.18316344057753287
all_nonUS,train,2008Q1,redesigned,U,0,0,,0,0,0.18316344057753287
all_nonUS,train,2008Q2,baseline,P,145,145,0.5103448275862069,10,31,0.33200457489505397
all_nonUS,train,2008Q2,baseline,F,184,184,0.4891304347826087,23,46,0.33200457489505397
all_nonUS,train,2008Q2,baseline,U,0,0,,0,0,0.33200457489505397
all_nonUS,train,2008Q2,redesigned,P,146,146,0.5136986301369864,11,31,0.33200457489505397
all_nonUS,train,2008Q2,redesigned,F,183,183,0.48633879781420764,22,46,0.33200457489505397
all_nonUS,train,2008Q2,redesigned,U,0,0,,0,0,0.33200457489505397
all_nonUS,train,2008Q3,baseline,P,148,148,0.5,10,38,0.2349527341778741
all_nonUS,train,2008Q3,baseline,F,187,187,0.49732620320855614,24,63,0.2349527341778741
all_nonUS,train,2008Q3,baseline,U,0,0,,0,0,0.2349527341778741
all_nonUS,train,2008Q3,redesigned,P,148,148,0.5,10,38,0.2349527341778741
all_nonUS,train,2008Q3,redesigned,F,187,187,0.49732620320855614,24,63,0.2349527341778741
all_nonUS,train,2008Q3,redesigned,U,0,0,,0,0,0.2349527341778741
all_nonUS,train,2008Q4,baseline,P,149,149,0.5033557046979866,5,23,0.4605084331321251
all_nonUS,train,2008Q4,baseline,F,189,189,0.4973544973544973,29,38,0.4605084331321251
all_nonUS,train,2008Q4,baseline,U,0,0,,0,0,0.4605084331321251
all_nonUS,train,2008Q4,redesigned,P,149,149,0.5033557046979866,5,23,0.4605084331321251
all_nonUS,train,2008Q4,redesigned,F,189,189,0.4973544973544973,29,38,0.4605084331321251
all_nonUS,train,2008Q4,redesigned,U,0,0,,0,0,0.4605084331321251
all_nonUS,train,2009Q1,baseline,P,149,149,0.48322147651006714,7,21,0.5812993635583055
all_nonUS,train,2009Q1,baseline,F,190,190,0.5105263157894737,27,34,0.5812993635583055
all_nonUS,train,2009Q1,baseline,U,0,0,,0,0,0.5812993635583055
all_nonUS,train,2009Q1,redesigned,P,149,149,0.48322147651006714,7,21,0.5812993635583055
all_nonUS,train,2009Q1,redesigned,F,190,190,0.5105263157894737,27,34,0.5812993635583055
all_nonUS,train,2009Q1,redesigned,U,0,0,,0,0,0.5812993635583055
all_nonUS,train,2009Q2,baseline,P,151,151,0.5364238410596026,9,40,0.34914124791171186
all_nonUS,train,2009Q2,baseline,F,217,217,0.47465437788018433,28,68,0.34914124791171186
all_nonUS,train,2009Q2,baseline,U,0,0,,0,0,0.34914124791171186
all_nonUS,train,2009Q2,redesigned,P,151,151,0.5364238410596026,9,40,0.34914124791171186
all_nonUS,train,2009Q2,redesigned,F,217,217,0.47465437788018433,28,68,0.34914124791171186
all_nonUS,train,2009Q2,redesigned,U,0,0,,0,0,0.34914124791171186
all_nonUS,train,2009Q3,baseline,P,150,120,0.5333333333333333,9,28,0.2716152345358088
all_nonUS,train,2009Q3,baseline,F,224,176,0.4772727272727273,21,53,0.2716152345358088
all_nonUS,train,2009Q3,baseline,U,0,0,,0,0,0.2716152345358088
all_nonUS,train,2009Q3,redesigned,P,151,120,0.5333333333333333,9,28,0.2716152345358088
all_nonUS,train,2009Q3,redesigned,F,223,176,0.4772727272727273,21,53,0.2716152345358088
all_nonUS,train,2009Q3,redesigned,U,0,0,,0,0,0.2716152345358088
all_nonUS,train,2009Q4,baseline,P,147,147,0.5238095238095238,12,49,0.18723561189605953
all_nonUS,train,2009Q4,baseline,F,229,229,0.4847161572052402,26,83,0.18723561189605953
all_nonUS,train,2009Q4,baseline,U,0,0,,0,0,0.18723561189605953
all_nonUS,train,2009Q4,redesigned,P,148,148,0.527027027027027,13,49,0.18723561189605953
all_nonUS,train,2009Q4,redesigned,F,228,228,0.4824561403508772,25,83,0.18723561189605953
all_nonUS,train,2009Q4,redesigned,U,0,0,,0,0,0.18723561189605953
all_nonUS,train,2010Q1,baseline,P,146,146,0.5205479452054794,10,41,0.229751432782771
all_nonUS,train,2010Q1,baseline,F,230,230,0.48695652173913045,28,80,0.229751432782771
all_nonUS,train,2010Q1,baseline,U,0,0,,0,0,0.229751432782771
all_nonUS,train,2010Q1,redesigned,P,147,147,0.5238095238095238,10,41,0.229751432782771
all_nonUS,train,2010Q1,redesigned,F,229,229,0.4847161572052402,28,80,0.229751432782771
all_nonUS,train,2010Q1,redesigned,U,0,0,,0,0,0.229751432782771
all_nonUS,train,2010Q2,baseline,P,173,173,0.5722543352601156,12,35,0.3556479289799923
all_nonUS,train,2010Q2,baseline,F,274,274,0.45255474452554745,33,83,0.3556479289799923
all_nonUS,train,2010Q2,baseline,U,0,0,,0,0,0.3556479289799923
all_nonUS,train,2010Q2,redesigned,P,173,173,0.5722543352601156,12,35,0.3556479289799923
all_nonUS,train,2010Q2,redesigned,F,274,274,0.45255474452554745,33,83,0.3556479289799923
all_nonUS,train,2010Q2,redesigned,U,0,0,,0,0,0.3556479289799923
all_nonUS,train,2010Q3,baseline,P,179,144,0.5138888888888888,13,23,0.4100125300711033
all_nonUS,train,2010Q3,baseline,F,279,223,0.48878923766816146,24,50,0.4100125300711033
all_nonUS,train,2010Q3,baseline,U,0,0,,0,0,0.4100125300711033
all_nonUS,train,2010Q3,redesigned,P,179,144,0.5138888888888888,13,23,0.4100125300711033
all_nonUS,train,2010Q3,redesigned,F,279,223,0.48878923766816146,24,50,0.4100125300711033
all_nonUS,train,2010Q3,redesigned,U,0,0,,0,0,0.4100125300711033
all_nonUS,train,2010Q4,baseline,P,179,179,0.5418994413407822,14,47,0.3030728580709565
all_nonUS,train,2010Q4,baseline,F,280,280,0.4714285714285714,32,98,0.3030728580709565
all_nonUS,train,2010Q4,baseline,U,0,0,,0,0,0.3030728580709565
all_nonUS,train,2010Q4,redesigned,P,179,179,0.5418994413407822,14,47,0.3030728580709565
all_nonUS,train,2010Q4,redesigned,F,280,280,0.4714285714285714,32,98,0.3030728580709565
all_nonUS,train,2010Q4,redesigned,U,0,0,,0,0,0.3030728580709565
all_nonUS,train,2011Q1,baseline,P,179,179,0.553072625698324,11,44,0.2833328324934663
all_nonUS,train,2011Q1,baseline,F,280,280,0.4642857142857143,35,109,0.2833328324934663
all_nonUS,train,2011Q1,baseline,U,0,0,,0,0,0.2833328324934663
all_nonUS,train,2011Q1,redesigned,P,179,179,0.553072625698324,11,44,0.2833328324934663
all_nonUS,train,2011Q1,redesigned,F,280,280,0.4642857142857143,35,109,0.2833328324934663
all_nonUS,train,2011Q1,redesigned,U,0,0,,0,0,0.2833328324934663
all_nonUS,train,2011Q2,baseline,P,216,216,0.5462962962962963,17,47,0.34009535219385967
all_nonUS,train,2011Q2,baseline,F,300,300,0.4666666666666667,35,97,0.34009535219385967
all_nonUS,train,2011Q2,baseline,U,0,0,,0,0,0.34009535219385967
all_nonUS,train,2011Q2,redesigned,P,216,216,0.5462962962962963,17,47,0.34009535219385967
all_nonUS,train,2011Q2,redesigned,F,300,300,0.4666666666666667,35,97,0.34009535219385967
all_nonUS,train,2011Q2,redesigned,U,0,0,,0,0,0.34009535219385967
all_nonUS,train,2011Q3,baseline,P,226,185,0.5243243243243243,11,14,0.6879921075947713
all_nonUS,train,2011Q3,baseline,F,295,241,0.48132780082987553,32,36,0.6879921075947713
all_nonUS,train,2011Q3,baseline,U,0,0,,0,0,0.6879921075947713
all_nonUS,train,2011Q3,redesigned,P,226,185,0.5243243243243243,11,14,0.6879921075947713
all_nonUS,train,2011Q3,redesigned,F,295,241,0.48132780082987553,32,36,0.6879921075947713
all_nonUS,train,2011Q3,redesigned,U,0,0,,0,0,0.6879921075947713
all_nonUS,train,2011Q4,baseline,P,229,229,0.4978165938864629,15,33,0.658892606969425
all_nonUS,train,2011Q4,baseline,F,295,295,0.5016949152542373,38,60,0.658892606969425
all_nonUS,train,2011Q4,baseline,U,0,0,,0,0,0.658892606969425
all_nonUS,train,2011Q4,redesigned,P,229,229,0.4978165938864629,15,33,0.658892606969425
all_nonUS,train,2011Q4,redesigned,F,295,295,0.5016949152542373,38,60,0.658892606969425
all_nonUS,train,2011Q4,redesigned,U,0,0,,0,0,0.658892606969425
all_nonUS,train,2012Q1,baseline,P,290,290,0.4827586206896552,21,34,0.7322311019650628
all_nonUS,train,2012Q1,baseline,F,346,346,0.5144508670520231,43,65,0.7322311019650628
all_nonUS,train,2012Q1,baseline,U,0,0,,0,0,0.7322311019650628
all_nonUS,train,2012Q1,redesigned,P,290,290,0.4827586206896552,21,34,0.7322311019650628
all_nonUS,train,2012Q1,redesigned,F,346,346,0.5144508670520231,43,65,0.7322311019650628
all_nonUS,train,2012Q1,redesigned,U,0,0,,0,0,0.7322311019650628
all_nonUS,train,2012Q2,baseline,P,291,291,0.4879725085910653,17,29,0.7455178902759523
all_nonUS,train,2012Q2,baseline,F,348,348,0.5086206896551724,47,52,0.7455178902759523
all_nonUS,train,2012Q2,baseline,U,0,0,,0,0,0.7455178902759523
all_nonUS,train,2012Q2,redesigned,P,291,291,0.4879725085910653,17,29,0.7455178902759523
all_nonUS,train,2012Q2,redesigned,F,348,348,0.5086206896551724,47,52,0.7455178902759523
all_nonUS,train,2012Q2,redesigned,U,0,0,,0,0,0.7455178902759523
all_nonUS,train,2012Q3,baseline,P,299,251,0.5059760956175299,14,42,0.46389267027208614
all_nonUS,train,2012Q3,baseline,F,345,285,0.49473684210526314,40,75,0.46389267027208614
all_nonUS,train,2012Q3,baseline,U,0,0,,0,0,0.46389267027208614
all_nonUS,train,2012Q3,redesigned,P,299,251,0.5059760956175299,14,42,0.46389267027208614
all_nonUS,train,2012Q3,redesigned,F,345,285,0.49473684210526314,40,75,0.46389267027208614
all_nonUS,train,2012Q3,redesigned,U,0,0,,0,0,0.46389267027208614
all_nonUS,train,2012Q4,baseline,P,299,299,0.5016722408026756,19,48,0.48667456542806464
all_nonUS,train,2012Q4,baseline,F,349,349,0.498567335243553,46,85,0.48667456542806464
all_nonUS,train,2012Q4,baseline,U,0,0,,0,0,0.48667456542806464
all_nonUS,train,2012Q4,redesigned,P,299,299,0.5016722408026756,19,48,0.48667456542806464
all_nonUS,train,2012Q4,redesigned,F,349,349,0.498567335243553,46,85,0.48667456542806464
all_nonUS,train,2012Q4,redesigned,U,0,0,,0,0,0.48667456542806464
all_nonUS,later,2016Q1,baseline,P,487,487,0.4887063655030801,32,93,0.3457032478725297
all_nonUS,later,2016Q1,baseline,F,418,418,0.5119617224880383,59,84,0.3457032478725297
all_nonUS,later,2016Q1,baseline,U,0,0,,0,0,0.3457032478725297
all_nonUS,later,2016Q1,redesigned,P,488,488,0.48770491803278687,32,93,0.3457032478725297
all_nonUS,later,2016Q1,redesigned,F,417,417,0.513189448441247,59,84,0.3457032478725297
all_nonUS,later,2016Q1,redesigned,U,0,0,,0,0,0.3457032478725297
all_nonUS,later,2016Q2,baseline,P,488,488,0.4918032786885246,40,85,0.3782606262336379
all_nonUS,later,2016Q2,baseline,F,417,417,0.5083932853717026,51,90,0.3782606262336379
all_nonUS,later,2016Q2,baseline,U,0,0,,0,0,0.3782606262336379
all_nonUS,later,2016Q2,redesigned,P,489,489,0.49079754601226994,40,85,0.3782606262336379
all_nonUS,later,2016Q2,redesigned,F,416,416,0.5096153846153846,51,90,0.3782606262336379
all_nonUS,later,2016Q2,redesigned,U,0,0,,0,0,0.3782606262336379
all_nonUS,later,2016Q3,baseline,P,492,407,0.48894348894348894,25,86,0.3191731892389633
all_nonUS,later,2016Q3,baseline,F,416,341,0.5131964809384164,50,76,0.3191731892389633
all_nonUS,later,2016Q3,baseline,U,0,0,,0,0,0.3191731892389633
all_nonUS,later,2016Q3,redesigned,P,493,408,0.4877450980392157,25,86,0.3191731892389633
all_nonUS,later,2016Q3,redesigned,F,415,340,0.5147058823529411,50,76,0.3191731892389633
all_nonUS,later,2016Q3,redesigned,U,0,0,,0,0,0.3191731892389633
all_nonUS,later,2016Q4,baseline,P,496,495,0.498989898989899,40,98,0.3747942950063168
all_nonUS,later,2016Q4,baseline,F,419,419,0.5011933174224343,52,108,0.3747942950063168
all_nonUS,later,2016Q4,baseline,U,0,0,,0,0,0.3747942950063168
all_nonUS,later,2016Q4,redesigned,P,497,496,0.49798387096774194,40,98,0.3747942950063168
all_nonUS,later,2016Q4,redesigned,F,418,418,0.5023923444976076,52,108,0.3747942950063168
all_nonUS,later,2016Q4,redesigned,U,0,0,,0,0,0.3747942950063168
all_nonUS,later,2017Q1,baseline,P,498,497,0.5372233400402414,43,226,0.007598934644354127
all_nonUS,later,2017Q1,baseline,F,420,420,0.45476190476190476,49,229,0.007598934644354127
all_nonUS,later,2017Q1,baseline,U,0,0,,0,0,0.007598934644354127
all_nonUS,later,2017Q1,redesigned,P,499,498,0.536144578313253,43,227,0.007598934644354127
all_nonUS,later,2017Q1,redesigned,F,419,419,0.45584725536992843,49,228,0.007598934644354127
all_nonUS,later,2017Q1,redesigned,U,0,0,,0,0,0.007598934644354127
all_nonUS,later,2017Q2,baseline,P,508,507,0.5167652859960552,40,206,0.10808833699803766
all_nonUS,later,2017Q2,baseline,F,442,442,0.4796380090497738,55,204,0.10808833699803766
all_nonUS,later,2017Q2,baseline,U,0,0,,0,0,0.10808833699803766
all_nonUS,later,2017Q2,redesigned,P,508,507,0.5167652859960552,40,206,0.10808833699803766
all_nonUS,later,2017Q2,redesigned,F,442,442,0.4796380090497738,55,204,0.10808833699803766
all_nonUS,later,2017Q2,redesigned,U,0,0,,0,0,0.10808833699803766
all_nonUS,later,2017Q3,baseline,P,506,403,0.5285359801488834,33,166,0.09180650051476613
all_nonUS,later,2017Q3,baseline,F,448,362,0.46685082872928174,44,170,0.09180650051476613
all_nonUS,later,2017Q3,baseline,U,0,0,,0,0,0.09180650051476613
all_nonUS,later,2017Q3,redesigned,P,506,403,0.5285359801488834,33,166,0.09180650051476613
all_nonUS,later,2017Q3,redesigned,F,448,362,0.46685082872928174,44,170,0.09180650051476613
all_nonUS,later,2017Q3,redesigned,U,0,0,,0,0,0.09180650051476613
all_nonUS,later,2017Q4,baseline,P,501,500,0.516,47,168,0.18458438736391547
all_nonUS,later,2017Q4,baseline,F,453,453,0.48123620309050774,49,180,0.18458438736391547
all_nonUS,later,2017Q4,baseline,U,0,0,,0,0,0.18458438736391547
all_nonUS,later,2017Q4,redesigned,P,502,501,0.5149700598802395,47,169,0.18458438736391547
all_nonUS,later,2017Q4,redesigned,F,452,452,0.4823008849557522,49,179,0.18458438736391547
all_nonUS,later,2017Q4,redesigned,U,0,0,,0,0,0.18458438736391547
all_nonUS,later,2018Q1,baseline,P,502,501,0.5069860279441117,43,111,0.31809134648194903
all_nonUS,later,2018Q1,baseline,F,456,456,0.49122807017543857,53,145,0.31809134648194903
all_nonUS,later,2018Q1,baseline,U,0,0,,0,0,0.31809134648194903
all_nonUS,later,2018Q1,redesigned,P,503,502,0.5059760956175299,43,112,0.31809134648194903
all_nonUS,later,2018Q1,redesigned,F,455,455,0.49230769230769234,53,144,0.31809134648194903
all_nonUS,later,2018Q1,redesigned,U,0,0,,0,0,0.31809134648194903
all_nonUS,later,2018Q2,baseline,P,519,518,0.49613899613899615,40,106,0.3816737202269582
all_nonUS,later,2018Q2,baseline,F,471,471,0.5031847133757962,59,123,0.3816737202269582
all_nonUS,later,2018Q2,baseline,U,0,0,,0,0,0.3816737202269582
all_nonUS,later,2018Q2,redesigned,P,520,519,0.4951830443159923,40,107,0.3816737202269582
all_nonUS,later,2018Q2,redesigned,F,470,470,0.5042553191489362,59,122,0.3816737202269582
all_nonUS,later,2018Q2,redesigned,U,0,0,,0,0,0.3816737202269582
all_nonUS,later,2018Q3,baseline,P,537,430,0.5186046511627908,30,98,0.30875762221382363
all_nonUS,later,2018Q3,baseline,F,454,366,0.4781420765027322,50,104,0.30875762221382363
all_nonUS,later,2018Q3,baseline,U,0,0,,0,0,0.30875762221382363
all_nonUS,later,2018Q3,redesigned,P,537,430,0.5186046511627908,30,98,0.30875762221382363
all_nonUS,later,2018Q3,redesigned,F,454,366,0.4781420765027322,50,104,0.30875762221382363
all_nonUS,later,2018Q3,redesigned,U,0,0,,0,0,0.30875762221382363
all_nonUS,later,2018Q4,baseline,P,537,536,0.48134328358208955,41,84,0.6053362443924761
all_nonUS,later,2018Q4,baseline,F,456,456,0.5219298245614035,59,66,0.6053362443924761
all_nonUS,later,2018Q4,baseline,U,0,0,,0,0,0.6053362443924761
all_nonUS,later,2018Q4,redesigned,P,537,536,0.48134328358208955,41,84,0.6053362443924761
all_nonUS,later,2018Q4,redesigned,F,456,456,0.5219298245614035,59,66,0.6053362443924761
all_nonUS,later,2018Q4,redesigned,U,0,0,,0,0,0.6053362443924761
all_nonUS,later,2019Q1,baseline,P,539,538,0.49070631970260226,29,142,0.3246671825867187
all_nonUS,later,2019Q1,baseline,F,457,457,0.5098468271334792,71,124,0.3246671825867187
all_nonUS,later,2019Q1,baseline,U,0,0,,0,0,0.3246671825867187
all_nonUS,later,2019Q1,redesigned,P,539,538,0.49070631970260226,29,142,0.3246671825867187
all_nonUS,later,2019Q1,redesigned,F,457,457,0.5098468271334792,71,124,0.3246671825867187
all_nonUS,later,2019Q1,redesigned,U,0,0,,0,0,0.3246671825867187
all_nonUS,later,2019Q2,baseline,P,554,553,0.4665461121157324,32,192,0.19639831905582417
all_nonUS,later,2019Q2,baseline,F,461,461,0.5401301518438177,70,148,0.19639831905582417
all_nonUS,later,2019Q2,baseline,U,0,0,,0,0,0.19639831905582417
all_nonUS,later,2019Q2,redesigned,P,555,554,0.4657039711191336,32,193,0.19639831905582417
all_nonUS,later,2019Q2,redesigned,F,460,460,0.5413043478260869,70,147,0.19639831905582417
all_nonUS,later,2019Q2,redesigned,U,0,0,,0,0,0.19639831905582417
all_nonUS,later,2019Q3,baseline,P,574,460,0.47391304347826085,24,192,0.08462544091755153
all_nonUS,later,2019Q3,baseline,F,450,360,0.5333333333333333,58,143,0.08462544091755153
all_nonUS,later,2019Q3,baseline,U,0,0,,0,0,0.08462544091755153
all_nonUS,later,2019Q3,redesigned,P,575,461,0.47288503253796094,24,193,0.08462544091755153
all_nonUS,later,2019Q3,redesigned,F,449,359,0.5348189415041783,58,142,0.08462544091755153
all_nonUS,later,2019Q3,redesigned,U,0,0,,0,0,0.08462544091755153
all_nonUS,later,2019Q4,baseline,P,577,576,0.4704861111111111,28,229,0.10493514125947534
all_nonUS,later,2019Q4,baseline,F,448,448,0.5379464285714286,75,167,0.10493514125947534
all_nonUS,later,2019Q4,baseline,U,0,0,,0,0,0.10493514125947534
all_nonUS,later,2019Q4,redesigned,P,578,577,0.4696707105719237,28,230,0.10493514125947534
all_nonUS,later,2019Q4,redesigned,F,447,447,0.5391498881431768,75,166,0.10493514125947534
all_nonUS,later,2019Q4,redesigned,U,0,0,,0,0,0.10493514125947534
all_nonUS,later,2020Q1,baseline,P,595,595,0.4689075630252101,30,77,0.5877304709143925
all_nonUS,later,2020Q1,baseline,F,449,449,0.5412026726057907,75,66,0.5877304709143925
all_nonUS,later,2020Q1,baseline,U,0,0,,0,0,0.5877304709143925
all_nonUS,later,2020Q1,redesigned,P,595,595,0.4689075630252101,30,77,0.5877304709143925
all_nonUS,later,2020Q1,redesigned,F,449,449,0.5412026726057907,75,66,0.5877304709143925
all_nonUS,later,2020Q1,redesigned,U,0,0,,0,0,0.5877304709143925
all_nonUS,later,2020Q2,baseline,P,597,597,0.49581239530988275,31,136,0.35761755923006644
all_nonUS,later,2020Q2,baseline,F,449,449,0.5055679287305123,74,116,0.35761755923006644
all_nonUS,later,2020Q2,baseline,U,0,0,,0,0,0.35761755923006644
all_nonUS,later,2020Q2,redesigned,P,597,597,0.49581239530988275,31,136,0.35761755923006644
all_nonUS,later,2020Q2,redesigned,F,449,449,0.5055679287305123,74,116,0.35761755923006644
all_nonUS,later,2020Q2,redesigned,U,0,0,,0,0,0.35761755923006644
all_nonUS,later,2020Q3,baseline,P,598,483,0.4906832298136646,27,126,0.3080399912677917
all_nonUS,later,2020Q3,baseline,F,449,359,0.5125348189415042,58,103,0.3080399912677917
all_nonUS,later,2020Q3,baseline,U,0,0,,0,0,0.3080399912677917
all_nonUS,later,2020Q3,redesigned,P,598,483,0.4906832298136646,27,126,0.3080399912677917
all_nonUS,later,2020Q3,redesigned,F,449,359,0.5125348189415042,58,103,0.3080399912677917
all_nonUS,later,2020Q3,redesigned,U,0,0,,0,0,0.3080399912677917
all_nonUS,later,2020Q4,baseline,P,595,595,0.5008403361344538,42,197,0.17480998955294802
all_nonUS,later,2020Q4,baseline,F,454,454,0.4977973568281938,63,179,0.17480998955294802
all_nonUS,later,2020Q4,baseline,U,0,0,,0,0,0.17480998955294802
all_nonUS,later,2020Q4,redesigned,P,595,595,0.5008403361344538,42,197,0.17480998955294802
all_nonUS,later,2020Q4,redesigned,F,454,454,0.4977973568281938,63,179,0.17480998955294802
all_nonUS,later,2020Q4,redesigned,U,0,0,,0,0,0.17480998955294802
all_nonUS,later,2021Q1,baseline,P,595,595,0.5176470588235295,47,211,0.1456493982634517
all_nonUS,later,2021Q1,baseline,F,454,454,0.47577092511013214,58,182,0.1456493982634517
all_nonUS,later,2021Q1,baseline,U,0,0,,0,0,0.1456493982634517
all_nonUS,later,2021Q1,redesigned,P,595,595,0.5176470588235295,47,211,0.1456493982634517
all_nonUS,later,2021Q1,redesigned,F,454,454,0.47577092511013214,58,182,0.1456493982634517
all_nonUS,later,2021Q1,redesigned,U,0,0,,0,0,0.1456493982634517
all_nonUS,later,2021Q2,baseline,P,600,600,0.515,43,255,0.0651515301258141
all_nonUS,later,2021Q2,baseline,F,487,487,0.4804928131416838,66,222,0.0651515301258141
all_nonUS,later,2021Q2,baseline,U,0,0,,0,0,0.0651515301258141
all_nonUS,later,2021Q2,redesigned,P,601,601,0.5141430948419301,43,256,0.0651515301258141
all_nonUS,later,2021Q2,redesigned,F,486,486,0.48148148148148145,66,221,0.0651515301258141
all_nonUS,later,2021Q2,redesigned,U,0,0,,0,0,0.0651515301258141
all_nonUS,later,2021Q3,baseline,P,602,475,0.511578947368421,39,153,0.19996687369074817
all_nonUS,later,2021Q3,baseline,F,490,395,0.4860759493670886,48,138,0.19996687369074817
all_nonUS,later,2021Q3,baseline,U,0,0,,0,0,0.19996687369074817
all_nonUS,later,2021Q3,redesigned,P,603,475,0.511578947368421,39,153,0.19996687369074817
all_nonUS,later,2021Q3,redesigned,F,489,395,0.4860759493670886,48,138,0.19996687369074817
all_nonUS,later,2021Q3,redesigned,U,0,0,,0,0,0.19996687369074817
all_nonUS,later,2021Q4,baseline,P,598,598,0.5167224080267558,49,264,0.048921893981777265
all_nonUS,later,2021Q4,baseline,F,495,495,0.47878787878787876,61,239,0.048921893981777265
all_nonUS,later,2021Q4,baseline,U,0,0,,0,0,0.048921893981777265
all_nonUS,later,2021Q4,redesigned,P,600,600,0.515,49,266,0.048921893981777265
all_nonUS,later,2021Q4,redesigned,F,493,493,0.48073022312373226,61,237,0.048921893981777265
all_nonUS,later,2021Q4,redesigned,U,0,0,,0,0,0.048921893981777265
all_nonUS,later,2022Q1,baseline,P,602,602,0.5232558139534884,52,221,0.13003095975232193
all_nonUS,later,2022Q1,baseline,F,501,501,0.47105788423153694,59,224,0.13003095975232193
all_nonUS,later,2022Q1,baseline,U,0,0,,0,0,0.13003095975232193
all_nonUS,later,2022Q1,redesigned,P,604,604,0.5215231788079471,52,223,0.13003095975232193
all_nonUS,later,2022Q1,redesigned,F,499,499,0.4729458917835671,59,222,0.13003095975232193
all_nonUS,later,2022Q1,redesigned,U,0,0,,0,0,0.13003095975232193
all_nonUS,later,2022Q2,baseline,P,703,703,0.5106685633001422,57,191,0.322964619827141
all_nonUS,later,2022Q2,baseline,F,539,539,0.4842300556586271,68,167,0.322964619827141
all_nonUS,later,2022Q2,baseline,U,1,1,1.0,0,0,0.322964619827141
all_nonUS,later,2022Q2,redesigned,P,705,705,0.5106382978723404,57,191,0.322964619827141
all_nonUS,later,2022Q2,redesigned,F,537,537,0.48417132216014896,68,167,0.322964619827141
all_nonUS,later,2022Q2,redesigned,U,1,1,1.0,0,0,0.322964619827141
all_nonUS,later,2022Q3,baseline,P,711,575,0.4834782608695652,34,111,0.5151340735505017
all_nonUS,later,2022Q3,baseline,F,546,449,0.5189309576837416,69,90,0.5151340735505017
all_nonUS,later,2022Q3,baseline,U,1,1,1.0,0,0,0.5151340735505017
all_nonUS,later,2022Q3,redesigned,P,713,576,0.484375,34,111,0.5151340735505017
all_nonUS,later,2022Q3,redesigned,F,544,448,0.5178571428571429,69,90,0.5151340735505017
all_nonUS,later,2022Q3,redesigned,U,1,1,1.0,0,0,0.5151340735505017
all_nonUS,later,2022Q4,baseline,P,710,710,0.48169014084507045,45,169,0.40923747343383565
all_nonUS,later,2022Q4,baseline,F,551,551,0.5226860254083484,82,127,0.40923747343383565
all_nonUS,later,2022Q4,baseline,U,1,1,1.0,0,0,0.40923747343383565
all_nonUS,later,2022Q4,redesigned,P,711,711,0.4810126582278481,45,170,0.40923747343383565
all_nonUS,later,2022Q4,redesigned,F,550,550,0.5236363636363637,82,126,0.40923747343383565
all_nonUS,later,2022Q4,redesigned,U,1,1,1.0,0,0,0.40923747343383565
all_nonUS,later,2023Q1,baseline,P,715,715,0.4755244755244755,50,229,0.30735504912365363
all_nonUS,later,2023Q1,baseline,F,554,554,0.5306859205776173,77,156,0.30735504912365363
all_nonUS,later,2023Q1,baseline,U,8,8,0.5,1,2,0.30735504912365363
all_nonUS,later,2023Q1,redesigned,P,716,716,0.4748603351955307,50,230,0.30735504912365363
all_nonUS,later,2023Q1,redesigned,F,553,553,0.5316455696202531,77,155,0.30735504912365363
all_nonUS,later,2023Q1,redesigned,U,8,8,0.5,1,2,0.30735504912365363
all_nonUS,later,2023Q2,baseline,P,777,777,0.48133848133848134,51,234,0.3381575455346817
all_nonUS,later,2023Q2,baseline,F,643,643,0.52099533437014,92,187,0.3381575455346817
all_nonUS,later,2023Q2,baseline,U,1,1,1.0,0,0,0.3381575455346817
all_nonUS,later,2023Q2,redesigned,P,778,778,0.4820051413881748,51,234,0.3381575455346817
all_nonUS,later,2023Q2,redesigned,F,642,642,0.5202492211838006,92,187,0.3381575455346817
all_nonUS,later,2023Q2,redesigned,U,1,1,1.0,0,0,0.3381575455346817
all_nonUS,later,2023Q3,baseline,P,787,647,0.48377125193199383,47,137,0.47321712924351633
all_nonUS,later,2023Q3,baseline,F,635,534,0.5187265917602997,72,118,0.47321712924351633
all_nonUS,later,2023Q3,baseline,U,1,1,1.0,0,0,0.47321712924351633
all_nonUS,later,2023Q3,redesigned,P,789,648,0.4845679012345679,47,137,0.47321712924351633
all_nonUS,later,2023Q3,redesigned,F,633,533,0.5178236397748592,72,118,0.47321712924351633
all_nonUS,later,2023Q3,redesigned,U,1,1,1.0,0,0,0.47321712924351633
