id,quarter,period,kind,return_3y,quality,buy
000157.SHE,2007Q2,train,operating,-0.0033706589539999054,PPPPP,False
000338.SHE,2020Q4,later,operating,-0.07765819513117811,PPPPP,True
000338.SHE,2021Q1,later,operating,-0.05509079571642894,PPPPP,True
000338.SHE,2021Q4,later,operating,-0.14224821983213076,PPPPP,True
000568.SHE,2023Q2,later,operating,-0.5980122294490324,PPPPP,False
000651.SHE,2020Q4,later,operating,-0.36481957019730726,PPPPP,False
000651.SHE,2021Q1,later,operating,-0.22174014664095054,PPPPP,False
000651.SHE,2021Q2,later,operating,-0.06077008859626287,PPPPP,True
000786.SHE,2023Q2,later,operating,-0.20002958864113318,PPPPP,False
000858.SHE,2009Q4,train,operating,-0.07572667455751958,PPPPP,False
000858.SHE,2010Q1,train,operating,-0.19314372779077293,PPPPP,False
000858.SHE,2022Q2,later,operating,-0.36590831395584755,PPPPP,False
000858.SHE,2022Q4,later,operating,-0.32440843413146037,PPPPP,False
000858.SHE,2023Q1,later,operating,-0.39875910152499794,PPPPP,False
000858.SHE,2023Q2,later,operating,-0.5089304334466748,PPPPP,False
000895.SHE,2011Q4,train,operating,-0.005438158344661215,PPPPP,False
000895.SHE,2020Q4,later,operating,-0.334531957209645,PPPPP,False
000895.SHE,2021Q1,later,operating,-0.23286350953541102,PPPPP,False
000895.SHE,2021Q2,later,operating,-0.14063059534424238,PPPPP,False
000895.SHE,2021Q4,later,operating,-0.03566397690046941,PPPPP,False
000895.SHE,2022Q2,later,operating,-0.007479077593251171,PPPPP,False
000963.SHE,2017Q1,later,operating,-0.28734208566368147,PPPPP,False
000963.SHE,2022Q2,later,operating,-0.051608962404793846,PPPPP,False
000963.SHE,2022Q4,later,operating,-0.09064905679611035,PPPPP,False
000963.SHE,2023Q1,later,operating,-0.19545766399801978,PPPPP,False
000963.SHE,2023Q2,later,operating,-0.3025077519097338,PPPPP,False
002049.SHE,2022Q2,later,operating,-0.5352212866057802,PPPPP,False
002179.SHE,2020Q4,later,operating,-0.14606528743016178,PPPPP,False
002179.SHE,2021Q1,later,operating,-0.06881351828094062,PPPPP,False
002179.SHE,2021Q2,later,operating,-0.0399596625222538,PPPPP,False
002179.SHE,2021Q4,later,operating,-0.24060038185257393,PPPPP,False
002179.SHE,2022Q1,later,operating,-0.04544311057983086,PPPPP,False
002236.SHE,2017Q2,later,operating,-0.1183833800781584,PPPPP,False
002236.SHE,2017Q4,later,operating,-0.12255470948912195,PPPPP,False
002236.SHE,2018Q2,later,operating,-0.020492072263408656,PPPPP,False
002236.SHE,2019Q1,later,operating,-0.016841785235726214,PPPPP,False
002236.SHE,2019Q4,later,operating,-0.4512419751336866,PPPPP,False
002236.SHE,2020Q4,later,operating,-0.04343302639490343,PPPPP,False
002236.SHE,2021Q1,later,operating,-0.20507712513007226,PPPPP,False
002236.SHE,2021Q2,later,operating,-0.20629260238361935,PPPPP,False
002236.SHE,2021Q4,later,operating,-0.26575469026441456,PPPPP,False
002236.SHE,2023Q1,later,operating,-0.23856291008179376,PPPPP,False
002415.SHE,2020Q4,later,operating,-0.25927851683934966,PPPPP,False
002415.SHE,2021Q1,later,operating,-0.39321479347245836,PPPPP,False
002415.SHE,2021Q2,later,operating,-0.48853447070672784,PPPPP,False
002415.SHE,2021Q4,later,operating,-0.36862208908509586,PPPPP,False
002415.SHE,2022Q1,later,operating,-0.19702709904587068,PPPPP,False
002415.SHE,2022Q2,later,operating,-0.16804689733472722,PPPPP,False
002415.SHE,2022Q4,later,operating,-0.05424814933411337,PPPPP,False
002415.SHE,2023Q1,later,operating,-0.2208302963826897,PPPPP,False
005930.KO,2021Q3,later,operating,-0.10421024650179356,PPPPP,False
005930.KO,2021Q4,later,operating,-0.2776073221115257,PPPPP,False
005930.KO,2022Q1,later,operating,-0.10541853813760282,PPPPP,False
036570.KO,2023Q2,later,operating,-0.1107015733567055,PPPPP,False
2059.TW,2016Q1,later,operating,-0.006888304749429697,PPPPP,False
2059.TW,2016Q2,later,operating,-0.14417639895861278,PPPPP,False
2059.TW,2016Q3,later,operating,-0.09566051922375363,PPPPP,False
2059.TW,2016Q4,later,operating,-0.06585066288498331,PPPPP,False
2059.TW,2017Q1,later,operating,-0.27718926514794584,PPPPP,False
2059.TW,2017Q2,later,operating,-0.17047605665472376,PPPPP,False
2059.TW,2017Q3,later,operating,-0.2862564674549223,PPPPP,False
2059.TW,2017Q4,later,operating,-0.210906389865403,PPPPP,False
2059.TW,2018Q1,later,operating,-0.13954073368503062,PPPPP,False
2059.TW,2018Q2,later,operating,-0.01707865345040238,PPPPP,False
2308.TW,2016Q3,later,operating,-0.11532519920195994,PPPPP,False
2308.TW,2017Q1,later,operating,-0.18815470468468432,PPPPP,False
2317.TW,2010Q2,train,operating,-0.0776956949895149,PPPPP,False
2317.TW,2010Q3,train,operating,-0.07615516190532534,PPPPP,False
2317.TW,2010Q4,train,operating,-0.04992596576426356,PPPPP,False
2317.TW,2016Q1,later,operating,-0.13075308636735516,PPPPP,True
2317.TW,2016Q2,later,operating,-0.08130909646710827,PPPPP,True
2317.TW,2016Q3,later,operating,-0.1722166271493365,PPPPP,True
2317.TW,2016Q4,later,operating,-0.03530715968627274,PPPPP,True
2317.TW,2017Q1,later,operating,-0.36117507980902697,PPPPP,True
2413.JP,2023Q2,later,operating,-0.39529172450009464,PPPPP,False
2413.JP,2023Q3,later,operating,-0.31925115443233776,PPPPP,False
2912.TW,2019Q2,later,operating,-0.0031527850771174704,PPPPP,False
2912.TW,2019Q4,later,operating,-0.008576487225884555,PPPPP,False
2912.TW,2022Q3,later,operating,-0.0344685948407355,PPPPP,False
2912.TW,2022Q4,later,operating,-0.09460203855921845,PPPPP,False
2912.TW,2023Q1,later,operating,-0.07377899535352384,PPPPP,False
300015.SHE,2021Q2,later,operating,-0.7502693257853245,PPPPP,False
300015.SHE,2021Q4,later,operating,-0.4585475543790648,PPPPP,False
300015.SHE,2022Q1,later,operating,-0.28618081596955114,PPPPP,False
300450.SHE,2021Q2,later,operating,-0.7066238148570976,PPPPP,False
300450.SHE,2021Q4,later,operating,-0.7074703829450959,PPPPP,False
300450.SHE,2022Q1,later,operating,-0.613253592511777,PPPPP,False
300450.SHE,2022Q2,later,operating,-0.5931798702749934,PPPPP,False
300628.SHE,2022Q2,later,operating,-0.24345159043733022,PPPPP,False
300628.SHE,2022Q4,later,operating,-0.04873376251670736,PPPPP,False
300628.SHE,2023Q1,later,operating,-0.28717553360188597,PPPPP,False
3008.TW,2017Q1,later,operating,-0.16833136376341173,PPPPP,False
3008.TW,2017Q2,later,operating,-0.10177779621261662,PPPPP,False
3008.TW,2017Q3,later,operating,-0.3498369518318013,PPPPP,False
3008.TW,2017Q4,later,operating,-0.20740915577481378,PPPPP,False
3008.TW,2018Q2,later,operating,-0.2824128957913603,PPPPP,False
3008.TW,2018Q3,later,operating,-0.3715805775184021,PPPPP,False
3008.TW,2018Q4,later,operating,-0.1354849081628552,PPPPP,True
3008.TW,2019Q1,later,operating,-0.5336505334916685,PPPPP,False
3008.TW,2019Q2,later,operating,-0.5490779977900686,PPPPP,False
3008.TW,2019Q3,later,operating,-0.5900094542819877,PPPPP,False
3008.TW,2019Q4,later,operating,-0.5498072197415514,PPPPP,False
3008.TW,2020Q1,later,operating,-0.34487487267980066,PPPPP,False
3008.TW,2020Q2,later,operating,-0.4256413937137703,PPPPP,False
3008.TW,2020Q3,later,operating,-0.2711961233724166,PPPPP,True
3008.TW,2020Q4,later,operating,-0.0363811566800043,PPPPP,True
3008.TW,2021Q1,later,operating,-0.11978725939257318,PPPPP,True
3659.JP,2023Q2,later,operating,-0.1826391294756442,PPPPP,False
4021.JP,2022Q2,later,operating,-0.229521951027998,PPPPP,False
4021.JP,2022Q3,later,operating,-0.09020900889687078,PPPPP,False
4503.JP,2022Q2,later,operating,-0.22735820192025147,PPPPP,False
4503.JP,2022Q3,later,operating,-0.05758459994477283,PPPPP,False
4523.JP,2022Q2,later,operating,-0.21223014019919662,PPPPP,False
4523.JP,2022Q3,later,operating,-0.27646666470526127,PPPPP,False
4523.JP,2022Q4,later,operating,-0.3819237411803956,PPPPP,False
4523.JP,2023Q1,later,operating,-0.2847365794902825,PPPPP,False
4704.JP,2023Q1,later,operating,-0.07649989854124861,PPPPP,False
4704.JP,2023Q2,later,operating,-0.03014811787808802,PPPPP,False
600000.SHG,2008Q1,train,bank,-0.0697723967843018,PPPPP,False
600000.SHG,2009Q1,train,bank,-0.003869979795509404,PPPPP,False
600000.SHG,2009Q2,train,bank,-0.39749801349117175,PPPPP,False
600000.SHG,2009Q4,train,bank,-0.1624979962458697,PPPPP,False
600000.SHG,2010Q1,train,bank,-0.2068987921340576,PPPPP,False
600000.SHG,2010Q2,train,bank,-0.11639575553811299,PPPPP,False
600000.SHG,2011Q1,train,bank,-0.009673871446393534,PPPPP,False
600016.SHG,2009Q2,train,bank,-0.04043963257459238,PPPPP,False
600016.SHG,2023Q2,later,bank,-0.0305640607295804,PPPPP,True
600031.SHG,2010Q4,train,operating,-0.5261861593962975,PPPPP,False
600031.SHG,2011Q1,train,operating,-0.6857035397690192,PPPPP,False
600036.SHG,2009Q2,train,bank,-0.2948635700435436,PPPPP,False
600036.SHG,2009Q4,train,bank,-0.11687631732440107,PPPPP,False
600036.SHG,2010Q1,train,bank,-0.16844759332092452,PPPPP,False
600036.SHG,2010Q4,train,bank,-0.04985405185276082,PPPPP,False
600036.SHG,2011Q1,train,bank,-0.221535635884053,PPPPP,False
600036.SHG,2021Q2,later,bank,-0.3105471636920436,PPPPP,False
600036.SHG,2021Q4,later,bank,-0.0509672292312765,PPPPP,True
600085.SHG,2016Q4,later,operating,-0.062416305643776204,PPPPP,False
600085.SHG,2017Q1,later,operating,-0.16350018555377976,PPPPP,False
600276.SHG,2019Q1,later,operating,-0.18973504542664454,PPPPP,False
600276.SHG,2019Q2,later,operating,-0.21346062219540107,PPPPP,False
600276.SHG,2019Q4,later,operating,-0.36169459977227414,PPPPP,False
600276.SHG,2020Q1,later,operating,-0.3089106285488896,PPPPP,False
600276.SHG,2020Q2,later,operating,-0.36248369227048327,PPPPP,False
600276.SHG,2020Q4,later,operating,-0.5071015197328848,PPPPP,False
600276.SHG,2021Q1,later,operating,-0.40642460733971475,PPPPP,False
600276.SHG,2021Q2,later,operating,-0.4440192046485024,PPPPP,False
600276.SHG,2021Q4,later,operating,-0.07778105340978492,PPPPP,False
600332.SHG,2023Q2,later,operating,-0.30686064131476254,PPPPP,True
600406.SHG,2011Q2,train,operating,-0.20670755506371863,PPPPP,False
600406.SHG,2011Q4,train,operating,-0.027385965076236696,PPPPP,False
600406.SHG,2021Q4,later,operating,-0.004031266122264454,PPPPP,False
600436.SHG,2021Q2,later,operating,-0.5379178158154794,PPPPP,False
600436.SHG,2021Q4,later,operating,-0.49228487391576226,PPPPP,False
600436.SHG,2022Q1,later,operating,-0.3462724869267212,PPPPP,False
600436.SHG,2022Q2,later,operating,-0.41656172679091696,PPPPP,False
600436.SHG,2022Q4,later,operating,-0.38410014631584055,PPPPP,False
600436.SHG,2023Q1,later,operating,-0.44470453649237396,PPPPP,False
600436.SHG,2023Q2,later,operating,-0.6066274774485965,PPPPP,False
600519.SHG,2010Q4,train,operating,-0.1926130896565157,PPPPP,False
600519.SHG,2011Q2,train,operating,-0.12150354433155208,PPPPP,False
600585.SHG,2020Q4,later,operating,-0.4883398782985997,PPPPP,False
600585.SHG,2021Q1,later,operating,-0.48623897766563495,PPPPP,False
600585.SHG,2021Q2,later,operating,-0.33241178785551817,PPPPP,True
600585.SHG,2021Q4,later,operating,-0.3275191821874016,PPPPP,True
600585.SHG,2022Q1,later,operating,-0.27901123913486914,PPPPP,True
600600.SHG,2020Q4,later,operating,-0.24271921682153397,PPPPP,False
600600.SHG,2021Q2,later,operating,-0.34303928121186966,PPPPP,False
600600.SHG,2021Q4,later,operating,-0.13960524921458684,PPPPP,False
600600.SHG,2022Q1,later,operating,-0.010906080174092891,PPPPP,False
600600.SHG,2022Q2,later,operating,-0.25972308110495734,PPPPP,False
600600.SHG,2022Q4,later,operating,-0.37108289037015607,PPPPP,False
600600.SHG,2023Q1,later,operating,-0.4371873005149962,PPPPP,False
600741.SHG,2022Q2,later,operating,-0.106802267758068,PPPPP,True
600741.SHG,2023Q2,later,operating,-0.04455134974225938,PPPPP,True
600809.SHG,2022Q2,later,operating,-0.40453557599883483,PPPPP,False
600809.SHG,2022Q4,later,operating,-0.3303479875021158,PPPPP,False
600809.SHG,2023Q1,later,operating,-0.4253395200865544,PPPPP,False
600809.SHG,2023Q2,later,operating,-0.40998704396575736,PPPPP,False
600887.SHG,2006Q2,train,operating,-0.22481101278421378,PPPPP,False
601229.SHG,2017Q1,later,bank,-0.10626480245296144,PPPPP,True
601229.SHG,2017Q2,later,bank,-0.15637603423952273,PPPPP,True
601229.SHG,2018Q4,later,bank,-0.040427820165750306,PPPPP,True
601229.SHG,2019Q1,later,bank,-0.19287706060532206,PPPPP,True
601229.SHG,2019Q2,later,bank,-0.2018526638791306,PPPPP,True
601229.SHG,2019Q4,later,bank,-0.27556968997729725,PPPPP,True
601229.SHG,2020Q1,later,bank,-0.1468189056905489,PPPPP,True
601229.SHG,2020Q2,later,bank,-0.14008559692512146,PPPPP,True
601229.SHG,2020Q4,later,bank,-0.08009159659142218,PPPPP,True
601229.SHG,2021Q1,later,bank,-0.07720567012674451,PPPPP,True
601318.SHG,2018Q4,later,insurer,-0.004593606941424633,PPPPP,False
601318.SHG,2019Q1,later,insurer,-0.3283597210766467,PPPPP,False
601318.SHG,2019Q2,later,insurer,-0.4359238887840705,PPPPP,False
601318.SHG,2019Q4,later,insurer,-0.38592166283166596,PPPPP,False
601318.SHG,2020Q1,later,insurer,-0.25982168899017544,PPPPP,True
601318.SHG,2020Q2,later,insurer,-0.28053439041958417,PPPPP,True
601318.SHG,2020Q4,later,insurer,-0.4552115375484934,PPPPP,True
601318.SHG,2021Q1,later,insurer,-0.4066622819194389,PPPPP,True
601318.SHG,2021Q2,later,insurer,-0.27819740641224733,PPPPP,True
601398.SHG,2017Q4,later,bank,-0.07306760141193636,PPPPP,True
601398.SHG,2019Q1,later,bank,-0.02028849638179353,PPPPP,True
601398.SHG,2019Q2,later,bank,-0.0666261685487004,PPPPP,True
601398.SHG,2019Q4,later,bank,-0.14086020206274064,PPPPP,True
601601.SHG,2019Q2,later,insurer,-0.2958132795684314,PPPPP,False
601601.SHG,2019Q4,later,insurer,-0.28189860408044953,PPPPP,False
601601.SHG,2020Q4,later,insurer,-0.2957053063721966,PPPPP,False
601601.SHG,2021Q1,later,insurer,-0.3188066265416163,PPPPP,False
601628.SHG,2019Q1,later,insurer,-0.04730130393236265,PPPPP,False
601668.SHG,2017Q2,later,operating,-0.23368399828290876,PPPPP,True
601668.SHG,2017Q4,later,operating,-0.16947670334429643,PPPPP,True
601668.SHG,2018Q1,later,operating,-0.0754960961326484,PPPPP,True
601857.SHG,2009Q2,train,operating,-0.32185910874237444,PPPPP,False
601857.SHG,2009Q4,train,operating,-0.26946411327979003,PPPPP,False
601857.SHG,2010Q1,train,operating,-0.2585831893389705,PPPPP,False
601888.SHG,2020Q2,later,operating,-0.3295845370211655,PPPPP,False
601888.SHG,2020Q4,later,operating,-0.708482858188507,PPPPP,False
601888.SHG,2021Q1,later,operating,-0.7299052386017141,PPPPP,False
601888.SHG,2021Q2,later,operating,-0.783662161609299,PPPPP,False
601888.SHG,2021Q4,later,operating,-0.6748772095532638,PPPPP,False
601888.SHG,2022Q1,later,operating,-0.6412085894276547,PPPPP,False
601939.SHG,2017Q4,later,bank,-0.08042747390773752,PPPPP,True
601939.SHG,2019Q2,later,bank,-0.06464116299795886,PPPPP,True
601939.SHG,2019Q4,later,bank,-0.0958075899837123,PPPPP,True
601988.SHG,2017Q4,later,bank,-0.07208858848554889,PPPPP,True
601988.SHG,2019Q2,later,bank,-0.028232660076581317,PPPPP,True
603288.SHG,2020Q2,later,operating,-0.3268113480734689,PPPPP,False
603288.SHG,2020Q4,later,operating,-0.6600685647695856,PPPPP,False
603288.SHG,2021Q1,later,operating,-0.572086879397143,PPPPP,False
603288.SHG,2021Q2,later,operating,-0.640616323703207,PPPPP,False
603288.SHG,2021Q4,later,operating,-0.40429125779225217,PPPPP,False
603288.SHG,2022Q1,later,operating,-0.3683132129072897,PPPPP,False
603288.SHG,2022Q2,later,operating,-0.45585225191659373,PPPPP,False
603288.SHG,2022Q4,later,operating,-0.39357367067087135,PPPPP,False
603288.SHG,2023Q1,later,operating,-0.31873014160247626,PPPPP,False
603369.SHG,2021Q2,later,operating,-0.10367962586636592,PPPPP,False
603369.SHG,2021Q4,later,operating,-0.11907013706985758,PPPPP,False
603369.SHG,2022Q2,later,operating,-0.18254353145346658,PPPPP,False
603369.SHG,2022Q4,later,operating,-0.25944088687260225,PPPPP,False
603369.SHG,2023Q1,later,operating,-0.5679550941927858,PPPPP,False
603369.SHG,2023Q2,later,operating,-0.5157520356082439,PPPPP,False
603899.SHG,2021Q2,later,operating,-0.6056065889855518,PPPPP,False
603899.SHG,2021Q4,later,operating,-0.5069462037996686,PPPPP,False
603899.SHG,2022Q1,later,operating,-0.347771544997063,PPPPP,False
603899.SHG,2022Q2,later,operating,-0.43262611002765783,PPPPP,False
603899.SHG,2022Q4,later,operating,-0.46203159808189176,PPPPP,False
603899.SHG,2023Q1,later,operating,-0.45986881448108285,PPPPP,False
603899.SHG,2023Q2,later,operating,-0.49338671041302706,PPPPP,False
6273.JP,2022Q2,later,operating,-0.08311128924258915,PPPPP,False
6273.JP,2022Q3,later,operating,-0.20390905100434975,PPPPP,False
6273.JP,2023Q1,later,operating,-0.08988167835018601,PPPPP,False
6273.JP,2023Q2,later,operating,-0.08222429492188132,PPPPP,False
7309.JP,2022Q2,later,operating,-0.03299734422190981,PPPPP,False
7309.JP,2022Q3,later,operating,-0.2522227662416131,PPPPP,False
7309.JP,2022Q4,later,operating,-0.16676233014760022,PPPPP,False
7309.JP,2023Q1,later,operating,-0.25982543368654587,PPPPP,False
7309.JP,2023Q2,later,operating,-0.24566727388340048,PPPPP,False
7309.JP,2023Q3,later,operating,-0.06665733978524446,PPPPP,False
A.US,2021Q2,later,operating,-0.10578858190524665,PPPPP,False
A.US,2021Q3,later,operating,-0.02907486102462309,PPPPP,False
A.US,2021Q4,later,operating,-0.1235205635146136,PPPPP,False
A.US,2022Q1,later,operating,-0.10854519802275053,PPPPP,False
A.US,2022Q4,later,operating,-0.07443037208085757,PPPPP,False
A.US,2023Q1,later,operating,-0.15413219014813984,PPPPP,False
ABEV3.SA,2016Q1,later,operating,-0.02327381787349536,PPPPP,False
ABEV3.SA,2017Q1,later,operating,-0.2813253837404005,PPPPP,False
ABEV3.SA,2017Q2,later,operating,-0.16790067942753584,PPPPP,False
ABEV3.SA,2017Q3,later,operating,-0.3483277676495268,PPPPP,False
ABEV3.SA,2017Q4,later,operating,-0.21511887113419748,PPPPP,False
ABEV3.SA,2018Q1,later,operating,-0.30153294923098184,PPPPP,False
ABEV3.SA,2018Q3,later,operating,-0.10326322440973323,PPPPP,False
ABEV3.SA,2019Q2,later,operating,-0.17258085047268357,PPPPP,False
ABEV3.SA,2019Q3,later,operating,-0.11497942458115384,PPPPP,False
ABEV3.SA,2019Q4,later,operating,-0.14691722490794024,PPPPP,False
ABEV3.SA,2021Q1,later,operating,-0.04164725640638911,PPPPP,False
ABEV3.SA,2021Q2,later,operating,-0.23649606297777337,PPPPP,False
ABEV3.SA,2021Q3,later,operating,-0.014122730596613398,PPPPP,False
ABEV3.SA,2021Q4,later,operating,-0.10493598301708995,PPPPP,False
ABEV3.SA,2022Q3,later,operating,-0.11707517506233289,PPPPP,False
ABT.US,2007Q2,train,operating,-0.06083995200624659,PPPPP,False
ABT.US,2007Q4,train,operating,-0.058829592576764345,PPPPP,False
ABT.US,2008Q1,train,operating,-0.02259054109294023,PPPPP,True
ABT.US,2008Q3,train,operating,-0.02911292485364514,PPPPP,True
ABT.US,2023Q2,later,operating,-0.10124254872227112,PPPPP,False
ACGL.US,2017Q1,later,insurer,-0.09353443335636247,PPPPP,False
ACGL.US,2017Q2,later,insurer,-0.09220532258976855,PPPPP,False
ACGL.US,2017Q3,later,insurer,-0.12232449161541381,PPPPP,False
ACN.US,2021Q4,later,operating,-0.09609761153945717,PPPPP,False
ACN.US,2022Q1,later,operating,-0.03996191761844392,PPPPP,False
ACN.US,2022Q3,later,operating,-0.02099979609927649,PPPPP,False
ACN.US,2023Q1,later,operating,-0.2766752507627067,PPPPP,False
ACN.US,2023Q2,later,operating,-0.580856908560129,PPPPP,False
ACN.US,2023Q3,later,operating,-0.37172534651643285,PPPPP,False
ADBE.US,2006Q1,train,operating,-0.40084036603568873,PPPPP,False
ADBE.US,2006Q2,train,operating,-0.07637076368149165,PPPPP,False
ADBE.US,2006Q3,train,operating,-0.10702700228304474,PPPPP,False
ADBE.US,2006Q4,train,operating,-0.07865730294775197,PPPPP,False
ADBE.US,2008Q1,train,operating,-0.10979866181443998,PPPPP,False
ADBE.US,2008Q2,train,operating,-0.22114908541265665,PPPPP,False
ADBE.US,2008Q3,train,operating,-0.365949612971332,PPPPP,False
ADI.US,2005Q4,train,operating,-0.44341901740700074,PPPPP,False
ADI.US,2006Q1,train,operating,-0.45625239487521596,PPPPP,False
ADI.US,2006Q2,train,operating,-0.1716226789547084,PPPPP,False
ADI.US,2007Q1,train,operating,-0.08424956172997511,PPPPP,False
ADI.US,2007Q2,train,operating,-0.20591777444192672,PPPPP,False
ADI.US,2007Q3,train,operating,-0.06768837421082952,PPPPP,False
ADM.LSE,2011Q2,train,insurer,-0.07219171458674267,PPPPP,False
ADP.US,2007Q2,train,operating,-0.09474727646518477,PPPPP,False
ADP.US,2007Q3,train,operating,-0.013019754939143757,PPPPP,False
ADS.XETRA,2019Q1,later,operating,-0.009798481421548155,PPPPP,False
ADS.XETRA,2019Q2,later,operating,-0.3667873439139083,PPPPP,False
ADS.XETRA,2019Q3,later,operating,-0.5663524314702495,PPPPP,False
ADS.XETRA,2019Q4,later,operating,-0.5499653233437782,PPPPP,False
ADS.XETRA,2020Q1,later,operating,-0.16154074501917415,PPPPP,False
ADS.XETRA,2020Q2,later,operating,-0.21830358118960047,PPPPP,False
ADS.XETRA,2020Q3,later,operating,-0.38242961214398963,PPPPP,False
ADS.XETRA,2020Q4,later,operating,-0.3555449751742844,PPPPP,False
ADS.XETRA,2021Q1,later,operating,-0.20966783054500204,PPPPP,False
ADS.XETRA,2023Q1,later,operating,-0.14799013743485878,PPPPP,False
AFL.US,2006Q1,train,insurer,-0.5409549563348731,PPPPP,False
AFL.US,2006Q2,train,insurer,-0.2941452230845242,PPPPP,False
AFL.US,2007Q2,train,insurer,-0.12030650035322565,PPPPP,False
AFL.US,2007Q3,train,insurer,-0.04460576591684895,PPPPP,False
AFL.US,2007Q4,train,insurer,-0.018001276771656527,PPPPP,False
AFL.US,2008Q1,train,insurer,-0.14695717376282535,PPPPP,False
AFL.US,2008Q2,train,insurer,-0.19730234054959628,PPPPP,False
AFL.US,2008Q3,train,insurer,-0.3457228628658371,PPPPP,False
AIZ.US,2019Q4,later,insurer,-0.0007908359020043498,PPPPP,False
AJG.US,2006Q1,train,operating,-0.2952601077762508,PPPPP,False
AJG.US,2006Q2,train,operating,-0.022485477978248736,PPPPP,False
AJG.US,2006Q4,train,operating,-0.11268278621209915,PPPPP,False
AKZA.AS,2006Q2,train,operating,-0.17188531356346903,PPPPP,False
AKZA.AS,2006Q3,train,operating,-0.017279561921972664,PPPPP,False
AKZA.AS,2007Q1,train,operating,-0.16840007535930046,PPPPP,False
AKZA.AS,2007Q2,train,operating,-0.2364944860863507,PPPPP,False
AKZA.AS,2007Q3,train,operating,-0.14324367615254407,PPPPP,False
AKZA.AS,2007Q4,train,operating,-0.03403943261557796,PPPPP,False
ALGN.US,2021Q1,later,operating,-0.39836708417230315,PPPPP,False
ALGN.US,2021Q2,later,operating,-0.6099425098468687,PPPPP,False
ALGN.US,2021Q3,later,operating,-0.6158656190344578,PPPPP,False
ALGN.US,2021Q4,later,operating,-0.6782501374362371,PPPPP,False
ALL.AU,2019Q4,later,operating,-0.07879251713310909,PPPPP,False
ALL.US,2006Q1,train,insurer,-0.5956616590376955,PPPPP,False
ALL.US,2006Q2,train,insurer,-0.5090771037586093,PPPPP,False
ALL.US,2006Q3,train,insurer,-0.45861314083525706,PPPPP,False
ALL.US,2006Q4,train,insurer,-0.4893459548014263,PPPPP,False
ALL.US,2007Q1,train,insurer,-0.39827065975715226,PPPPP,False
ALL.US,2007Q2,train,insurer,-0.4834083570881196,PPPPP,False
ALL.US,2007Q3,train,insurer,-0.3995312569537809,PPPPP,False
ALL.US,2007Q4,train,insurer,-0.3083813540403896,PPPPP,False
ALL.US,2008Q1,train,insurer,-0.2929233372680494,PPPPP,False
ALL.US,2008Q2,train,insurer,-0.2700917309140718,PPPPP,False
ALL.US,2008Q3,train,insurer,-0.40483477537751267,PPPPP,False
ALL.US,2008Q4,train,insurer,-0.09660236196609817,PPPPP,False
ALLE.US,2021Q2,later,operating,-0.11864298563861697,PPPPP,False
ALV.XETRA,2019Q2,later,insurer,-0.0047138116551052045,PPPPP,False
ALV.XETRA,2019Q3,later,insurer,-0.10679716804655748,PPPPP,False
AMBU-B.CO,2019Q1,later,operating,-0.4213190470501581,PPPPP,False
AMBU-B.CO,2019Q2,later,operating,-0.36642990449611956,PPPPP,False
AMBU-B.CO,2019Q3,later,operating,-0.40277452814327186,PPPPP,False
AMBU-B.CO,2019Q4,later,operating,-0.20642403497574657,PPPPP,False
AMBU-B.CO,2020Q1,later,operating,-0.3668909913442675,PPPPP,False
AMBU-B.CO,2020Q2,later,operating,-0.49754211506872525,PPPPP,False
AMBU-B.CO,2020Q3,later,operating,-0.5961290248773896,PPPPP,False
AMBU-B.CO,2020Q4,later,operating,-0.5819941303658305,PPPPP,False
AMBU-B.CO,2021Q1,later,operating,-0.6423159469885846,PPPPP,False
AMBU-B.CO,2021Q2,later,operating,-0.43435162240508696,PPPPP,False
AMBU-B.CO,2021Q3,later,operating,-0.2741796106974511,PPPPP,False
AMGN.US,2020Q2,later,operating,-0.04475230691698573,PPPPP,True
AMS.MC,2017Q1,later,operating,-0.031101503356502858,PPPPP,False
AMS.MC,2017Q2,later,operating,-0.07738926861841744,PPPPP,False
AMS.MC,2017Q3,later,operating,-0.09785921373289919,PPPPP,False
AMS.MC,2018Q2,later,operating,-0.09337452938649404,PPPPP,False
AMS.MC,2018Q3,later,operating,-0.28915089553192497,PPPPP,False
AMS.MC,2018Q4,later,operating,-0.004512670593521451,PPPPP,False
AMS.MC,2019Q1,later,operating,-0.16070866915609816,PPPPP,False
AMS.MC,2019Q2,later,operating,-0.24334070449736633,PPPPP,False
AMS.MC,2019Q3,later,operating,-0.25420550629595606,PPPPP,False
AMS.MC,2019Q4,later,operating,-0.32904526503381837,PPPPP,False
ANZ.AU,2019Q2,later,bank,-0.10322021126160907,PPPPP,True
ANZ.AU,2019Q3,later,bank,-0.0713680025890352,PPPPP,True
AOS.US,2021Q4,later,operating,-0.13949172697488998,PPPPP,False
AOS.US,2023Q2,later,operating,-0.08360227260365549,PPPPP,False
AOS.US,2023Q3,later,operating,-0.09580595582371043,PPPPP,False
ARCAD.AS,2007Q2,train,operating,-0.21585911472636377,PPPPP,False
ASC.LSE,2016Q4,later,operating,-0.3361543003345798,PPPPP,False
ASC.LSE,2017Q1,later,operating,-0.8000669232056216,PPPPP,False
ASC.LSE,2017Q2,later,operating,-0.40157342657342654,PPPPP,False
ASC.LSE,2017Q3,later,operating,-0.1299205946950498,PPPPP,False
ASC.LSE,2017Q4,later,operating,-0.30317599067599066,PPPPP,False
ASC.LSE,2018Q1,later,operating,-0.2053417576105686,PPPPP,False
ASC.LSE,2018Q2,later,operating,-0.1895424836601307,PPPPP,False
ASC.LSE,2018Q3,later,operating,-0.4850771869639794,PPPPP,False
ASC.LSE,2019Q1,later,operating,-0.49671875,PPPPP,False
ASC.LSE,2019Q2,later,operating,-0.6800839374284624,PPPPP,False
ASC.LSE,2019Q3,later,operating,-0.7710261569416499,PPPPP,False
ASHM.LSE,2018Q3,later,operating,-0.07027998013487746,PPPPP,False
ASHM.LSE,2018Q4,later,operating,-0.19513204682189134,PPPPP,False
ASHM.LSE,2019Q1,later,operating,-0.455310842511925,PPPPP,False
ASHM.LSE,2019Q2,later,operating,-0.5753446551525401,PPPPP,False
ASHM.LSE,2019Q3,later,operating,-0.6068487471645301,PPPPP,False
ASHM.LSE,2019Q4,later,operating,-0.5419422131030902,PPPPP,False
ASHM.LSE,2020Q1,later,operating,-0.27572485694208804,PPPPP,False
ASHM.LSE,2020Q2,later,operating,-0.5020121748096418,PPPPP,False
ASHM.LSE,2020Q3,later,operating,-0.48374502880805625,PPPPP,False
ASHM.LSE,2020Q4,later,operating,-0.4857868594206456,PPPPP,False
ASHM.LSE,2021Q1,later,operating,-0.5066967951294075,PPPPP,False
ASHM.LSE,2021Q2,later,operating,-0.5677481145828946,PPPPP,False
ASML.AS,2021Q4,later,operating,-0.0030962134621844717,PPPPP,False
ASX.AU,2019Q3,later,operating,-0.04382059595748333,PPPPP,False
ASX.AU,2019Q4,later,operating,-0.05916122106726962,PPPPP,False
ASX.AU,2020Q1,later,operating,-0.08231836522258451,PPPPP,False
ASX.AU,2020Q2,later,operating,-0.19913680183235383,PPPPP,False
ATE.PA,2017Q1,later,operating,-0.04508905344257641,PPPPP,False
ATE.PA,2019Q2,later,operating,-0.013868959612765575,PPPPP,False
ATE.PA,2021Q2,later,operating,-0.059964743833966105,PPPPP,False
ATE.PA,2021Q3,later,operating,-0.182451979721317,PPPPP,False
ATE.PA,2021Q4,later,operating,-0.48038967918574393,PPPPP,False
ATE.PA,2022Q1,later,operating,-0.3148799517930362,PPPPP,False
ATE.PA,2022Q2,later,operating,-0.2334170825899411,PPPPP,False
ATE.PA,2022Q3,later,operating,-0.353449068507362,PPPPP,False
ATE.PA,2022Q4,later,operating,-0.35550549176409596,PPPPP,False
ATE.PA,2023Q1,later,operating,-0.6258189057464784,PPPPP,False
ATE.PA,2023Q2,later,operating,-0.5988181946282833,PPPPP,False
ATE.PA,2023Q3,later,operating,-0.2791912705983598,PPPPP,False
ATS.TO,2021Q3,later,operating,-0.03917723967049758,PPPPP,False
ATS.TO,2021Q4,later,operating,-0.12721480087363635,PPPPP,False
ATS.TO,2022Q1,later,operating,-0.17729357368726728,PPPPP,False
ATS.TO,2022Q3,later,operating,-0.08701106137826697,PPPPP,False
ATS.TO,2022Q4,later,operating,-0.1153486221704948,PPPPP,False
ATS.TO,2023Q1,later,operating,-0.3106540374793999,PPPPP,False
ATS.TO,2023Q2,later,operating,-0.3363636025853244,PPPPP,False
ATS.TO,2023Q3,later,operating,-0.5304855807504161,PPPPP,False
AUTO.LSE,2023Q1,later,operating,-0.23377996107718657,PPPPP,False
AVY.US,2006Q1,train,operating,-0.5775304976541089,PPPPP,False
AVY.US,2006Q2,train,operating,-0.5071433880640512,PPPPP,False
AVY.US,2006Q3,train,operating,-0.32954838680412657,PPPPP,False
AVY.US,2006Q4,train,operating,-0.4006483390360476,PPPPP,False
AVY.US,2007Q1,train,operating,-0.36719004887369444,PPPPP,False
AVY.US,2007Q2,train,operating,-0.4639277366369764,PPPPP,False
AVY.US,2007Q3,train,operating,-0.2844003104449029,PPPPP,False
AVY.US,2007Q4,train,operating,-0.10057663446430909,PPPPP,False
AVY.US,2021Q4,later,operating,-0.06720610216951728,PPPPP,False
AVY.US,2023Q2,later,operating,-0.009396426546691261,PPPPP,False
AVY.US,2023Q3,later,operating,-0.003261558549119692,PPPPP,False
AZA.ST,2021Q1,later,bank,-0.09673617737867035,PPPPP,False
AZA.ST,2021Q3,later,bank,-0.056327577434943876,PPPPP,False
AZA.ST,2021Q4,later,bank,-0.08218174684784196,PPPPP,False
AZZA3.SA,2021Q1,later,operating,-0.018575741262903733,PPPPP,False
BAB.LSE,2019Q2,later,operating,-0.3269648707774351,PPPPP,False
BAB.LSE,2019Q3,later,operating,-0.491542784458886,PPPPP,False
BAB.LSE,2019Q4,later,operating,-0.5527732952027153,PPPPP,False
BAB.LSE,2020Q1,later,operating,-0.16768810087042907,PPPPP,False
BAG.LSE,2018Q2,later,operating,-0.24358513996938647,PPPPP,False
BAG.LSE,2018Q3,later,operating,-0.29448302778392477,PPPPP,False
BAG.LSE,2018Q4,later,operating,-0.35058473411996605,PPPPP,False
BAG.LSE,2019Q1,later,operating,-0.35122313872465605,PPPPP,False
BAG.LSE,2019Q2,later,operating,-0.43160021049726827,PPPPP,False
BAG.LSE,2019Q3,later,operating,-0.22629051377697262,PPPPP,False
BAG.LSE,2019Q4,later,operating,-0.08219827328635287,PPPPP,False
BAG.LSE,2020Q4,later,operating,-0.014654109241899249,PPPPP,False
BALL.US,2021Q1,later,operating,-0.19051194092924306,PPPPP,False
BALL.US,2021Q2,later,operating,-0.24394475182729436,PPPPP,False
BALL.US,2021Q3,later,operating,-0.2147600014413319,PPPPP,False
BALL.US,2021Q4,later,operating,-0.3851604926464467,PPPPP,False
BALL.US,2022Q1,later,operating,-0.39202009238375535,PPPPP,False
BALL.US,2022Q2,later,operating,-0.17536103071715214,PPPPP,False
BARC.LSE,2009Q2,train,bank,-0.43858142585282656,PPPPP,True
BARC.LSE,2009Q3,train,bank,-0.4079648491548903,PPPPP,True
BARC.LSE,2009Q4,train,bank,-0.06403846053757789,PPPPP,True
BARC.LSE,2010Q1,train,bank,-0.1961001851112476,PPPPP,True
BARC.LSE,2010Q3,train,bank,-0.040397820169520204,PPPPP,True
BARC.LSE,2011Q1,train,bank,-0.12635410116567036,PPPPP,True
BARC.LSE,2011Q2,train,bank,-0.13177219092813508,PPPPP,False
BARC.LSE,2012Q4,train,bank,-0.1394929023963305,PPPPP,True
BARN.SW,2019Q3,later,operating,-0.04788672976785191,PPPPP,False
BARN.SW,2019Q4,later,operating,-0.1152420802031151,PPPPP,False
BARN.SW,2020Q2,later,operating,-0.017806435259640985,PPPPP,False
BARN.SW,2020Q3,later,operating,-0.2688422305733017,PPPPP,False
BATS.LSE,2016Q1,later,operating,-0.21682751310877835,PPPPP,False
BATS.LSE,2016Q2,later,operating,-0.4357422795041914,PPPPP,False
BATS.LSE,2016Q3,later,operating,-0.39562949461265506,PPPPP,False
BATS.LSE,2016Q4,later,operating,-0.29814634312716604,PPPPP,False
BATS.LSE,2017Q1,later,operating,-0.47758297277132455,PPPPP,False
BATS.LSE,2017Q2,later,operating,-0.4060997732234751,PPPPP,False
BATS.LSE,2017Q3,later,operating,-0.4101591807607965,PPPPP,False
BATS.LSE,2017Q4,later,operating,-0.45072160502287784,PPPPP,False
BATS.LSE,2018Q1,later,operating,-0.33018231220810257,PPPPP,False
BB.PA,2016Q1,later,operating,-0.32153406914880467,PPPPP,False
BB.PA,2016Q2,later,operating,-0.4072721910421976,PPPPP,False
BB.PA,2016Q3,later,operating,-0.4709502908320763,PPPPP,False
BB.PA,2016Q4,later,operating,-0.458472302896499,PPPPP,False
BB.PA,2017Q1,later,operating,-0.5052593047693508,PPPPP,False
BBAS3.SA,2023Q2,later,bank,-0.057531444155455747,PPPPP,False
BBY.US,2007Q2,train,operating,-0.24865465091145167,PPPPP,False
BBY.US,2007Q3,train,operating,-0.09213431548174245,PPPPP,False
BBY.US,2007Q4,train,operating,-0.29749383437618815,PPPPP,False
BBY.US,2008Q1,train,operating,-0.3086001468314651,PPPPP,False
BBY.US,2008Q2,train,operating,-0.1714723684329672,PPPPP,True
BBY.US,2008Q3,train,operating,-0.3256189167184246,PPPPP,True
BBY.US,2008Q4,train,operating,-0.15055748702471639,PPPPP,True
BBY.US,2009Q1,train,operating,-0.35905033358248784,PPPPP,False
BBY.US,2022Q1,later,operating,-0.06373602427719127,PPPPP,False
BBY.US,2022Q4,later,operating,-0.03880017353662191,PPPPP,False
BBY.US,2023Q1,later,operating,-0.052656414753928904,PPPPP,False
BC8.XETRA,2019Q4,later,operating,-0.2062672612762173,PPPPP,False
BC8.XETRA,2020Q2,later,operating,-0.28226069987304825,PPPPP,False
BC8.XETRA,2020Q3,later,operating,-0.22096959138298822,PPPPP,False
BC8.XETRA,2020Q4,later,operating,-0.2174995586496089,PPPPP,False
BC8.XETRA,2021Q1,later,operating,-0.06207663079614245,PPPPP,False
BC8.XETRA,2021Q2,later,operating,-0.11563752385353154,PPPPP,False
BC8.XETRA,2021Q3,later,operating,-0.28737086735131956,PPPPP,False
BC8.XETRA,2021Q4,later,operating,-0.4841704347794006,PPPPP,False
BC8.XETRA,2022Q1,later,operating,-0.29183914775193776,PPPPP,False
BC8.XETRA,2023Q1,later,operating,-0.2738197558750841,PPPPP,False
BC8.XETRA,2023Q2,later,operating,-0.08861964815683077,PPPPP,False
BC8.XETRA,2023Q3,later,operating,-0.16863071640109073,PPPPP,False
BDX.US,2007Q2,train,operating,-0.05124654264966644,PPPPP,False
BDX.US,2007Q3,train,operating,-0.055359469052136956,PPPPP,False
BDX.US,2008Q1,train,operating,-0.03377184042742365,PPPPP,False
BDX.US,2008Q3,train,operating,-0.02852647800828856,PPPPP,False
BEI.XETRA,2019Q2,later,operating,-0.060678605627823456,PPPPP,False
BEI.XETRA,2019Q3,later,operating,-0.036320134268894466,PPPPP,False
BEI.XETRA,2022Q3,later,operating,-0.07597501145598662,PPPPP,False
BEI.XETRA,2022Q4,later,operating,-0.10662914049319072,PPPPP,False
BEI.XETRA,2023Q1,later,operating,-0.3548931720680546,PPPPP,False
BEI.XETRA,2023Q2,later,operating,-0.35637315111403256,PPPPP,False
BEI.XETRA,2023Q3,later,operating,-0.35025017289628035,PPPPP,False
BEN.US,2005Q4,train,operating,-0.32142371020425586,PPPPP,False
BEN.US,2006Q1,train,operating,-0.4184559932634949,PPPPP,False
BEN.US,2006Q2,train,operating,-0.15418531375570677,PPPPP,False
BEN.US,2006Q3,train,operating,-0.022461829739544137,PPPPP,False
BEN.US,2006Q4,train,operating,-0.018992947354437684,PPPPP,False
BEN.US,2007Q1,train,operating,-0.029374719730599796,PPPPP,False
BEN.US,2007Q2,train,operating,-0.31983219594767953,PPPPP,False
BEN.US,2007Q3,train,operating,-0.1311419591340951,PPPPP,False
BEN.US,2012Q3,train,operating,-0.05576197122619875,PPPPP,True
BEN.US,2012Q4,train,operating,-0.11475946701828499,PPPPP,True
BF-A.US,2006Q2,train,operating,-0.13365687553576167,PPPPP,False
BF-A.US,2006Q3,train,operating,-0.10229674914989084,PPPPP,False
BIIB.US,2018Q3,later,operating,-0.1973281365043592,PPPPP,False
BIIB.US,2018Q4,later,operating,-0.21257672963823815,PPPPP,False
BIIB.US,2019Q1,later,operating,-0.0941545824441562,PPPPP,True
BIIB.US,2019Q2,later,operating,-0.13397597484311774,PPPPP,True
BIIB.US,2019Q4,later,operating,-0.0588634359076905,PPPPP,False
BIIB.US,2020Q1,later,operating,-0.05196573398331783,PPPPP,False
BIIB.US,2020Q3,later,operating,-0.10001049419089891,PPPPP,True
BIIB.US,2021Q1,later,operating,-0.22632840051029435,PPPPP,True
BIIB.US,2021Q2,later,operating,-0.33560702051207636,PPPPP,False
BIIB.US,2021Q3,later,operating,-0.31732057944920466,PPPPP,False
BIIB.US,2021Q4,later,operating,-0.37363808244758623,PPPPP,False
BIM.PA,2020Q1,later,operating,-0.08944018402509313,PPPPP,False
BIM.PA,2020Q2,later,operating,-0.21352446396478775,PPPPP,False
BIM.PA,2020Q3,later,operating,-0.29319096708858794,PPPPP,False
BIM.PA,2020Q4,later,operating,-0.13246871034196472,PPPPP,False
BIM.PA,2021Q1,later,operating,-0.03771179502864652,PPPPP,False
BIM.PA,2021Q2,later,operating,-0.05509371522838136,PPPPP,False
BIM.PA,2021Q4,later,operating,-0.15302373654709023,PPPPP,False
BIM.PA,2023Q1,later,operating,-0.02902472490503083,PPPPP,False
BIM.PA,2023Q2,later,operating,-0.24352433897557824,PPPPP,False
BIM.PA,2023Q3,later,operating,-0.12191531642582232,PPPPP,False
BKG.LSE,2019Q2,later,operating,-0.004752725617562903,PPPPP,True
BKG.LSE,2019Q3,later,operating,-0.20812299825374225,PPPPP,True
BKG.LSE,2019Q4,later,operating,-0.23701660545934766,PPPPP,True
BKG.LSE,2020Q2,later,operating,-0.059688513957846134,PPPPP,True
BKG.LSE,2020Q3,later,operating,-0.05025854606118574,PPPPP,True
BKG.LSE,2020Q4,later,operating,-0.0011063264717788845,PPPPP,True
BKG.LSE,2021Q2,later,operating,-0.020834471316438008,PPPPP,False
BKG.LSE,2021Q4,later,operating,-0.23182931949309082,PPPPP,True
BKG.LSE,2022Q1,later,operating,-0.07148931831547645,PPPPP,True
BKG.LSE,2022Q2,later,operating,-0.0039932722475043425,PPPPP,True
BKNG.US,2017Q1,later,operating,-0.24164179805946162,PPPPP,False
BKNG.US,2017Q2,later,operating,-0.13606740093477276,PPPPP,False
BKNG.US,2017Q3,later,operating,-0.0790266702673712,PPPPP,False
BKNG.US,2019Q2,later,operating,-0.07871286517709108,PPPPP,False
BKNG.US,2019Q3,later,operating,-0.16926944338520133,PPPPP,False
BKNG.US,2019Q4,later,operating,-0.028584148048800606,PPPPP,False
BN.PA,2017Q2,later,operating,-0.023599699759656034,PPPPP,False
BN.PA,2017Q3,later,operating,-0.09384226970297149,PPPPP,False
BN.PA,2017Q4,later,operating,-0.14645273665914527,PPPPP,False
BN.PA,2018Q1,later,operating,-0.01096754416796486,PPPPP,False
BN.PA,2018Q3,later,operating,-0.04636471543335574,PPPPP,False
BN.PA,2018Q4,later,operating,-0.016279101523383965,PPPPP,False
BN.PA,2019Q1,later,operating,-0.1947534693062084,PPPPP,False
BNR.XETRA,2021Q2,later,operating,-0.13378794431853225,PPPPP,False
BNR.XETRA,2021Q3,later,operating,-0.08843391061921091,PPPPP,False
BNR.XETRA,2021Q4,later,operating,-0.21168645011411857,PPPPP,False
BNR.XETRA,2022Q1,later,operating,-0.10945930497980805,PPPPP,False
BNR.XETRA,2022Q2,later,operating,-0.00161607240273276,PPPPP,False
BNR.XETRA,2022Q3,later,operating,-0.11659272624373707,PPPPP,False
BNR.XETRA,2022Q4,later,operating,-0.10158897375497111,PPPPP,False
BNR.XETRA,2023Q1,later,operating,-0.08229070391522397,PPPPP,False
BNR.XETRA,2023Q2,later,operating,-0.16439648391000183,PPPPP,False
BNR.XETRA,2023Q3,later,operating,-0.10201761341094784,PPPPP,False
BNS.TO,2022Q1,later,bank,-0.08083266449029403,PPPPP,True
BNY.US,2019Q3,later,bank,-0.03811884352370598,PPPPP,False
BNY.US,2019Q4,later,bank,-0.021660052430831245,PPPPP,False
BNZL.LSE,2006Q2,train,operating,-0.19594525953280761,PPPPP,False
BNZL.LSE,2006Q3,train,operating,-0.061269915587628954,PPPPP,False
BNZL.LSE,2007Q1,train,operating,-0.009409901864991133,PPPPP,False
BNZL.LSE,2007Q2,train,operating,-0.04107650195481727,PPPPP,False
BNZL.LSE,2016Q2,later,operating,-0.1030296335316957,PPPPP,False
BNZL.LSE,2016Q3,later,operating,-0.08898446574398333,PPPPP,False
BNZL.LSE,2016Q4,later,operating,-0.026709621994117305,PPPPP,False
BNZL.LSE,2017Q1,later,operating,-0.29138570741332603,PPPPP,False
BNZL.LSE,2017Q2,later,operating,-0.05118109350619493,PPPPP,False
BNZL.LSE,2022Q1,later,operating,-0.007741517186351188,PPPPP,False
BNZL.LSE,2022Q2,later,operating,-0.14583149757356018,PPPPP,False
BNZL.LSE,2022Q3,later,operating,-0.1530848918087755,PPPPP,False
BNZL.LSE,2022Q4,later,operating,-0.2574958411388856,PPPPP,False
BNZL.LSE,2023Q1,later,operating,-0.2622030023698717,PPPPP,False
BNZL.LSE,2023Q2,later,operating,-0.11256261089383834,PPPPP,False
BNZL.LSE,2023Q3,later,operating,-0.10012912550608921,PPPPP,False
BOSS.XETRA,2016Q4,later,operating,-0.17189274534330468,PPPPP,False
BOSS.XETRA,2017Q1,later,operating,-0.6171234415697375,PPPPP,False
BOSS.XETRA,2017Q2,later,operating,-0.5265007266346109,PPPPP,False
BOSS.XETRA,2017Q3,later,operating,-0.691953429405693,PPPPP,False
BOSS.XETRA,2017Q4,later,operating,-0.5888294693075273,PPPPP,False
BOSS.XETRA,2018Q1,later,operating,-0.4864709341740665,PPPPP,False
BOSS.XETRA,2018Q2,later,operating,-0.37723651694187643,PPPPP,True
BOSS.XETRA,2018Q3,later,operating,-0.19970459574178046,PPPPP,True
BOSS.XETRA,2019Q1,later,operating,-0.10302712635836431,PPPPP,True
BOSS.XETRA,2019Q2,later,operating,-0.12910750492638234,PPPPP,False
BOY.LSE,2020Q4,later,operating,-0.2195532885782865,PPPPP,False
BOY.LSE,2021Q1,later,operating,-0.16610317689716092,PPPPP,False
BR.US,2023Q2,later,operating,-0.11952159578359622,PPPPP,False
BR.US,2023Q3,later,operating,-0.03911349634233596,PPPPP,False
BRBY.LSE,2019Q2,later,operating,-0.12897859692748825,PPPPP,False
BRBY.LSE,2019Q3,later,operating,-0.14226423589440174,PPPPP,False
BRBY.LSE,2019Q4,later,operating,-0.07717626242880371,PPPPP,False
BRBY.LSE,2023Q2,later,operating,-0.49520099113447114,PPPPP,False
BRBY.LSE,2023Q3,later,operating,-0.46100973206974805,PPPPP,False
BRG.AU,2020Q2,later,operating,-0.11849140603105646,PPPPP,False
BRG.AU,2020Q3,later,operating,-0.11935522075963789,PPPPP,False
BRG.AU,2021Q2,later,operating,-0.053171635974704645,PPPPP,False
BT-A.LSE,2016Q1,later,operating,-0.49090999671716085,PPPPP,False
BTRW.LSE,2022Q4,later,operating,-0.07896980745615101,PPPPP,True
BTRW.LSE,2023Q1,later,operating,-0.43985245490090163,PPPPP,True
BTRW.LSE,2023Q2,later,operating,-0.3253916899657425,PPPPP,True
BUCN.SW,2017Q1,later,operating,-0.0722153455576785,PPPPP,False
BUCN.SW,2020Q4,later,operating,-0.0814121804062945,PPPPP,False
BUCN.SW,2021Q1,later,operating,-0.12989860862493985,PPPPP,False
BUCN.SW,2023Q1,later,operating,-0.09916984681789587,PPPPP,False
BUCN.SW,2023Q2,later,operating,-0.09854320099909031,PPPPP,False
CAH.US,2006Q3,train,operating,-0.4078367655098065,PPPPP,False
CAH.US,2006Q4,train,operating,-0.26949397174571443,PPPPP,False
CAH.US,2007Q1,train,operating,-0.28252727597699967,PPPPP,False
CAH.US,2007Q2,train,operating,-0.2986293555709615,PPPPP,False
CAH.US,2007Q3,train,operating,-0.2185127985714348,PPPPP,False
CAH.US,2007Q4,train,operating,-0.0038160493481305124,PPPPP,False
CAH.US,2016Q1,later,operating,-0.35867219860551103,PPPPP,False
CAH.US,2016Q2,later,operating,-0.3387419196073356,PPPPP,False
CAH.US,2016Q3,later,operating,-0.3126002465691188,PPPPP,False
CAH.US,2016Q4,later,operating,-0.24777367900620673,PPPPP,False
CAH.US,2017Q1,later,operating,-0.34114803427540497,PPPPP,False
CAH.US,2017Q2,later,operating,-0.2556502668474856,PPPPP,False
CAH.US,2017Q3,later,operating,-0.22907693214833313,PPPPP,False
CAH.US,2017Q4,later,operating,-0.04927531771926841,PPPPP,False
CAP.PA,2022Q2,later,operating,-0.04784338473187644,PPPPP,False
CAP.PA,2022Q3,later,operating,-0.2042279910208029,PPPPP,False
CAP.PA,2022Q4,later,operating,-0.04767774704580863,PPPPP,False
CAP.PA,2023Q1,later,operating,-0.3687727228257681,PPPPP,False
CAP.PA,2023Q2,later,operating,-0.45585463407616666,PPPPP,False
CAP.PA,2023Q3,later,operating,-0.3196441464728923,PPPPP,False
CARL-B.CO,2022Q3,later,operating,-0.09478714865523263,PPPPP,False
CARL-B.CO,2022Q4,later,operating,-0.015614924186563073,PPPPP,False
CARL-B.CO,2023Q1,later,operating,-0.17284380984048198,PPPPP,False
CARL-B.CO,2023Q2,later,operating,-0.1307049571167601,PPPPP,False
CBG.LSE,2017Q1,later,bank,-0.2607103975240498,PPPPP,False
CBG.LSE,2017Q2,later,bank,-0.2624670548647503,PPPPP,False
CBG.LSE,2017Q3,later,bank,-0.3022521921080682,PPPPP,False
CBG.LSE,2017Q4,later,bank,-0.052866427174027675,PPPPP,False
CBG.LSE,2018Q3,later,bank,-0.011532863664889037,PPPPP,False
CBOE.US,2018Q1,later,operating,-0.08613109393073581,PPPPP,False
CCC.LSE,2021Q3,later,operating,-0.0849471976514703,PPPPP,False
CCC.LSE,2021Q4,later,operating,-0.2669549189462217,PPPPP,False
CCC.LSE,2022Q1,later,operating,-0.1651514178133794,PPPPP,False
CCL-B.TO,2019Q2,later,operating,-0.029891530902392938,PPPPP,False
CDA.AU,2019Q4,later,operating,-0.39375399065415884,PPPPP,False
CDA.AU,2020Q3,later,operating,-0.2375472956714998,PPPPP,False
CDA.AU,2020Q4,later,operating,-0.17554529756159687,PPPPP,False
CDA.AU,2021Q1,later,operating,-0.31788412805272703,PPPPP,False
CDA.AU,2021Q2,later,operating,-0.2583132900376671,PPPPP,False
CDW.US,2021Q4,later,operating,-0.12050776098894,PPPPP,False
CDW.US,2022Q1,later,operating,-0.06583914167553018,PPPPP,False
CDW.US,2022Q4,later,operating,-0.21155092196491676,PPPPP,False
CDW.US,2023Q1,later,operating,-0.34932796605032634,PPPPP,False
CDW.US,2023Q2,later,operating,-0.19867691866884707,PPPPP,False
CDW.US,2023Q3,later,operating,-0.3330576340859558,PPPPP,False
CGF.AU,2016Q2,later,insurer,-0.1663184534425668,PPPPP,False
CGF.AU,2016Q3,later,insurer,-0.20402399970303642,PPPPP,False
CGF.AU,2016Q4,later,insurer,-0.21803520665407627,PPPPP,False
CGF.AU,2017Q1,later,insurer,-0.5922752831123248,PPPPP,False
CGF.AU,2017Q2,later,insurer,-0.6313648031314882,PPPPP,False
CGF.AU,2017Q3,later,insurer,-0.6615130055819829,PPPPP,False
CGF.AU,2017Q4,later,insurer,-0.49309176114791875,PPPPP,False
CGF.AU,2018Q1,later,insurer,-0.36389073280378403,PPPPP,False
CGF.AU,2018Q2,later,insurer,-0.501548593276083,PPPPP,False
CGF.AU,2018Q3,later,insurer,-0.3676345083680824,PPPPP,False
CGF.AU,2018Q4,later,insurer,-0.21210541166426433,PPPPP,False
CGF.AU,2019Q1,later,insurer,-0.09243442233905874,PPPPP,False
CHD.US,2019Q3,later,operating,-0.02061669816409495,PPPPP,False
CHG.LSE,2009Q2,train,operating,-0.3655665985125848,PPPPP,False
CHG.LSE,2009Q3,train,operating,-0.33288034561763646,PPPPP,False
CHG.LSE,2009Q4,train,operating,-0.6126440473358026,PPPPP,False
CHRW.US,2006Q1,train,operating,-0.030788360832926687,PPPPP,False
CHRW.US,2010Q3,train,operating,-0.08712637855572103,PPPPP,False
CHRW.US,2010Q4,train,operating,-0.23727980533847093,PPPPP,False
CHRW.US,2011Q1,train,operating,-0.25278805286585393,PPPPP,False
CHRW.US,2011Q2,train,operating,-0.15283673878759185,PPPPP,False
CHRW.US,2017Q1,later,operating,-0.07370507242462776,PPPPP,False
CHRW.US,2018Q3,later,operating,-0.04549823104668438,PPPPP,False
CL.US,2017Q1,later,operating,-0.028378837775190235,PPPPP,False
CL.US,2020Q3,later,operating,-0.009362491288372188,PPPPP,False
CLX.US,2019Q1,later,operating,-0.05659660149528367,PPPPP,False
CLX.US,2019Q2,later,operating,-0.006024099410224082,PPPPP,False
CLX.US,2019Q3,later,operating,-0.08424208583350101,PPPPP,False
CLX.US,2019Q4,later,operating,-0.00631411734042131,PPPPP,False
CLX.US,2020Q1,later,operating,-0.019339145588389894,PPPPP,False
CLX.US,2020Q2,later,operating,-0.21468609851153542,PPPPP,False
CLX.US,2020Q3,later,operating,-0.3269487669510066,PPPPP,False
CLX.US,2020Q4,later,operating,-0.22311438724597377,PPPPP,False
CLX.US,2021Q1,later,operating,-0.13010380279245337,PPPPP,False
CLX.US,2021Q2,later,operating,-0.1619938616088562,PPPPP,False
CLX.US,2022Q2,later,operating,-0.07918439636243402,PPPPP,False
CM.TO,2007Q1,train,bank,-0.13900853171240124,PPPPP,False
CM.TO,2007Q2,train,bank,-0.19654884974845088,PPPPP,False
CM.TO,2007Q3,train,bank,-0.12290064417212854,PPPPP,False
CM.TO,2017Q1,later,bank,-0.1749696441557187,PPPPP,False
CMI.US,2017Q1,later,operating,-0.01318672309500446,PPPPP,False
COH.AU,2019Q2,later,operating,-0.02740873669729138,PPPPP,False
COH.AU,2019Q3,later,operating,-0.06539195370840989,PPPPP,False
COH.AU,2019Q4,later,operating,-0.07081074508811946,PPPPP,False
COHR.US,2011Q3,train,operating,-0.283627496095914,PPPPP,False
COHR.US,2011Q4,train,operating,-0.2720000203450521,PPPPP,False
COHR.US,2012Q1,train,operating,-0.2343426537887806,PPPPP,False
COLO-B.CO,2020Q1,later,operating,-0.05451685097270209,PPPPP,False
COLO-B.CO,2020Q2,later,operating,-0.12350111901461702,PPPPP,False
COLO-B.CO,2020Q3,later,operating,-0.19398114738950734,PPPPP,False
COLO-B.CO,2020Q4,later,operating,-0.11876061585047948,PPPPP,False
COLO-B.CO,2021Q2,later,operating,-0.14262616095634528,PPPPP,False
COLO-B.CO,2021Q3,later,operating,-0.061981658652961014,PPPPP,False
COLO-B.CO,2021Q4,later,operating,-0.25766834604025024,PPPPP,False
COLO-B.CO,2022Q1,later,operating,-0.24579606763828388,PPPPP,False
COLO-B.CO,2022Q2,later,operating,-0.21377278940376954,PPPPP,False
COLO-B.CO,2022Q3,later,operating,-0.24310806260584616,PPPPP,False
COLO-B.CO,2022Q4,later,operating,-0.27628011348495496,PPPPP,False
COLO-B.CO,2023Q1,later,operating,-0.46398747176432487,PPPPP,False
COLO-B.CO,2023Q2,later,operating,-0.5100684838423946,PPPPP,False
COLO-B.CO,2023Q3,later,operating,-0.37181909303387073,PPPPP,False
CON.XETRA,2019Q3,later,operating,-0.5190959509182898,PPPPP,True
CON.XETRA,2019Q4,later,operating,-0.4074799482113648,PPPPP,True
COO.US,2019Q2,later,operating,-0.07859515039063625,PPPPP,False
COO.US,2019Q3,later,operating,-0.09836677593759302,PPPPP,False
COO.US,2020Q3,later,operating,-0.060822830638193826,PPPPP,False
COP.US,2006Q1,train,operating,-0.34426264871683276,PPPPP,False
COP.US,2006Q2,train,operating,-0.31801218900024475,PPPPP,False
COP.US,2006Q3,train,operating,-0.15991014761714384,PPPPP,False
COP.US,2006Q4,train,operating,-0.18102964242710406,PPPPP,False
COR.US,2016Q1,later,operating,-0.017253475259354056,PPPPP,False
CPRT.US,2023Q1,later,operating,-0.12029678626426021,PPPPP,False
CPRT.US,2023Q2,later,operating,-0.3752908468906899,PPPPP,False
CPRT.US,2023Q3,later,operating,-0.3745987768306721,PPPPP,False
CRDA.LSE,2020Q3,later,operating,-0.22245988113944004,PPPPP,False
CRDA.LSE,2020Q4,later,operating,-0.23843494880988836,PPPPP,False
CRDA.LSE,2021Q1,later,operating,-0.23587444410852565,PPPPP,False
CRDA.LSE,2021Q2,later,operating,-0.4630314610716375,PPPPP,False
CRDA.LSE,2021Q3,later,operating,-0.5000740355222204,PPPPP,False
CRDA.LSE,2021Q4,later,operating,-0.6580953699973554,PPPPP,False
CRDA.LSE,2022Q1,later,operating,-0.6279075033214658,PPPPP,False
CRDA.LSE,2023Q2,later,operating,-0.4650181044587224,PPPPP,False
CRDA.LSE,2023Q3,later,operating,-0.3052046058141462,PPPPP,False
CRL.US,2020Q3,later,operating,-0.14961385915924907,PPPPP,False
CRL.US,2020Q4,later,operating,-0.05315017571106584,PPPPP,False
CRL.US,2021Q1,later,operating,-0.07893395030356254,PPPPP,False
CRL.US,2021Q2,later,operating,-0.4456311890553408,PPPPP,False
CRL.US,2021Q3,later,operating,-0.527298471125665,PPPPP,False
CRL.US,2021Q4,later,operating,-0.4902101196566214,PPPPP,False
CRL.US,2022Q1,later,operating,-0.4785560785599797,PPPPP,False
CRL.US,2022Q2,later,operating,-0.30663074323473916,PPPPP,False
CRL.US,2022Q3,later,operating,-0.23224882541613123,PPPPP,False
CRL.US,2022Q4,later,operating,-0.08663003066709274,PPPPP,False
CRL.US,2023Q1,later,operating,-0.1386197706396538,PPPPP,False
CSCO.US,2019Q2,later,operating,-0.14834609672200838,PPPPP,False
CSCO.US,2021Q2,later,operating,-0.026592235869103975,PPPPP,False
CSNA3.SA,2009Q2,train,operating,-0.3959327392643165,PPPPP,False
CSNA3.SA,2009Q3,train,operating,-0.501026885655188,PPPPP,False
CSNA3.SA,2009Q4,train,operating,-0.5095838428665299,PPPPP,False
CSNA3.SA,2010Q1,train,operating,-0.7104921273758786,PPPPP,False
CSNA3.SA,2011Q2,train,operating,-0.40909288902120144,PPPPP,False
CSNA3.SA,2011Q3,train,operating,-0.24235617647461982,PPPPP,False
CSNA3.SA,2011Q4,train,operating,-0.547042934889394,PPPPP,False
CSNA3.SA,2012Q1,train,operating,-0.5963268584031398,PPPPP,False
CSNA3.SA,2012Q2,train,operating,-0.4411422404925125,PPPPP,False
CSNA3.SA,2012Q3,train,operating,-0.5760601639317697,PPPPP,False
CSNA3.SA,2012Q4,train,operating,-0.6128044405268602,PPPPP,False
CTAS.US,2006Q3,train,operating,-0.2175690808710078,PPPPP,False
CTAS.US,2006Q4,train,operating,-0.32602319197095286,PPPPP,False
CTAS.US,2007Q1,train,operating,-0.17658649799006698,PPPPP,False
CTAS.US,2007Q2,train,operating,-0.3641409573631549,PPPPP,False
CTAS.US,2007Q3,train,operating,-0.23455517614385046,PPPPP,False
CTAS.US,2007Q4,train,operating,-0.07129300994814403,PPPPP,False
CTSH.US,2017Q1,later,operating,-0.17569759317850397,PPPPP,False
CTSH.US,2017Q2,later,operating,-0.11818808602173647,PPPPP,False
CTSH.US,2017Q3,later,operating,-0.0069962466725495,PPPPP,False
CTSH.US,2018Q2,later,operating,-0.09492493327499074,PPPPP,False
CTSH.US,2019Q3,later,operating,-0.013707885081526205,PPPPP,False
CTSH.US,2019Q4,later,operating,-0.03727572907883148,PPPPP,False
CTSH.US,2020Q4,later,operating,-0.00485514968169154,PPPPP,False
CTSH.US,2021Q1,later,operating,-0.027082462528385864,PPPPP,False
CTSH.US,2021Q4,later,operating,-0.09860945267970134,PPPPP,False
CTSH.US,2022Q1,later,operating,-0.10732471997529736,PPPPP,False
CVS.US,2016Q1,later,operating,-0.44554690483755977,PPPPP,False
CVS.US,2016Q2,later,operating,-0.378516395668972,PPPPP,False
CVS.US,2016Q3,later,operating,-0.2117614396616686,PPPPP,False
CVS.US,2017Q1,later,operating,-0.16988005782458493,PPPPP,False
CVS.US,2017Q2,later,operating,-0.1182512946781823,PPPPP,False
CVS.US,2017Q3,later,operating,-0.2078611632529348,PPPPP,False
CVS.US,2022Q1,later,operating,-0.25755637941504805,PPPPP,False
CVS.US,2022Q2,later,operating,-0.18239482084658298,PPPPP,False
CVS.US,2022Q3,later,operating,-0.13698843680521122,PPPPP,False
CVS.US,2022Q4,later,operating,-0.04208854052151878,PPPPP,False
CVX.US,2007Q2,train,operating,-0.11915112317616794,PPPPP,False
CVX.US,2007Q3,train,operating,-0.04929467222284589,PPPPP,False
CVX.US,2012Q3,train,operating,-0.25036420084746636,PPPPP,False
CVX.US,2012Q4,train,operating,-0.08870427377549195,PPPPP,False
CWK.LSE,2006Q2,train,operating,-0.13390759242115335,PPPPP,False
CWK.LSE,2006Q3,train,operating,-0.07704018518909528,PPPPP,False
CWK.LSE,2006Q4,train,operating,-0.14314966856449463,PPPPP,False
CWK.LSE,2007Q1,train,operating,-0.14780543928250778,PPPPP,False
DEC.PA,2016Q1,later,operating,-0.2543726393295538,PPPPP,False
DEC.PA,2016Q2,later,operating,-0.0789376381082072,PPPPP,False
DEC.PA,2016Q3,later,operating,-0.07321867554661265,PPPPP,False
DEC.PA,2017Q1,later,operating,-0.4590706462142259,PPPPP,False
DEMANT.CO,2019Q4,later,operating,-0.07694152723942471,PPPPP,False
DEMANT.CO,2022Q2,later,operating,-0.02903342050451463,PPPPP,False
DEMANT.CO,2023Q1,later,operating,-0.19476747741233502,PPPPP,False
DEMANT.CO,2023Q2,later,operating,-0.043850223860851134,PPPPP,False
DG.US,2020Q2,later,operating,-0.08803584307380763,PPPPP,False
DG.US,2020Q3,later,operating,-0.4862861323140536,PPPPP,False
DG.US,2020Q4,later,operating,-0.3327653250612643,PPPPP,False
DG.US,2021Q1,later,operating,-0.2029394921658184,PPPPP,False
DG.US,2021Q2,later,operating,-0.37140768038283367,PPPPP,False
DG.US,2021Q3,later,operating,-0.5803509816406968,PPPPP,False
DG.US,2021Q4,later,operating,-0.6646598966155688,PPPPP,False
DG.US,2022Q1,later,operating,-0.5921507700019453,PPPPP,False
DG.US,2022Q2,later,operating,-0.5117895905893266,PPPPP,False
DG.US,2022Q3,later,operating,-0.5578698099528887,PPPPP,False
DG.US,2022Q4,later,operating,-0.430397586476418,PPPPP,False
DG.US,2023Q1,later,operating,-0.404316667567335,PPPPP,False
DG.US,2023Q2,later,operating,-0.28124379934191623,PPPPP,False
DGX.US,2021Q4,later,operating,-0.024184642305402404,PPPPP,False
DHR.US,2006Q1,train,operating,-0.14089721057134352,PPPPP,False
DHR.US,2006Q2,train,operating,-0.04564671937982856,PPPPP,False
DHR.US,2021Q4,later,operating,-0.16956627474980568,PPPPP,False
DHR.US,2022Q1,later,operating,-0.19666008184041517,PPPPP,False
DHR.US,2022Q2,later,operating,-0.12447860720686199,PPPPP,False
DHR.US,2022Q3,later,operating,-0.1557011181610043,PPPPP,False
DHR.US,2022Q4,later,operating,-0.00048068616139929077,PPPPP,False
DHR.US,2023Q1,later,operating,-0.1309419589331352,PPPPP,False
DHR.US,2023Q2,later,operating,-0.07709628540752045,PPPPP,False
DIM.PA,2020Q3,later,operating,-0.2370600290143099,PPPPP,False
DIM.PA,2020Q4,later,operating,-0.2000418094219628,PPPPP,False
DIM.PA,2021Q1,later,operating,-0.23806661577303656,PPPPP,False
DIM.PA,2021Q2,later,operating,-0.6079188356106999,PPPPP,False
DIM.PA,2021Q3,later,operating,-0.5827365578373105,PPPPP,False
DIM.PA,2021Q4,later,operating,-0.6023110531852023,PPPPP,False
DIM.PA,2022Q1,later,operating,-0.5165704298821006,PPPPP,False
DIM.PA,2022Q2,later,operating,-0.32428418940310877,PPPPP,False
DIM.PA,2022Q3,later,operating,-0.46842630046899736,PPPPP,False
DIM.PA,2022Q4,later,operating,-0.27817587236781416,PPPPP,False
DIM.PA,2023Q1,later,operating,-0.38412988540673754,PPPPP,False
DIM.PA,2023Q2,later,operating,-0.19759621459015997,PPPPP,False
DIM.PA,2023Q3,later,operating,-0.04172082988564607,PPPPP,False
DIS.US,2017Q1,later,operating,-0.10887746538693188,PPPPP,False
DIS.US,2019Q2,later,operating,-0.325424029409059,PPPPP,False
DIS.US,2019Q3,later,operating,-0.2675017567443708,PPPPP,False
DIS.US,2019Q4,later,operating,-0.4137652625833349,PPPPP,False
DIS.US,2020Q2,later,operating,-0.20998141990267938,PPPPP,False
DIS.US,2020Q3,later,operating,-0.34271343200204873,PPPPP,False
DLTR.US,2017Q1,later,operating,-0.05468347829706266,PPPPP,False
DLTR.US,2017Q4,later,operating,-0.005980324880656029,PPPPP,False
DNLM.LSE,2016Q1,later,operating,-0.04128810303006869,PPPPP,False
DNLM.LSE,2016Q3,later,operating,-0.01953222995803494,PPPPP,False
DNLM.LSE,2019Q2,later,operating,-0.10758436160180584,PPPPP,False
DNLM.LSE,2019Q3,later,operating,-0.11981748957381144,PPPPP,True
DNLM.LSE,2019Q4,later,operating,-0.15413008385428317,PPPPP,False
DNLM.LSE,2020Q2,later,operating,-0.059390766703370845,PPPPP,False
DNLM.LSE,2020Q3,later,operating,-0.2699825620649128,PPPPP,False
DNLM.LSE,2020Q4,later,operating,-0.11699857875020392,PPPPP,False
DNLM.LSE,2021Q1,later,operating,-0.14159091617002717,PPPPP,False
DNLM.LSE,2021Q2,later,operating,-0.2648879953282892,PPPPP,False
DNLM.LSE,2021Q3,later,operating,-0.1528404787289417,PPPPP,False
DNLM.LSE,2021Q4,later,operating,-0.22275877416751877,PPPPP,False
DNLM.LSE,2022Q1,later,operating,-0.1731861271174293,PPPPP,False
DNLM.LSE,2023Q1,later,operating,-0.2857203866357282,PPPPP,False
DNLM.LSE,2023Q2,later,operating,-0.29623845766420276,PPPPP,False
DNLM.LSE,2023Q3,later,operating,-0.22698733838105944,PPPPP,False
DOM.LSE,2016Q1,later,operating,-0.283376033816064,PPPPP,False
DOM.LSE,2016Q2,later,operating,-0.17944111540288377,PPPPP,False
DOM.LSE,2016Q3,later,operating,-0.32230502979982867,PPPPP,False
DOM.LSE,2016Q4,later,operating,-0.12042593955735181,PPPPP,False
DOM.LSE,2017Q1,later,operating,-0.07623788229398387,PPPPP,False
DOM.LSE,2017Q4,later,operating,-0.0991868438460104,PPPPP,False
DOM.LSE,2019Q3,later,operating,-0.11772392214488558,PPPPP,False
DOM.LSE,2019Q4,later,operating,-0.09735531063807301,PPPPP,False
DOM.LSE,2020Q1,later,operating,-0.007526216738019786,PPPPP,False
DOM.LSE,2020Q2,later,operating,-0.13227720344461535,PPPPP,False
DOM.LSE,2021Q1,later,operating,-0.00883912253771002,PPPPP,False
DPZ.US,2020Q2,later,operating,-0.07364435386067159,PPPPP,False
DPZ.US,2020Q3,later,operating,-0.08280265952685417,PPPPP,False
DPZ.US,2021Q3,later,operating,-0.05978649193581864,PPPPP,False
DPZ.US,2021Q4,later,operating,-0.21090374866695993,PPPPP,False
DPZ.US,2023Q2,later,operating,-0.07900519351940183,PPPPP,False
DPZ.US,2023Q3,later,operating,-0.17281183917383802,PPPPP,False
DSV.CO,2021Q2,later,operating,-0.2694615924935292,PPPPP,False
DSV.CO,2021Q3,later,operating,-0.07404021477782807,PPPPP,False
DSY.PA,2022Q2,later,operating,-0.11350217840929555,PPPPP,False
DSY.PA,2022Q3,later,operating,-0.18378331054587083,PPPPP,False
DSY.PA,2022Q4,later,operating,-0.28070322371134593,PPPPP,False
DSY.PA,2023Q1,later,operating,-0.5291850174414701,PPPPP,False
DSY.PA,2023Q2,later,operating,-0.5434297015880403,PPPPP,False
DSY.PA,2023Q3,later,operating,-0.4103819196963462,PPPPP,False
DTL.AU,2011Q3,train,operating,-0.19995997440759694,PPPPP,True
DTL.AU,2011Q4,train,operating,-0.3180694402469617,PPPPP,True
DTL.AU,2012Q1,train,operating,-0.13734486155531145,PPPPP,True
DTL.AU,2012Q2,train,operating,-0.1442380733257157,PPPPP,True
DVA.US,2016Q1,later,operating,-0.2660538053319328,PPPPP,False
DVA.US,2016Q2,later,operating,-0.2723745661719237,PPPPP,False
DVA.US,2016Q3,later,operating,-0.10967237046245915,PPPPP,False
EBAY.US,2020Q2,later,operating,-0.11536208538914938,PPPPP,False
EBAY.US,2020Q3,later,operating,-0.11523394366873663,PPPPP,False
EBAY.US,2020Q4,later,operating,-0.10698945803955506,PPPPP,False
ECL.US,2006Q1,train,operating,-0.0657851098503468,PPPPP,False
ECL.US,2006Q2,train,operating,-0.0111856883882967,PPPPP,False
ECL.US,2019Q2,later,operating,-0.190801527845346,PPPPP,False
ECL.US,2019Q3,later,operating,-0.23964071579822166,PPPPP,False
ECL.US,2019Q4,later,operating,-0.2100504890928817,PPPPP,False
ECL.US,2020Q2,later,operating,-0.03611162432709503,PPPPP,False
ECL.US,2020Q3,later,operating,-0.110760027527112,PPPPP,False
ECL.US,2020Q4,later,operating,-0.04180378044763611,PPPPP,False
EDEN.PA,2021Q2,later,operating,-0.13262821298200056,PPPPP,False
EDEN.PA,2021Q3,later,operating,-0.22425718729553934,PPPPP,False
EDEN.PA,2021Q4,later,operating,-0.18976038128366557,PPPPP,False
EDEN.PA,2022Q1,later,operating,-0.2922255800252941,PPPPP,False
EFX.US,2017Q1,later,operating,-0.08893828348157129,PPPPP,False
EG.US,2017Q1,later,insurer,-0.12367631544322377,PPPPP,False
EG.US,2017Q2,later,insurer,-0.16607825207177862,PPPPP,False
EG.US,2017Q3,later,insurer,-0.07836006270038598,PPPPP,False
EG.US,2023Q1,later,insurer,-0.04946839422758775,PPPPP,False
EL.US,2006Q3,train,operating,-0.026700404535012767,PPPPP,False
EL.US,2021Q3,later,operating,-0.6645406282220139,PPPPP,False
EL.US,2021Q4,later,operating,-0.787682836628566,PPPPP,False
EL.US,2022Q1,later,operating,-0.7471145077134624,PPPPP,False
EL.US,2022Q2,later,operating,-0.6679496060908963,PPPPP,False
EL.US,2022Q3,later,operating,-0.5753587913711385,PPPPP,False
EL.US,2022Q4,later,operating,-0.5642633726586601,PPPPP,False
EL.US,2023Q1,later,operating,-0.6926256340137178,PPPPP,False
EL.US,2023Q2,later,operating,-0.5783631955343331,PPPPP,False
ELISA.HE,2021Q1,later,operating,-0.10663014832641005,PPPPP,False
ELISA.HE,2021Q2,later,operating,-0.059572325573752916,PPPPP,False
ELISA.HE,2021Q3,later,operating,-0.01581220102990477,PPPPP,False
ELISA.HE,2021Q4,later,operating,-0.12762087095663122,PPPPP,False
ELISA.HE,2022Q1,later,operating,-0.07043155607531859,PPPPP,False
ELISA.HE,2022Q2,later,operating,-0.02272232783073591,PPPPP,False
ELISA.HE,2022Q4,later,operating,-0.12397664238912898,PPPPP,False
ELISA.HE,2023Q1,later,operating,-0.13248895363909496,PPPPP,False
ELISA.HE,2023Q2,later,operating,-0.14378641874262355,PPPPP,False
ELISA.HE,2023Q3,later,operating,-0.046274959477147326,PPPPP,False
ELV.US,2021Q4,later,operating,-0.17684207308707278,PPPPP,False
ELV.US,2022Q1,later,operating,-0.09519438663464264,PPPPP,False
ELV.US,2022Q2,later,operating,-0.16713722627991567,PPPPP,False
ELV.US,2022Q3,later,operating,-0.28267956525845817,PPPPP,False
ELV.US,2022Q4,later,operating,-0.2696199398942789,PPPPP,False
ELV.US,2023Q1,later,operating,-0.3552250575668129,PPPPP,False
ELV.US,2023Q2,later,operating,-0.08612848948324903,PPPPP,False
ELV.US,2023Q3,later,operating,-0.07128929498671244,PPPPP,False
EMR.US,2006Q1,train,operating,-0.2614162682838401,PPPPP,False
EMR.US,2006Q2,train,operating,-0.16373254415023542,PPPPP,False
EMR.US,2012Q4,train,operating,-0.041677800058497305,PPPPP,False
EMSN.SW,2020Q2,later,operating,-0.008132371988525122,PPPPP,False
EMSN.SW,2020Q3,later,operating,-0.19492115197014037,PPPPP,False
EMSN.SW,2020Q4,later,operating,-0.154481002902769,PPPPP,False
EMSN.SW,2021Q1,later,operating,-0.12621003126455466,PPPPP,False
EMSN.SW,2021Q2,later,operating,-0.13212022997085726,PPPPP,False
EMSN.SW,2021Q3,later,operating,-0.12416360937531534,PPPPP,False
EMSN.SW,2021Q4,later,operating,-0.3525892084355686,PPPPP,False
EMSN.SW,2022Q1,later,operating,-0.2722889820579121,PPPPP,False
EMSN.SW,2022Q2,later,operating,-0.09390660194873901,PPPPP,False
EMSN.SW,2022Q3,later,operating,-0.04558105406174273,PPPPP,False
EMSN.SW,2022Q4,later,operating,-0.06909787304690906,PPPPP,False
EMSN.SW,2023Q1,later,operating,-0.10567944027768739,PPPPP,False
EVD.XETRA,2017Q2,later,operating,-0.022571247952857476,PPPPP,False
EVD.XETRA,2019Q3,later,operating,-0.18152062492364263,PPPPP,False
EVK.XETRA,2019Q2,later,operating,-0.09902483016496011,PPPPP,False
EVK.XETRA,2019Q3,later,operating,-0.11682082148205197,PPPPP,False
EVK.XETRA,2019Q4,later,operating,-0.24873472494016002,PPPPP,False
EVK.XETRA,2020Q2,later,operating,-0.07389685949642344,PPPPP,False
EVK.XETRA,2020Q3,later,operating,-0.09294736430166628,PPPPP,False
EVK.XETRA,2020Q4,later,operating,-0.20567964658764137,PPPPP,False
EVK.XETRA,2021Q1,later,operating,-0.2991492683441991,PPPPP,False
EW.US,2019Q4,later,operating,-0.0372903147051411,PPPPP,False
EW.US,2020Q3,later,operating,-0.12281595549951518,PPPPP,False
EW.US,2020Q4,later,operating,-0.14248761167170398,PPPPP,False
EW.US,2022Q1,later,operating,-0.4110668437745858,PPPPP,False
EW.US,2022Q2,later,operating,-0.19694014195891263,PPPPP,False
EW.US,2022Q3,later,operating,-0.08998364759874489,PPPPP,False
EW.US,2023Q1,later,operating,-0.025435029627157824,PPPPP,False
EW.US,2023Q2,later,operating,-0.011258047910664093,PPPPP,False
EXPD.US,2006Q1,train,operating,-0.3366425302772602,PPPPP,False
EXPD.US,2006Q2,train,operating,-0.4145657515023017,PPPPP,False
EXPD.US,2006Q3,train,operating,-0.18469146645493584,PPPPP,False
EXPD.US,2006Q4,train,operating,-0.14560109596616755,PPPPP,False
EXPD.US,2007Q1,train,operating,-0.07955399616885339,PPPPP,False
EXPD.US,2007Q2,train,operating,-0.1509956469762802,PPPPP,False
EXPD.US,2007Q3,train,operating,-0.012766438769605704,PPPPP,False
EXPD.US,2010Q3,train,operating,-0.0087823542669625,PPPPP,False
EXPD.US,2010Q4,train,operating,-0.16787682282288297,PPPPP,False
EXPD.US,2011Q1,train,operating,-0.1880203350621109,PPPPP,False
EXPD.US,2011Q2,train,operating,-0.12121018796612926,PPPPP,False
EXPD.US,2021Q4,later,operating,-0.12213961303417842,PPPPP,False
FAST.US,2006Q1,train,operating,-0.291202637996515,PPPPP,False
FAST.US,2006Q2,train,operating,-0.15552525373969972,PPPPP,False
FAST.US,2012Q1,train,operating,-0.18719474231981958,PPPPP,False
FAST.US,2012Q3,train,operating,-0.11516725313578269,PPPPP,False
FAST.US,2012Q4,train,operating,-0.08867917369851286,PPPPP,False
FCX.US,2007Q2,train,operating,-0.2765332087486635,PPPPP,False
FCX.US,2007Q3,train,operating,-0.2032151071990863,PPPPP,False
FDS.US,2022Q3,later,operating,-0.2781422680312313,PPPPP,False
FDS.US,2022Q4,later,operating,-0.26345468996874477,PPPPP,False
FDS.US,2023Q1,later,operating,-0.46098481587166473,PPPPP,False
FDS.US,2023Q2,later,operating,-0.39434662762595096,PPPPP,False
FDS.US,2023Q3,later,operating,-0.35774758207526514,PPPPP,False
FGP.LSE,2006Q2,train,operating,-0.24664869636982112,PPPPP,False
FGP.LSE,2006Q3,train,operating,-0.16304020686325438,PPPPP,False
FGP.LSE,2006Q4,train,operating,-0.2653913902871624,PPPPP,False
FGP.LSE,2007Q1,train,operating,-0.4718639626604568,PPPPP,False
FICO.US,2005Q4,train,operating,-0.6245620975733772,PPPPP,False
FICO.US,2006Q1,train,operating,-0.6442860478282655,PPPPP,False
FICO.US,2006Q2,train,operating,-0.5665384636681927,PPPPP,False
FICO.US,2006Q3,train,operating,-0.3995839180258087,PPPPP,False
FICO.US,2007Q4,train,operating,-0.2475083398401633,PPPPP,False
FICO.US,2008Q3,train,operating,-0.02102434077690718,PPPPP,False
FISV.US,2019Q2,later,operating,-0.038266142403870385,PPPPP,False
FISV.US,2019Q3,later,operating,-0.09287447105515745,PPPPP,False
FISV.US,2019Q4,later,operating,-0.1250865423143127,PPPPP,False
FITB.US,2017Q1,later,bank,-0.35501032225784634,PPPPP,False
FITB.US,2017Q2,later,bank,-0.19277625748364224,PPPPP,False
FITB.US,2017Q3,later,bank,-0.1571049826909161,PPPPP,False
FLEX.US,2017Q2,later,operating,-0.3688423087742868,PPPPP,False
FLEX.US,2017Q3,later,operating,-0.33492537741946815,PPPPP,False
FLEX.US,2017Q4,later,operating,-0.013713635308768568,PPPPP,False
FLRY3.SA,2019Q2,later,operating,-0.1497446747203961,PPPPP,False
FLRY3.SA,2019Q3,later,operating,-0.24674144764840977,PPPPP,False
FLRY3.SA,2019Q4,later,operating,-0.43001355414162223,PPPPP,False
FLRY3.SA,2020Q1,later,operating,-0.1887158917198779,PPPPP,False
FLRY3.SA,2020Q2,later,operating,-0.24429427117168656,PPPPP,False
FLRY3.SA,2020Q3,later,operating,-0.32422623082612734,PPPPP,False
FLRY3.SA,2020Q4,later,operating,-0.19543916203577005,PPPPP,False
FLRY3.SA,2021Q1,later,operating,-0.3099332259387788,PPPPP,False
FPE3.XETRA,2016Q1,later,operating,-0.006103794698722131,PPPPP,False
FPE3.XETRA,2016Q3,later,operating,-0.10393013852858135,PPPPP,False
FPE3.XETRA,2017Q1,later,operating,-0.24489722606254205,PPPPP,False
FPE3.XETRA,2017Q2,later,operating,-0.20735033544453774,PPPPP,False
FPE3.XETRA,2017Q3,later,operating,-0.06456915837330468,PPPPP,False
FPE3.XETRA,2018Q3,later,operating,-0.10826805804076178,PPPPP,False
FPE3.XETRA,2019Q1,later,operating,-0.05554734880915568,PPPPP,False
FPE3.XETRA,2019Q2,later,operating,-0.17808895170972894,PPPPP,False
FPE3.XETRA,2019Q3,later,operating,-0.1619675426181023,PPPPP,False
FPE3.XETRA,2019Q4,later,operating,-0.1996738123275723,PPPPP,False
FPE3.XETRA,2020Q3,later,operating,-0.09564228638353667,PPPPP,False
FPE3.XETRA,2020Q4,later,operating,-0.05187197122584053,PPPPP,False
FR.PA,2017Q2,later,operating,-0.5767696209752172,PPPPP,False
FR.PA,2017Q3,later,operating,-0.5459340807076503,PPPPP,False
FR.PA,2017Q4,later,operating,-0.4343268566650843,PPPPP,False
FR.PA,2018Q1,later,operating,-0.40803814976839936,PPPPP,False
FR.PA,2018Q2,later,operating,-0.41034048599856165,PPPPP,False
FR.PA,2018Q3,later,operating,-0.29220588728850294,PPPPP,False
FR.PA,2019Q1,later,operating,-0.34575812547136087,PPPPP,True
FR.PA,2019Q2,later,operating,-0.3110935731038035,PPPPP,True
FR.PA,2019Q3,later,operating,-0.4487485029658598,PPPPP,False
FR.PA,2019Q4,later,operating,-0.45540692889032997,PPPPP,False
FR.PA,2020Q2,later,operating,-0.1024963708109079,PPPPP,False
FR.PA,2020Q3,later,operating,-0.3474497390388439,PPPPP,False
FR.PA,2020Q4,later,operating,-0.5430923419537127,PPPPP,False
FR.PA,2021Q1,later,operating,-0.5803153131942624,PPPPP,False
G1A.XETRA,2016Q1,later,operating,-0.4144359612191525,PPPPP,False
G1A.XETRA,2016Q2,later,operating,-0.3709072355485826,PPPPP,False
G1A.XETRA,2016Q3,later,operating,-0.46103364973178007,PPPPP,False
G1A.XETRA,2016Q4,later,operating,-0.1784844988681601,PPPPP,False
G1A.XETRA,2017Q1,later,operating,-0.4975211840548489,PPPPP,False
G1A.XETRA,2017Q2,later,operating,-0.16860337602022546,PPPPP,False
G1A.XETRA,2017Q3,later,operating,-0.16910743678933926,PPPPP,False
G1A.XETRA,2017Q4,later,operating,-0.19079738081798425,PPPPP,False
GD.US,2008Q1,train,operating,-0.04274365070967179,PPPPP,False
GD.US,2008Q2,train,operating,-0.038496918253801415,PPPPP,False
GD.US,2008Q3,train,operating,-0.14760798150548282,PPPPP,False
GD.US,2010Q1,train,operating,-0.01673642773099482,PPPPP,True
GEBN.SW,2019Q3,later,operating,-0.029406753035708944,PPPPP,False
GEBN.SW,2019Q4,later,operating,-0.1460576979348075,PPPPP,False
GEBN.SW,2020Q3,later,operating,-0.09780006607392921,PPPPP,False
GEBN.SW,2021Q1,later,operating,-0.06297120745153972,PPPPP,False
GEBN.SW,2021Q2,later,operating,-0.17482276712650735,PPPPP,False
GEBN.SW,2021Q3,later,operating,-0.1312549781551141,PPPPP,False
GEBN.SW,2021Q4,later,operating,-0.25848053289301287,PPPPP,False
GF.SW,2017Q1,later,operating,-0.21926011543037005,PPPPP,False
GF.SW,2023Q2,later,operating,-0.32500059456645536,PPPPP,False
GGBR3.SA,2008Q1,train,operating,-0.3016575876077492,PPPPP,False
GGBR3.SA,2008Q2,train,operating,-0.51503986038154,PPPPP,False
GGBR3.SA,2008Q3,train,operating,-0.31669298965941983,PPPPP,False
GIB-A.TO,2023Q1,later,operating,-0.2195628133380655,PPPPP,False
GIB-A.TO,2023Q2,later,operating,-0.33188525551604975,PPPPP,False
GIB-A.TO,2023Q3,later,operating,-0.2698172069386049,PPPPP,False
GILD.US,2017Q3,later,operating,-0.1602178552436595,PPPPP,True
GILD.US,2017Q4,later,operating,-0.12342355710308295,PPPPP,True
GILD.US,2018Q1,later,operating,-0.010607669835849043,PPPPP,True
GIS.US,2016Q1,later,operating,-0.11163248286466343,PPPPP,False
GIS.US,2016Q2,later,operating,-0.1839360406670133,PPPPP,False
GIS.US,2016Q3,later,operating,-0.03308823881760081,PPPPP,False
GIS.US,2016Q4,later,operating,-0.03196668368384903,PPPPP,False
GIS.US,2022Q1,later,operating,-0.04341564604473369,PPPPP,False
GIS.US,2022Q2,later,operating,-0.2446926686945995,PPPPP,False
GIS.US,2022Q3,later,operating,-0.2866818642617732,PPPPP,False
GIS.US,2022Q4,later,operating,-0.3761895614932105,PPPPP,False
GIS.US,2023Q1,later,operating,-0.5126433503126657,PPPPP,False
GIS.US,2023Q2,later,operating,-0.4869686389860233,PPPPP,False
GIS.US,2023Q3,later,operating,-0.41020656532210487,PPPPP,False
GIVN.SW,2021Q4,later,operating,-0.12376811237571628,PPPPP,False
GIVN.SW,2023Q1,later,operating,-0.0433166963046826,PPPPP,False
GJF.OL,2020Q3,later,insurer,-0.028163934812772462,PPPPP,False
GJF.OL,2021Q1,later,insurer,-0.08709660078800596,PPPPP,False
GL.US,2006Q1,train,insurer,-0.5273632297606632,PPPPP,True
GL.US,2006Q2,train,insurer,-0.37818580511882693,PPPPP,True
GL.US,2006Q3,train,insurer,-0.2862027187459333,PPPPP,False
GL.US,2006Q4,train,insurer,-0.2969016135574948,PPPPP,False
GL.US,2007Q1,train,insurer,-0.15059019534973084,PPPPP,False
GL.US,2007Q2,train,insurer,-0.24187399377857188,PPPPP,False
GL.US,2007Q3,train,insurer,-0.13098739652182578,PPPPP,True
GL.US,2008Q3,train,insurer,-0.07295750076390506,PPPPP,False
GL.US,2017Q1,later,insurer,-0.04148295587577788,PPPPP,False
GL.US,2017Q2,later,insurer,-0.018066293021476332,PPPPP,False
GL.US,2021Q2,later,insurer,-0.1295358788031854,PPPPP,True
GN.CO,2022Q2,later,operating,-0.6235521235521235,PPPPP,False
GN.CO,2022Q3,later,operating,-0.1766960211697719,PPPPP,False
GN.CO,2022Q4,later,operating,-0.3757309941520468,PPPPP,False
GN.CO,2023Q1,later,operating,-0.3393383392959066,PPPPP,False
GNRC.US,2019Q4,later,operating,-0.01323398143172494,PPPPP,False
GNRC.US,2020Q3,later,operating,-0.4445350884466792,PPPPP,False
GNRC.US,2020Q4,later,operating,-0.4244744972468132,PPPPP,False
GNRC.US,2021Q1,later,operating,-0.6104385295088404,PPPPP,False
GNRC.US,2021Q2,later,operating,-0.6801722259997125,PPPPP,False
GNRC.US,2021Q3,later,operating,-0.6076552658514679,PPPPP,False
GNRC.US,2021Q4,later,operating,-0.5543387616921112,PPPPP,False
GNRC.US,2022Q1,later,operating,-0.579235875329306,PPPPP,False
GNRC.US,2022Q2,later,operating,-0.34159344245964585,PPPPP,False
GNRC.US,2022Q3,later,operating,-0.05626344972152586,PPPPP,False
GPC.US,2017Q1,later,operating,-0.1832584026600137,PPPPP,False
GPC.US,2021Q4,later,operating,-0.08411765385779513,PPPPP,False
GPC.US,2022Q2,later,operating,-0.013173409682597392,PPPPP,False
GPC.US,2022Q3,later,operating,-0.01520819504671378,PPPPP,False
GPC.US,2022Q4,later,operating,-0.2108888889783791,PPPPP,False
GPC.US,2023Q1,later,operating,-0.3127478083855928,PPPPP,False
GPC.US,2023Q2,later,operating,-0.2285278929847675,PPPPP,False
GPC.US,2023Q3,later,operating,-0.047198029113746376,PPPPP,False
GPN.US,2009Q3,train,operating,-0.08899274327725071,PPPPP,False
GPN.US,2009Q4,train,operating,-0.13526890569931982,PPPPP,False
GRF.MC,2018Q2,later,operating,-0.07317461951968585,PPPPP,False
GRF.MC,2018Q3,later,operating,-0.10964383236220332,PPPPP,False
GRF.MC,2018Q4,later,operating,-0.2307667860141901,PPPPP,False
GRF.MC,2019Q1,later,operating,-0.31997625155288667,PPPPP,False
GRF.MC,2019Q2,later,operating,-0.28999933603997985,PPPPP,False
GRF.MC,2019Q3,later,operating,-0.6567631325043688,PPPPP,False
GRF.MC,2019Q4,later,operating,-0.6524720187739081,PPPPP,False
GRF.MC,2020Q1,later,operating,-0.6973200654531612,PPPPP,False
GRF.MC,2020Q2,later,operating,-0.5552521925359049,PPPPP,False
GRF.MC,2020Q3,later,operating,-0.484404688275481,PPPPP,False
GRF.MC,2020Q4,later,operating,-0.3477768545320953,PPPPP,False
GRF.MC,2021Q1,later,operating,-0.6249255343566957,PPPPP,False
GRF.MC,2021Q2,later,operating,-0.6503558725027285,PPPPP,False
GRF.MC,2021Q3,later,operating,-0.5174610728515934,PPPPP,False
GRF.MC,2021Q4,later,operating,-0.4535245359899306,PPPPP,False
GRF.MC,2022Q1,later,operating,-0.5020953116330278,PPPPP,False
GRG.LSE,2006Q2,train,operating,-0.06722412241265596,PPPPP,False
GRG.LSE,2006Q3,train,operating,-0.05047989617822202,PPPPP,False
GRG.LSE,2007Q2,train,operating,-0.07176622789777809,PPPPP,False
GRG.LSE,2007Q3,train,operating,-0.01995165346762162,PPPPP,False
GRG.LSE,2007Q4,train,operating,-0.009539005037264126,PPPPP,False
GRG.LSE,2010Q2,train,operating,-0.07177924627859866,PPPPP,True
GRG.LSE,2010Q3,train,operating,-0.0941899323203218,PPPPP,True
GRG.LSE,2010Q4,train,operating,-0.09108283023293084,PPPPP,True
GRG.LSE,2011Q1,train,operating,-0.041482989424164174,PPPPP,False
GRG.LSE,2011Q2,train,operating,-0.01983511344351907,PPPPP,False
GRG.LSE,2017Q3,later,operating,-0.059401469998799694,PPPPP,False
GRG.LSE,2019Q2,later,operating,-0.214098736505431,PPPPP,False
GRG.LSE,2019Q3,later,operating,-0.06300335539038193,PPPPP,False
GRG.LSE,2019Q4,later,operating,-0.012147667056802258,PPPPP,False
GRG.LSE,2022Q3,later,operating,-0.06815442933978666,PPPPP,False
GRG.LSE,2022Q4,later,operating,-0.2957938196723259,PPPPP,False
GRG.LSE,2023Q1,later,operating,-0.4468082887028557,PPPPP,False
GS.US,2009Q2,train,bank,-0.32741049515877985,PPPPP,True
GS.US,2009Q3,train,bank,-0.34204388697309474,PPPPP,True
GS.US,2009Q4,train,bank,-0.23489636415349247,PPPPP,True
GS.US,2010Q1,train,bank,-0.10153163134972842,PPPPP,False
GSK.LSE,2006Q2,train,operating,-0.2963405675044356,PPPPP,False
GSK.LSE,2006Q3,train,operating,-0.14473113963866657,PPPPP,False
GSK.LSE,2006Q4,train,operating,-0.030951084696462572,PPPPP,False
GSK.LSE,2007Q1,train,operating,-0.08661810022255911,PPPPP,False
GSK.LSE,2019Q3,later,operating,-0.24959224427318727,PPPPP,False
GSK.LSE,2019Q4,later,operating,-0.19554124018650687,PPPPP,False
GSK.LSE,2021Q4,later,operating,-0.16216121308058007,PPPPP,False
GSK.LSE,2022Q1,later,operating,-0.1228637291883512,PPPPP,False
GWW.US,2006Q1,train,operating,-0.022472481000858524,PPPPP,False
HAS.LSE,2019Q3,later,operating,-0.3167771354484161,PPPPP,False
HAS.LSE,2019Q4,later,operating,-0.3661249970501248,PPPPP,False
HAS.LSE,2020Q2,later,operating,-0.13619987612243067,PPPPP,False
HAS.US,2017Q1,later,operating,-0.22473975881280095,PPPPP,False
HAS.US,2017Q2,later,operating,-0.26695048624777107,PPPPP,False
HAS.US,2017Q3,later,operating,-0.0788622779920839,PPPPP,False
HAS.US,2018Q3,later,operating,-0.07890605034046494,PPPPP,False
HAS.US,2020Q1,later,operating,-0.15187493152195386,PPPPP,False
HAS.US,2020Q2,later,operating,-0.03751905022378632,PPPPP,False
HAS.US,2020Q3,later,operating,-0.11334097666756415,PPPPP,False
HAS.US,2020Q4,later,operating,-0.37790334481279075,PPPPP,False
HAS.US,2022Q1,later,operating,-0.16593691758036377,PPPPP,False
HD.US,2006Q1,train,operating,-0.3921759399024647,PPPPP,False
HD.US,2006Q2,train,operating,-0.2739560720408115,PPPPP,False
HD.US,2006Q3,train,operating,-0.1911305857703507,PPPPP,False
HD.US,2006Q4,train,operating,-0.22101034195224178,PPPPP,False
HD.US,2007Q1,train,operating,-0.02604967689780946,PPPPP,False
HD.US,2007Q2,train,operating,-0.20924022145407495,PPPPP,False
HEIA.AS,2022Q2,later,operating,-0.1119052704633583,PPPPP,False
HEIA.AS,2022Q3,later,operating,-0.20766423116171973,PPPPP,False
HEIA.AS,2022Q4,later,operating,-0.15425678961365108,PPPPP,False
HEIA.AS,2023Q1,later,operating,-0.2825563857624137,PPPPP,False
HEN.XETRA,2019Q2,later,operating,-0.2165880712688213,PPPPP,False
HEN.XETRA,2019Q3,later,operating,-0.24602810875168335,PPPPP,False
HEN.XETRA,2019Q4,later,operating,-0.21940718195997655,PPPPP,False
HEN.XETRA,2020Q2,later,operating,-0.058486675590156745,PPPPP,False
HEN.XETRA,2020Q3,later,operating,-0.19897177726273751,PPPPP,False
HEN.XETRA,2020Q4,later,operating,-0.12134612354797447,PPPPP,False
HEN.XETRA,2021Q1,later,operating,-0.14276119434334156,PPPPP,False
HFD.LSE,2016Q1,later,operating,-0.4064749579672329,PPPPP,False
HILS.LSE,2017Q2,later,operating,-0.09080617708092964,PPPPP,False
HILS.LSE,2017Q3,later,operating,-0.052609940827782586,PPPPP,False
HILS.LSE,2019Q2,later,operating,-0.015684929643085876,PPPPP,False
HILS.LSE,2019Q3,later,operating,-0.2643874553926874,PPPPP,False
HILS.LSE,2019Q4,later,operating,-0.21566377751959598,PPPPP,False
HLMA.LSE,2019Q2,later,operating,-0.0027660605725561282,PPPPP,False
HLMA.LSE,2019Q4,later,operating,-0.08293181072222788,PPPPP,False
HLMA.LSE,2020Q2,later,operating,-0.008913587616706686,PPPPP,False
HLMA.LSE,2020Q3,later,operating,-0.19108728519507368,PPPPP,False
HLMA.LSE,2020Q4,later,operating,-0.09701037930533807,PPPPP,False
HLMA.LSE,2021Q1,later,operating,-0.028472475464953684,PPPPP,False
HLMA.LSE,2021Q2,later,operating,-0.001229624292682141,PPPPP,False
HLMA.LSE,2021Q3,later,operating,-0.07493861111457545,PPPPP,False
HLMA.LSE,2021Q4,later,operating,-0.146663161235573,PPPPP,False
HM-B.ST,2016Q1,later,operating,-0.3337084311300025,PPPPP,False
HM-B.ST,2016Q2,later,operating,-0.2444515648282063,PPPPP,False
HM-B.ST,2016Q3,later,operating,-0.09199881674280441,PPPPP,False
HM-B.ST,2016Q4,later,operating,-0.11294661264466455,PPPPP,False
HM-B.ST,2017Q1,later,operating,-0.32363355539087557,PPPPP,False
HM-B.ST,2017Q2,later,operating,-0.2738592996603211,PPPPP,False
HM-B.ST,2017Q3,later,operating,-0.1550278189918861,PPPPP,False
HRL.US,2006Q1,train,operating,-0.019361170735104793,PPPPP,False
HRL.US,2006Q2,train,operating,-0.02200110547593792,PPPPP,False
HRL.US,2020Q1,later,operating,-0.08349479322654163,PPPPP,False
HRL.US,2020Q2,later,operating,-0.09516299707778075,PPPPP,False
HRL.US,2020Q3,later,operating,-0.17475124448027135,PPPPP,False
HRL.US,2020Q4,later,operating,-0.2556857679678127,PPPPP,False
HRL.US,2021Q1,later,operating,-0.21034505176948126,PPPPP,False
HRL.US,2021Q2,later,operating,-0.30746889898501983,PPPPP,False
HRL.US,2021Q3,later,operating,-0.15897316634041003,PPPPP,False
HRL.US,2021Q4,later,operating,-0.30497517161415455,PPPPP,False
HRL.US,2022Q1,later,operating,-0.3546715777074033,PPPPP,False
HRL.US,2022Q2,later,operating,-0.3036656195529568,PPPPP,False
HRL.US,2022Q3,later,operating,-0.40931390052469696,PPPPP,False
HRL.US,2022Q4,later,operating,-0.42472612328795467,PPPPP,False
HRL.US,2023Q1,later,operating,-0.37349073206656236,PPPPP,False
HRL.US,2023Q2,later,operating,-0.31186608516287684,PPPPP,False
HRL.US,2023Q3,later,operating,-0.39882052857405903,PPPPP,False
HSIC.US,2016Q1,later,operating,-0.11347313595874331,PPPPP,False
HSIC.US,2017Q1,later,operating,-0.237941466651583,PPPPP,False
HSIC.US,2017Q2,later,operating,-0.1817635104065356,PPPPP,False
HSIC.US,2017Q3,later,operating,-0.07510182159423318,PPPPP,False
HSIC.US,2021Q2,later,operating,-0.15110585802294318,PPPPP,False
HSIC.US,2021Q3,later,operating,-0.0716923130132815,PPPPP,False
HSIC.US,2021Q4,later,operating,-0.1062895947887974,PPPPP,False
HSIC.US,2022Q1,later,operating,-0.233378098598357,PPPPP,False
HSIC.US,2022Q2,later,operating,-0.05265202342701991,PPPPP,False
HSIC.US,2022Q3,later,operating,-0.024974246450179538,PPPPP,False
HSIC.US,2022Q4,later,operating,-0.05050247135838015,PPPPP,False
HSIC.US,2023Q1,later,operating,-0.09935237322366941,PPPPP,False
HSY.US,2006Q1,train,operating,-0.2756355038671513,PPPPP,False
HSY.US,2006Q2,train,operating,-0.2906317631603673,PPPPP,False
HSY.US,2006Q3,train,operating,-0.20137376824078967,PPPPP,False
HSY.US,2006Q4,train,operating,-0.2135851001351311,PPPPP,False
HSY.US,2007Q1,train,operating,-0.15429480636593151,PPPPP,False
HSY.US,2021Q4,later,operating,-0.06309280044863397,PPPPP,False
HSY.US,2022Q1,later,operating,-0.1609147942156559,PPPPP,False
HSY.US,2022Q2,later,operating,-0.19077643784686338,PPPPP,False
HSY.US,2022Q3,later,operating,-0.09953748983829891,PPPPP,False
HSY.US,2022Q4,later,operating,-0.1304711256904857,PPPPP,False
HUH1V.HE,2016Q3,later,operating,-0.06438947987394061,PPPPP,False
HUH1V.HE,2020Q2,later,operating,-0.05810511437658872,PPPPP,False
HUH1V.HE,2020Q3,later,operating,-0.21519329382470964,PPPPP,False
HUH1V.HE,2020Q4,later,operating,-0.04716150439734779,PPPPP,False
HUH1V.HE,2023Q2,later,operating,-0.046986341330748305,PPPPP,False
HUM.US,2021Q1,later,operating,-0.14178943165959468,PPPPP,False
HUM.US,2021Q2,later,operating,-0.14631481699153404,PPPPP,False
HUM.US,2021Q3,later,operating,-0.17186382253101284,PPPPP,False
HUM.US,2021Q4,later,operating,-0.4408656858542055,PPPPP,False
HUM.US,2022Q1,later,operating,-0.3841955555324147,PPPPP,False
HUM.US,2022Q2,later,operating,-0.47458400076219287,PPPPP,False
HUM.US,2022Q3,later,operating,-0.4628652583056395,PPPPP,False
HUM.US,2022Q4,later,operating,-0.47123292653296556,PPPPP,False
HUM.US,2023Q1,later,operating,-0.647752025034016,PPPPP,False
HUM.US,2023Q2,later,operating,-0.07700500183236003,PPPPP,False
HUM.US,2023Q3,later,operating,-0.19679710337086964,PPPPP,False
HWDN.LSE,2019Q3,later,operating,-0.11629996224787198,PPPPP,False
HWDN.LSE,2019Q4,later,operating,-0.1613075179792801,PPPPP,False
IDR.MC,2011Q4,train,operating,-0.04928667480477278,PPPPP,False
IDXX.US,2021Q2,later,operating,-0.23749901729531586,PPPPP,False
IDXX.US,2021Q3,later,operating,-0.19032658573249628,PPPPP,False
IDXX.US,2021Q4,later,operating,-0.3447964437284131,PPPPP,False
IDXX.US,2022Q1,later,operating,-0.24120047276219037,PPPPP,False
IEX.US,2006Q1,train,operating,-0.33152451076240885,PPPPP,False
IEX.US,2006Q2,train,operating,-0.18586902362691715,PPPPP,False
IEX.US,2021Q2,later,operating,-0.05253137766637028,PPPPP,False
IEX.US,2021Q4,later,operating,-0.05909189485612565,PPPPP,False
IEX.US,2022Q1,later,operating,-0.022497519768715835,PPPPP,False
IEX.US,2022Q2,later,operating,-0.00727975926419222,PPPPP,False
IEX.US,2022Q3,later,operating,-0.1754410638577515,PPPPP,False
IEX.US,2022Q4,later,operating,-0.19334243720843602,PPPPP,False
IEX.US,2023Q1,later,operating,-0.13879685208574488,PPPPP,False
IFF.US,2016Q3,later,operating,-0.08003071688107033,PPPPP,False
IFF.US,2017Q1,later,operating,-0.17143201266517583,PPPPP,False
IFF.US,2017Q2,later,operating,-0.02905475220405851,PPPPP,False
IFF.US,2017Q3,later,operating,-0.09200024459631417,PPPPP,False
IFF.US,2017Q4,later,operating,-0.243745395411459,PPPPP,False
IHG.LSE,2018Q3,later,operating,-0.011874308601191097,PPPPP,False
IMB.LSE,2018Q4,later,operating,-0.31944151857650316,PPPPP,False
IMB.LSE,2019Q1,later,operating,-0.3817732228341224,PPPPP,False
IMB.LSE,2019Q2,later,operating,-0.024993452063612476,PPPPP,True
IMI.LSE,2016Q3,later,operating,-0.11890924980445494,PPPPP,False
IMI.LSE,2017Q1,later,operating,-0.3754315003172958,PPPPP,False
IMI.LSE,2017Q2,later,operating,-0.2375419531353311,PPPPP,False
IMI.LSE,2017Q3,later,operating,-0.1516106595714748,PPPPP,False
IMI.LSE,2017Q4,later,operating,-0.11845752518206976,PPPPP,False
INCH.LSE,2016Q1,later,operating,-0.182910978084181,PPPPP,False
INCH.LSE,2016Q2,later,operating,-0.03495861064875905,PPPPP,False
INCH.LSE,2016Q3,later,operating,-0.055003365494537326,PPPPP,False
INCH.LSE,2016Q4,later,operating,-0.003123371489737181,PPPPP,False
INCH.LSE,2017Q1,later,operating,-0.48124153110328205,PPPPP,False
INCH.LSE,2021Q1,later,operating,-0.04841782728328359,PPPPP,False
INCH.LSE,2022Q4,later,operating,-0.0822979465590028,PPPPP,False
INCH.LSE,2023Q1,later,operating,-0.029808116249639194,PPPPP,False
INDT.ST,2023Q1,later,operating,-0.0006290657068509509,PPPPP,False
INDT.ST,2023Q2,later,operating,-0.10600038419057156,PPPPP,False
INFY.US,2009Q4,train,operating,-0.21429324373656689,PPPPP,False
INFY.US,2010Q1,train,operating,-0.05554879001345092,PPPPP,False
INFY.US,2010Q2,train,operating,-0.26100832498754756,PPPPP,False
INFY.US,2010Q3,train,operating,-0.2766336474669522,PPPPP,False
INFY.US,2010Q4,train,operating,-0.23162275934610477,PPPPP,False
INFY.US,2011Q1,train,operating,-0.22000811427080869,PPPPP,False
INFY.US,2011Q2,train,operating,-0.13826876837393254,PPPPP,False
INFY.US,2021Q2,later,operating,-0.04044060066892008,PPPPP,False
INFY.US,2021Q4,later,operating,-0.06016261714810767,PPPPP,False
INFY.US,2022Q1,later,operating,-0.1968498112430751,PPPPP,False
INFY.US,2023Q1,later,operating,-0.15413854728524357,PPPPP,False
INFY.US,2023Q2,later,operating,-0.2854751516363303,PPPPP,False
INFY.US,2023Q3,later,operating,-0.3114515592683321,PPPPP,False
INTC.US,2006Q1,train,operating,-0.16510137832582594,PPPPP,False
INTC.US,2006Q2,train,operating,-0.07808532913886068,PPPPP,False
IPN.PA,2017Q1,later,operating,-0.47724426115509955,PPPPP,False
IPN.PA,2017Q2,later,operating,-0.33665499484003536,PPPPP,False
IPN.PA,2017Q3,later,operating,-0.18134258068311937,PPPPP,False
IPN.PA,2017Q4,later,operating,-0.3094436616520455,PPPPP,False
IPN.PA,2018Q1,later,operating,-0.3960806206583011,PPPPP,False
IPN.PA,2018Q2,later,operating,-0.2992926939555606,PPPPP,False
IPN.PA,2018Q3,later,operating,-0.41055309374250937,PPPPP,False
IPN.PA,2018Q4,later,operating,-0.2441069576020296,PPPPP,False
IPN.PA,2019Q1,later,operating,-0.03621001084406239,PPPPP,False
IPN.PA,2019Q2,later,operating,-0.21502718624518735,PPPPP,False
IPN.PA,2022Q1,later,operating,-0.04726297122338863,PPPPP,False
IQV.US,2023Q1,later,operating,-0.14700145284009025,PPPPP,False
IQV.US,2023Q2,later,operating,-0.1259782203864096,PPPPP,False
IR5B.IR,2016Q1,later,operating,-0.043908625672174795,PPPPP,False
IR5B.IR,2017Q1,later,operating,-0.2968083956981722,PPPPP,False
IR5B.IR,2017Q2,later,operating,-0.26617229391971087,PPPPP,False
IR5B.IR,2017Q3,later,operating,-0.43485313768344047,PPPPP,False
IR5B.IR,2017Q4,later,operating,-0.1737009111476664,PPPPP,False
IR5B.IR,2018Q1,later,operating,-0.19589235540498484,PPPPP,False
IR5B.IR,2018Q2,later,operating,-0.14367853587984758,PPPPP,False
IR5B.IR,2018Q3,later,operating,-0.15609362620700928,PPPPP,False
IR5B.IR,2019Q1,later,operating,-0.18313338123655898,PPPPP,False
ITRK.LSE,2012Q1,train,operating,-0.027568243395950986,PPPPP,False
ITRK.LSE,2012Q2,train,operating,-0.09012763702678028,PPPPP,False
ITRK.LSE,2012Q3,train,operating,-0.11427988538984446,PPPPP,False
ITRK.LSE,2012Q4,train,operating,-0.13687193435786538,PPPPP,False
ITRK.LSE,2019Q2,later,operating,-0.251147871427956,PPPPP,False
ITRK.LSE,2019Q3,later,operating,-0.30976336945556715,PPPPP,False
ITRK.LSE,2019Q4,later,operating,-0.30667515158388625,PPPPP,False
ITRK.LSE,2020Q1,later,operating,-0.0818318702386861,PPPPP,False
ITRK.LSE,2020Q2,later,operating,-0.2163479860334624,PPPPP,False
ITRK.LSE,2020Q3,later,operating,-0.3538289633510009,PPPPP,False
ITRK.LSE,2020Q4,later,operating,-0.2761654131267023,PPPPP,False
ITRK.LSE,2021Q1,later,operating,-0.127899376076,PPPPP,False
ITRK.LSE,2021Q2,later,operating,-0.13808650678944256,PPPPP,False
ITRK.LSE,2021Q4,later,operating,-0.18167145951577923,PPPPP,False
ITRK.LSE,2022Q1,later,operating,-0.03935841154196096,PPPPP,False
ITRK.LSE,2023Q1,later,operating,-0.0951391886222942,PPPPP,False
ITV.LSE,2019Q2,later,operating,-0.41171564604373834,PPPPP,False
ITV.LSE,2019Q3,later,operating,-0.545842113438852,PPPPP,False
ITV.LSE,2019Q4,later,operating,-0.5015887218348654,PPPPP,False
ITV.LSE,2020Q2,later,operating,-0.04534151276010456,PPPPP,True
ITV.LSE,2020Q4,later,operating,-0.40643094698364723,PPPPP,False
ITV.LSE,2021Q1,later,operating,-0.39246710169977583,PPPPP,False
ITW.US,2006Q1,train,operating,-0.31304712916137967,PPPPP,False
ITW.US,2006Q2,train,operating,-0.15481829272482472,PPPPP,False
ITW.US,2007Q1,train,operating,-0.008971390875017415,PPPPP,False
ITW.US,2007Q2,train,operating,-0.19345716836633375,PPPPP,False
ITW.US,2007Q3,train,operating,-0.12412660971302203,PPPPP,False
ITX.MC,2016Q1,later,operating,-0.03467251889201095,PPPPP,False
ITX.MC,2016Q2,later,operating,-0.0482538443142807,PPPPP,False
ITX.MC,2016Q3,later,operating,-0.06479304959683041,PPPPP,False
ITX.MC,2017Q1,later,operating,-0.2152865696947881,PPPPP,False
ITX.MC,2017Q2,later,operating,-0.25115231898061474,PPPPP,False
ITX.MC,2017Q3,later,operating,-0.18689921105090446,PPPPP,False
ITX.MC,2017Q4,later,operating,-0.009739335191393361,PPPPP,False
ITX.MC,2019Q1,later,operating,-0.17231457021924335,PPPPP,False
ITX.MC,2019Q2,later,operating,-0.10288181035695587,PPPPP,False
ITX.MC,2019Q3,later,operating,-0.16975271175987883,PPPPP,False
ITX.MC,2019Q4,later,operating,-0.13594967570734862,PPPPP,False
JBHT.US,2022Q1,later,operating,-0.16177114246674495,PPPPP,False
JBHT.US,2022Q2,later,operating,-0.0755094889576905,PPPPP,False
JBHT.US,2022Q3,later,operating,-0.14696880663021472,PPPPP,False
JD.LSE,2019Q2,later,operating,-0.03574313478268354,PPPPP,False
JD.LSE,2019Q3,later,operating,-0.33374377111649367,PPPPP,False
JD.LSE,2019Q4,later,operating,-0.24129762719519898,PPPPP,False
JD.LSE,2020Q3,later,operating,-0.07331481790135008,PPPPP,False
JD.LSE,2021Q1,later,operating,-0.20872881223522866,PPPPP,False
JD.LSE,2021Q2,later,operating,-0.3832912105089168,PPPPP,False
JD.LSE,2021Q3,later,operating,-0.2556840107904266,PPPPP,False
JD.LSE,2021Q4,later,operating,-0.5555275872359867,PPPPP,False
JD.LSE,2022Q1,later,operating,-0.5495048407136369,PPPPP,False
JKHY.US,2020Q2,later,operating,-0.0579593610447251,PPPPP,False
JKHY.US,2020Q3,later,operating,-0.04282019886859412,PPPPP,False
JKHY.US,2022Q1,later,operating,-0.05432192758869436,PPPPP,False
JKHY.US,2022Q3,later,operating,-0.17089757496032665,PPPPP,False
JKHY.US,2023Q2,later,operating,-0.1470528016490279,PPPPP,False
JKHY.US,2023Q3,later,operating,-0.00403209164701146,PPPPP,False
JMAT.LSE,2016Q3,later,operating,-0.09273698019553445,PPPPP,False
JMAT.LSE,2016Q4,later,operating,-0.05891330306055098,PPPPP,False
JMAT.LSE,2017Q1,later,operating,-0.4100385737491825,PPPPP,False
JMAT.LSE,2017Q2,later,operating,-0.27477257415717504,PPPPP,False
JMAT.LSE,2017Q3,later,operating,-0.3113218249054023,PPPPP,False
JMAT.LSE,2017Q4,later,operating,-0.20899220091371074,PPPPP,False
JMAT.LSE,2018Q1,later,operating,-0.005851857503515578,PPPPP,False
JMAT.LSE,2018Q2,later,operating,-0.13395865299233978,PPPPP,False
JMAT.LSE,2018Q3,later,operating,-0.2527751039551548,PPPPP,False
JMAT.LSE,2018Q4,later,operating,-0.24803752615776298,PPPPP,False
JMAT.LSE,2019Q1,later,operating,-0.4130619242324266,PPPPP,False
JMAT.LSE,2019Q2,later,operating,-0.4252563041942561,PPPPP,False
JMAT.LSE,2019Q3,later,operating,-0.3845512004466227,PPPPP,False
JMAT.LSE,2019Q4,later,operating,-0.29787764824020657,PPPPP,False
JNJ.US,2006Q1,train,operating,-0.03749305559191374,PPPPP,False
JNJ.US,2008Q1,train,operating,-0.007424083605066634,PPPPP,False
JNJ.US,2021Q2,later,operating,-0.042230686148017615,PPPPP,False
JNJ.US,2021Q4,later,operating,-0.08030238827597624,PPPPP,False
JPM.US,2019Q3,later,bank,-0.009847423790546928,PPPPP,False
JUP.LSE,2019Q2,later,operating,-0.6564586857369551,PPPPP,True
JUP.LSE,2019Q3,later,operating,-0.7326434543051945,PPPPP,True
JUP.LSE,2019Q4,later,operating,-0.6787426840828752,PPPPP,True
KLR.LSE,2006Q2,train,operating,-0.028233199036463152,PPPPP,False
KLR.LSE,2006Q4,train,operating,-0.2782079722401185,PPPPP,False
KLR.LSE,2007Q1,train,operating,-0.27198313950784403,PPPPP,False
KLR.LSE,2009Q2,train,operating,-0.3843654298620024,PPPPP,True
KLR.LSE,2009Q3,train,operating,-0.24880714307052076,PPPPP,False
KMB.US,2020Q3,later,operating,-0.09075541579737278,PPPPP,False
KMB.US,2022Q4,later,operating,-0.17577334272650635,PPPPP,False
KMB.US,2023Q1,later,operating,-0.19746104197358028,PPPPP,False
KMB.US,2023Q2,later,operating,-0.09885293232129555,PPPPP,False
KMB.US,2023Q3,later,operating,-0.07365236744700698,PPPPP,False
KNEBV.HE,2019Q2,later,operating,-0.026653725548753227,PPPPP,False
KNEBV.HE,2019Q3,later,operating,-0.15003876121528503,PPPPP,False
KNEBV.HE,2019Q4,later,operating,-0.07982853095288134,PPPPP,False
KNEBV.HE,2020Q2,later,operating,-0.12464185211678092,PPPPP,False
KNEBV.HE,2020Q3,later,operating,-0.395950342915802,PPPPP,False
KNEBV.HE,2020Q4,later,operating,-0.25143516969859514,PPPPP,False
KNEBV.HE,2021Q1,later,operating,-0.3010580528663973,PPPPP,False
KNEBV.HE,2021Q2,later,operating,-0.24323367105899474,PPPPP,False
KNEBV.HE,2021Q3,later,operating,-0.001692108281318716,PPPPP,False
KNEBV.HE,2021Q4,later,operating,-0.15149309924332754,PPPPP,False
KNIN.SW,2021Q2,later,operating,-0.06415049772309622,PPPPP,False
KNIN.SW,2021Q3,later,operating,-0.15929799119028498,PPPPP,False
KNIN.SW,2021Q4,later,operating,-0.18551317917646948,PPPPP,False
KNIN.SW,2022Q1,later,operating,-0.11529747791866818,PPPPP,False
KNIN.SW,2022Q2,later,operating,-0.12121078088268966,PPPPP,False
KNIN.SW,2022Q3,later,operating,-0.17977772931469016,PPPPP,False
KNIN.SW,2022Q4,later,operating,-0.10369559272692641,PPPPP,False
KNIN.SW,2023Q1,later,operating,-0.2185890691261816,PPPPP,False
KNIN.SW,2023Q2,later,operating,-0.15962361065075326,PPPPP,False
KNIN.SW,2023Q3,later,operating,-0.04649845155519439,PPPPP,False
KRX.IR,2007Q2,train,operating,-0.6982888873945534,PPPPP,False
KRX.IR,2007Q3,train,operating,-0.6248499738442976,PPPPP,False
KRX.IR,2007Q4,train,operating,-0.2738419882693417,PPPPP,False
KRX.IR,2008Q1,train,operating,-0.25357675776627,PPPPP,False
KRZ.IR,2019Q2,later,operating,-0.10680025982755104,PPPPP,False
KRZ.IR,2019Q3,later,operating,-0.1190963132496583,PPPPP,False
KRZ.IR,2019Q4,later,operating,-0.22608944285743526,PPPPP,False
KRZ.IR,2020Q1,later,operating,-0.07603127755328676,PPPPP,False
KRZ.IR,2020Q2,later,operating,-0.16448920266402678,PPPPP,False
KRZ.IR,2020Q3,later,operating,-0.2550969761644224,PPPPP,False
KRZ.IR,2020Q4,later,operating,-0.33168503882594336,PPPPP,False
KRZ.IR,2021Q1,later,operating,-0.23982840425418273,PPPPP,False
KRZ.IR,2021Q2,later,operating,-0.33893321536848087,PPPPP,False
KRZ.IR,2021Q3,later,operating,-0.17803264458101686,PPPPP,False
KRZ.IR,2021Q4,later,operating,-0.17224340458524234,PPPPP,False
LH.US,2021Q2,later,operating,-0.12314013347148633,PPPPP,False
LH.US,2021Q3,later,operating,-0.03923063684181316,PPPPP,False
LH.US,2021Q4,later,operating,-0.07318625192673256,PPPPP,False
LII.US,2019Q1,later,operating,-0.0011094988374658055,PPPPP,False
LII.US,2019Q2,later,operating,-0.24103237260160437,PPPPP,False
LII.US,2019Q3,later,operating,-0.027196006658078864,PPPPP,False
LII.US,2023Q3,later,operating,-0.008832524123363439,PPPPP,False
LIN.US,2012Q4,train,operating,-0.02917039520731146,PPPPP,False
LMT.US,2006Q1,train,operating,-0.020530869316655043,PPPPP,False
LMT.US,2006Q3,train,operating,-0.0462049173514566,PPPPP,False
LMT.US,2006Q4,train,operating,-0.1258079028700121,PPPPP,False
LMT.US,2007Q1,train,operating,-0.07999130828864931,PPPPP,False
LMT.US,2007Q2,train,operating,-0.1529512479969426,PPPPP,False
LMT.US,2007Q3,train,operating,-0.2907940375725464,PPPPP,False
LMT.US,2007Q4,train,operating,-0.27687042019369656,PPPPP,False
LMT.US,2008Q1,train,operating,-0.13069125200588083,PPPPP,False
LMT.US,2008Q2,train,operating,-0.11735666222536079,PPPPP,False
LMT.US,2008Q3,train,operating,-0.259782019446132,PPPPP,False
LOOMIS.ST,2018Q2,later,operating,-0.0601795906861704,PPPPP,False
LOOMIS.ST,2018Q3,later,operating,-0.11205494385300463,PPPPP,False
LOOMIS.ST,2018Q4,later,operating,-0.10419733983128798,PPPPP,False
LOOMIS.ST,2019Q1,later,operating,-0.13662929374370802,PPPPP,False
LOOMIS.ST,2019Q2,later,operating,-0.15898057747993066,PPPPP,False
LOOMIS.ST,2019Q3,later,operating,-0.14363846738406572,PPPPP,False
LOOMIS.ST,2019Q4,later,operating,-0.18263348156723114,PPPPP,False
LOW.US,2023Q3,later,operating,-0.048892730814593555,PPPPP,False
LR.PA,2021Q4,later,operating,-0.031060942309755646,PPPPP,False
LREN3.SA,2018Q4,later,operating,-0.2916879925441641,PPPPP,False
LREN3.SA,2019Q1,later,operating,-0.20448591620259715,PPPPP,False
LREN3.SA,2019Q2,later,operating,-0.4391618637062935,PPPPP,False
LREN3.SA,2019Q3,later,operating,-0.36203805404640965,PPPPP,False
LREN3.SA,2019Q4,later,operating,-0.5849250479811143,PPPPP,False
LULU.US,2021Q2,later,operating,-0.1799137819583918,PPPPP,False
LULU.US,2021Q3,later,operating,-0.3239404803433552,PPPPP,False
LULU.US,2021Q4,later,operating,-0.013288249377970907,PPPPP,False
LULU.US,2022Q1,later,operating,-0.22964294666383833,PPPPP,False
LULU.US,2022Q2,later,operating,-0.09795733378939375,PPPPP,False
LULU.US,2022Q3,later,operating,-0.3908593325645955,PPPPP,False
LULU.US,2022Q4,later,operating,-0.35738142612156676,PPPPP,False
LULU.US,2023Q1,later,operating,-0.5832879459800648,PPPPP,False
LULU.US,2023Q2,later,operating,-0.6990590674913757,PPPPP,False
LULU.US,2023Q3,later,operating,-0.748759321627515,PPPPP,False
LYB.US,2022Q3,later,operating,-0.24348842801457893,PPPPP,True
LYB.US,2022Q4,later,operating,-0.36867288991733627,PPPPP,True
LYB.US,2023Q2,later,operating,-0.3065524942794178,PPPPP,False
LYB.US,2023Q3,later,operating,-0.2518670776574795,PPPPP,False
MC.PA,2021Q4,later,operating,-0.08358793714671775,PPPPP,False
MC.PA,2022Q1,later,operating,-0.0722846562005992,PPPPP,False
MC.PA,2022Q2,later,operating,-0.18898816690820108,PPPPP,False
MC.PA,2022Q3,later,operating,-0.09426144685598847,PPPPP,False
MC.PA,2022Q4,later,operating,-0.015080600810545186,PPPPP,False
MC.PA,2023Q1,later,operating,-0.41850771248802365,PPPPP,False
MC.PA,2023Q2,later,operating,-0.39476523261702967,PPPPP,False
MC.PA,2023Q3,later,operating,-0.41692641334954683,PPPPP,False
MCHP.US,2006Q2,train,operating,-0.24075339392814676,PPPPP,False
MCHP.US,2006Q3,train,operating,-0.05364667136350576,PPPPP,False
MCHP.US,2007Q1,train,operating,-0.08444016620687611,PPPPP,False
MCHP.US,2007Q2,train,operating,-0.14138942494277673,PPPPP,False
MCHP.US,2007Q3,train,operating,-0.008396373106956734,PPPPP,False
MCHP.US,2017Q1,later,operating,-0.02611227952610995,PPPPP,False
MCK.US,2016Q1,later,operating,-0.2360591940675002,PPPPP,False
MCK.US,2016Q2,later,operating,-0.26485523530558075,PPPPP,False
MCK.US,2016Q3,later,operating,-0.14850107567345316,PPPPP,False
MCK.US,2016Q4,later,operating,-0.03240651988993526,PPPPP,False
MCK.US,2017Q1,later,operating,-0.04477606078698715,PPPPP,False
MCK.US,2017Q2,later,operating,-0.03668385219950876,PPPPP,False
MCK.US,2017Q3,later,operating,-0.00850587548683579,PPPPP,False
MDT.US,2006Q3,train,operating,-0.17782793271583308,PPPPP,False
MDT.US,2006Q4,train,operating,-0.12600261938322876,PPPPP,False
MDT.US,2007Q1,train,operating,-0.03276079326277026,PPPPP,False
MDT.US,2007Q2,train,operating,-0.2851416639547041,PPPPP,False
MDT.US,2007Q3,train,operating,-0.38713965944578177,PPPPP,False
MDT.US,2007Q4,train,operating,-0.20717811995082824,PPPPP,False
MDT.US,2008Q1,train,operating,-0.135575850892793,PPPPP,False
MDT.US,2008Q2,train,operating,-0.20330969321858927,PPPPP,False
MDT.US,2008Q3,train,operating,-0.2883166636899447,PPPPP,False
MDT.US,2020Q3,later,operating,-0.16890172239017964,PPPPP,False
MDT.US,2020Q4,later,operating,-0.22699606965898922,PPPPP,False
MDT.US,2021Q2,later,operating,-0.315819956355347,PPPPP,False
MDT.US,2021Q3,later,operating,-0.22237884830604393,PPPPP,False
MDT.US,2021Q4,later,operating,-0.17024504205327506,PPPPP,False
MDT.US,2022Q1,later,operating,-0.11812106002278966,PPPPP,False
MDT.US,2023Q2,later,operating,-0.009226538599909184,PPPPP,False
MELE.BR,2017Q1,later,operating,-0.35884392930994435,PPPPP,False
MELE.BR,2017Q3,later,operating,-0.1439787061732909,PPPPP,False
MELE.BR,2021Q1,later,operating,-0.08722127588853945,PPPPP,False
MELE.BR,2022Q4,later,operating,-0.17963822926789497,PPPPP,False
MELE.BR,2023Q1,later,operating,-0.41583409512156877,PPPPP,False
MELE.BR,2023Q3,later,operating,-0.014728898969161075,PPPPP,False
MGLU3.SA,2019Q3,later,operating,-0.5188243717971968,PPPPP,False
MGLU3.SA,2019Q4,later,operating,-0.7771782307212327,PPPPP,False
MKC-V.US,2023Q1,later,operating,-0.35695626750822473,PPPPP,False
MKC-V.US,2023Q2,later,operating,-0.3729755241463132,PPPPP,False
MKC-V.US,2023Q3,later,operating,-0.35902577212374465,PPPPP,False
ML.PA,2019Q3,later,operating,-0.020223202028891163,PPPPP,False
MMM.US,2006Q1,train,operating,-0.29027486847159967,PPPPP,False
MMM.US,2006Q2,train,operating,-0.1952411410417202,PPPPP,False
MMM.US,2007Q2,train,operating,-0.022483998993759413,PPPPP,True
MMM.US,2007Q3,train,operating,-0.0024666014271214065,PPPPP,True
MMM.US,2017Q1,later,operating,-0.22069373855310237,PPPPP,False
MMM.US,2017Q2,later,operating,-0.1874141562722167,PPPPP,False
MMM.US,2017Q3,later,operating,-0.1743373312359895,PPPPP,False
MMM.US,2017Q4,later,operating,-0.1835916770718512,PPPPP,False
MMM.US,2018Q1,later,operating,-0.00026886433103567864,PPPPP,False
MMM.US,2018Q3,later,operating,-0.08666480110358021,PPPPP,False
MMM.US,2019Q1,later,operating,-0.22079905324290128,PPPPP,False
MMM.US,2019Q2,later,operating,-0.17616521894235915,PPPPP,False
MMM.US,2019Q3,later,operating,-0.2240513048565863,PPPPP,False
MMM.US,2019Q4,later,operating,-0.2568061190400158,PPPPP,False
MMM.US,2020Q1,later,operating,-0.11566704023115126,PPPPP,False
MMM.US,2020Q2,later,operating,-0.2748932536107116,PPPPP,False
MMM.US,2020Q3,later,operating,-0.3322664394646798,PPPPP,False
MMM.US,2020Q4,later,operating,-0.27456646519529193,PPPPP,False
MMM.US,2021Q1,later,operating,-0.3670068681649047,PPPPP,False
MMM.US,2021Q2,later,operating,-0.29433274175253177,PPPPP,False
MMM.US,2021Q4,later,operating,-0.0065082009860403245,PPPPP,False
MRSH.US,2023Q2,later,operating,-0.05696203747644035,PPPPP,False
MRSH.US,2023Q3,later,operating,-0.04926854286922777,PPPPP,False
MS.US,2006Q1,train,bank,-0.5341451479079533,PPPPP,False
MS.US,2006Q2,train,bank,-0.4243347929381013,PPPPP,False
MS.US,2006Q3,train,bank,-0.45479546504058166,PPPPP,False
MS.US,2006Q4,train,bank,-0.5333312359556,PPPPP,False
MS.US,2007Q1,train,bank,-0.52174269862253,PPPPP,True
MS.US,2007Q2,train,bank,-0.6535302175163402,PPPPP,False
MS.US,2007Q3,train,bank,-0.5902701345784463,PPPPP,True
MS.US,2007Q4,train,bank,-0.43352251440977285,PPPPP,True
MS.US,2010Q1,train,bank,-0.22507351032030454,PPPPP,False
MSCI.US,2021Q2,later,operating,-0.0707051512848208,PPPPP,False
MSCI.US,2021Q3,later,operating,-0.015539367890873068,PPPPP,False
MSFT.US,2007Q3,train,operating,-0.12714145247856223,PPPPP,False
MSFT.US,2007Q4,train,operating,-0.15679887004241144,PPPPP,False
MSFT.US,2008Q1,train,operating,-0.08235081839884117,PPPPP,False
MTB.US,2018Q1,later,bank,-0.08153076029144479,PPPPP,False
MTB.US,2018Q2,later,bank,-0.06684967343226511,PPPPP,False
MTB.US,2018Q3,later,bank,-0.007282866518980025,PPPPP,False
MTB.US,2019Q4,later,bank,-0.06829199147969678,PPPPP,False
MTO.LSE,2006Q4,train,operating,-0.06969609954304001,PPPPP,False
MTO.LSE,2007Q1,train,operating,-0.020779666652441242,PPPPP,False
MTO.LSE,2007Q2,train,operating,-0.2121663653729139,PPPPP,False
MTO.LSE,2007Q3,train,operating,-0.24802657494651326,PPPPP,False
MTO.LSE,2007Q4,train,operating,-0.1816449125805938,PPPPP,False
MTO.LSE,2008Q1,train,operating,-0.16829880634542016,PPPPP,False
MTO.LSE,2016Q1,later,operating,-0.4316173660808813,PPPPP,False
MTO.LSE,2016Q2,later,operating,-0.40606952438496313,PPPPP,False
MTO.LSE,2016Q3,later,operating,-0.2448248959028917,PPPPP,False
MTO.LSE,2016Q4,later,operating,-0.35999613133110087,PPPPP,False
MTO.LSE,2017Q1,later,operating,-0.7083418372302247,PPPPP,False
NAB.AU,2005Q4,train,bank,-0.24061559469896387,PPPPP,True
NAB.AU,2006Q1,train,bank,-0.3593823238121101,PPPPP,False
NAB.AU,2006Q2,train,bank,-0.24906491400983,PPPPP,True
NAB.AU,2006Q3,train,bank,-0.006727160257192111,PPPPP,False
NAB.AU,2006Q4,train,bank,-0.19653162873415186,PPPPP,False
NAB.AU,2007Q1,train,bank,-0.1762343595651671,PPPPP,False
NAB.AU,2007Q2,train,bank,-0.30972718024152524,PPPPP,False
NAB.AU,2007Q3,train,bank,-0.23354384568546083,PPPPP,False
NAB.AU,2007Q4,train,bank,-0.2313761083571877,PPPPP,False
NDSN.US,2021Q4,later,operating,-0.14147307143846943,PPPPP,False
NDSN.US,2022Q1,later,operating,-0.0836473827549612,PPPPP,False
NEM.XETRA,2019Q4,later,operating,-0.2101048760652946,PPPPP,False
NEM.XETRA,2020Q3,later,operating,-0.06906160280541862,PPPPP,False
NEM.XETRA,2021Q4,later,operating,-0.1148736386458652,PPPPP,False
NEM.XETRA,2023Q2,later,operating,-0.18328448827689314,PPPPP,False
NHF.AU,2021Q3,later,insurer,-0.047456537450025316,PPPPP,False
NHF.AU,2021Q4,later,insurer,-0.16105728523743423,PPPPP,False
NHF.AU,2023Q2,later,insurer,-0.053439164146370066,PPPPP,False
NIBE-B.ST,2023Q2,later,operating,-0.6331379414335601,PPPPP,False
NIBE-B.ST,2023Q3,later,operating,-0.3267497079522612,PPPPP,False
NKE.US,2019Q3,later,operating,-0.07442303756307689,PPPPP,False
NKE.US,2020Q3,later,operating,-0.22220824956391994,PPPPP,False
NKE.US,2020Q4,later,operating,-0.2006371709164736,PPPPP,False
NKE.US,2021Q1,later,operating,-0.2674109779808167,PPPPP,False
NKE.US,2021Q2,later,operating,-0.5062591591600825,PPPPP,False
NKE.US,2021Q3,later,operating,-0.3760754502423562,PPPPP,False
NKE.US,2021Q4,later,operating,-0.5214638910351688,PPPPP,False
NKE.US,2022Q1,later,operating,-0.5035233450297927,PPPPP,False
NKE.US,2022Q2,later,operating,-0.2637615443411895,PPPPP,False
NKE.US,2022Q3,later,operating,-0.14182219587917544,PPPPP,False
NKE.US,2022Q4,later,operating,-0.4342527896685916,PPPPP,False
NKE.US,2023Q1,later,operating,-0.5404848375416326,PPPPP,False
NKE.US,2023Q2,later,operating,-0.5995252096952902,PPPPP,False
NKE.US,2023Q3,later,operating,-0.5986244258060341,PPPPP,False
NOKIA.HE,2006Q2,train,operating,-0.2871145638522635,PPPPP,False
NOKIA.HE,2006Q3,train,operating,-0.2920366093516682,PPPPP,False
NOKIA.HE,2006Q4,train,operating,-0.38122567677519104,PPPPP,False
NOKIA.HE,2007Q1,train,operating,-0.2590521567004178,PPPPP,False
NOKIA.HE,2007Q2,train,operating,-0.6421316513467638,PPPPP,False
NOKIA.HE,2007Q3,train,operating,-0.6856352605174112,PPPPP,False
NOKIA.HE,2007Q4,train,operating,-0.6628971254817562,PPPPP,False
NOVO-B.CO,2016Q2,later,operating,-0.00225362285062769,PPPPP,False
NXT.LSE,2006Q2,train,operating,-0.10820493928283204,PPPPP,False
NXT.LSE,2006Q3,train,operating,-0.04528205435845756,PPPPP,False
NXT.LSE,2007Q1,train,operating,-0.04985073513270599,PPPPP,False
NXT.LSE,2017Q1,later,operating,-0.021224659290406067,PPPPP,True
ODFL.US,2023Q3,later,operating,-0.12238361342035875,PPPPP,False
OIZ.IR,2016Q1,later,operating,-0.14020901871631475,PPPPP,False
OIZ.IR,2016Q3,later,operating,-0.003479476719935426,PPPPP,False
OIZ.IR,2016Q4,later,operating,-0.33779939381354074,PPPPP,False
OIZ.IR,2017Q1,later,operating,-0.6628322255728921,PPPPP,False
OIZ.IR,2017Q2,later,operating,-0.5354606534237017,PPPPP,False
OIZ.IR,2017Q3,later,operating,-0.42707344307053097,PPPPP,False
OIZ.IR,2017Q4,later,operating,-0.4603640929602516,PPPPP,False
OIZ.IR,2018Q1,later,operating,-0.167635820105837,PPPPP,False
OIZ.IR,2018Q2,later,operating,-0.4069724614474628,PPPPP,False
OIZ.IR,2018Q3,later,operating,-0.36405643407876453,PPPPP,False
OMC.US,2017Q2,later,operating,-0.27200182048862553,PPPPP,False
OMC.US,2017Q3,later,operating,-0.2701202747773428,PPPPP,False
OMC.US,2017Q4,later,operating,-0.043219059293307605,PPPPP,False
OMC.US,2019Q2,later,operating,-0.14493282420651443,PPPPP,False
OMC.US,2019Q3,later,operating,-0.09117317179404816,PPPPP,False
OMC.US,2023Q1,later,operating,-0.12431444489715837,PPPPP,False
OMC.US,2023Q2,later,operating,-0.1536183014812016,PPPPP,False
OPM.PA,2019Q2,later,operating,-0.22895421546046224,PPPPP,True
OPM.PA,2019Q3,later,operating,-0.42163635575319114,PPPPP,True
OPM.PA,2019Q4,later,operating,-0.41390598339709783,PPPPP,True
OPM.PA,2020Q2,later,operating,-0.043744020629544966,PPPPP,True
OPM.PA,2020Q3,later,operating,-0.28928987048776855,PPPPP,False
OPM.PA,2020Q4,later,operating,-0.5418200648509688,PPPPP,False
OPM.PA,2021Q1,later,operating,-0.5903413095584091,PPPPP,False
OR.PA,2021Q4,later,operating,-0.16183260718094672,PPPPP,False
OR.PA,2022Q1,later,operating,-0.026097840217841117,PPPPP,False
OR.PA,2023Q1,later,operating,-0.11846819520715046,PPPPP,False
OR.PA,2023Q2,later,operating,-0.045211525928493534,PPPPP,False
ORNBV.HE,2017Q1,later,operating,-0.15943607017762562,PPPPP,False
ORNBV.HE,2017Q2,later,operating,-0.12464214672442875,PPPPP,False
ORNBV.HE,2020Q2,later,operating,-0.017225018479887,PPPPP,False
OXY.US,2010Q1,train,operating,-0.0324181756251698,PPPPP,False
OXY.US,2011Q1,train,operating,-0.013363085388175322,PPPPP,False
OXY.US,2011Q4,train,operating,-0.0534474098020401,PPPPP,False
OXY.US,2012Q1,train,operating,-0.14689586579257552,PPPPP,True
OXY.US,2012Q3,train,operating,-0.12137043447819829,PPPPP,False
PAYX.US,2006Q4,train,operating,-0.12994651647990885,PPPPP,False
PAYX.US,2007Q1,train,operating,-0.08067126067231878,PPPPP,False
PAYX.US,2007Q2,train,operating,-0.2566033236496399,PPPPP,False
PAYX.US,2007Q3,train,operating,-0.2484217057708672,PPPPP,False
PAYX.US,2008Q3,train,operating,-0.07908303307157527,PPPPP,False
PAYX.US,2023Q1,later,operating,-0.09055478703288733,PPPPP,False
PAYX.US,2023Q2,later,operating,-0.026145168104983796,PPPPP,False
PAYX.US,2023Q3,later,operating,-0.041252685910291076,PPPPP,False
PEO.WAR,2016Q1,later,bank,-0.16970983986404709,PPPPP,False
PEO.WAR,2016Q2,later,bank,-0.043882018472938045,PPPPP,False
PEO.WAR,2016Q3,later,bank,-0.01359768904286196,PPPPP,False
PEO.WAR,2016Q4,later,bank,-0.03692434076822604,PPPPP,False
PEO.WAR,2017Q1,later,bank,-0.4847329882046133,PPPPP,False
PEO.WAR,2017Q2,later,bank,-0.5122744682078995,PPPPP,False
PEO.WAR,2017Q3,later,bank,-0.5441614587394873,PPPPP,False
PEO.WAR,2017Q4,later,bank,-0.4603983621141341,PPPPP,False
PEO.WAR,2018Q1,later,bank,-0.344962110764912,PPPPP,False
PEP.US,2006Q1,train,operating,-0.046089753068209505,PPPPP,False
PEP.US,2006Q2,train,operating,-0.01937316779963205,PPPPP,False
PEP.US,2006Q3,train,operating,-0.01605122647069468,PPPPP,False
PEP.US,2007Q3,train,operating,-0.022701341302333033,PPPPP,False
PEP.US,2007Q4,train,operating,-0.05295414326740022,PPPPP,False
PEP.US,2008Q1,train,operating,-0.02318595819010616,PPPPP,False
PEP.US,2008Q3,train,operating,-0.05219377336535547,PPPPP,False
PEP.US,2021Q4,later,operating,-0.04177583491751158,PPPPP,False
PEP.US,2022Q1,later,operating,-0.035047327535922324,PPPPP,False
PEP.US,2022Q2,later,operating,-0.14499086836492658,PPPPP,False
PEP.US,2022Q3,later,operating,-0.06497943273371809,PPPPP,False
PEP.US,2022Q4,later,operating,-0.11678945968459598,PPPPP,False
PEP.US,2023Q1,later,operating,-0.05850729470419769,PPPPP,False
PEP.US,2023Q2,later,operating,-0.18997370947045844,PPPPP,False
PEP.US,2023Q3,later,operating,-0.16526119956935892,PPPPP,False
PFE.US,2006Q1,train,operating,-0.364860387330198,PPPPP,False
PFE.US,2006Q2,train,operating,-0.25347006548093975,PPPPP,False
PFE.US,2006Q3,train,operating,-0.3134038512585612,PPPPP,False
PFE.US,2006Q4,train,operating,-0.1868270304960662,PPPPP,False
PFE.US,2023Q1,later,operating,-0.1861491479798577,PPPPP,True
PFE.US,2023Q2,later,operating,-0.20815205928236635,PPPPP,True
PG.US,2008Q3,train,operating,-0.028471084067953067,PPPPP,False
PGHN.SW,2021Q2,later,operating,-0.08714751042670621,PPPPP,False
PGHN.SW,2021Q3,later,operating,-0.012212915276634928,PPPPP,False
PGHN.SW,2021Q4,later,operating,-0.08544611517169498,PPPPP,False
PGHN.SW,2023Q2,later,operating,-0.08403279402676611,PPPPP,False
PGHN.SW,2023Q3,later,operating,-0.3363837721470918,PPPPP,False
PGR.US,2006Q1,train,insurer,-0.4221250333979186,PPPPP,False
PGR.US,2006Q2,train,insurer,-0.350408797710673,PPPPP,False
PGR.US,2006Q3,train,insurer,-0.24465262528355114,PPPPP,False
PGR.US,2006Q4,train,insurer,-0.17803677841730225,PPPPP,False
PGR.US,2007Q1,train,insurer,-0.01343197623827963,PPPPP,False
PGR.US,2007Q2,train,insurer,-0.111118135623411,PPPPP,False
PKO.WAR,2019Q2,later,bank,-0.3243780155425663,PPPPP,False
PKO.WAR,2019Q3,later,bank,-0.39613711604809687,PPPPP,False
PKO.WAR,2019Q4,later,bank,-0.05580701382177522,PPPPP,False
PM.US,2016Q2,later,operating,-0.10759174823797324,PPPPP,False
PM.US,2016Q3,later,operating,-0.09747206511044215,PPPPP,False
PM.US,2017Q1,later,operating,-0.24356661861216689,PPPPP,False
PM.US,2017Q2,later,operating,-0.29331691351665623,PPPPP,False
PM.US,2017Q3,later,operating,-0.1974790980203559,PPPPP,False
PM.US,2017Q4,later,operating,-0.05484552555322619,PPPPP,False
PME.AU,2008Q3,train,operating,-0.7077727296367923,PPPPP,False
PME.AU,2008Q4,train,operating,-0.6947349783621934,PPPPP,False
PME.AU,2009Q1,train,operating,-0.558408226234179,PPPPP,False
PME.AU,2009Q2,train,operating,-0.5268659566794774,PPPPP,False
PNC.US,2021Q2,later,bank,-0.09236310176826501,PPPPP,False
PNDORA.CO,2017Q2,later,operating,-0.35972254569388895,PPPPP,False
PNDORA.CO,2017Q3,later,operating,-0.17331886725931944,PPPPP,False
PNDORA.CO,2023Q1,later,operating,-0.232296836122576,PPPPP,True
POW.TO,2008Q1,train,insurer,-0.06003862903995605,PPPPP,False
POW.TO,2008Q3,train,insurer,-0.17320785600351318,PPPPP,False
POW.TO,2009Q3,train,insurer,-0.05363266372329578,PPPPP,False
POW.TO,2009Q4,train,insurer,-0.014919399144134204,PPPPP,False
POW.TO,2010Q1,train,insurer,-0.0008405304439755845,PPPPP,False
PPG.US,2019Q3,later,operating,-0.0041520380538693225,PPPPP,False
PPG.US,2021Q2,later,operating,-0.2181450888147355,PPPPP,False
PPG.US,2021Q3,later,operating,-0.026869213668086922,PPPPP,False
PPG.US,2021Q4,later,operating,-0.2579088940834129,PPPPP,False
PPG.US,2022Q1,later,operating,-0.13353008878503347,PPPPP,False
PPG.US,2022Q3,later,operating,-0.01918895359625583,PPPPP,False
PPG.US,2022Q4,later,operating,-0.13748864815542416,PPPPP,False
PPT.AU,2006Q3,train,operating,-0.3880317307691584,PPPPP,False
PPT.AU,2006Q4,train,operating,-0.4556766892374339,PPPPP,False
PPT.AU,2007Q1,train,operating,-0.4590420875603024,PPPPP,False
PPT.AU,2007Q2,train,operating,-0.5892244427992368,PPPPP,False
PPT.AU,2019Q3,later,operating,-0.2727251960020778,PPPPP,True
PPT.AU,2019Q4,later,operating,-0.29354094700509825,PPPPP,False
PPT.AU,2020Q2,later,operating,-0.0008270136775829773,PPPPP,True
PSN.LSE,2022Q2,later,operating,-0.3074895740838174,PPPPP,True
PSN.LSE,2022Q3,later,operating,-0.09116840658803915,PPPPP,True
PSN.LSE,2023Q1,later,operating,-0.14798182742519517,PPPPP,True
PYPL.US,2022Q1,later,bank,-0.4407302060043854,PPPPP,False
PYPL.US,2022Q3,later,bank,-0.23078683328686178,PPPPP,False
PYPL.US,2022Q4,later,bank,-0.2154067560944679,PPPPP,False
PYPL.US,2023Q1,later,bank,-0.3960443248900336,PPPPP,False
PYPL.US,2023Q2,later,bank,-0.36044109135945734,PPPPP,False
PYPL.US,2023Q3,later,bank,-0.09296786530862378,PPPPP,False
QCOM.US,2012Q4,train,operating,-0.1708034129967264,PPPPP,False
RAA.XETRA,2019Q2,later,operating,-0.05288777138898981,PPPPP,False
RAA.XETRA,2019Q3,later,operating,-0.2065584814237319,PPPPP,False
RAA.XETRA,2019Q4,later,operating,-0.20741663603481353,PPPPP,False
RAA.XETRA,2020Q3,later,operating,-0.10837072126177993,PPPPP,False
RAA.XETRA,2020Q4,later,operating,-0.009740482852926724,PPPPP,False
RAND.AS,2022Q3,later,operating,-0.049759037141851925,PPPPP,False
RAND.AS,2022Q4,later,operating,-0.340462991918805,PPPPP,False
RAND.AS,2023Q1,later,operating,-0.5005525284152896,PPPPP,False
RAND.AS,2023Q2,later,operating,-0.37722415736811865,PPPPP,False
RAND.AS,2023Q3,later,operating,-0.18587706552476768,PPPPP,False
RBREW.CO,2019Q3,later,operating,-0.06261150283494143,PPPPP,False
RBREW.CO,2019Q4,later,operating,-0.12813094902573985,PPPPP,False
RBREW.CO,2020Q3,later,operating,-0.11742850771487323,PPPPP,False
RBREW.CO,2020Q4,later,operating,-0.3165520079191403,PPPPP,False
RBREW.CO,2021Q1,later,operating,-0.2802675774855008,PPPPP,False
RBREW.CO,2021Q2,later,operating,-0.2936531451018842,PPPPP,False
RBREW.CO,2021Q3,later,operating,-0.23283091594330096,PPPPP,False
RBREW.CO,2021Q4,later,operating,-0.27958106662946947,PPPPP,False
RBREW.CO,2022Q1,later,operating,-0.06246241147109666,PPPPP,False
RBREW.CO,2022Q2,later,operating,-0.12103616283405572,PPPPP,False
RBREW.CO,2023Q1,later,operating,-0.06042587972212243,PPPPP,False
RBREW.CO,2023Q2,later,operating,-0.223934518964644,PPPPP,False
RBREW.CO,2023Q3,later,operating,-0.14820218171873822,PPPPP,False
RCI-B.TO,2019Q2,later,operating,-0.047555796275528084,PPPPP,False
RCI-B.TO,2019Q3,later,operating,-0.09460092129853237,PPPPP,False
REGN.US,2022Q1,later,operating,-0.08604259567800798,PPPPP,False
REGN.US,2022Q2,later,operating,-0.11580242593031609,PPPPP,False
REGN.US,2022Q3,later,operating,-0.23186317474668894,PPPPP,False
REH.AU,2008Q3,train,operating,-0.007221724471647595,PPPPP,False
REH.AU,2009Q3,train,operating,-0.07262147328357571,PPPPP,False
REL.LSE,2023Q1,later,operating,-0.047534501423570075,PPPPP,False
REL.LSE,2023Q2,later,operating,-0.09016513730113651,PPPPP,False
REL.LSE,2023Q3,later,operating,-0.0937967151201673,PPPPP,False
RHC.AU,2016Q3,later,operating,-0.11627539458513891,PPPPP,False
RHC.AU,2017Q1,later,operating,-0.044074288715074905,PPPPP,False
RHC.AU,2017Q2,later,operating,-0.022223538806026344,PPPPP,False
RHC.AU,2017Q4,later,operating,-0.049604499206165054,PPPPP,False
RHC.AU,2019Q3,later,operating,-0.09495600143531313,PPPPP,False
RHC.AU,2019Q4,later,operating,-0.05934683597414381,PPPPP,False
RHC.AU,2020Q2,later,operating,-0.11036869515340486,PPPPP,False
RKT.LSE,2016Q1,later,operating,-0.04751919403743998,PPPPP,False
RKT.LSE,2016Q2,later,operating,-0.17580855471514956,PPPPP,False
RKT.LSE,2016Q3,later,operating,-0.12909858756486126,PPPPP,False
RKT.LSE,2016Q4,later,operating,-0.09585675445291642,PPPPP,False
RKT.LSE,2017Q1,later,operating,-0.1517748087346953,PPPPP,False
RKT.LSE,2017Q2,later,operating,-0.04408708547855411,PPPPP,False
RKT.LSE,2017Q4,later,operating,-0.0371642113740458,PPPPP,False
RKT.LSE,2018Q3,later,operating,-0.17047986162470652,PPPPP,False
RKT.LSE,2019Q1,later,operating,-0.09785998704687315,PPPPP,False
RKT.LSE,2019Q3,later,operating,-0.041681328427869535,PPPPP,False
RKT.LSE,2019Q4,later,operating,-0.07117989177666906,PPPPP,False
RKT.LSE,2020Q2,later,operating,-0.20106771491227482,PPPPP,False
RKT.LSE,2020Q3,later,operating,-0.2474679731326247,PPPPP,False
RKT.LSE,2020Q4,later,operating,-0.20037018423662145,PPPPP,False
RKT.LSE,2021Q1,later,operating,-0.3050317205831846,PPPPP,False
RMD.US,2020Q3,later,operating,-0.1072455305664668,PPPPP,False
RMD.US,2020Q4,later,operating,-0.16911117246915053,PPPPP,False
RMD.US,2021Q2,later,operating,-0.20794531635521762,PPPPP,False
RMD.US,2021Q3,later,operating,-0.04420120987450726,PPPPP,False
RMD.US,2021Q4,later,operating,-0.09482072535511554,PPPPP,False
RMD.US,2022Q1,later,operating,-0.06652217570530561,PPPPP,False
RMS.PA,2023Q1,later,operating,-0.11022738566585222,PPPPP,False
RMS.PA,2023Q2,later,operating,-0.1571629568588977,PPPPP,False
RMS.PA,2023Q3,later,operating,-0.20065147521551208,PPPPP,False
RMV.LSE,2019Q3,later,operating,-0.13649950458733862,PPPPP,False
RMV.LSE,2019Q4,later,operating,-0.20172602581697585,PPPPP,False
RMV.LSE,2020Q2,later,operating,-0.043172802899966056,PPPPP,False
RMV.LSE,2020Q3,later,operating,-0.11954589956619588,PPPPP,False
RMV.LSE,2020Q4,later,operating,-0.11599684196961602,PPPPP,False
RMV.LSE,2021Q1,later,operating,-0.07684869444910591,PPPPP,False
RMV.LSE,2021Q2,later,operating,-0.18277514247060056,PPPPP,False
RMV.LSE,2021Q3,later,operating,-0.09509658911520891,PPPPP,False
RMV.LSE,2021Q4,later,operating,-0.1878340153717286,PPPPP,False
RMV.LSE,2022Q4,later,operating,-0.005664275436783828,PPPPP,False
RMV.LSE,2023Q1,later,operating,-0.23375531360856394,PPPPP,False
RMV.LSE,2023Q2,later,operating,-0.1568742225799371,PPPPP,False
RMV.LSE,2023Q3,later,operating,-0.19328797434611766,PPPPP,False
ROK.US,2021Q3,later,operating,-0.03979024529444963,PPPPP,False
ROP.SW,2020Q1,later,operating,-0.10214543837610635,PPPPP,False
ROP.SW,2020Q2,later,operating,-0.09855155306659413,PPPPP,False
ROP.SW,2020Q3,later,operating,-0.12843117662430314,PPPPP,False
ROP.SW,2020Q4,later,operating,-0.13374698319943312,PPPPP,False
ROP.SW,2021Q1,later,operating,-0.16590546554596464,PPPPP,False
ROP.SW,2021Q2,later,operating,-0.20979516584857794,PPPPP,False
ROP.SW,2021Q3,later,operating,-0.1308046657435762,PPPPP,False
ROP.SW,2021Q4,later,operating,-0.2521928437713822,PPPPP,False
ROP.SW,2022Q1,later,operating,-0.12659722626732262,PPPPP,False
ROP.SW,2022Q2,later,operating,-0.10005095746245862,PPPPP,False
ROP.SW,2022Q3,later,operating,-0.09960423299194499,PPPPP,False
ROP.US,2023Q1,later,operating,-0.1825230211958171,PPPPP,False
ROP.US,2023Q2,later,operating,-0.2774856454752288,PPPPP,False
ROP.US,2023Q3,later,operating,-0.2631731138650384,PPPPP,False
ROR.LSE,2012Q3,train,operating,-0.2986300050123355,PPPPP,False
ROR.LSE,2012Q4,train,operating,-0.30094772972672446,PPPPP,False
ROR.LSE,2017Q1,later,operating,-0.12579798205395143,PPPPP,False
ROR.LSE,2020Q4,later,operating,-0.01513829875728856,PPPPP,False
ROR.LSE,2021Q1,later,operating,-0.09657888324341524,PPPPP,False
ROR.LSE,2021Q2,later,operating,-0.025947377405295846,PPPPP,False
ROR.LSE,2021Q3,later,operating,-0.02277480737899862,PPPPP,False
ROR.LSE,2021Q4,later,operating,-0.15904794462487304,PPPPP,False
ROR.LSE,2022Q1,later,operating,-0.02423386124313265,PPPPP,False
ROR.LSE,2023Q1,later,operating,-0.008807203486412174,PPPPP,False
ROST.US,2019Q1,later,operating,-0.01746474942853249,PPPPP,False
ROST.US,2019Q2,later,operating,-0.27271191165809305,PPPPP,False
ROST.US,2019Q3,later,operating,-0.20880651672354034,PPPPP,False
RS1.LSE,2020Q4,later,operating,-0.09473120314044381,PPPPP,False
RS1.LSE,2021Q1,later,operating,-0.28136276949001093,PPPPP,False
RS1.LSE,2021Q2,later,operating,-0.3280558360025565,PPPPP,False
RS1.LSE,2021Q3,later,operating,-0.24102155636887101,PPPPP,False
RS1.LSE,2021Q4,later,operating,-0.44818652465407083,PPPPP,False
RS1.LSE,2022Q1,later,operating,-0.46379181915908174,PPPPP,False
RS1.LSE,2022Q2,later,operating,-0.33600681815904343,PPPPP,False
RS1.LSE,2022Q3,later,operating,-0.416696424566418,PPPPP,False
RS1.LSE,2022Q4,later,operating,-0.3086746116022212,PPPPP,False
RS1.LSE,2023Q1,later,operating,-0.381291729872029,PPPPP,False
RS1.LSE,2023Q2,later,operating,-0.23407702275123332,PPPPP,False
RSW.LSE,2006Q3,train,operating,-0.29444773801796653,PPPPP,False
RSW.LSE,2006Q4,train,operating,-0.2892527646294769,PPPPP,False
RSW.LSE,2007Q1,train,operating,-0.15819907506414055,PPPPP,False
RSW.LSE,2019Q3,later,operating,-0.041805296453647944,PPPPP,False
RSW.LSE,2019Q4,later,operating,-0.06159109778607874,PPPPP,False
RSW.LSE,2020Q2,later,operating,-0.03476520521827686,PPPPP,False
RSW.LSE,2021Q3,later,operating,-0.1927739805936467,PPPPP,False
RSW.LSE,2021Q4,later,operating,-0.3084491843076955,PPPPP,False
RSW.LSE,2022Q1,later,operating,-0.34638445379821237,PPPPP,False
RSW.LSE,2022Q2,later,operating,-0.21805359983544026,PPPPP,False
RSW.LSE,2022Q4,later,operating,-0.03769858574997331,PPPPP,False
RSW.LSE,2023Q1,later,operating,-0.12563965230175655,PPPPP,False
RTX.US,2006Q1,train,operating,-0.21683528486000392,PPPPP,False
RTX.US,2006Q2,train,operating,-0.1363761255137299,PPPPP,False
RTX.US,2007Q2,train,operating,-0.03925627799247977,PPPPP,False
RTX.US,2007Q3,train,operating,-0.06763822443271561,PPPPP,False
RYA.IR,2016Q1,later,operating,-0.17823182951729377,PPPPP,False
RYA.IR,2016Q2,later,operating,-0.145692630021658,PPPPP,False
RYA.IR,2016Q3,later,operating,-0.13412634016554903,PPPPP,False
RYA.IR,2017Q1,later,operating,-0.3671478210761423,PPPPP,False
RYA.IR,2017Q2,later,operating,-0.411000529387721,PPPPP,False
RYA.IR,2017Q3,later,operating,-0.32445235300662956,PPPPP,False
SAND.ST,2021Q4,later,operating,-0.1276542748046331,PPPPP,False
SAP.TO,2016Q3,later,operating,-0.058430882998861344,PPPPP,False
SAP.TO,2016Q4,later,operating,-0.10599460505759495,PPPPP,False
SAP.TO,2017Q1,later,operating,-0.22403801412409408,PPPPP,False
SAP.TO,2017Q2,later,operating,-0.17076470818922296,PPPPP,False
SAP.TO,2017Q3,later,operating,-0.19923337647118355,PPPPP,False
SAP.TO,2017Q4,later,operating,-0.1635172791588111,PPPPP,False
SAP.TO,2018Q1,later,operating,-0.02712394071234081,PPPPP,False
SAP.TO,2018Q2,later,operating,-0.09635589912196307,PPPPP,False
SAP.TO,2018Q3,later,operating,-0.16187295284648406,PPPPP,False
SAP.TO,2018Q4,later,operating,-0.2229305452693514,PPPPP,False
SAP.TO,2019Q1,later,operating,-0.3106764174161438,PPPPP,False
SAP.TO,2019Q2,later,operating,-0.2407135961715582,PPPPP,False
SAP.TO,2019Q3,later,operating,-0.13184670461462944,PPPPP,False
SAP.TO,2019Q4,later,operating,-0.10597316173008264,PPPPP,False
SAP.TO,2020Q2,later,operating,-0.0201957775529239,PPPPP,False
SAP.TO,2020Q3,later,operating,-0.09456606607540563,PPPPP,False
SAP.TO,2020Q4,later,operating,-0.19658268412417035,PPPPP,False
SAP.TO,2021Q1,later,operating,-0.25224749125713564,PPPPP,False
SAP.TO,2021Q2,later,operating,-0.11356427742562736,PPPPP,False
SAP.TO,2021Q3,later,operating,-0.020344454020442493,PPPPP,False
SAP.TO,2021Q4,later,operating,-0.0715326106219305,PPPPP,False
SAP.TO,2022Q1,later,operating,-0.09822292221058071,PPPPP,False
SBUX.US,2006Q4,train,operating,-0.34581574150227234,PPPPP,False
SBUX.US,2007Q1,train,operating,-0.22335995832754318,PPPPP,False
SBUX.US,2007Q2,train,operating,-0.06331481731591515,PPPPP,False
SBUX.US,2007Q3,train,operating,-0.020107316611469694,PPPPP,False
SCR.PA,2021Q3,later,insurer,-0.038288111574915074,PPPPP,True
SCT.LSE,2023Q1,later,operating,-0.05878861626464338,PPPPP,False
SDF.XETRA,2008Q2,train,operating,-0.3205286095577232,PPPPP,False
SDF.XETRA,2008Q3,train,operating,-0.01584657331701922,PPPPP,False
SDF.XETRA,2008Q4,train,operating,-0.037928501647581325,PPPPP,False
SECU-B.ST,2018Q3,later,operating,-0.02469541663750563,PPPPP,False
SECU-B.ST,2018Q4,later,operating,-0.01229201011649661,PPPPP,False
SECU-B.ST,2019Q1,later,operating,-0.23770692264778803,PPPPP,False
SECU-B.ST,2019Q2,later,operating,-0.4064683845525011,PPPPP,False
SECU-B.ST,2019Q3,later,operating,-0.3111452104577863,PPPPP,False
SECU-B.ST,2019Q4,later,operating,-0.287582933427978,PPPPP,False
SECU-B.ST,2020Q2,later,operating,-0.038038989328881945,PPPPP,False
SECU-B.ST,2020Q3,later,operating,-0.13119910771628385,PPPPP,False
SECU-B.ST,2020Q4,later,operating,-0.01908804639638839,PPPPP,False
SGE.LSE,2017Q1,later,operating,-0.05699308725801577,PPPPP,False
SGE.LSE,2017Q2,later,operating,-0.012091398092507366,PPPPP,False
SGE.LSE,2017Q4,later,operating,-0.2605271965292558,PPPPP,False
SGE.LSE,2018Q1,later,operating,-0.04890600191530514,PPPPP,False
SGE.LSE,2019Q4,later,operating,-0.0019201675401985252,PPPPP,False
SGE.LSE,2023Q2,later,operating,-0.10944273492431389,PPPPP,False
SGE.LSE,2023Q3,later,operating,-0.008415629351696596,PPPPP,False
SGSN.SW,2012Q3,train,operating,-0.052391390070302246,PPPPP,False
SGSN.SW,2012Q4,train,operating,-0.002780152635860622,PPPPP,False
SGSN.SW,2020Q3,later,operating,-0.13969374148450742,PPPPP,False
SGSN.SW,2020Q4,later,operating,-0.2504062049951167,PPPPP,False
SGSN.SW,2021Q1,later,operating,-0.13596347959405797,PPPPP,False
SHB-A.ST,2016Q3,later,bank,-0.09303112603833141,PPPPP,False
SHB-A.ST,2016Q4,later,bank,-0.06022314214528057,PPPPP,False
SHB-A.ST,2017Q1,later,bank,-0.22388089653329624,PPPPP,False
SHB-A.ST,2017Q2,later,bank,-0.18311671380172834,PPPPP,False
SHB-A.ST,2017Q3,later,bank,-0.30934597316686874,PPPPP,False
SHB-A.ST,2017Q4,later,bank,-0.16597677705086633,PPPPP,False
SHB-A.ST,2018Q3,later,bank,-0.036305347557080925,PPPPP,False
SIE.XETRA,2017Q1,later,operating,-0.3181066443314634,PPPPP,False
SIE.XETRA,2017Q2,later,operating,-0.044191111419736084,PPPPP,False
SIKA.SW,2021Q2,later,operating,-0.1287449497252141,PPPPP,False
SIKA.SW,2021Q3,later,operating,-0.01640011477571579,PPPPP,False
SIKA.SW,2021Q4,later,operating,-0.41583885819584776,PPPPP,False
SIKA.SW,2022Q1,later,operating,-0.271880506560116,PPPPP,False
SIKA.SW,2022Q3,later,operating,-0.08652908934441828,PPPPP,False
SIKA.SW,2022Q4,later,operating,-0.25565242455525083,PPPPP,False
SIKA.SW,2023Q1,later,operating,-0.46032198642184385,PPPPP,False
SIKA.SW,2023Q2,later,operating,-0.3006362420543339,PPPPP,False
SIKA.SW,2023Q3,later,operating,-0.1534657423741621,PPPPP,False
SK.PA,2017Q1,later,operating,-0.09791360190178222,PPPPP,False
SK.PA,2017Q2,later,operating,-0.03961919909078093,PPPPP,False
SK.PA,2017Q3,later,operating,-0.08742635962200929,PPPPP,False
SK.PA,2018Q3,later,operating,-0.049612867819682105,PPPPP,False
SK.PA,2019Q1,later,operating,-0.05414938300837269,PPPPP,False
SK.PA,2019Q2,later,operating,-0.33418385788297034,PPPPP,False
SK.PA,2019Q3,later,operating,-0.4409658256604887,PPPPP,False
SK.PA,2019Q4,later,operating,-0.3283990560312371,PPPPP,False
SK.PA,2020Q2,later,operating,-0.2261697341122375,PPPPP,False
SK.PA,2020Q3,later,operating,-0.2587047962970205,PPPPP,False
SK.PA,2020Q4,later,operating,-0.11556326897408009,PPPPP,False
SK.PA,2021Q1,later,operating,-0.1622641548101259,PPPPP,False
SK.PA,2021Q2,later,operating,-0.3290489469641762,PPPPP,False
SK.PA,2021Q3,later,operating,-0.08513310378473926,PPPPP,False
SK.PA,2021Q4,later,operating,-0.31840373709501746,PPPPP,False
SK.PA,2022Q1,later,operating,-0.2586013605620324,PPPPP,False
SK.PA,2022Q2,later,operating,-0.05208975657302117,PPPPP,False
SK.PA,2022Q4,later,operating,-0.3350963450117078,PPPPP,False
SK.PA,2023Q1,later,operating,-0.548548766694942,PPPPP,False
SK.PA,2023Q2,later,operating,-0.45141494717194497,PPPPP,False
SK.PA,2023Q3,later,operating,-0.27864318589504566,PPPPP,False
SKF-B.ST,2012Q4,train,operating,-0.10042441073142339,PPPPP,False
SKF-B.ST,2017Q1,later,operating,-0.15105754311943764,PPPPP,False
SKF-B.ST,2019Q2,later,operating,-0.03455437277651796,PPPPP,False
SKF-B.ST,2019Q4,later,operating,-0.09326803029375541,PPPPP,False
SKF-B.ST,2021Q1,later,operating,-0.023261755114411198,PPPPP,False
SOON.SW,2019Q3,later,operating,-0.01889866757643044,PPPPP,False
SOON.SW,2020Q3,later,operating,-0.0383951275077693,PPPPP,False
SOON.SW,2021Q2,later,operating,-0.16483895599474463,PPPPP,False
SOON.SW,2021Q3,later,operating,-0.0958496109743977,PPPPP,False
SOON.SW,2021Q4,later,operating,-0.13120745548013846,PPPPP,False
SOON.SW,2022Q1,later,operating,-0.30275276994687306,PPPPP,False
SOON.SW,2022Q2,later,operating,-0.19591280952417922,PPPPP,False
SOON.SW,2022Q4,later,operating,-0.022454240353789734,PPPPP,False
SOON.SW,2023Q1,later,operating,-0.29532990314136676,PPPPP,False
SOON.SW,2023Q2,later,operating,-0.12411296152125562,PPPPP,False
SOP.PA,2023Q1,later,operating,-0.3303977815975311,PPPPP,False
SOP.PA,2023Q2,later,operating,-0.1729905453005779,PPPPP,False
SOP.PA,2023Q3,later,operating,-0.07750175801175796,PPPPP,False
SPGI.US,2006Q1,train,operating,-0.57663117299409,PPPPP,False
SPGI.US,2006Q2,train,operating,-0.36054834728090746,PPPPP,False
SPGI.US,2006Q3,train,operating,-0.534606529326787,PPPPP,False
SPGI.US,2006Q4,train,operating,-0.4614610283023842,PPPPP,False
SPGI.US,2007Q1,train,operating,-0.3811391088445729,PPPPP,False
SPGI.US,2007Q2,train,operating,-0.5496771546425674,PPPPP,False
SPGI.US,2007Q3,train,operating,-0.3053719993461167,PPPPP,False
SPGI.US,2007Q4,train,operating,-0.0664919339895167,PPPPP,False
SPX.LSE,2020Q3,later,operating,-0.13723671818431804,PPPPP,False
SPX.LSE,2020Q4,later,operating,-0.1006611206860637,PPPPP,False
SPX.LSE,2021Q1,later,operating,-0.13256166955074866,PPPPP,False
SPX.LSE,2021Q2,later,operating,-0.3778131866091532,PPPPP,False
SPX.LSE,2021Q3,later,operating,-0.4908149668418744,PPPPP,False
SPX.LSE,2021Q4,later,operating,-0.5712316312673285,PPPPP,False
SPX.LSE,2022Q1,later,operating,-0.5131621398677801,PPPPP,False
SPX.LSE,2022Q2,later,operating,-0.4074149224971406,PPPPP,False
SPX.LSE,2022Q3,later,operating,-0.34559112228996614,PPPPP,False
SPX.LSE,2022Q4,later,operating,-0.3631203333989743,PPPPP,False
SPX.LSE,2023Q1,later,operating,-0.4298696742858239,PPPPP,False
SPX.LSE,2023Q2,later,operating,-0.33852611153015455,PPPPP,False
SPX.LSE,2023Q3,later,operating,-0.22320505915476585,PPPPP,False
SRP.LSE,2012Q1,train,operating,-0.693583378778429,PPPPP,False
SRP.LSE,2012Q2,train,operating,-0.7320178387768623,PPPPP,False
SRP.LSE,2012Q3,train,operating,-0.787175366348779,PPPPP,False
SRP.LSE,2012Q4,train,operating,-0.784406483391257,PPPPP,False
SRT3.XETRA,2022Q2,later,operating,-0.36498333500484437,PPPPP,False
SRT3.XETRA,2022Q3,later,operating,-0.4695129474168004,PPPPP,False
SRT3.XETRA,2022Q4,later,operating,-0.27537012978094677,PPPPP,False
SRT3.XETRA,2023Q1,later,operating,-0.4344671347717479,PPPPP,False
SRT3.XETRA,2023Q2,later,operating,-0.2713816609791073,PPPPP,False
SRT3.XETRA,2023Q3,later,operating,-0.165526401949326,PPPPP,False
SSE.LSE,2006Q2,train,operating,-0.00315304960381646,PPPPP,False
SSE.LSE,2006Q3,train,operating,-0.11750816626932192,PPPPP,False
SSE.LSE,2006Q4,train,operating,-0.27065215262820885,PPPPP,False
SSE.LSE,2007Q1,train,operating,-0.29230962916569503,PPPPP,False
SSE.LSE,2007Q2,train,operating,-0.22556459244481952,PPPPP,False
SSE.LSE,2007Q3,train,operating,-0.25448782604211795,PPPPP,False
SSE.LSE,2007Q4,train,operating,-0.24774534068076037,PPPPP,False
SSE.LSE,2008Q1,train,operating,-0.11796797491989597,PPPPP,False
SSE.LSE,2008Q3,train,operating,-0.10226015234326846,PPPPP,False
STMN.SW,2022Q2,later,operating,-0.08188347589322453,PPPPP,False
STMN.SW,2022Q3,later,operating,-0.04244255763291216,PPPPP,False
STMN.SW,2022Q4,later,operating,-0.11737781678471593,PPPPP,False
STMN.SW,2023Q1,later,operating,-0.3753477142182853,PPPPP,False
STMN.SW,2023Q2,later,operating,-0.21822945722737142,PPPPP,False
STMN.SW,2023Q3,later,operating,-0.186320759675229,PPPPP,False
STX.US,2021Q4,later,operating,-0.14632956330142122,PPPPP,False
SUN.SW,2012Q1,train,operating,-0.11543319894101156,PPPPP,False
SUN.SW,2012Q2,train,operating,-0.09071995397353805,PPPPP,False
SUN.SW,2012Q3,train,operating,-0.2571213018281515,PPPPP,False
SUN.SW,2012Q4,train,operating,-0.31249346034377745,PPPPP,False
SWKS.US,2021Q1,later,operating,-0.3849935715608981,PPPPP,False
SWKS.US,2021Q2,later,operating,-0.3964993111358216,PPPPP,False
SWKS.US,2021Q3,later,operating,-0.3528952669328449,PPPPP,False
SWKS.US,2021Q4,later,operating,-0.4012884218684112,PPPPP,False
SWKS.US,2022Q1,later,operating,-0.468581619974622,PPPPP,False
SWKS.US,2022Q2,later,operating,-0.10798983557901365,PPPPP,False
SWKS.US,2022Q3,later,operating,-0.04137339459935052,PPPPP,False
SYK.US,2019Q2,later,operating,-0.0040421419384302215,PPPPP,False
SYK.US,2019Q3,later,operating,-0.014466550167537395,PPPPP,False
SYY.US,2006Q3,train,operating,-0.16828203090561566,PPPPP,False
SYY.US,2006Q4,train,operating,-0.14674212502415118,PPPPP,False
SYY.US,2007Q1,train,operating,-0.02728332017979407,PPPPP,False
SYY.US,2007Q2,train,operating,-0.04468764328452424,PPPPP,False
SYY.US,2007Q3,train,operating,-0.11067835422640049,PPPPP,False
SYY.US,2008Q3,train,operating,-0.07894554985504498,PPPPP,False
SYY.US,2017Q1,later,operating,-0.05410910416046011,PPPPP,False
SYY.US,2022Q1,later,operating,-0.02024468044602379,PPPPP,False
SYY.US,2022Q2,later,operating,-0.05493026450074723,PPPPP,False
SYY.US,2023Q1,later,operating,-0.009224817445558364,PPPPP,False
TATE.LSE,2020Q2,later,operating,-0.07419511292474601,PPPPP,False
TATE.LSE,2020Q3,later,operating,-0.1273955906859815,PPPPP,False
TATE.LSE,2020Q4,later,operating,-0.16879248870050223,PPPPP,False
TATE.LSE,2021Q1,later,operating,-0.3072027440617765,PPPPP,False
TD.TO,2017Q1,later,bank,-0.0016508961543438838,PPPPP,True
TD.TO,2017Q3,later,bank,-0.024575806685951385,PPPPP,True
TD.TO,2021Q2,later,bank,-0.017015624171101695,PPPPP,True
TD.TO,2021Q4,later,bank,-0.11796536388612588,PPPPP,True
TD.TO,2022Q1,later,bank,-0.00272575287962451,PPPPP,True
TEL.US,2021Q4,later,operating,-0.0648432562329313,PPPPP,False
TEP.PA,2020Q2,later,operating,-0.28364879897140194,PPPPP,False
TEP.PA,2020Q3,later,operating,-0.5408467775607455,PPPPP,False
TEP.PA,2020Q4,later,operating,-0.5119408491778872,PPPPP,False
TEP.PA,2021Q1,later,operating,-0.701929740753111,PPPPP,False
TEP.PA,2021Q2,later,operating,-0.6936016685453479,PPPPP,False
TEP.PA,2021Q3,later,operating,-0.7069000784108983,PPPPP,False
TEP.PA,2021Q4,later,operating,-0.7761415840075016,PPPPP,False
TEP.PA,2022Q1,later,operating,-0.7151879091465063,PPPPP,False
TEP.PA,2022Q2,later,operating,-0.6920309516594785,PPPPP,False
TEP.PA,2022Q3,later,operating,-0.7301107719887352,PPPPP,False
TEP.PA,2022Q4,later,operating,-0.6931567807987158,PPPPP,False
TEP.PA,2023Q1,later,operating,-0.7480315434227909,PPPPP,False
TEP.PA,2023Q2,later,operating,-0.656437602284468,PPPPP,False
TEP.PA,2023Q3,later,operating,-0.30296842966380344,PPPPP,False
TFC.US,2019Q3,later,bank,-0.07075347676607524,PPPPP,False
TFC.US,2019Q4,later,bank,-0.1487667276322081,PPPPP,False
TGT.US,2022Q1,later,operating,-0.4597090832754104,PPPPP,False
TGT.US,2022Q2,later,operating,-0.2392770476879278,PPPPP,False
TGT.US,2022Q3,later,operating,-0.3482237598793767,PPPPP,False
TGT.US,2022Q4,later,operating,-0.2849782853556696,PPPPP,False
THULE.ST,2021Q1,later,operating,-0.06907558827238658,PPPPP,False
THULE.ST,2021Q2,later,operating,-0.18080245202157397,PPPPP,False
THULE.ST,2021Q3,later,operating,-0.21031677840146257,PPPPP,False
THULE.ST,2021Q4,later,operating,-0.2984604339987549,PPPPP,False
THULE.ST,2022Q1,later,operating,-0.1345042133896457,PPPPP,False
THULE.ST,2023Q1,later,operating,-0.10140902484535452,PPPPP,False
THULE.ST,2023Q2,later,operating,-0.2654802374377673,PPPPP,False
THULE.ST,2023Q3,later,operating,-0.21792781085691715,PPPPP,False
TIETO.HE,2020Q4,later,operating,-0.051830691789033434,PPPPP,False
TIETO.HE,2021Q1,later,operating,-0.1248422986678388,PPPPP,False
TMO.US,2021Q4,later,operating,-0.1871904594380831,PPPPP,False
TMO.US,2022Q1,later,operating,-0.15329407453887156,PPPPP,False
TMO.US,2022Q2,later,operating,-0.2542863956189788,PPPPP,False
TMO.US,2022Q3,later,operating,-0.06439709052086995,PPPPP,False
TMO.US,2023Q1,later,operating,-0.12975004159640569,PPPPP,False
TMO.US,2023Q2,later,operating,-0.024878632414459423,PPPPP,False
TRV.US,2017Q1,later,insurer,-0.11491193449959691,PPPPP,False
TRV.US,2017Q2,later,insurer,-0.03867846576529699,PPPPP,False
TRV.US,2017Q3,later,insurer,-0.0570571073862054,PPPPP,False
TRYG.CO,2020Q3,later,insurer,-0.07852253870252213,PPPPP,False
TSCO.US,2023Q1,later,operating,-0.012126810452689263,PPPPP,False
TSCO.US,2023Q2,later,operating,-0.24387035155194814,PPPPP,False
TSCO.US,2023Q3,later,operating,-0.18541723045358016,PPPPP,False
TXN.US,2021Q1,later,operating,-0.013606298477980117,PPPPP,False
TYRES.HE,2012Q1,train,operating,-0.1561021892399551,PPPPP,False
UHR.SW,2007Q2,train,operating,-0.07790099489306201,PPPPP,False
UHR.SW,2007Q3,train,operating,-0.0070092188038456404,PPPPP,False
ULTA.US,2022Q1,later,operating,-0.055844605140414116,PPPPP,False
ULTA.US,2023Q1,later,operating,-0.05166998737749695,PPPPP,False
ULTA.US,2023Q2,later,operating,-0.055242473614777854,PPPPP,False
UNH.US,2022Q2,later,operating,-0.367377701046662,PPPPP,False
UNH.US,2022Q3,later,operating,-0.29500121696873394,PPPPP,False
UNH.US,2022Q4,later,operating,-0.32765070806846963,PPPPP,False
UNH.US,2023Q1,later,operating,-0.4191830101838038,PPPPP,False
UNH.US,2023Q2,later,operating,-0.07593232358662383,PPPPP,False
UNH.US,2023Q3,later,operating,-0.24035506119263184,PPPPP,False
UNP.US,2022Q1,later,operating,-0.025423259551583532,PPPPP,False
USB.US,2008Q1,train,bank,-0.16880614056117194,PPPPP,False
USB.US,2008Q2,train,bank,-0.048059660783471236,PPPPP,False
USB.US,2008Q3,train,bank,-0.32454351434034345,PPPPP,False
USB.US,2017Q1,later,bank,-0.27240509903115606,PPPPP,False
USB.US,2017Q2,later,bank,-0.2327994445029924,PPPPP,False
USB.US,2017Q3,later,bank,-0.2605002007169953,PPPPP,False
USB.US,2017Q4,later,bank,-0.04604275358734211,PPPPP,False
USB.US,2019Q2,later,bank,-0.033132792940739564,PPPPP,True
USB.US,2019Q3,later,bank,-0.16161134987387715,PPPPP,True
USB.US,2019Q4,later,bank,-0.17285629551039883,PPPPP,False
USB.US,2021Q1,later,bank,-0.08855981391866663,PPPPP,True
USB.US,2021Q2,later,bank,-0.21110040023022392,PPPPP,True
USB.US,2021Q3,later,bank,-0.13589154170202222,PPPPP,True
USB.US,2021Q4,later,bank,-0.03896763358039701,PPPPP,True
USB.US,2022Q1,later,bank,-0.07813085731282121,PPPPP,False
UTDI.XETRA,2016Q1,later,operating,-0.23418376071069635,PPPPP,False
UTDI.XETRA,2016Q2,later,operating,-0.21718727145903172,PPPPP,False
UTDI.XETRA,2016Q3,later,operating,-0.132844289833696,PPPPP,False
UTDI.XETRA,2016Q4,later,operating,-0.19539564751654037,PPPPP,False
UTDI.XETRA,2017Q1,later,operating,-0.32287571693327766,PPPPP,False
UTDI.XETRA,2017Q2,later,operating,-0.18999173818306703,PPPPP,False
UTDI.XETRA,2017Q3,later,operating,-0.368780623430521,PPPPP,False
UTDI.XETRA,2017Q4,later,operating,-0.3845807651926162,PPPPP,False
UTDI.XETRA,2018Q1,later,operating,-0.29931510328250865,PPPPP,False
UTDI.XETRA,2018Q2,later,operating,-0.2710612707214767,PPPPP,False
UTDI.XETRA,2018Q3,later,operating,-0.14887172887718958,PPPPP,False
UTDI.XETRA,2018Q4,later,operating,-0.05634553834966405,PPPPP,False
UTDI.XETRA,2019Q1,later,operating,-0.03960772480853558,PPPPP,False
UTDI.XETRA,2019Q2,later,operating,-0.012422543452654478,PPPPP,False
VIS.MC,2016Q3,later,operating,-0.01676797521284068,PPPPP,False
VIS.MC,2018Q3,later,operating,-0.03332361305639375,PPPPP,False
VMC.US,2007Q2,train,operating,-0.5851522625148184,PPPPP,False
VMC.US,2007Q3,train,operating,-0.5599057362625274,PPPPP,False
VMC.US,2007Q4,train,operating,-0.36501321959496236,PPPPP,False
VMC.US,2008Q1,train,operating,-0.3012311006642896,PPPPP,False
VMC.US,2008Q2,train,operating,-0.276122870090033,PPPPP,False
VMC.US,2008Q3,train,operating,-0.5766475492311582,PPPPP,False
VMC.US,2008Q4,train,operating,-0.39015076510315083,PPPPP,False
VRSK.US,2023Q2,later,operating,-0.17620315815523302,PPPPP,False
VRSK.US,2023Q3,later,operating,-0.2739948525935162,PPPPP,False
VRSN.US,2019Q2,later,operating,-0.20805520427527402,PPPPP,False
VRSN.US,2019Q3,later,operating,-0.05572167178274989,PPPPP,False
VRSN.US,2020Q3,later,operating,-0.02263283840173025,PPPPP,False
VRSN.US,2020Q4,later,operating,-0.03567736252871667,PPPPP,False
VRSN.US,2021Q1,later,operating,-0.06136695455883645,PPPPP,False
VRSN.US,2021Q2,later,operating,-0.22422454327031438,PPPPP,False
VRSN.US,2021Q3,later,operating,-0.08089800614378895,PPPPP,False
VRSN.US,2021Q4,later,operating,-0.1790885016535264,PPPPP,False
VZ.US,2020Q1,later,operating,-0.14987218194588192,PPPPP,False
VZ.US,2020Q2,later,operating,-0.20854563253397096,PPPPP,False
VZ.US,2020Q3,later,operating,-0.3615424895609146,PPPPP,False
VZ.US,2020Q4,later,operating,-0.24181953347175156,PPPPP,False
VZ.US,2021Q1,later,operating,-0.1429966443239331,PPPPP,False
VZ.US,2021Q2,later,operating,-0.12293434141793347,PPPPP,False
VZ.US,2021Q3,later,operating,-0.0048556956560287245,PPPPP,False
VZ.US,2021Q4,later,operating,-0.07905959705723198,PPPPP,False
WAB.US,2016Q1,later,operating,-0.0667648401632942,PPPPP,False
WAB.US,2016Q3,later,operating,-0.09917624483671328,PPPPP,False
WAB.US,2016Q4,later,operating,-0.057671517559638064,PPPPP,False
WAB.US,2017Q1,later,operating,-0.3721665751587747,PPPPP,False
WAB.US,2017Q2,later,operating,-0.36583397561299247,PPPPP,False
WAB.US,2018Q2,later,operating,-0.1538465016776721,PPPPP,False
WAT.US,2006Q1,train,operating,-0.14447784353275428,PPPPP,False
WAT.US,2017Q2,later,operating,-0.011615222037864248,PPPPP,False
WAT.US,2021Q2,later,operating,-0.17387094604494158,PPPPP,False
WAT.US,2023Q1,later,operating,-0.03141873391849348,PPPPP,False
WEGE3.SA,2007Q2,train,operating,-0.039948909950904055,PPPPP,False
WEGE3.SA,2007Q3,train,operating,-0.11757414039261127,PPPPP,False
WEGE3.SA,2007Q4,train,operating,-0.05167407758608089,PPPPP,False
WEGE3.SA,2008Q2,train,operating,-0.01256165773033524,PPPPP,False
WEIR.LSE,2016Q3,later,operating,-0.1839873850364775,PPPPP,False
WEIR.LSE,2016Q4,later,operating,-0.22531832640440386,PPPPP,False
WEIR.LSE,2017Q1,later,operating,-0.6220327151711456,PPPPP,False
WFC.US,2017Q1,later,bank,-0.42841342668957294,PPPPP,False
WFC.US,2017Q2,later,bank,-0.4861035713524292,PPPPP,False
WFC.US,2017Q3,later,bank,-0.5269043614303375,PPPPP,False
WFC.US,2017Q4,later,bank,-0.4498651073074581,PPPPP,False
WFC.US,2018Q1,later,bank,-0.1550851712358221,PPPPP,True
WFC.US,2018Q2,later,bank,-0.11174375587119045,PPPPP,True
WFC.US,2018Q3,later,bank,-0.021764013451336606,PPPPP,True
WFC.US,2019Q2,later,bank,-0.1070346488633892,PPPPP,True
WFC.US,2019Q3,later,bank,-0.11255909638467254,PPPPP,True
WFC.US,2019Q4,later,bank,-0.17102204905228557,PPPPP,True
WKL.AS,2022Q4,later,operating,-0.05463630711909384,PPPPP,False
WKL.AS,2023Q1,later,operating,-0.41709997672472543,PPPPP,False
WKL.AS,2023Q2,later,operating,-0.4732101686866018,PPPPP,False
WKL.AS,2023Q3,later,operating,-0.36601158596099514,PPPPP,False
WOR.AU,2012Q3,train,operating,-0.751749461361769,PPPPP,False
WOR.AU,2012Q4,train,operating,-0.7735516648411063,PPPPP,True
WRT1V.HE,2016Q3,later,operating,-0.15735637260068525,PPPPP,False
WRT1V.HE,2016Q4,later,operating,-0.24668913158948125,PPPPP,False
WRT1V.HE,2017Q1,later,operating,-0.5579060410530028,PPPPP,False
WRT1V.HE,2017Q2,later,operating,-0.5358435213174333,PPPPP,False
WRT1V.HE,2017Q3,later,operating,-0.619168345109407,PPPPP,False
WRT1V.HE,2017Q4,later,operating,-0.4714005214941406,PPPPP,False
WRT1V.HE,2018Q1,later,operating,-0.42530935952686355,PPPPP,False
WRT1V.HE,2018Q2,later,operating,-0.1415306087742253,PPPPP,False
WRT1V.HE,2018Q3,later,operating,-0.29152844668283573,PPPPP,False
WRT1V.HE,2019Q1,later,operating,-0.3646201856382887,PPPPP,False
WRT1V.HE,2019Q2,later,operating,-0.35469415174859686,PPPPP,False
WRT1V.HE,2019Q3,later,operating,-0.2652284893219399,PPPPP,False
WRT1V.HE,2019Q4,later,operating,-0.13120530772841432,PPPPP,False
WST.US,2023Q1,later,operating,-0.27186186749804364,PPPPP,False
WST.US,2023Q2,later,operating,-0.043088257115830864,PPPPP,False
XYL.US,2019Q2,later,operating,-0.04016617530665356,PPPPP,False
YDUQ3.SA,2021Q2,later,operating,-0.6663916171187694,PPPPP,False
YDUQ3.SA,2021Q3,later,operating,-0.6178549740336496,PPPPP,False
YDUQ3.SA,2021Q4,later,operating,-0.5561181528193531,PPPPP,False
YDUQ3.SA,2022Q1,later,operating,-0.45436186196002115,PPPPP,False
ZTS.US,2021Q2,later,operating,-0.06194651807769158,PPPPP,False
ZTS.US,2021Q4,later,operating,-0.28529314452706434,PPPPP,False
ZTS.US,2022Q1,later,operating,-0.11429128494937224,PPPPP,False
ZTS.US,2022Q2,later,operating,-0.07821809947815062,PPPPP,False
ZTS.US,2022Q3,later,operating,-0.003010404434150127,PPPPP,False
ZTS.US,2022Q4,later,operating,-0.11522512832925613,PPPPP,False
ZTS.US,2023Q1,later,operating,-0.27052053744103743,PPPPP,False
ZTS.US,2023Q2,later,operating,-0.5622837187266662,PPPPP,False
ZTS.US,2023Q3,later,operating,-0.5788093680280018,PPPPP,False
