scope,period,variant,id,quarter,return_3y,top_decile,loser,below_median,all_quality_before,all_quality_after,buy_before,buy_after
US,train,recovered_dip,D.US,2011Q1,0.7875084067355178,False,False,False,False,False,False,False
US,train,combined,D.US,2011Q1,0.7875084067355178,False,False,False,False,False,False,False
US,train,recovered_dip,INTC.US,2011Q1,0.4597687597724456,False,False,True,False,False,False,False
US,train,combined,INTC.US,2011Q1,0.4597687597724456,False,False,True,False,False,False,False
US,train,recovered_dip,D.US,2011Q2,0.6404240613164986,False,False,False,False,False,False,False
US,train,combined,D.US,2011Q2,0.6404240613164986,False,False,False,False,False,False,False
US,train,recovered_dip,INTC.US,2011Q2,0.530801517058169,False,False,True,False,False,False,False
US,train,combined,INTC.US,2011Q2,0.530801517058169,False,False,True,False,False,False,False
US,train,recovered_dip,ADI.US,2011Q3,0.7422694394136162,False,False,True,False,False,False,False
US,train,combined,ADI.US,2011Q3,0.7422694394136162,False,False,True,False,False,False,False
US,train,recovered_dip,D.US,2011Q3,0.5554636128239427,False,False,True,False,False,False,False
US,train,combined,D.US,2011Q3,0.5554636128239427,False,False,True,False,False,False,False
US,train,recovered_dip,INTC.US,2011Q3,0.8789781467897031,False,False,True,False,False,False,False
US,train,combined,INTC.US,2011Q3,0.8789781467897031,False,False,True,False,False,False,False
US,train,recovered_dip,D.US,2011Q4,0.6411212268666546,False,False,True,False,False,False,False
US,train,combined,D.US,2011Q4,0.6411212268666546,False,False,True,False,False,False,False
US,train,recovered_dip,INTC.US,2011Q4,0.6416909427214066,False,False,True,False,False,False,False
US,train,combined,INTC.US,2011Q4,0.6416909427214066,False,False,True,False,False,False,False
US,train,recovered_dip,LUV.US,2012Q1,4.475580101884466,True,False,False,False,False,False,False
US,train,combined,LUV.US,2012Q1,4.475580101884466,True,False,False,False,False,False,False
US,train,recovered_dip,LUV.US,2012Q2,2.632017992225732,True,False,False,False,False,False,False
US,train,combined,LUV.US,2012Q2,2.632017992225732,True,False,False,False,False,False,False
US,train,recovered_dip,NTAP.US,2012Q2,0.05379130334030657,False,False,True,False,False,False,False
US,train,combined,NTAP.US,2012Q2,0.05379130334030657,False,False,True,False,False,False,False
US,train,recovered_dip,LUV.US,2012Q3,3.390735346978392,True,False,False,False,False,False,False
US,train,combined,LUV.US,2012Q3,3.390735346978392,True,False,False,False,False,False,False
US,train,recovered_dip,MRK.US,2012Q3,0.20778124876835058,False,False,True,False,False,False,False
US,train,combined,MRK.US,2012Q3,0.20778124876835058,False,False,True,False,False,False,False
US,train,recovered_dip,NTAP.US,2012Q3,-0.06604244928223857,False,True,True,False,False,False,False
US,train,combined,NTAP.US,2012Q3,-0.06604244928223857,False,True,True,False,False,False,False
US,train,recovered_dip,LUV.US,2012Q4,3.2077987026948023,True,False,False,False,False,False,False
US,train,combined,LUV.US,2012Q4,3.2077987026948023,True,False,False,False,False,False,False
US,train,recovered_dip,MRK.US,2012Q4,0.41155800490994743,False,False,True,False,False,False,False
US,train,combined,MRK.US,2012Q4,0.41155800490994743,False,False,True,False,False,False,False
US,train,recovered_dip,NTAP.US,2012Q4,-0.19145428480165727,False,True,True,False,False,False,False
US,train,combined,NTAP.US,2012Q4,-0.19145428480165727,False,True,True,False,False,False,False
US,later,recovered_dip,AOS.US,2016Q1,0.423094335799608,False,False,True,False,True,False,False
US,later,combined,AOS.US,2016Q1,0.423094335799608,False,False,True,False,True,False,False
US,later,recovered_dip,PSA.US,2016Q1,-0.11761122052322703,False,True,True,False,False,False,False
US,later,combined,PSA.US,2016Q1,-0.11761122052322703,False,True,True,False,False,False,False
US,later,recovered_dip,AOS.US,2016Q2,0.1234945844551647,False,False,True,False,True,False,False
US,later,combined,AOS.US,2016Q2,0.1234945844551647,False,False,True,False,True,False,False
US,later,recovered_dip,PSA.US,2016Q2,0.04822699460273361,False,False,True,False,False,False,False
US,later,combined,PSA.US,2016Q2,0.04822699460273361,False,False,True,False,False,False,False
US,later,recovered_dip,NTAP.US,2017Q2,0.20904999226043275,False,False,True,False,False,False,False
US,later,combined,NTAP.US,2017Q2,0.20904999226043275,False,False,True,False,False,False,False
US,later,recovered_dip,NTAP.US,2017Q3,0.08075758650956821,False,False,True,False,False,False,False
US,later,combined,NTAP.US,2017Q3,0.08075758650956821,False,False,True,False,False,False,False
US,later,recovered_dip,NTAP.US,2017Q4,0.30116563278909503,False,False,True,False,False,False,False
US,later,combined,NTAP.US,2017Q4,0.30116563278909503,False,False,True,False,False,False,False
US,later,recovered_dip,NTAP.US,2018Q1,0.34605434076596575,False,False,True,False,False,False,False
US,later,combined,NTAP.US,2018Q1,0.34605434076596575,False,False,True,False,False,False,False
US,later,recovered_dip,AOS.US,2018Q4,1.0886053766292525,False,False,False,False,True,False,False
US,later,combined,AOS.US,2018Q4,1.0886053766292525,False,False,False,False,True,False,False
US,later,recovered_dip,AOS.US,2019Q1,0.25034730246561976,False,False,True,False,True,False,False
US,later,combined,AOS.US,2019Q1,0.25034730246561976,False,False,True,False,True,False,False
US,later,recovered_dip,AOS.US,2019Q2,0.23172754253266525,False,False,True,False,True,False,False
US,later,combined,AOS.US,2019Q2,0.23172754253266525,False,False,True,False,True,False,False
US,later,recovered_dip,DHI.US,2019Q3,0.33733637170300956,False,False,False,False,False,False,False
US,later,combined,DHI.US,2019Q3,0.33733637170300956,False,False,False,False,False,False,False
US,later,recovered_dip,DHI.US,2019Q4,0.7516638303459169,False,False,False,False,False,False,False
US,later,combined,DHI.US,2019Q4,0.7516638303459169,False,False,False,False,False,False,False
US,later,recovered_dip,DHI.US,2020Q1,2.086889573306161,False,False,False,False,False,False,False
US,later,combined,DHI.US,2020Q1,2.086889573306161,False,False,False,False,False,False,False
US,later,recovered_dip,MCHP.US,2021Q2,0.30493316506138,False,False,False,False,False,False,False
US,later,combined,MCHP.US,2021Q2,0.30493316506138,False,False,False,False,False,False,False
US,later,recovered_dip,MCHP.US,2021Q3,0.11021274528180558,False,False,True,False,False,False,False
US,later,combined,MCHP.US,2021Q3,0.11021274528180558,False,False,True,False,False,False,False
US,later,recovered_dip,COF.US,2021Q4,0.2763333036047093,False,False,False,False,False,False,False
US,later,combined,COF.US,2021Q4,0.2763333036047093,False,False,False,False,False,False,False
US,later,recovered_dip,MCHP.US,2021Q4,-0.30912951571023284,False,True,True,False,False,False,False
US,later,combined,MCHP.US,2021Q4,-0.30912951571023284,False,True,True,False,False,False,False
US,later,recovered_dip,COF.US,2022Q1,0.45321390403990436,False,False,False,False,False,False,False
US,later,combined,COF.US,2022Q1,0.45321390403990436,False,False,False,False,False,False,False
US,later,recovered_dip,MCHP.US,2022Q1,-0.30349130822071335,False,True,True,False,False,False,False
US,later,combined,MCHP.US,2022Q1,-0.30349130822071335,False,True,True,False,False,False,False
US,later,recovered_dip,NVDA.US,2022Q1,3.06378140349803,True,False,False,False,False,False,False
US,later,combined,NVDA.US,2022Q1,3.06378140349803,True,False,False,False,False,False,False
US,later,recovered_dip,COF.US,2022Q2,1.1085722680458567,False,False,False,False,False,False,False
US,later,combined,COF.US,2022Q2,1.1085722680458567,False,False,False,False,False,False,False
US,later,recovered_dip,NVDA.US,2022Q2,9.894297475795742,True,False,False,False,False,False,False
US,later,combined,NVDA.US,2022Q2,9.894297475795742,True,False,False,False,False,False,False
US,later,recovered_dip,COF.US,2022Q3,1.3479426046634462,False,False,False,False,False,False,False
US,later,combined,COF.US,2022Q3,1.3479426046634462,False,False,False,False,False,False,False
US,later,recovered_dip,COF.US,2022Q4,1.7458556660750135,False,False,False,False,False,False,False
US,later,combined,COF.US,2022Q4,1.7458556660750135,False,False,False,False,False,False,False
US,later,recovered_dip,COF.US,2023Q1,0.9927538295169402,False,False,False,False,False,False,False
US,later,combined,COF.US,2023Q1,0.9927538295169402,False,False,False,False,False,False,False
US,later,recent_typical_margin,NVDA.US,2023Q1,5.241887649680928,True,False,False,False,False,False,False
US,later,combined,NVDA.US,2023Q1,5.241887649680928,True,False,False,False,False,False,False
US,later,recovered_dip,COF.US,2023Q2,0.8958269227193414,False,False,False,False,False,False,False
US,later,combined,COF.US,2023Q2,0.8958269227193414,False,False,False,False,False,False,False
US,later,recent_typical_margin,FFIV.US,2023Q2,1.846701378011136,False,False,False,False,False,False,False
US,later,combined,FFIV.US,2023Q2,1.846701378011136,False,False,False,False,False,False,False
US,later,recent_typical_margin,NVDA.US,2023Q2,3.7268476212240147,True,False,False,False,False,False,False
US,later,combined,NVDA.US,2023Q2,3.7268476212240147,True,False,False,False,False,False,False
US,later,recent_typical_margin,QCOM.US,2023Q2,0.6423480988874157,False,False,False,False,False,False,False
US,later,combined,QCOM.US,2023Q2,0.6423480988874157,False,False,False,False,False,False,False
US,later,recovered_dip,COF.US,2023Q3,1.1261952882886934,False,False,False,False,False,False,False
US,later,combined,COF.US,2023Q3,1.1261952882886934,False,False,False,False,False,False,False
US,later,recent_typical_margin,ECL.US,2023Q3,0.6968463519622499,False,False,False,False,True,False,False
US,later,combined,ECL.US,2023Q3,0.6968463519622499,False,False,False,False,True,False,False
US,later,recent_typical_margin,FFIV.US,2023Q3,1.7487032243847422,False,False,False,False,False,False,False
US,later,combined,FFIV.US,2023Q3,1.7487032243847422,False,False,False,False,False,False,False
US,later,recovered_dip,GM.US,2023Q3,1.4438562345636523,False,False,False,False,False,False,False
US,later,combined,GM.US,2023Q3,1.4438562345636523,False,False,False,False,False,False,False
US,later,recent_typical_margin,GNRC.US,2023Q3,0.950518378176221,False,False,False,False,True,False,False
US,later,combined,GNRC.US,2023Q3,0.950518378176221,False,False,False,False,True,False,False
US,later,recent_typical_margin,NVDA.US,2023Q3,4.115048689058579,True,False,False,False,False,False,False
US,later,combined,NVDA.US,2023Q3,4.115048689058579,True,False,False,False,False,False,False
US,later,recent_typical_margin,QCOM.US,2023Q3,0.7651622358374806,False,False,False,False,False,False,False
US,later,combined,QCOM.US,2023Q3,0.7651622358374806,False,False,False,False,False,False,False
Western_nonUS,train,recovered_dip,GFRD.LSE,2006Q3,-0.5187073840052976,False,True,True,False,False,False,False
Western_nonUS,train,combined,GFRD.LSE,2006Q3,-0.5187073840052976,False,True,True,False,False,False,False
Western_nonUS,train,recovered_dip,NOVO-B.CO,2006Q3,0.5436967854299561,False,False,False,False,False,False,False
Western_nonUS,train,combined,NOVO-B.CO,2006Q3,0.5436967854299561,False,False,False,False,False,False,False
Western_nonUS,train,recovered_dip,GFRD.LSE,2006Q4,-0.7414035093682625,False,True,True,False,False,False,False
Western_nonUS,train,combined,GFRD.LSE,2006Q4,-0.7414035093682625,False,True,True,False,False,False,False
Western_nonUS,train,recovered_dip,NOVO-B.CO,2006Q4,0.462264118919852,True,False,False,False,False,False,False
Western_nonUS,train,combined,NOVO-B.CO,2006Q4,0.462264118919852,True,False,False,False,False,False,False
Western_nonUS,train,recovered_dip,GFRD.LSE,2007Q1,-0.7445308013136697,False,True,True,False,False,False,False
Western_nonUS,train,combined,GFRD.LSE,2007Q1,-0.7445308013136697,False,True,True,False,False,False,False
Western_nonUS,train,recovered_dip,NOVO-B.CO,2007Q1,0.7867267415243033,True,False,False,False,False,False,False
Western_nonUS,train,combined,NOVO-B.CO,2007Q1,0.7867267415243033,True,False,False,False,False,False,False
Western_nonUS,train,recovered_dip,GFRD.LSE,2007Q2,-0.743910736556626,False,True,True,False,False,False,False
Western_nonUS,train,combined,GFRD.LSE,2007Q2,-0.743910736556626,False,True,True,False,False,False,False
Western_nonUS,train,recovered_dip,NOVO-B.CO,2007Q2,0.7286523658008941,True,False,False,False,False,False,False
Western_nonUS,train,combined,NOVO-B.CO,2007Q2,0.7286523658008941,True,False,False,False,False,False,False
Western_nonUS,train,recovered_dip,BAS.XETRA,2010Q2,0.7420195488692867,False,False,False,False,False,False,False
Western_nonUS,train,combined,BAS.XETRA,2010Q2,0.7420195488692867,False,False,False,False,False,False,False
Western_nonUS,train,recovered_dip,KEMIRA.HE,2010Q2,0.5577173959968749,False,False,False,False,False,False,False
Western_nonUS,train,combined,KEMIRA.HE,2010Q2,0.5577173959968749,False,False,False,False,False,False,False
Western_nonUS,train,recovered_dip,SSE.LSE,2010Q2,0.3646462044355867,False,False,True,False,True,False,False
Western_nonUS,train,combined,SSE.LSE,2010Q2,0.3646462044355867,False,False,True,False,False,False,False
Western_nonUS,train,recovered_dip,BAS.XETRA,2010Q3,0.6856014146429137,False,False,False,False,False,False,False
Western_nonUS,train,combined,BAS.XETRA,2010Q3,0.6856014146429137,False,False,False,False,False,False,False
Western_nonUS,train,recovered_dip,KEMIRA.HE,2010Q3,0.27278857828405134,False,False,True,False,False,False,False
Western_nonUS,train,combined,KEMIRA.HE,2010Q3,0.27278857828405134,False,False,True,False,False,False,False
Western_nonUS,train,recovered_dip,SSE.LSE,2010Q3,0.3183094646063296,False,False,True,False,True,False,False
Western_nonUS,train,combined,SSE.LSE,2010Q3,0.3183094646063296,False,False,True,False,False,False,False
Western_nonUS,train,recovered_dip,BAS.XETRA,2010Q4,0.4291194805907328,False,False,False,False,False,False,False
Western_nonUS,train,combined,BAS.XETRA,2010Q4,0.4291194805907328,False,False,False,False,False,False,False
Western_nonUS,train,recovered_dip,KEMIRA.HE,2010Q4,0.16859569421044918,False,False,True,False,False,False,False
Western_nonUS,train,combined,KEMIRA.HE,2010Q4,0.16859569421044918,False,False,True,False,False,False,False
Western_nonUS,train,recovered_dip,SSE.LSE,2010Q4,0.10761073524423681,False,False,True,False,True,False,False
Western_nonUS,train,combined,SSE.LSE,2010Q4,0.10761073524423681,False,False,True,False,False,False,False
Western_nonUS,train,recovered_dip,BAS.XETRA,2011Q1,0.45261042547759045,False,False,False,False,False,False,False
Western_nonUS,train,combined,BAS.XETRA,2011Q1,0.45261042547759045,False,False,False,False,False,False,False
Western_nonUS,train,recovered_dip,KEMIRA.HE,2011Q1,0.06234387145307241,False,False,True,False,False,False,False
Western_nonUS,train,combined,KEMIRA.HE,2011Q1,0.06234387145307241,False,False,True,False,False,False,False
Western_nonUS,train,recovered_dip,SSE.LSE,2011Q1,0.14603708827295847,False,False,True,False,True,False,False
Western_nonUS,train,combined,SSE.LSE,2011Q1,0.14603708827295847,False,False,True,False,False,False,False
Western_nonUS,train,recovered_dip,KEMIRA.HE,2011Q2,0.13545957368039385,False,False,True,False,False,False,False
Western_nonUS,train,combined,KEMIRA.HE,2011Q2,0.13545957368039385,False,False,True,False,False,False,False
Western_nonUS,train,recovered_dip,SSE.LSE,2011Q2,0.1228035166805439,False,False,True,False,True,False,False
Western_nonUS,train,combined,SSE.LSE,2011Q2,0.1228035166805439,False,False,True,False,True,False,False
Western_nonUS,train,recovered_dip,KEMIRA.HE,2011Q3,0.46103718970004604,False,False,True,False,False,False,False
Western_nonUS,train,combined,KEMIRA.HE,2011Q3,0.46103718970004604,False,False,True,False,False,False,False
Western_nonUS,train,recovered_dip,SSE.LSE,2011Q3,0.18115386844925663,False,False,True,False,True,False,False
Western_nonUS,train,combined,SSE.LSE,2011Q3,0.18115386844925663,False,False,True,False,True,False,False
Western_nonUS,train,recovered_dip,KEMIRA.HE,2011Q4,0.22610197114899422,False,False,True,False,False,False,False
Western_nonUS,train,combined,KEMIRA.HE,2011Q4,0.22610197114899422,False,False,True,False,False,False,False
Western_nonUS,train,recovered_dip,SSE.LSE,2011Q4,0.24697121528233623,False,False,True,False,True,False,False
Western_nonUS,train,combined,SSE.LSE,2011Q4,0.24697121528233623,False,False,True,False,True,False,False
Western_nonUS,train,recovered_dip,KEMIRA.HE,2012Q1,0.3135365371250649,False,False,True,False,False,False,False
Western_nonUS,train,combined,KEMIRA.HE,2012Q1,0.3135365371250649,False,False,True,False,False,False,False
Western_nonUS,train,recovered_dip,SSE.LSE,2012Q1,0.1074296174031848,False,False,True,False,True,False,False
Western_nonUS,train,combined,SSE.LSE,2012Q1,0.1074296174031848,False,False,True,False,True,False,False
Western_nonUS,train,recovered_dip,KEMIRA.HE,2012Q2,0.24145082599584522,False,False,True,False,False,False,False
Western_nonUS,train,combined,KEMIRA.HE,2012Q2,0.24145082599584522,False,False,True,False,False,False,False
Western_nonUS,train,recovered_dip,SRT3.XETRA,2012Q3,2.394733598596153,True,False,False,False,False,False,False
Western_nonUS,train,combined,SRT3.XETRA,2012Q3,2.394733598596153,True,False,False,False,False,False,False
Western_nonUS,train,recovered_dip,EZJ.LSE,2012Q4,1.1934179697654446,False,False,False,False,False,False,False
Western_nonUS,train,combined,EZJ.LSE,2012Q4,1.1934179697654446,False,False,False,False,False,False,False
Western_nonUS,train,recovered_dip,SRT3.XETRA,2012Q4,2.6150369761464054,True,False,False,False,False,False,False
Western_nonUS,train,combined,SRT3.XETRA,2012Q4,2.6150369761464054,True,False,False,False,False,False,False
Western_nonUS,later,recovered_dip,HVN.AU,2016Q1,0.1088855826018813,False,False,True,False,False,False,False
Western_nonUS,later,combined,HVN.AU,2016Q1,0.1088855826018813,False,False,True,False,False,False,False
Western_nonUS,later,recovered_dip,KER.PA,2016Q1,2.797929800726258,True,False,False,False,False,False,False
Western_nonUS,later,combined,KER.PA,2016Q1,2.797929800726258,True,False,False,False,False,False,False
Western_nonUS,later,recovered_dip,HVN.AU,2016Q2,0.122534620574418,False,False,True,False,False,False,False
Western_nonUS,later,combined,HVN.AU,2016Q2,0.122534620574418,False,False,True,False,False,False,False
Western_nonUS,later,recovered_dip,KER.PA,2016Q2,2.9897245289595276,True,False,False,False,False,False,False
Western_nonUS,later,combined,KER.PA,2016Q2,2.9897245289595276,True,False,False,False,False,False,False
Western_nonUS,later,recovered_dip,KER.PA,2016Q3,1.9399089742767264,True,False,False,False,False,False,False
Western_nonUS,later,combined,KER.PA,2016Q3,1.9399089742767264,True,False,False,False,False,False,False
Western_nonUS,later,recovered_dip,PPT.AU,2016Q3,-0.05234943528227798,False,True,True,False,False,False,False
Western_nonUS,later,combined,PPT.AU,2016Q3,-0.05234943528227798,False,True,True,False,False,False,False
Western_nonUS,later,recovered_dip,KER.PA,2016Q4,2.0707882093261523,True,False,False,False,False,False,False
Western_nonUS,later,combined,KER.PA,2016Q4,2.0707882093261523,True,False,False,False,False,False,False
Western_nonUS,later,recovered_dip,PPT.AU,2016Q4,-0.0032773597391630993,False,True,True,False,False,False,False
Western_nonUS,later,combined,PPT.AU,2016Q4,-0.0032773597391630993,False,True,True,False,False,False,False
Western_nonUS,later,recovered_dip,KER.PA,2017Q1,1.226143804147184,True,False,False,False,False,False,False
Western_nonUS,later,combined,KER.PA,2017Q1,1.226143804147184,True,False,False,False,False,False,False
Western_nonUS,later,recovered_dip,PPT.AU,2017Q1,-0.39193728917032244,False,True,True,False,False,False,False
Western_nonUS,later,combined,PPT.AU,2017Q1,-0.39193728917032244,False,True,True,False,False,False,False
Western_nonUS,later,recovered_dip,ALK-B.CO,2017Q2,0.8447917670961231,False,False,False,False,False,False,False
Western_nonUS,later,combined,ALK-B.CO,2017Q2,0.8447917670961231,False,False,False,False,False,False,False
Western_nonUS,later,recovered_dip,PPL.TO,2017Q2,-0.06795570647077809,False,True,True,False,False,False,False
Western_nonUS,later,combined,PPL.TO,2017Q2,-0.06795570647077809,False,True,True,False,False,False,False
Western_nonUS,later,recovered_dip,PPT.AU,2017Q2,-0.35842660774683466,False,True,True,False,False,False,False
Western_nonUS,later,combined,PPT.AU,2017Q2,-0.35842660774683466,False,True,True,False,False,False,False
Western_nonUS,later,recovered_dip,ALK-B.CO,2017Q3,1.0609036556631737,False,False,False,False,False,False,False
Western_nonUS,later,combined,ALK-B.CO,2017Q3,1.0609036556631737,False,False,False,False,False,False,False
Western_nonUS,later,recovered_dip,HVN.AU,2017Q3,0.47211033930446433,False,False,False,False,False,False,False
Western_nonUS,later,combined,HVN.AU,2017Q3,0.47211033930446433,False,False,False,False,False,False,False
Western_nonUS,later,recovered_dip,PPL.TO,2017Q3,-0.23312505316213672,False,True,True,False,False,False,False
Western_nonUS,later,combined,PPL.TO,2017Q3,-0.23312505316213672,False,True,True,False,False,False,False
Western_nonUS,later,recovered_dip,PPT.AU,2017Q3,-0.3639058556932061,False,True,True,False,False,False,False
Western_nonUS,later,combined,PPT.AU,2017Q3,-0.3639058556932061,False,True,True,False,False,False,False
Western_nonUS,later,recovered_dip,ALK-B.CO,2017Q4,2.3467203128291505,True,False,False,False,False,False,False
Western_nonUS,later,combined,ALK-B.CO,2017Q4,2.3467203128291505,True,False,False,False,False,False,False
Western_nonUS,later,recovered_dip,HVN.AU,2017Q4,0.44327618380144784,False,False,False,False,False,False,False
Western_nonUS,later,combined,HVN.AU,2017Q4,0.44327618380144784,False,False,False,False,False,False,False
Western_nonUS,later,recovered_dip,PPL.TO,2017Q4,-0.21334677630638865,False,True,True,False,False,False,False
Western_nonUS,later,combined,PPL.TO,2017Q4,-0.21334677630638865,False,True,True,False,False,False,False
Western_nonUS,later,recovered_dip,PPT.AU,2017Q4,-0.1459513197952761,False,True,True,False,False,False,False
Western_nonUS,later,combined,PPT.AU,2017Q4,-0.1459513197952761,False,True,True,False,False,False,False
Western_nonUS,later,recovered_dip,ALK-B.CO,2018Q1,2.2523616319730997,True,False,False,False,False,False,False
Western_nonUS,later,combined,ALK-B.CO,2018Q1,2.2523616319730997,True,False,False,False,False,False,False
Western_nonUS,later,recovered_dip,HVN.AU,2018Q1,1.0271134529716388,False,False,False,False,False,False,False
Western_nonUS,later,combined,HVN.AU,2018Q1,1.0271134529716388,False,False,False,False,False,False,False
Western_nonUS,later,recovered_dip,PPL.TO,2018Q1,0.11163558963227982,False,False,True,False,False,False,False
Western_nonUS,later,combined,PPL.TO,2018Q1,0.11163558963227982,False,False,True,False,False,False,False
Western_nonUS,later,recovered_dip,PPT.AU,2018Q1,-0.14155235529137944,False,True,True,False,False,False,False
Western_nonUS,later,combined,PPT.AU,2018Q1,-0.14155235529137944,False,True,True,False,False,False,False
Western_nonUS,later,recovered_dip,BAER.SW,2018Q2,0.16687490009259376,False,False,True,False,False,False,False
Western_nonUS,later,combined,BAER.SW,2018Q2,0.16687490009259376,False,False,True,False,False,False,False
Western_nonUS,later,recovered_dip,HVN.AU,2018Q2,1.128636269192643,False,False,False,False,False,False,False
Western_nonUS,later,combined,HVN.AU,2018Q2,1.128636269192643,False,False,False,False,False,False,False
Western_nonUS,later,recovered_dip,PPT.AU,2018Q2,0.11320525209254684,False,False,True,False,False,False,False
Western_nonUS,later,combined,PPT.AU,2018Q2,0.11320525209254684,False,False,True,False,False,False,False
Western_nonUS,later,recovered_dip,TFI.PA,2018Q2,0.07540574128667621,False,False,True,False,False,False,False
Western_nonUS,later,combined,TFI.PA,2018Q2,0.07540574128667621,False,False,True,False,False,False,False
Western_nonUS,later,recovered_dip,BAER.SW,2018Q3,0.3997088041792749,False,False,False,False,False,False,False
Western_nonUS,later,combined,BAER.SW,2018Q3,0.3997088041792749,False,False,False,False,False,False,False
Western_nonUS,later,recovered_dip,PPT.AU,2018Q3,0.06566702180955586,False,False,True,False,False,False,False
Western_nonUS,later,combined,PPT.AU,2018Q3,0.06566702180955586,False,False,True,False,False,False,False
Western_nonUS,later,recovered_dip,TFI.PA,2018Q3,0.025515817557818066,False,False,True,False,False,False,False
Western_nonUS,later,combined,TFI.PA,2018Q3,0.025515817557818066,False,False,True,False,False,False,False
Western_nonUS,later,recovered_dip,BAER.SW,2018Q4,0.9260953356070962,False,False,False,False,False,False,False
Western_nonUS,later,combined,BAER.SW,2018Q4,0.9260953356070962,False,False,False,False,False,False,False
Western_nonUS,later,recovered_dip,PMV.AU,2018Q4,1.2914407726446169,False,False,False,False,False,False,False
Western_nonUS,later,combined,PMV.AU,2018Q4,1.2914407726446169,False,False,False,False,False,False,False
Western_nonUS,later,recovered_dip,PPT.AU,2018Q4,0.3489699293783337,False,False,True,False,False,False,False
Western_nonUS,later,combined,PPT.AU,2018Q4,0.3489699293783337,False,False,True,False,False,False,False
Western_nonUS,later,recovered_dip,TFI.PA,2018Q4,0.38032472332516676,False,False,True,False,False,False,False
Western_nonUS,later,combined,TFI.PA,2018Q4,0.38032472332516676,False,False,True,False,False,False,False
Western_nonUS,later,recovered_dip,BAER.SW,2019Q1,0.44688168729284183,False,False,False,False,False,False,False
Western_nonUS,later,combined,BAER.SW,2019Q1,0.44688168729284183,False,False,False,False,False,False,False
Western_nonUS,later,recovered_dip,PMV.AU,2019Q1,0.8472155341292267,False,False,False,False,False,False,False
Western_nonUS,later,combined,PMV.AU,2019Q1,0.8472155341292267,False,False,False,False,False,False,False
Western_nonUS,later,recovered_dip,PPT.AU,2019Q1,0.025368716536474878,False,False,True,False,False,False,False
Western_nonUS,later,combined,PPT.AU,2019Q1,0.025368716536474878,False,False,True,False,False,False,False
Western_nonUS,later,recovered_dip,TFI.PA,2019Q1,0.18508752711652554,False,False,True,False,False,False,False
Western_nonUS,later,combined,TFI.PA,2019Q1,0.18508752711652554,False,False,True,False,False,False,False
Western_nonUS,later,recovered_dip,PMV.AU,2019Q2,0.4077746005712204,False,False,False,False,False,False,False
Western_nonUS,later,combined,PMV.AU,2019Q2,0.4077746005712204,False,False,False,False,False,False,False
Western_nonUS,later,recovered_dip,PPT.AU,2019Q2,-0.21163873022207813,False,True,True,False,False,False,False
Western_nonUS,later,combined,PPT.AU,2019Q2,-0.21163873022207813,False,True,True,False,False,False,False
Western_nonUS,later,recovered_dip,TIETO.HE,2019Q2,-0.014399514003854197,False,True,True,False,True,False,False
Western_nonUS,later,combined,TIETO.HE,2019Q2,-0.014399514003854197,False,True,True,False,True,False,False
Western_nonUS,later,recovered_dip,PMV.AU,2019Q3,0.28168201680689964,False,False,False,False,False,False,False
Western_nonUS,later,combined,PMV.AU,2019Q3,0.28168201680689964,False,False,False,False,False,False,False
Western_nonUS,later,recovered_dip,RAND.AS,2019Q3,0.14880604662202912,False,False,False,False,False,False,False
Western_nonUS,later,combined,RAND.AS,2019Q3,0.14880604662202912,False,False,False,False,False,False,False
Western_nonUS,later,recovered_dip,TIETO.HE,2019Q3,0.09839260052265586,False,False,False,False,True,False,False
Western_nonUS,later,combined,TIETO.HE,2019Q3,0.09839260052265586,False,False,False,False,True,False,False
Western_nonUS,later,recovered_dip,PMV.AU,2019Q4,0.4301278025560511,False,False,False,False,False,False,False
Western_nonUS,later,combined,PMV.AU,2019Q4,0.4301278025560511,False,False,False,False,False,False,False
Western_nonUS,later,recovered_dip,RAND.AS,2019Q4,0.21231350366602642,False,False,False,False,False,False,False
Western_nonUS,later,combined,RAND.AS,2019Q4,0.21231350366602642,False,False,False,False,False,False,False
Western_nonUS,later,recovered_dip,TIETO.HE,2019Q4,0.08601850585565285,False,False,False,False,True,False,False
Western_nonUS,later,combined,TIETO.HE,2019Q4,0.08601850585565285,False,False,False,False,True,False,False
Western_nonUS,later,recovered_dip,DFIB.LSE,2020Q1,0.024496726017326553,False,False,True,False,False,False,False
Western_nonUS,later,combined,DFIB.LSE,2020Q1,0.024496726017326553,False,False,True,False,False,False,False
Western_nonUS,later,recovered_dip,PMV.AU,2020Q1,1.4825605967102926,False,False,False,False,False,False,False
Western_nonUS,later,combined,PMV.AU,2020Q1,1.4825605967102926,False,False,False,False,False,False,False
Western_nonUS,later,recovered_dip,RAND.AS,2020Q1,1.2677160596603207,False,False,False,False,True,False,False
Western_nonUS,later,combined,RAND.AS,2020Q1,1.2677160596603207,False,False,False,False,True,False,False
Western_nonUS,later,recovered_dip,DFIB.LSE,2020Q2,0.024496726017326553,False,False,True,False,False,False,False
Western_nonUS,later,combined,DFIB.LSE,2020Q2,0.024496726017326553,False,False,True,False,False,False,False
Western_nonUS,later,recovered_dip,PMV.AU,2020Q2,0.34853972329085514,False,False,True,False,False,False,False
Western_nonUS,later,combined,PMV.AU,2020Q2,0.34853972329085514,False,False,True,False,False,False,False
Western_nonUS,later,recovered_dip,RAND.AS,2020Q2,0.501807812219792,False,False,False,False,True,False,True
Western_nonUS,later,combined,RAND.AS,2020Q2,0.501807812219792,False,False,False,False,True,False,True
Western_nonUS,later,recovered_dip,DFIB.LSE,2020Q3,0.02290964086733105,False,False,True,False,False,False,False
Western_nonUS,later,combined,DFIB.LSE,2020Q3,0.02290964086733105,False,False,True,False,False,False,False
Western_nonUS,later,recovered_dip,MGR.AU,2020Q3,0.08083719607205708,False,False,True,False,False,False,False
Western_nonUS,later,combined,MGR.AU,2020Q3,0.08083719607205708,False,False,True,False,False,False,False
Western_nonUS,later,recovered_dip,PMV.AU,2020Q3,0.33210674418960306,False,False,False,False,False,False,False
Western_nonUS,later,combined,PMV.AU,2020Q3,0.33210674418960306,False,False,False,False,False,False,False
Western_nonUS,later,recovered_dip,RAND.AS,2020Q3,0.4454550693031565,False,False,False,False,True,False,False
Western_nonUS,later,combined,RAND.AS,2020Q3,0.4454550693031565,False,False,False,False,True,False,False
Western_nonUS,later,recovered_dip,DFIB.LSE,2020Q4,0.02290964086733105,False,False,True,False,False,False,False
Western_nonUS,later,combined,DFIB.LSE,2020Q4,0.02290964086733105,False,False,True,False,False,False,False
Western_nonUS,later,recovered_dip,MGR.AU,2020Q4,-0.10401466936521075,False,True,True,False,False,False,False
Western_nonUS,later,combined,MGR.AU,2020Q4,-0.10401466936521075,False,True,True,False,False,False,False
Western_nonUS,later,recovered_dip,RAND.AS,2020Q4,0.2856748894903225,False,False,False,False,True,False,False
Western_nonUS,later,combined,RAND.AS,2020Q4,0.2856748894903225,False,False,False,False,True,False,False
Western_nonUS,later,recovered_dip,DFIB.LSE,2021Q1,0.0180698158887449,False,False,True,False,False,False,False
Western_nonUS,later,combined,DFIB.LSE,2021Q1,0.0180698158887449,False,False,True,False,False,False,False
Western_nonUS,later,recovered_dip,MGR.AU,2021Q1,0.0854644388432031,False,False,True,False,False,False,False
Western_nonUS,later,combined,MGR.AU,2021Q1,0.0854644388432031,False,False,True,False,False,False,False
Western_nonUS,later,recovered_dip,RAND.AS,2021Q1,0.003215668105338576,False,False,True,False,True,False,False
Western_nonUS,later,combined,RAND.AS,2021Q1,0.003215668105338576,False,False,True,False,True,False,False
Western_nonUS,later,recovered_dip,ARG.PA,2021Q2,-0.2291350426924217,False,True,True,False,False,False,False
Western_nonUS,later,combined,ARG.PA,2021Q2,-0.2291350426924217,False,True,True,False,False,False,False
Western_nonUS,later,recovered_dip,MGR.AU,2021Q2,-0.2491757017783438,False,True,True,False,False,False,False
Western_nonUS,later,combined,MGR.AU,2021Q2,-0.2491757017783438,False,True,True,False,False,False,False
Western_nonUS,later,recovered_dip,RAND.AS,2021Q2,-0.1833365819440832,False,True,True,False,False,False,False
Western_nonUS,later,combined,RAND.AS,2021Q2,-0.1833365819440832,False,True,True,False,False,False,False
Western_nonUS,later,recovered_dip,ARG.PA,2021Q3,-0.21056589007234816,False,True,True,False,False,False,False
Western_nonUS,later,combined,ARG.PA,2021Q3,-0.21056589007234816,False,True,True,False,False,False,False
Western_nonUS,later,recovered_dip,ROVI.MC,2021Q3,0.37530857401480944,False,False,False,False,False,False,False
Western_nonUS,later,combined,ROVI.MC,2021Q3,0.37530857401480944,False,False,False,False,False,False,False
Western_nonUS,later,recovered_dip,ARG.PA,2021Q4,-0.43582139555191424,False,True,True,False,False,False,False
Western_nonUS,later,combined,ARG.PA,2021Q4,-0.43582139555191424,False,True,True,False,False,False,False
Western_nonUS,later,recovered_dip,ROVI.MC,2021Q4,-0.06741407842770775,False,True,True,False,False,False,False
Western_nonUS,later,combined,ROVI.MC,2021Q4,-0.06741407842770775,False,True,True,False,False,False,False
Western_nonUS,later,recovered_dip,ARG.PA,2022Q1,-0.37911482135423424,False,True,True,False,False,False,False
Western_nonUS,later,combined,ARG.PA,2022Q1,-0.37911482135423424,False,True,True,False,False,False,False
Western_nonUS,later,recovered_dip,ROVI.MC,2022Q1,-0.16926261202561932,False,True,True,False,False,False,False
Western_nonUS,later,combined,ROVI.MC,2022Q1,-0.16926261202561932,False,True,True,False,False,False,False
Western_nonUS,later,recovered_dip,ELG.XETRA,2022Q2,1.5716016829527488,False,False,False,False,False,False,False
Western_nonUS,later,combined,ELG.XETRA,2022Q2,1.5716016829527488,False,False,False,False,False,False,False
Western_nonUS,later,recovered_dip,PSPN.SW,2022Q2,0.5115887705879458,False,False,False,False,False,False,False
Western_nonUS,later,combined,PSPN.SW,2022Q2,0.5115887705879458,False,False,False,False,False,False,False
Western_nonUS,later,recovered_dip,TFI.PA,2022Q2,0.5716355715300712,False,False,False,False,False,False,False
Western_nonUS,later,combined,TFI.PA,2022Q2,0.5716355715300712,False,False,False,False,False,False,False
Western_nonUS,later,recovered_dip,ELG.XETRA,2022Q3,1.129978418716902,False,False,False,False,False,False,False
Western_nonUS,later,combined,ELG.XETRA,2022Q3,1.129978418716902,False,False,False,False,False,False,False
Western_nonUS,later,recovered_dip,KOG.OL,2022Q3,3.97101032076341,True,False,False,False,False,False,False
Western_nonUS,later,combined,KOG.OL,2022Q3,3.97101032076341,True,False,False,False,False,False,False
Western_nonUS,later,recovered_dip,PSPN.SW,2022Q3,0.5107010776702134,False,False,False,False,False,False,False
Western_nonUS,later,combined,PSPN.SW,2022Q3,0.5107010776702134,False,False,False,False,False,False,False
Western_nonUS,later,recovered_dip,ELG.XETRA,2022Q4,0.8932015163823612,False,False,False,False,False,False,False
Western_nonUS,later,combined,ELG.XETRA,2022Q4,0.8932015163823612,False,False,False,False,False,False,False
Western_nonUS,later,recovered_dip,KOG.OL,2022Q4,2.264711243190085,True,False,False,False,False,False,False
Western_nonUS,later,combined,KOG.OL,2022Q4,2.264711243190085,True,False,False,False,False,False,False
Western_nonUS,later,recovered_dip,PSPN.SW,2022Q4,0.42583595381792705,False,False,False,False,False,False,False
Western_nonUS,later,combined,PSPN.SW,2022Q4,0.42583595381792705,False,False,False,False,False,False,False
Western_nonUS,later,recovered_dip,ELG.XETRA,2023Q1,0.6670206783863273,False,False,False,False,False,False,False
Western_nonUS,later,combined,ELG.XETRA,2023Q1,0.6670206783863273,False,False,False,False,False,False,False
Western_nonUS,later,recovered_dip,KOG.OL,2023Q1,4.063152218046762,True,False,False,False,False,False,False
Western_nonUS,later,combined,KOG.OL,2023Q1,4.063152218046762,True,False,False,False,False,False,False
Western_nonUS,later,recovered_dip,PSPN.SW,2023Q1,0.6857422452531612,False,False,False,False,False,False,False
Western_nonUS,later,combined,PSPN.SW,2023Q1,0.6857422452531612,False,False,False,False,False,False,False
Western_nonUS,later,recovered_dip,PSPN.SW,2023Q2,0.5544009333248183,False,False,False,False,False,False,False
Western_nonUS,later,combined,PSPN.SW,2023Q2,0.5544009333248183,False,False,False,False,False,False,False
Western_nonUS,later,recovered_dip,TFI.PA,2023Q2,0.29992338408548225,False,False,True,False,False,False,False
Western_nonUS,later,combined,TFI.PA,2023Q2,0.29992338408548225,False,False,True,False,False,False,False
Western_nonUS,later,recent_typical_margin,KTY.WAR,2023Q3,1.3652647605933876,False,False,False,False,True,False,False
Western_nonUS,later,combined,KTY.WAR,2023Q3,1.3652647605933876,False,False,False,False,True,False,False
Western_nonUS,later,recovered_dip,LOV.AU,2023Q3,0.41145300870320756,False,False,True,False,False,False,False
Western_nonUS,later,combined,LOV.AU,2023Q3,0.41145300870320756,False,False,True,False,False,False,False
Western_nonUS,later,recovered_dip,PSPN.SW,2023Q3,0.4513718882042994,False,False,False,False,False,False,False
Western_nonUS,later,combined,PSPN.SW,2023Q3,0.4513718882042994,False,False,False,False,False,False,False
Western_nonUS,later,recovered_dip,TFI.PA,2023Q3,0.079317699413894,False,False,True,False,False,False,False
Western_nonUS,later,combined,TFI.PA,2023Q3,0.079317699413894,False,False,True,False,False,False,False
all_nonUS,train,recovered_dip,600600.SHG,2006Q2,1.6014367857468552,False,False,False,False,False,False,False
all_nonUS,train,combined,600600.SHG,2006Q2,1.6014367857468552,False,False,False,False,False,False,False
all_nonUS,train,recovered_dip,600600.SHG,2006Q3,,,,,False,False,False,False
all_nonUS,train,combined,600600.SHG,2006Q3,,,,,False,False,False,False
all_nonUS,train,recovered_dip,GFRD.LSE,2006Q3,-0.5187073840052976,False,True,True,False,False,False,False
all_nonUS,train,combined,GFRD.LSE,2006Q3,-0.5187073840052976,False,True,True,False,False,False,False
all_nonUS,train,recovered_dip,NOVO-B.CO,2006Q3,0.5436967854299561,False,False,False,False,False,False,False
all_nonUS,train,combined,NOVO-B.CO,2006Q3,0.5436967854299561,False,False,False,False,False,False,False
all_nonUS,train,recovered_dip,600600.SHG,2006Q4,1.6445071564908336,True,False,False,False,False,False,False
all_nonUS,train,combined,600600.SHG,2006Q4,1.6445071564908336,True,False,False,False,False,False,False
all_nonUS,train,recovered_dip,GFRD.LSE,2006Q4,-0.7414035093682625,False,True,True,False,False,False,False
all_nonUS,train,combined,GFRD.LSE,2006Q4,-0.7414035093682625,False,True,True,False,False,False,False
all_nonUS,train,recovered_dip,NOVO-B.CO,2006Q4,0.462264118919852,False,False,False,False,False,False,False
all_nonUS,train,combined,NOVO-B.CO,2006Q4,0.462264118919852,False,False,False,False,False,False,False
all_nonUS,train,recovered_dip,600600.SHG,2007Q1,1.0081565037758646,True,False,False,False,False,False,False
all_nonUS,train,combined,600600.SHG,2007Q1,1.0081565037758646,True,False,False,False,False,False,False
all_nonUS,train,recovered_dip,GFRD.LSE,2007Q1,-0.7445308013136697,False,True,True,False,False,False,False
all_nonUS,train,combined,GFRD.LSE,2007Q1,-0.7445308013136697,False,True,True,False,False,False,False
all_nonUS,train,recovered_dip,NOVO-B.CO,2007Q1,0.7867267415243033,False,False,False,False,False,False,False
all_nonUS,train,combined,NOVO-B.CO,2007Q1,0.7867267415243033,False,False,False,False,False,False,False
all_nonUS,train,recovered_dip,600600.SHG,2007Q2,0.31551719110592047,False,False,False,False,False,False,False
all_nonUS,train,combined,600600.SHG,2007Q2,0.31551719110592047,False,False,False,False,False,False,False
all_nonUS,train,recovered_dip,GFRD.LSE,2007Q2,-0.743910736556626,False,True,True,False,False,False,False
all_nonUS,train,combined,GFRD.LSE,2007Q2,-0.743910736556626,False,True,True,False,False,False,False
all_nonUS,train,recovered_dip,NOVO-B.CO,2007Q2,0.7286523658008941,True,False,False,False,False,False,False
all_nonUS,train,combined,NOVO-B.CO,2007Q2,0.7286523658008941,True,False,False,False,False,False,False
all_nonUS,train,recovered_dip,600600.SHG,2007Q3,,,,,False,False,False,False
all_nonUS,train,combined,600600.SHG,2007Q3,,,,,False,False,False,False
all_nonUS,train,recovered_dip,600600.SHG,2007Q4,-0.1305008968480066,False,True,True,False,False,False,False
all_nonUS,train,combined,600600.SHG,2007Q4,-0.1305008968480066,False,True,True,False,False,False,False
all_nonUS,train,recovered_dip,000786.SHE,2008Q3,2.0564173268345054,True,False,False,False,False,False,False
all_nonUS,train,combined,000786.SHE,2008Q3,2.0564173268345054,True,False,False,False,False,False,False
all_nonUS,train,recovered_dip,000800.SHE,2009Q3,,,,,False,False,False,False
all_nonUS,train,combined,000800.SHE,2009Q3,,,,,False,False,False,False
all_nonUS,train,recovered_dip,000800.SHE,2009Q4,-0.6588848908339181,False,True,True,False,False,False,False
all_nonUS,train,combined,000800.SHE,2009Q4,-0.6588848908339181,False,True,True,False,False,False,False
all_nonUS,train,recovered_dip,000800.SHE,2010Q1,-0.6345244624228847,False,True,True,False,False,False,False
all_nonUS,train,combined,000800.SHE,2010Q1,-0.6345244624228847,False,True,True,False,False,False,False
all_nonUS,train,recovered_dip,000800.SHE,2010Q2,-0.136077307364456,False,True,True,False,False,False,False
all_nonUS,train,combined,000800.SHE,2010Q2,-0.136077307364456,False,True,True,False,False,False,False
all_nonUS,train,recovered_dip,BAS.XETRA,2010Q2,0.7420195488692867,False,False,False,False,False,False,False
all_nonUS,train,combined,BAS.XETRA,2010Q2,0.7420195488692867,False,False,False,False,False,False,False
all_nonUS,train,recovered_dip,KEMIRA.HE,2010Q2,0.5577173959968749,False,False,False,False,False,False,False
all_nonUS,train,combined,KEMIRA.HE,2010Q2,0.5577173959968749,False,False,False,False,False,False,False
all_nonUS,train,recovered_dip,SSE.LSE,2010Q2,0.3646462044355867,False,False,False,False,True,False,False
all_nonUS,train,combined,SSE.LSE,2010Q2,0.3646462044355867,False,False,False,False,False,False,False
all_nonUS,train,recovered_dip,000800.SHE,2010Q3,,,,,False,False,False,False
all_nonUS,train,combined,000800.SHE,2010Q3,,,,,False,False,False,False
all_nonUS,train,recovered_dip,ABEV3.SA,2010Q3,1.5916446478390793,True,False,False,False,True,False,False
all_nonUS,train,combined,ABEV3.SA,2010Q3,1.5916446478390793,True,False,False,False,True,False,False
all_nonUS,train,recovered_dip,BAS.XETRA,2010Q3,0.6856014146429137,False,False,False,False,False,False,False
all_nonUS,train,combined,BAS.XETRA,2010Q3,0.6856014146429137,False,False,False,False,False,False,False
all_nonUS,train,recovered_dip,KEMIRA.HE,2010Q3,0.27278857828405134,False,False,True,False,False,False,False
all_nonUS,train,combined,KEMIRA.HE,2010Q3,0.27278857828405134,False,False,True,False,False,False,False
all_nonUS,train,recovered_dip,SSE.LSE,2010Q3,0.3183094646063296,False,False,True,False,True,False,False
all_nonUS,train,combined,SSE.LSE,2010Q3,0.3183094646063296,False,False,True,False,False,False,False
all_nonUS,train,recovered_dip,000800.SHE,2010Q4,-0.2623093575610963,False,True,True,False,False,False,False
all_nonUS,train,combined,000800.SHE,2010Q4,-0.2623093575610963,False,True,True,False,False,False,False
all_nonUS,train,recovered_dip,000858.SHE,2010Q4,-0.5207349149800717,False,True,True,False,False,False,False
all_nonUS,train,combined,000858.SHE,2010Q4,-0.5207349149800717,False,True,True,False,False,False,False
all_nonUS,train,recovered_dip,ABEV3.SA,2010Q4,1.1878170446370286,True,False,False,False,True,False,False
all_nonUS,train,combined,ABEV3.SA,2010Q4,1.1878170446370286,True,False,False,False,True,False,False
all_nonUS,train,recovered_dip,BAS.XETRA,2010Q4,0.4291194805907328,False,False,False,False,False,False,False
all_nonUS,train,combined,BAS.XETRA,2010Q4,0.4291194805907328,False,False,False,False,False,False,False
all_nonUS,train,recovered_dip,KEMIRA.HE,2010Q4,0.16859569421044918,False,False,True,False,False,False,False
all_nonUS,train,combined,KEMIRA.HE,2010Q4,0.16859569421044918,False,False,True,False,False,False,False
all_nonUS,train,recovered_dip,SSE.LSE,2010Q4,0.10761073524423681,False,False,True,False,True,False,False
all_nonUS,train,combined,SSE.LSE,2010Q4,0.10761073524423681,False,False,True,False,False,False,False
all_nonUS,train,recovered_dip,000800.SHE,2011Q1,-0.38616926382241845,False,True,True,False,False,False,False
all_nonUS,train,combined,000800.SHE,2011Q1,-0.38616926382241845,False,True,True,False,False,False,False
all_nonUS,train,recovered_dip,000858.SHE,2011Q1,-0.4447569972337405,False,True,True,False,False,False,False
all_nonUS,train,combined,000858.SHE,2011Q1,-0.4447569972337405,False,True,True,False,False,False,False
all_nonUS,train,recovered_dip,ABEV3.SA,2011Q1,1.3298821527919276,True,False,False,False,True,False,False
all_nonUS,train,combined,ABEV3.SA,2011Q1,1.3298821527919276,True,False,False,False,True,False,False
all_nonUS,train,recovered_dip,BAS.XETRA,2011Q1,0.45261042547759045,False,False,False,False,False,False,False
all_nonUS,train,combined,BAS.XETRA,2011Q1,0.45261042547759045,False,False,False,False,False,False,False
all_nonUS,train,recovered_dip,KEMIRA.HE,2011Q1,0.06234387145307241,False,False,True,False,False,False,False
all_nonUS,train,combined,KEMIRA.HE,2011Q1,0.06234387145307241,False,False,True,False,False,False,False
all_nonUS,train,recovered_dip,SSE.LSE,2011Q1,0.14603708827295847,False,False,True,False,True,False,False
all_nonUS,train,combined,SSE.LSE,2011Q1,0.14603708827295847,False,False,True,False,False,False,False
all_nonUS,train,recovered_dip,KEMIRA.HE,2011Q2,0.13545957368039385,False,False,True,False,False,False,False
all_nonUS,train,combined,KEMIRA.HE,2011Q2,0.13545957368039385,False,False,True,False,False,False,False
all_nonUS,train,recovered_dip,SSE.LSE,2011Q2,0.1228035166805439,False,False,True,False,True,False,False
all_nonUS,train,combined,SSE.LSE,2011Q2,0.1228035166805439,False,False,True,False,True,False,False
all_nonUS,train,recovered_dip,KEMIRA.HE,2011Q3,0.46103718970004604,False,False,True,False,False,False,False
all_nonUS,train,combined,KEMIRA.HE,2011Q3,0.46103718970004604,False,False,True,False,False,False,False
all_nonUS,train,recovered_dip,SSE.LSE,2011Q3,0.18115386844925663,False,False,True,False,True,False,False
all_nonUS,train,combined,SSE.LSE,2011Q3,0.18115386844925663,False,False,True,False,True,False,False
all_nonUS,train,recovered_dip,KEMIRA.HE,2011Q4,0.22610197114899422,False,False,True,False,False,False,False
all_nonUS,train,combined,KEMIRA.HE,2011Q4,0.22610197114899422,False,False,True,False,False,False,False
all_nonUS,train,recovered_dip,SSE.LSE,2011Q4,0.24697121528233623,False,False,True,False,True,False,False
all_nonUS,train,combined,SSE.LSE,2011Q4,0.24697121528233623,False,False,True,False,True,False,False
all_nonUS,train,recovered_dip,017670.KO,2012Q1,1.3793736129379588,False,False,False,False,False,False,False
all_nonUS,train,combined,017670.KO,2012Q1,1.3793736129379588,False,False,False,False,False,False,False
all_nonUS,train,recovered_dip,KEMIRA.HE,2012Q1,0.3135365371250649,False,False,True,False,False,False,False
all_nonUS,train,combined,KEMIRA.HE,2012Q1,0.3135365371250649,False,False,True,False,False,False,False
all_nonUS,train,recovered_dip,SSE.LSE,2012Q1,0.1074296174031848,False,False,True,False,True,False,False
all_nonUS,train,combined,SSE.LSE,2012Q1,0.1074296174031848,False,False,True,False,True,False,False
all_nonUS,train,recovered_dip,017670.KO,2012Q2,1.438901118663273,False,False,False,False,False,False,False
all_nonUS,train,combined,017670.KO,2012Q2,1.438901118663273,False,False,False,False,False,False,False
all_nonUS,train,recovered_dip,KEMIRA.HE,2012Q2,0.24145082599584522,False,False,True,False,False,False,False
all_nonUS,train,combined,KEMIRA.HE,2012Q2,0.24145082599584522,False,False,True,False,False,False,False
all_nonUS,train,recovered_dip,017670.KO,2012Q3,1.204229887476731,False,False,False,False,False,False,False
all_nonUS,train,combined,017670.KO,2012Q3,1.204229887476731,False,False,False,False,False,False,False
all_nonUS,train,recovered_dip,SRT3.XETRA,2012Q3,2.394733598596153,True,False,False,False,False,False,False
all_nonUS,train,combined,SRT3.XETRA,2012Q3,2.394733598596153,True,False,False,False,False,False,False
all_nonUS,train,recovered_dip,017670.KO,2012Q4,0.7085822110123257,False,False,False,False,False,False,False
all_nonUS,train,combined,017670.KO,2012Q4,0.7085822110123257,False,False,False,False,False,False,False
all_nonUS,train,recovered_dip,EZJ.LSE,2012Q4,1.1934179697654446,False,False,False,False,False,False,False
all_nonUS,train,combined,EZJ.LSE,2012Q4,1.1934179697654446,False,False,False,False,False,False,False
all_nonUS,train,recovered_dip,SRT3.XETRA,2012Q4,2.6150369761464054,True,False,False,False,False,False,False
all_nonUS,train,combined,SRT3.XETRA,2012Q4,2.6150369761464054,True,False,False,False,False,False,False
all_nonUS,later,recovered_dip,000661.SHE,2016Q1,2.6162575523481513,True,False,False,False,False,False,False
all_nonUS,later,combined,000661.SHE,2016Q1,2.6162575523481513,True,False,False,False,False,False,False
all_nonUS,later,recovered_dip,HVN.AU,2016Q1,0.1088855826018813,False,False,True,False,False,False,False
all_nonUS,later,combined,HVN.AU,2016Q1,0.1088855826018813,False,False,True,False,False,False,False
all_nonUS,later,recovered_dip,KER.PA,2016Q1,2.797929800726258,True,False,False,False,False,False,False
all_nonUS,later,combined,KER.PA,2016Q1,2.797929800726258,True,False,False,False,False,False,False
all_nonUS,later,recovered_dip,000661.SHE,2016Q2,2.2865682136706105,True,False,False,False,False,False,False
all_nonUS,later,combined,000661.SHE,2016Q2,2.2865682136706105,True,False,False,False,False,False,False
all_nonUS,later,recovered_dip,HVN.AU,2016Q2,0.122534620574418,False,False,True,False,False,False,False
all_nonUS,later,combined,HVN.AU,2016Q2,0.122534620574418,False,False,True,False,False,False,False
all_nonUS,later,recovered_dip,KER.PA,2016Q2,2.9897245289595276,True,False,False,False,False,False,False
all_nonUS,later,combined,KER.PA,2016Q2,2.9897245289595276,True,False,False,False,False,False,False
all_nonUS,later,recovered_dip,000661.SHE,2016Q3,,,,,False,False,False,False
all_nonUS,later,combined,000661.SHE,2016Q3,,,,,False,False,False,False
all_nonUS,later,recovered_dip,KER.PA,2016Q3,1.9399089742767264,True,False,False,False,False,False,False
all_nonUS,later,combined,KER.PA,2016Q3,1.9399089742767264,True,False,False,False,False,False,False
all_nonUS,later,recovered_dip,PPT.AU,2016Q3,-0.05234943528227798,False,True,True,False,False,False,False
all_nonUS,later,combined,PPT.AU,2016Q3,-0.05234943528227798,False,True,True,False,False,False,False
all_nonUS,later,recovered_dip,000661.SHE,2016Q4,3.0110312635850036,True,False,False,False,False,False,False
all_nonUS,later,combined,000661.SHE,2016Q4,3.0110312635850036,True,False,False,False,False,False,False
all_nonUS,later,recovered_dip,KER.PA,2016Q4,2.0707882093261523,True,False,False,False,False,False,False
all_nonUS,later,combined,KER.PA,2016Q4,2.0707882093261523,True,False,False,False,False,False,False
all_nonUS,later,recovered_dip,PPT.AU,2016Q4,-0.0032773597391630993,False,True,True,False,False,False,False
all_nonUS,later,combined,PPT.AU,2016Q4,-0.0032773597391630993,False,True,True,False,False,False,False
all_nonUS,later,recovered_dip,000661.SHE,2017Q1,4.052819450953106,True,False,False,False,False,False,False
all_nonUS,later,combined,000661.SHE,2017Q1,4.052819450953106,True,False,False,False,False,False,False
all_nonUS,later,recovered_dip,KER.PA,2017Q1,1.226143804147184,True,False,False,False,False,False,False
all_nonUS,later,combined,KER.PA,2017Q1,1.226143804147184,True,False,False,False,False,False,False
all_nonUS,later,recovered_dip,PPT.AU,2017Q1,-0.39193728917032244,False,True,True,False,False,False,False
all_nonUS,later,combined,PPT.AU,2017Q1,-0.39193728917032244,False,True,True,False,False,False,False
all_nonUS,later,recovered_dip,002001.SHE,2017Q2,1.6875303532503931,True,False,False,False,False,False,False
all_nonUS,later,combined,002001.SHE,2017Q2,1.6875303532503931,True,False,False,False,False,False,False
all_nonUS,later,recovered_dip,600039.SHG,2017Q2,-0.05592475273585962,False,True,True,False,False,False,False
all_nonUS,later,combined,600039.SHG,2017Q2,-0.05592475273585962,False,True,True,False,False,False,False
all_nonUS,later,recovered_dip,ALK-B.CO,2017Q2,0.8447917670961231,False,False,False,False,False,False,False
all_nonUS,later,combined,ALK-B.CO,2017Q2,0.8447917670961231,False,False,False,False,False,False,False
all_nonUS,later,recovered_dip,PPL.TO,2017Q2,-0.06795570647077809,False,True,True,False,False,False,False
all_nonUS,later,combined,PPL.TO,2017Q2,-0.06795570647077809,False,True,True,False,False,False,False
all_nonUS,later,recovered_dip,PPT.AU,2017Q2,-0.35842660774683466,False,True,True,False,False,False,False
all_nonUS,later,combined,PPT.AU,2017Q2,-0.35842660774683466,False,True,True,False,False,False,False
all_nonUS,later,recovered_dip,002001.SHE,2017Q3,,,,,False,False,False,False
all_nonUS,later,combined,002001.SHE,2017Q3,,,,,False,False,False,False
all_nonUS,later,recovered_dip,600019.SHG,2017Q3,,,,,False,False,False,False
all_nonUS,later,combined,600019.SHG,2017Q3,,,,,False,False,False,False
all_nonUS,later,recovered_dip,600039.SHG,2017Q3,,,,,False,False,False,False
all_nonUS,later,combined,600039.SHG,2017Q3,,,,,False,False,False,False
all_nonUS,later,recovered_dip,ALK-B.CO,2017Q3,1.0609036556631737,False,False,False,False,False,False,False
all_nonUS,later,combined,ALK-B.CO,2017Q3,1.0609036556631737,False,False,False,False,False,False,False
all_nonUS,later,recovered_dip,HVN.AU,2017Q3,0.47211033930446433,False,False,False,False,False,False,False
all_nonUS,later,combined,HVN.AU,2017Q3,0.47211033930446433,False,False,False,False,False,False,False
all_nonUS,later,recovered_dip,PPL.TO,2017Q3,-0.23312505316213672,False,True,True,False,False,False,False
all_nonUS,later,combined,PPL.TO,2017Q3,-0.23312505316213672,False,True,True,False,False,False,False
all_nonUS,later,recovered_dip,PPT.AU,2017Q3,-0.3639058556932061,False,True,True,False,False,False,False
all_nonUS,later,combined,PPT.AU,2017Q3,-0.3639058556932061,False,True,True,False,False,False,False
all_nonUS,later,recovered_dip,002001.SHE,2017Q4,0.5381585171126022,False,False,False,False,False,False,False
all_nonUS,later,combined,002001.SHE,2017Q4,0.5381585171126022,False,False,False,False,False,False,False
all_nonUS,later,recovered_dip,600019.SHG,2017Q4,-0.20175129795096824,False,True,True,False,False,False,False
all_nonUS,later,combined,600019.SHG,2017Q4,-0.20175129795096824,False,True,True,False,False,False,False
all_nonUS,later,recovered_dip,600039.SHG,2017Q4,0.15312925616762674,False,False,True,False,False,False,False
all_nonUS,later,combined,600039.SHG,2017Q4,0.15312925616762674,False,False,True,False,False,False,False
all_nonUS,later,recovered_dip,ALK-B.CO,2017Q4,2.3467203128291505,True,False,False,False,False,False,False
all_nonUS,later,combined,ALK-B.CO,2017Q4,2.3467203128291505,True,False,False,False,False,False,False
all_nonUS,later,recovered_dip,HVN.AU,2017Q4,0.44327618380144784,False,False,False,False,False,False,False
all_nonUS,later,combined,HVN.AU,2017Q4,0.44327618380144784,False,False,False,False,False,False,False
all_nonUS,later,recovered_dip,PPL.TO,2017Q4,-0.21334677630638865,False,True,True,False,False,False,False
all_nonUS,later,combined,PPL.TO,2017Q4,-0.21334677630638865,False,True,True,False,False,False,False
all_nonUS,later,recovered_dip,PPT.AU,2017Q4,-0.1459513197952761,False,True,True,False,False,False,False
all_nonUS,later,combined,PPT.AU,2017Q4,-0.1459513197952761,False,True,True,False,False,False,False
all_nonUS,later,recovered_dip,002001.SHE,2018Q1,1.1883235729019512,False,False,False,False,False,False,False
all_nonUS,later,combined,002001.SHE,2018Q1,1.1883235729019512,False,False,False,False,False,False,False
all_nonUS,later,recovered_dip,600019.SHG,2018Q1,0.1346628075355989,False,False,True,False,False,False,False
all_nonUS,later,combined,600019.SHG,2018Q1,0.1346628075355989,False,False,True,False,False,False,False
all_nonUS,later,recovered_dip,600039.SHG,2018Q1,0.6833800395388643,False,False,False,False,False,False,False
all_nonUS,later,combined,600039.SHG,2018Q1,0.6833800395388643,False,False,False,False,False,False,False
all_nonUS,later,recovered_dip,ALK-B.CO,2018Q1,2.2523616319730997,True,False,False,False,False,False,False
all_nonUS,later,combined,ALK-B.CO,2018Q1,2.2523616319730997,True,False,False,False,False,False,False
all_nonUS,later,recovered_dip,HVN.AU,2018Q1,1.0271134529716388,False,False,False,False,False,False,False
all_nonUS,later,combined,HVN.AU,2018Q1,1.0271134529716388,False,False,False,False,False,False,False
all_nonUS,later,recovered_dip,PPL.TO,2018Q1,0.11163558963227982,False,False,True,False,False,False,False
all_nonUS,later,combined,PPL.TO,2018Q1,0.11163558963227982,False,False,True,False,False,False,False
all_nonUS,later,recovered_dip,PPT.AU,2018Q1,-0.14155235529137944,False,True,True,False,False,False,False
all_nonUS,later,combined,PPT.AU,2018Q1,-0.14155235529137944,False,True,True,False,False,False,False
all_nonUS,later,recovered_dip,002252.SHE,2018Q2,-0.616323530335172,False,True,True,False,False,False,False
all_nonUS,later,combined,002252.SHE,2018Q2,-0.616323530335172,False,True,True,False,False,False,False
all_nonUS,later,recovered_dip,2327.TW,2018Q2,-0.3156782329975204,False,True,True,False,False,False,False
all_nonUS,later,combined,2327.TW,2018Q2,-0.3156782329975204,False,True,True,False,False,False,False
all_nonUS,later,recovered_dip,300122.SHE,2018Q2,3.008037391447269,True,False,False,False,False,False,False
all_nonUS,later,combined,300122.SHE,2018Q2,3.008037391447269,True,False,False,False,False,False,False
all_nonUS,later,recovered_dip,600039.SHG,2018Q2,1.0476128171264016,False,False,False,False,False,False,False
all_nonUS,later,combined,600039.SHG,2018Q2,1.0476128171264016,False,False,False,False,False,False,False
all_nonUS,later,recovered_dip,603993.SHG,2018Q2,-0.12617430223062454,False,True,True,False,False,False,False
all_nonUS,later,combined,603993.SHG,2018Q2,-0.12617430223062454,False,True,True,False,False,False,False
all_nonUS,later,recovered_dip,BAER.SW,2018Q2,0.16687490009259376,False,False,True,False,False,False,False
all_nonUS,later,combined,BAER.SW,2018Q2,0.16687490009259376,False,False,True,False,False,False,False
all_nonUS,later,recovered_dip,CPLE3.SA,2018Q2,2.2899359512831268,True,False,False,False,False,False,False
all_nonUS,later,combined,CPLE3.SA,2018Q2,2.2899359512831268,True,False,False,False,False,False,False
all_nonUS,later,recovered_dip,HVN.AU,2018Q2,1.128636269192643,False,False,False,False,False,False,False
all_nonUS,later,combined,HVN.AU,2018Q2,1.128636269192643,False,False,False,False,False,False,False
all_nonUS,later,recovered_dip,PPT.AU,2018Q2,0.11320525209254684,False,False,True,False,False,False,False
all_nonUS,later,combined,PPT.AU,2018Q2,0.11320525209254684,False,False,True,False,False,False,False
all_nonUS,later,recovered_dip,TFI.PA,2018Q2,0.07540574128667621,False,False,True,False,False,False,False
all_nonUS,later,combined,TFI.PA,2018Q2,0.07540574128667621,False,False,True,False,False,False,False
all_nonUS,later,recovered_dip,005930.KO,2018Q3,0.7617619806261662,False,False,False,False,True,False,False
all_nonUS,later,combined,005930.KO,2018Q3,0.7617619806261662,False,False,False,False,True,False,False
all_nonUS,later,recovered_dip,2327.TW,2018Q3,0.1952124565476543,False,False,True,False,False,False,False
all_nonUS,later,combined,2327.TW,2018Q3,0.1952124565476543,False,False,True,False,False,False,False
all_nonUS,later,recovered_dip,300122.SHE,2018Q3,,,,,False,False,False,False
all_nonUS,later,combined,300122.SHE,2018Q3,,,,,False,False,False,False
all_nonUS,later,recovered_dip,600039.SHG,2018Q3,,,,,False,False,False,False
all_nonUS,later,combined,600039.SHG,2018Q3,,,,,False,False,False,False
all_nonUS,later,recovered_dip,603993.SHG,2018Q3,,,,,False,False,False,False
all_nonUS,later,combined,603993.SHG,2018Q3,,,,,False,False,False,False
all_nonUS,later,recovered_dip,BAER.SW,2018Q3,0.3997088041792749,False,False,False,False,False,False,False
all_nonUS,later,combined,BAER.SW,2018Q3,0.3997088041792749,False,False,False,False,False,False,False
all_nonUS,later,recovered_dip,CPLE3.SA,2018Q3,2.829486615872857,True,False,False,False,False,False,False
all_nonUS,later,combined,CPLE3.SA,2018Q3,2.829486615872857,True,False,False,False,False,False,False
all_nonUS,later,recovered_dip,PPT.AU,2018Q3,0.06566702180955586,False,False,True,False,False,False,False
all_nonUS,later,combined,PPT.AU,2018Q3,0.06566702180955586,False,False,True,False,False,False,False
all_nonUS,later,recovered_dip,TFI.PA,2018Q3,0.025515817557818066,False,False,True,False,False,False,False
all_nonUS,later,combined,TFI.PA,2018Q3,0.025515817557818066,False,False,True,False,False,False,False
all_nonUS,later,recovered_dip,005930.KO,2018Q4,1.2161451741649847,False,False,False,False,True,False,False
all_nonUS,later,combined,005930.KO,2018Q4,1.2161451741649847,False,False,False,False,True,False,False
all_nonUS,later,recovered_dip,2327.TW,2018Q4,0.938602082578117,False,False,False,False,False,False,False
all_nonUS,later,combined,2327.TW,2018Q4,0.938602082578117,False,False,False,False,False,False,False
all_nonUS,later,recovered_dip,300122.SHE,2018Q4,2.517042640883244,False,False,False,False,False,False,False
all_nonUS,later,combined,300122.SHE,2018Q4,2.517042640883244,False,False,False,False,False,False,False
all_nonUS,later,recovered_dip,600039.SHG,2018Q4,2.9052178709192074,True,False,False,False,False,False,False
all_nonUS,later,combined,600039.SHG,2018Q4,2.9052178709192074,True,False,False,False,False,False,False
all_nonUS,later,recovered_dip,603993.SHG,2018Q4,0.5731682821198718,False,False,True,False,False,False,False
all_nonUS,later,combined,603993.SHG,2018Q4,0.5731682821198718,False,False,True,False,False,False,False
all_nonUS,later,recovered_dip,BAER.SW,2018Q4,0.9260953356070962,False,False,False,False,False,False,False
all_nonUS,later,combined,BAER.SW,2018Q4,0.9260953356070962,False,False,False,False,False,False,False
all_nonUS,later,recovered_dip,CPLE3.SA,2018Q4,1.4510866269416094,False,False,False,False,False,False,False
all_nonUS,later,combined,CPLE3.SA,2018Q4,1.4510866269416094,False,False,False,False,False,False,False
all_nonUS,later,recovered_dip,PMV.AU,2018Q4,1.2914407726446169,False,False,False,False,False,False,False
all_nonUS,later,combined,PMV.AU,2018Q4,1.2914407726446169,False,False,False,False,False,False,False
all_nonUS,later,recovered_dip,PPT.AU,2018Q4,0.3489699293783337,False,False,True,False,False,False,False
all_nonUS,later,combined,PPT.AU,2018Q4,0.3489699293783337,False,False,True,False,False,False,False
all_nonUS,later,recovered_dip,TFI.PA,2018Q4,0.38032472332516676,False,False,True,False,False,False,False
all_nonUS,later,combined,TFI.PA,2018Q4,0.38032472332516676,False,False,True,False,False,False,False
all_nonUS,later,recovered_dip,005930.KO,2019Q1,0.6898894988687827,False,False,False,False,True,False,False
all_nonUS,later,combined,005930.KO,2019Q1,0.6898894988687827,False,False,False,False,True,False,False
all_nonUS,later,recovered_dip,2327.TW,2019Q1,0.7163837225450411,False,False,False,False,False,False,False
all_nonUS,later,combined,2327.TW,2019Q1,0.7163837225450411,False,False,False,False,False,False,False
all_nonUS,later,recovered_dip,300122.SHE,2019Q1,1.722394020013894,True,False,False,False,False,False,False
all_nonUS,later,combined,300122.SHE,2019Q1,1.722394020013894,True,False,False,False,False,False,False
all_nonUS,later,recovered_dip,600039.SHG,2019Q1,1.8403108076289145,True,False,False,False,False,False,False
all_nonUS,later,combined,600039.SHG,2019Q1,1.8403108076289145,True,False,False,False,False,False,False
all_nonUS,later,recovered_dip,603993.SHG,2019Q1,0.1008990671567167,False,False,True,False,False,False,False
all_nonUS,later,combined,603993.SHG,2019Q1,0.1008990671567167,False,False,True,False,False,False,False
all_nonUS,later,recovered_dip,BAER.SW,2019Q1,0.44688168729284183,False,False,False,False,False,False,False
all_nonUS,later,combined,BAER.SW,2019Q1,0.44688168729284183,False,False,False,False,False,False,False
all_nonUS,later,recovered_dip,CPLE3.SA,2019Q1,1.5824385737459,False,False,False,False,False,False,False
all_nonUS,later,combined,CPLE3.SA,2019Q1,1.5824385737459,False,False,False,False,False,False,False
all_nonUS,later,recovered_dip,PMV.AU,2019Q1,0.8472155341292267,False,False,False,False,False,False,False
all_nonUS,later,combined,PMV.AU,2019Q1,0.8472155341292267,False,False,False,False,False,False,False
all_nonUS,later,recovered_dip,PPT.AU,2019Q1,0.025368716536474878,False,False,True,False,False,False,False
all_nonUS,later,combined,PPT.AU,2019Q1,0.025368716536474878,False,False,True,False,False,False,False
all_nonUS,later,recovered_dip,TFI.PA,2019Q1,0.18508752711652554,False,False,True,False,False,False,False
all_nonUS,later,combined,TFI.PA,2019Q1,0.18508752711652554,False,False,True,False,False,False,False
all_nonUS,later,recovered_dip,005930.KO,2019Q2,0.3356818655139371,False,False,False,False,False,False,False
all_nonUS,later,combined,005930.KO,2019Q2,0.3356818655139371,False,False,False,False,False,False,False
all_nonUS,later,recovered_dip,300122.SHE,2019Q2,1.512435589764078,True,False,False,False,False,False,False
all_nonUS,later,combined,300122.SHE,2019Q2,1.512435589764078,True,False,False,False,False,False,False
all_nonUS,later,recovered_dip,600989.SHG,2019Q2,0.3376771136967267,False,False,False,False,False,False,False
all_nonUS,later,combined,600989.SHG,2019Q2,0.3376771136967267,False,False,False,False,False,False,False
all_nonUS,later,recovered_dip,ISAE3.SA,2019Q2,0.4269437737414883,False,False,False,False,False,False,False
all_nonUS,later,combined,ISAE3.SA,2019Q2,0.4269437737414883,False,False,False,False,False,False,False
all_nonUS,later,recovered_dip,PMV.AU,2019Q2,0.4077746005712204,False,False,False,False,False,False,False
all_nonUS,later,combined,PMV.AU,2019Q2,0.4077746005712204,False,False,False,False,False,False,False
all_nonUS,later,recovered_dip,PPT.AU,2019Q2,-0.21163873022207813,False,True,True,False,False,False,False
all_nonUS,later,combined,PPT.AU,2019Q2,-0.21163873022207813,False,True,True,False,False,False,False
all_nonUS,later,recovered_dip,TIETO.HE,2019Q2,-0.014399514003854197,False,True,True,False,True,False,False
all_nonUS,later,combined,TIETO.HE,2019Q2,-0.014399514003854197,False,True,True,False,True,False,False
all_nonUS,later,recovered_dip,000895.SHE,2019Q3,,,,,False,True,False,False
all_nonUS,later,combined,000895.SHE,2019Q3,,,,,False,True,False,False
all_nonUS,later,recovered_dip,005930.KO,2019Q3,0.1865377948182454,False,False,False,False,False,False,False
all_nonUS,later,combined,005930.KO,2019Q3,0.1865377948182454,False,False,False,False,False,False,False
all_nonUS,later,recovered_dip,300122.SHE,2019Q3,,,,,False,False,False,False
all_nonUS,later,combined,300122.SHE,2019Q3,,,,,False,False,False,False
all_nonUS,later,recovered_dip,600989.SHG,2019Q3,,,,,False,False,False,False
all_nonUS,later,combined,600989.SHG,2019Q3,,,,,False,False,False,False
all_nonUS,later,recovered_dip,ISAE3.SA,2019Q3,0.39492247994838214,False,False,False,False,False,False,False
all_nonUS,later,combined,ISAE3.SA,2019Q3,0.39492247994838214,False,False,False,False,False,False,False
all_nonUS,later,recovered_dip,PMV.AU,2019Q3,0.28168201680689964,False,False,False,False,False,False,False
all_nonUS,later,combined,PMV.AU,2019Q3,0.28168201680689964,False,False,False,False,False,False,False
all_nonUS,later,recovered_dip,RAND.AS,2019Q3,0.14880604662202912,False,False,False,False,False,False,False
all_nonUS,later,combined,RAND.AS,2019Q3,0.14880604662202912,False,False,False,False,False,False,False
all_nonUS,later,recovered_dip,TIETO.HE,2019Q3,0.09839260052265586,False,False,False,False,True,False,False
all_nonUS,later,combined,TIETO.HE,2019Q3,0.09839260052265586,False,False,False,False,True,False,False
all_nonUS,later,recovered_dip,000895.SHE,2019Q4,-0.006197384539126216,False,True,True,False,True,False,False
all_nonUS,later,combined,000895.SHE,2019Q4,-0.006197384539126216,False,True,True,False,True,False,False
all_nonUS,later,recovered_dip,005930.KO,2019Q4,0.09335369750048894,False,False,True,False,False,False,False
all_nonUS,later,combined,005930.KO,2019Q4,0.09335369750048894,False,False,True,False,False,False,False
all_nonUS,later,recovered_dip,600989.SHG,2019Q4,0.385412914391678,False,False,False,False,False,False,False
all_nonUS,later,combined,600989.SHG,2019Q4,0.385412914391678,False,False,False,False,False,False,False
all_nonUS,later,recovered_dip,ISAE3.SA,2019Q4,0.3012370118858949,False,False,False,False,False,False,False
all_nonUS,later,combined,ISAE3.SA,2019Q4,0.3012370118858949,False,False,False,False,False,False,False
all_nonUS,later,recovered_dip,PMV.AU,2019Q4,0.4301278025560511,False,False,False,False,False,False,False
all_nonUS,later,combined,PMV.AU,2019Q4,0.4301278025560511,False,False,False,False,False,False,False
all_nonUS,later,recovered_dip,RAND.AS,2019Q4,0.21231350366602642,False,False,False,False,False,False,False
all_nonUS,later,combined,RAND.AS,2019Q4,0.21231350366602642,False,False,False,False,False,False,False
all_nonUS,later,recovered_dip,TIETO.HE,2019Q4,0.08601850585565285,False,False,True,False,True,False,False
all_nonUS,later,combined,TIETO.HE,2019Q4,0.08601850585565285,False,False,True,False,True,False,False
all_nonUS,later,recovered_dip,000876.SHE,2020Q1,-0.5834995711212536,False,True,True,False,False,False,False
all_nonUS,later,combined,000876.SHE,2020Q1,-0.5834995711212536,False,True,True,False,False,False,False
all_nonUS,later,recovered_dip,000895.SHE,2020Q1,-0.2265739351331696,False,True,True,False,True,False,False
all_nonUS,later,combined,000895.SHE,2020Q1,-0.2265739351331696,False,True,True,False,True,False,False
all_nonUS,later,recovered_dip,600989.SHG,2020Q1,0.9494237141525961,False,False,False,False,False,False,False
all_nonUS,later,combined,600989.SHG,2020Q1,0.9494237141525961,False,False,False,False,False,False,False
all_nonUS,later,recovered_dip,DFIB.LSE,2020Q1,0.024496726017326553,False,False,True,False,False,False,False
all_nonUS,later,combined,DFIB.LSE,2020Q1,0.024496726017326553,False,False,True,False,False,False,False
all_nonUS,later,recovered_dip,ISAE3.SA,2020Q1,0.5257645900243604,False,False,True,False,False,False,False
all_nonUS,later,combined,ISAE3.SA,2020Q1,0.5257645900243604,False,False,True,False,False,False,False
all_nonUS,later,recovered_dip,PMV.AU,2020Q1,1.4825605967102926,False,False,False,False,False,False,False
all_nonUS,later,combined,PMV.AU,2020Q1,1.4825605967102926,False,False,False,False,False,False,False
all_nonUS,later,recovered_dip,RAND.AS,2020Q1,1.2677160596603207,False,False,False,False,True,False,False
all_nonUS,later,combined,RAND.AS,2020Q1,1.2677160596603207,False,False,False,False,True,False,False
all_nonUS,later,recovered_dip,000876.SHE,2020Q2,-0.6246786659239446,False,True,True,False,False,False,False
all_nonUS,later,combined,000876.SHE,2020Q2,-0.6246786659239446,False,True,True,False,False,False,False
all_nonUS,later,recovered_dip,000895.SHE,2020Q2,-0.3932467311307313,False,True,True,False,True,False,False
all_nonUS,later,combined,000895.SHE,2020Q2,-0.3932467311307313,False,True,True,False,True,False,False
all_nonUS,later,recovered_dip,600989.SHG,2020Q2,0.6012165953040978,False,False,False,False,False,False,False
all_nonUS,later,combined,600989.SHG,2020Q2,0.6012165953040978,False,False,False,False,False,False,False
all_nonUS,later,recovered_dip,DFIB.LSE,2020Q2,0.024496726017326553,False,False,True,False,False,False,False
all_nonUS,later,combined,DFIB.LSE,2020Q2,0.024496726017326553,False,False,True,False,False,False,False
all_nonUS,later,recovered_dip,ISAE3.SA,2020Q2,0.5501230099414607,False,False,False,False,False,False,False
all_nonUS,later,combined,ISAE3.SA,2020Q2,0.5501230099414607,False,False,False,False,False,False,False
all_nonUS,later,recovered_dip,PMV.AU,2020Q2,0.34853972329085514,False,False,True,False,False,False,False
all_nonUS,later,combined,PMV.AU,2020Q2,0.34853972329085514,False,False,True,False,False,False,False
all_nonUS,later,recovered_dip,RAND.AS,2020Q2,0.501807812219792,False,False,False,False,True,False,True
all_nonUS,later,combined,RAND.AS,2020Q2,0.501807812219792,False,False,False,False,True,False,True
all_nonUS,later,recovered_dip,600989.SHG,2020Q3,,,,,False,False,False,False
all_nonUS,later,combined,600989.SHG,2020Q3,,,,,False,False,False,False
all_nonUS,later,recovered_dip,DFIB.LSE,2020Q3,0.02290964086733105,False,False,True,False,False,False,False
all_nonUS,later,combined,DFIB.LSE,2020Q3,0.02290964086733105,False,False,True,False,False,False,False
all_nonUS,later,recovered_dip,ISAE3.SA,2020Q3,0.4295752531195849,False,False,False,False,False,False,False
all_nonUS,later,combined,ISAE3.SA,2020Q3,0.4295752531195849,False,False,False,False,False,False,False
all_nonUS,later,recovered_dip,MGR.AU,2020Q3,0.08083719607205708,False,False,True,False,False,False,False
all_nonUS,later,combined,MGR.AU,2020Q3,0.08083719607205708,False,False,True,False,False,False,False
all_nonUS,later,recovered_dip,PMV.AU,2020Q3,0.33210674418960306,False,False,False,False,False,False,False
all_nonUS,later,combined,PMV.AU,2020Q3,0.33210674418960306,False,False,False,False,False,False,False
all_nonUS,later,recovered_dip,RAND.AS,2020Q3,0.4454550693031565,False,False,False,False,True,False,False
all_nonUS,later,combined,RAND.AS,2020Q3,0.4454550693031565,False,False,False,False,True,False,False
all_nonUS,later,recovered_dip,600989.SHG,2020Q4,0.3162724546362481,False,False,False,False,False,False,False
all_nonUS,later,combined,600989.SHG,2020Q4,0.3162724546362481,False,False,False,False,False,False,False
all_nonUS,later,recovered_dip,DFIB.LSE,2020Q4,0.02290964086733105,False,False,True,False,False,False,False
all_nonUS,later,combined,DFIB.LSE,2020Q4,0.02290964086733105,False,False,True,False,False,False,False
all_nonUS,later,recovered_dip,ISAE3.SA,2020Q4,0.49549356826737667,False,False,False,False,False,False,False
all_nonUS,later,combined,ISAE3.SA,2020Q4,0.49549356826737667,False,False,False,False,False,False,False
all_nonUS,later,recovered_dip,MGR.AU,2020Q4,-0.10401466936521075,False,True,True,False,False,False,False
all_nonUS,later,combined,MGR.AU,2020Q4,-0.10401466936521075,False,True,True,False,False,False,False
all_nonUS,later,recovered_dip,RAND.AS,2020Q4,0.2856748894903225,False,False,False,False,True,False,False
all_nonUS,later,combined,RAND.AS,2020Q4,0.2856748894903225,False,False,False,False,True,False,False
all_nonUS,later,recovered_dip,600989.SHG,2021Q1,0.1181152001448853,False,False,True,False,False,False,False
all_nonUS,later,combined,600989.SHG,2021Q1,0.1181152001448853,False,False,True,False,False,False,False
all_nonUS,later,recovered_dip,DFIB.LSE,2021Q1,0.0180698158887449,False,False,True,False,False,False,False
all_nonUS,later,combined,DFIB.LSE,2021Q1,0.0180698158887449,False,False,True,False,False,False,False
all_nonUS,later,recovered_dip,ISAE3.SA,2021Q1,0.309138851692754,False,False,False,False,False,False,False
all_nonUS,later,combined,ISAE3.SA,2021Q1,0.309138851692754,False,False,False,False,False,False,False
all_nonUS,later,recovered_dip,MGR.AU,2021Q1,0.0854644388432031,False,False,True,False,False,False,False
all_nonUS,later,combined,MGR.AU,2021Q1,0.0854644388432031,False,False,True,False,False,False,False
all_nonUS,later,recovered_dip,RAND.AS,2021Q1,0.003215668105338576,False,False,True,False,True,False,False
all_nonUS,later,combined,RAND.AS,2021Q1,0.003215668105338576,False,False,True,False,True,False,False
all_nonUS,later,recovered_dip,000876.SHE,2021Q2,-0.36791146851491796,False,True,True,False,False,False,False
all_nonUS,later,combined,000876.SHE,2021Q2,-0.36791146851491796,False,True,True,False,False,False,False
all_nonUS,later,recovered_dip,ARG.PA,2021Q2,-0.2291350426924217,False,True,True,False,False,False,False
all_nonUS,later,combined,ARG.PA,2021Q2,-0.2291350426924217,False,True,True,False,False,False,False
all_nonUS,later,recovered_dip,EQTL3.SA,2021Q2,0.3362740826155266,False,False,False,False,False,False,False
all_nonUS,later,combined,EQTL3.SA,2021Q2,0.3362740826155266,False,False,False,False,False,False,False
all_nonUS,later,recovered_dip,ISAE3.SA,2021Q2,0.2979217169466324,False,False,False,False,False,False,False
all_nonUS,later,combined,ISAE3.SA,2021Q2,0.2979217169466324,False,False,False,False,False,False,False
all_nonUS,later,recovered_dip,MGR.AU,2021Q2,-0.2491757017783438,False,True,True,False,False,False,False
all_nonUS,later,combined,MGR.AU,2021Q2,-0.2491757017783438,False,True,True,False,False,False,False
all_nonUS,later,recovered_dip,RAND.AS,2021Q2,-0.1833365819440832,False,True,True,False,False,False,False
all_nonUS,later,combined,RAND.AS,2021Q2,-0.1833365819440832,False,True,True,False,False,False,False
all_nonUS,later,recovered_dip,000876.SHE,2021Q3,,,,,False,False,False,False
all_nonUS,later,combined,000876.SHE,2021Q3,,,,,False,False,False,False
all_nonUS,later,recovered_dip,ARG.PA,2021Q3,-0.21056589007234816,False,True,True,False,False,False,False
all_nonUS,later,combined,ARG.PA,2021Q3,-0.21056589007234816,False,True,True,False,False,False,False
all_nonUS,later,recovered_dip,EQTL3.SA,2021Q3,0.3388906108740135,False,False,False,False,False,False,False
all_nonUS,later,combined,EQTL3.SA,2021Q3,0.3388906108740135,False,False,False,False,False,False,False
all_nonUS,later,recovered_dip,ISAE3.SA,2021Q3,0.11729769968644455,False,False,True,False,False,False,False
all_nonUS,later,combined,ISAE3.SA,2021Q3,0.11729769968644455,False,False,True,False,False,False,False
all_nonUS,later,recovered_dip,ROVI.MC,2021Q3,0.37530857401480944,False,False,False,False,False,False,False
all_nonUS,later,combined,ROVI.MC,2021Q3,0.37530857401480944,False,False,False,False,False,False,False
all_nonUS,later,recovered_dip,300122.SHE,2021Q4,-0.647646524361468,False,True,True,False,False,False,False
all_nonUS,later,combined,300122.SHE,2021Q4,-0.647646524361468,False,True,True,False,False,False,False
all_nonUS,later,recovered_dip,600989.SHG,2021Q4,0.044466957630930004,False,False,True,False,False,False,False
all_nonUS,later,combined,600989.SHG,2021Q4,0.044466957630930004,False,False,True,False,False,False,False
all_nonUS,later,recovered_dip,ARG.PA,2021Q4,-0.43582139555191424,False,True,True,False,False,False,False
all_nonUS,later,combined,ARG.PA,2021Q4,-0.43582139555191424,False,True,True,False,False,False,False
all_nonUS,later,recovered_dip,EQTL3.SA,2021Q4,0.31086694373180035,False,False,False,False,False,False,False
all_nonUS,later,combined,EQTL3.SA,2021Q4,0.31086694373180035,False,False,False,False,False,False,False
all_nonUS,later,recovered_dip,ISAE3.SA,2021Q4,0.10297383602197607,False,False,False,False,False,False,False
all_nonUS,later,combined,ISAE3.SA,2021Q4,0.10297383602197607,False,False,False,False,False,False,False
all_nonUS,later,recovered_dip,ROVI.MC,2021Q4,-0.06741407842770775,False,True,True,False,False,False,False
all_nonUS,later,combined,ROVI.MC,2021Q4,-0.06741407842770775,False,True,True,False,False,False,False
all_nonUS,later,recovered_dip,300122.SHE,2022Q1,-0.7055240118200758,False,True,True,False,False,False,False
all_nonUS,later,combined,300122.SHE,2022Q1,-0.7055240118200758,False,True,True,False,False,False,False
all_nonUS,later,recovered_dip,600989.SHG,2022Q1,0.03412756820672502,False,False,True,False,False,False,False
all_nonUS,later,combined,600989.SHG,2022Q1,0.03412756820672502,False,False,True,False,False,False,False
all_nonUS,later,recovered_dip,ARG.PA,2022Q1,-0.37911482135423424,False,True,True,False,False,False,False
all_nonUS,later,combined,ARG.PA,2022Q1,-0.37911482135423424,False,True,True,False,False,False,False
all_nonUS,later,recovered_dip,EQTL3.SA,2022Q1,0.23224906649637322,False,False,False,False,False,False,False
all_nonUS,later,combined,EQTL3.SA,2022Q1,0.23224906649637322,False,False,False,False,False,False,False
all_nonUS,later,recovered_dip,ISAE3.SA,2022Q1,0.09654192809545714,False,False,True,False,False,False,False
all_nonUS,later,combined,ISAE3.SA,2022Q1,0.09654192809545714,False,False,True,False,False,False,False
all_nonUS,later,recovered_dip,ROVI.MC,2022Q1,-0.16926261202561932,False,True,True,False,False,False,False
all_nonUS,later,combined,ROVI.MC,2022Q1,-0.16926261202561932,False,True,True,False,False,False,False
all_nonUS,later,recovered_dip,ELG.XETRA,2022Q2,1.5716016829527488,False,False,False,False,False,False,False
all_nonUS,later,combined,ELG.XETRA,2022Q2,1.5716016829527488,False,False,False,False,False,False,False
all_nonUS,later,recovered_dip,EQTL3.SA,2022Q2,0.6393981782363216,False,False,False,False,False,False,False
all_nonUS,later,combined,EQTL3.SA,2022Q2,0.6393981782363216,False,False,False,False,False,False,False
all_nonUS,later,recovered_dip,ISAE3.SA,2022Q2,0.20382739597107613,False,False,True,False,False,False,False
all_nonUS,later,combined,ISAE3.SA,2022Q2,0.20382739597107613,False,False,True,False,False,False,False
all_nonUS,later,recovered_dip,PSPN.SW,2022Q2,0.5115887705879458,False,False,False,False,False,False,False
all_nonUS,later,combined,PSPN.SW,2022Q2,0.5115887705879458,False,False,False,False,False,False,False
all_nonUS,later,recovered_dip,TFI.PA,2022Q2,0.5716355715300712,False,False,False,False,False,False,False
all_nonUS,later,combined,TFI.PA,2022Q2,0.5716355715300712,False,False,False,False,False,False,False
all_nonUS,later,recovered_dip,600019.SHG,2022Q3,,,,,False,False,False,False
all_nonUS,later,combined,600019.SHG,2022Q3,,,,,False,False,False,False
all_nonUS,later,recovered_dip,600025.SHG,2022Q3,,,,,False,False,False,False
all_nonUS,later,combined,600025.SHG,2022Q3,,,,,False,False,False,False
all_nonUS,later,recovered_dip,ELG.XETRA,2022Q3,1.129978418716902,False,False,False,False,False,False,False
all_nonUS,later,combined,ELG.XETRA,2022Q3,1.129978418716902,False,False,False,False,False,False,False
all_nonUS,later,recovered_dip,EQTL3.SA,2022Q3,0.3605835783351845,False,False,True,False,False,False,False
all_nonUS,later,combined,EQTL3.SA,2022Q3,0.3605835783351845,False,False,True,False,False,False,False
all_nonUS,later,recovered_dip,ISAE3.SA,2022Q3,0.2151827381212128,False,False,True,False,False,False,False
all_nonUS,later,combined,ISAE3.SA,2022Q3,0.2151827381212128,False,False,True,False,False,False,False
all_nonUS,later,recovered_dip,KOG.OL,2022Q3,3.97101032076341,True,False,False,False,False,False,False
all_nonUS,later,combined,KOG.OL,2022Q3,3.97101032076341,True,False,False,False,False,False,False
all_nonUS,later,recovered_dip,PSPN.SW,2022Q3,0.5107010776702134,False,False,True,False,False,False,False
all_nonUS,later,combined,PSPN.SW,2022Q3,0.5107010776702134,False,False,True,False,False,False,False
all_nonUS,later,recovered_dip,600019.SHG,2022Q4,0.4942649912041044,False,False,False,False,False,False,False
all_nonUS,later,combined,600019.SHG,2022Q4,0.4942649912041044,False,False,False,False,False,False,False
all_nonUS,later,recovered_dip,600025.SHG,2022Q4,0.4342416637892763,False,False,False,False,False,False,False
all_nonUS,later,combined,600025.SHG,2022Q4,0.4342416637892763,False,False,False,False,False,False,False
all_nonUS,later,recovered_dip,ELG.XETRA,2022Q4,0.8932015163823612,False,False,False,False,False,False,False
all_nonUS,later,combined,ELG.XETRA,2022Q4,0.8932015163823612,False,False,False,False,False,False,False
all_nonUS,later,recovered_dip,EQTL3.SA,2022Q4,0.6142050061009245,False,False,False,False,False,False,False
all_nonUS,later,combined,EQTL3.SA,2022Q4,0.6142050061009245,False,False,False,False,False,False,False
all_nonUS,later,recovered_dip,ISAE3.SA,2022Q4,0.39206315036620243,False,False,True,False,False,False,False
all_nonUS,later,combined,ISAE3.SA,2022Q4,0.39206315036620243,False,False,True,False,False,False,False
all_nonUS,later,recovered_dip,KOG.OL,2022Q4,2.264711243190085,True,False,False,False,False,False,False
all_nonUS,later,combined,KOG.OL,2022Q4,2.264711243190085,True,False,False,False,False,False,False
all_nonUS,later,recovered_dip,PSPN.SW,2022Q4,0.42583595381792705,False,False,False,False,False,False,False
all_nonUS,later,combined,PSPN.SW,2022Q4,0.42583595381792705,False,False,False,False,False,False,False
all_nonUS,later,recovered_dip,600019.SHG,2023Q1,0.14645676880084846,False,False,True,False,False,False,False
all_nonUS,later,combined,600019.SHG,2023Q1,0.14645676880084846,False,False,True,False,False,False,False
all_nonUS,later,recovered_dip,600025.SHG,2023Q1,0.5224281352479476,False,False,False,False,False,False,False
all_nonUS,later,combined,600025.SHG,2023Q1,0.5224281352479476,False,False,False,False,False,False,False
all_nonUS,later,recovered_dip,ELG.XETRA,2023Q1,0.6670206783863273,False,False,False,False,False,False,False
all_nonUS,later,combined,ELG.XETRA,2023Q1,0.6670206783863273,False,False,False,False,False,False,False
all_nonUS,later,recovered_dip,EQTL3.SA,2023Q1,0.6655011785782075,False,False,False,False,False,False,False
all_nonUS,later,combined,EQTL3.SA,2023Q1,0.6655011785782075,False,False,False,False,False,False,False
all_nonUS,later,recovered_dip,ISAE3.SA,2023Q1,0.4798288639062558,False,False,False,False,False,False,False
all_nonUS,later,combined,ISAE3.SA,2023Q1,0.4798288639062558,False,False,False,False,False,False,False
all_nonUS,later,recovered_dip,KOG.OL,2023Q1,4.063152218046762,True,False,False,False,False,False,False
all_nonUS,later,combined,KOG.OL,2023Q1,4.063152218046762,True,False,False,False,False,False,False
all_nonUS,later,recovered_dip,PSPN.SW,2023Q1,0.6857422452531612,False,False,False,False,False,False,False
all_nonUS,later,combined,PSPN.SW,2023Q1,0.6857422452531612,False,False,False,False,False,False,False
all_nonUS,later,recovered_dip,071050.KO,2023Q2,3.7915413576180645,True,False,False,False,False,False,False
all_nonUS,later,combined,071050.KO,2023Q2,3.7915413576180645,True,False,False,False,False,False,False
all_nonUS,later,recovered_dip,103140.KO,2023Q2,0.6296437319102419,False,False,False,False,False,False,False
all_nonUS,later,combined,103140.KO,2023Q2,0.6296437319102419,False,False,False,False,False,False,False
all_nonUS,later,recovered_dip,600019.SHG,2023Q2,0.07665151369539447,False,False,True,False,False,False,False
all_nonUS,later,combined,600019.SHG,2023Q2,0.07665151369539447,False,False,True,False,False,False,False
all_nonUS,later,recovered_dip,600025.SHG,2023Q2,0.3208559298083884,False,False,True,False,False,False,False
all_nonUS,later,combined,600025.SHG,2023Q2,0.3208559298083884,False,False,True,False,False,False,False
all_nonUS,later,recovered_dip,603986.SHG,2023Q2,6.693274622942064,True,False,False,False,False,False,False
all_nonUS,later,combined,603986.SHG,2023Q2,6.693274622942064,True,False,False,False,False,False,False
all_nonUS,later,recovered_dip,PSPN.SW,2023Q2,0.5544009333248183,False,False,False,False,False,False,False
all_nonUS,later,combined,PSPN.SW,2023Q2,0.5544009333248183,False,False,False,False,False,False,False
all_nonUS,later,recovered_dip,TFI.PA,2023Q2,0.29992338408548225,False,False,True,False,False,False,False
all_nonUS,later,combined,TFI.PA,2023Q2,0.29992338408548225,False,False,True,False,False,False,False
all_nonUS,later,recent_typical_margin,002007.SHE,2023Q3,,,,,False,False,False,False
all_nonUS,later,combined,002007.SHE,2023Q3,,,,,False,False,False,False
all_nonUS,later,recent_typical_margin,002555.SHE,2023Q3,,,,,False,True,False,False
all_nonUS,later,combined,002555.SHE,2023Q3,,,,,False,True,False,False
all_nonUS,later,recovered_dip,071050.KO,2023Q3,2.882106045956932,True,False,False,False,False,False,False
all_nonUS,later,combined,071050.KO,2023Q3,2.882106045956932,True,False,False,False,False,False,False
all_nonUS,later,recovered_dip,103140.KO,2023Q3,1.6746540793200486,False,False,False,False,False,False,False
all_nonUS,later,combined,103140.KO,2023Q3,1.6746540793200486,False,False,False,False,False,False,False
all_nonUS,later,recent_typical_margin,300347.SHE,2023Q3,,,,,False,False,False,False
all_nonUS,later,combined,300347.SHE,2023Q3,,,,,False,False,False,False
all_nonUS,later,recovered_dip,600025.SHG,2023Q3,,,,,False,False,False,False
all_nonUS,later,combined,600025.SHG,2023Q3,,,,,False,False,False,False
all_nonUS,later,recent_typical_margin,KTY.WAR,2023Q3,1.3652647605933876,False,False,False,False,True,False,False
all_nonUS,later,combined,KTY.WAR,2023Q3,1.3652647605933876,False,False,False,False,True,False,False
all_nonUS,later,recovered_dip,LOV.AU,2023Q3,0.41145300870320756,False,False,True,False,False,False,False
all_nonUS,later,combined,LOV.AU,2023Q3,0.41145300870320756,False,False,True,False,False,False,False
all_nonUS,later,recovered_dip,PSPN.SW,2023Q3,0.4513718882042994,False,False,True,False,False,False,False
all_nonUS,later,combined,PSPN.SW,2023Q3,0.4513718882042994,False,False,True,False,False,False,False
all_nonUS,later,recovered_dip,TFI.PA,2023Q3,0.079317699413894,False,False,True,False,False,False,False
all_nonUS,later,combined,TFI.PA,2023Q3,0.079317699413894,False,False,True,False,False,False,False
all_markets,train,recovered_dip,600600.SHG,2006Q2,1.6014367857468552,True,False,False,False,False,False,False
all_markets,train,combined,600600.SHG,2006Q2,1.6014367857468552,True,False,False,False,False,False,False
all_markets,train,recovered_dip,600600.SHG,2006Q3,,,,,False,False,False,False
all_markets,train,combined,600600.SHG,2006Q3,,,,,False,False,False,False
all_markets,train,recovered_dip,GFRD.LSE,2006Q3,-0.5187073840052976,False,True,True,False,False,False,False
all_markets,train,combined,GFRD.LSE,2006Q3,-0.5187073840052976,False,True,True,False,False,False,False
all_markets,train,recovered_dip,NOVO-B.CO,2006Q3,0.5436967854299561,True,False,False,False,False,False,False
all_markets,train,combined,NOVO-B.CO,2006Q3,0.5436967854299561,True,False,False,False,False,False,False
all_markets,train,recovered_dip,600600.SHG,2006Q4,1.6445071564908336,True,False,False,False,False,False,False
all_markets,train,combined,600600.SHG,2006Q4,1.6445071564908336,True,False,False,False,False,False,False
all_markets,train,recovered_dip,GFRD.LSE,2006Q4,-0.7414035093682625,False,True,True,False,False,False,False
all_markets,train,combined,GFRD.LSE,2006Q4,-0.7414035093682625,False,True,True,False,False,False,False
all_markets,train,recovered_dip,NOVO-B.CO,2006Q4,0.462264118919852,False,False,False,False,False,False,False
all_markets,train,combined,NOVO-B.CO,2006Q4,0.462264118919852,False,False,False,False,False,False,False
all_markets,train,recovered_dip,600600.SHG,2007Q1,1.0081565037758646,True,False,False,False,False,False,False
all_markets,train,combined,600600.SHG,2007Q1,1.0081565037758646,True,False,False,False,False,False,False
all_markets,train,recovered_dip,GFRD.LSE,2007Q1,-0.7445308013136697,False,True,True,False,False,False,False
all_markets,train,combined,GFRD.LSE,2007Q1,-0.7445308013136697,False,True,True,False,False,False,False
all_markets,train,recovered_dip,NOVO-B.CO,2007Q1,0.7867267415243033,True,False,False,False,False,False,False
all_markets,train,combined,NOVO-B.CO,2007Q1,0.7867267415243033,True,False,False,False,False,False,False
all_markets,train,recovered_dip,600600.SHG,2007Q2,0.31551719110592047,False,False,False,False,False,False,False
all_markets,train,combined,600600.SHG,2007Q2,0.31551719110592047,False,False,False,False,False,False,False
all_markets,train,recovered_dip,GFRD.LSE,2007Q2,-0.743910736556626,False,True,True,False,False,False,False
all_markets,train,combined,GFRD.LSE,2007Q2,-0.743910736556626,False,True,True,False,False,False,False
all_markets,train,recovered_dip,NOVO-B.CO,2007Q2,0.7286523658008941,True,False,False,False,False,False,False
all_markets,train,combined,NOVO-B.CO,2007Q2,0.7286523658008941,True,False,False,False,False,False,False
all_markets,train,recovered_dip,600600.SHG,2007Q3,,,,,False,False,False,False
all_markets,train,combined,600600.SHG,2007Q3,,,,,False,False,False,False
all_markets,train,recovered_dip,600600.SHG,2007Q4,-0.1305008968480066,False,True,True,False,False,False,False
all_markets,train,combined,600600.SHG,2007Q4,-0.1305008968480066,False,True,True,False,False,False,False
all_markets,train,recovered_dip,000786.SHE,2008Q3,2.0564173268345054,True,False,False,False,False,False,False
all_markets,train,combined,000786.SHE,2008Q3,2.0564173268345054,True,False,False,False,False,False,False
all_markets,train,recovered_dip,000800.SHE,2009Q3,,,,,False,False,False,False
all_markets,train,combined,000800.SHE,2009Q3,,,,,False,False,False,False
all_markets,train,recovered_dip,000800.SHE,2009Q4,-0.6588848908339181,False,True,True,False,False,False,False
all_markets,train,combined,000800.SHE,2009Q4,-0.6588848908339181,False,True,True,False,False,False,False
all_markets,train,recovered_dip,000800.SHE,2010Q1,-0.6345244624228847,False,True,True,False,False,False,False
all_markets,train,combined,000800.SHE,2010Q1,-0.6345244624228847,False,True,True,False,False,False,False
all_markets,train,recovered_dip,000800.SHE,2010Q2,-0.136077307364456,False,True,True,False,False,False,False
all_markets,train,combined,000800.SHE,2010Q2,-0.136077307364456,False,True,True,False,False,False,False
all_markets,train,recovered_dip,BAS.XETRA,2010Q2,0.7420195488692867,False,False,False,False,False,False,False
all_markets,train,combined,BAS.XETRA,2010Q2,0.7420195488692867,False,False,False,False,False,False,False
all_markets,train,recovered_dip,KEMIRA.HE,2010Q2,0.5577173959968749,False,False,False,False,False,False,False
all_markets,train,combined,KEMIRA.HE,2010Q2,0.5577173959968749,False,False,False,False,False,False,False
all_markets,train,recovered_dip,SSE.LSE,2010Q2,0.3646462044355867,False,False,True,False,True,False,False
all_markets,train,combined,SSE.LSE,2010Q2,0.3646462044355867,False,False,True,False,False,False,False
all_markets,train,recovered_dip,000800.SHE,2010Q3,,,,,False,False,False,False
all_markets,train,combined,000800.SHE,2010Q3,,,,,False,False,False,False
all_markets,train,recovered_dip,ABEV3.SA,2010Q3,1.5916446478390793,True,False,False,False,True,False,False
all_markets,train,combined,ABEV3.SA,2010Q3,1.5916446478390793,True,False,False,False,True,False,False
all_markets,train,recovered_dip,BAS.XETRA,2010Q3,0.6856014146429137,False,False,False,False,False,False,False
all_markets,train,combined,BAS.XETRA,2010Q3,0.6856014146429137,False,False,False,False,False,False,False
all_markets,train,recovered_dip,KEMIRA.HE,2010Q3,0.27278857828405134,False,False,True,False,False,False,False
all_markets,train,combined,KEMIRA.HE,2010Q3,0.27278857828405134,False,False,True,False,False,False,False
all_markets,train,recovered_dip,SSE.LSE,2010Q3,0.3183094646063296,False,False,True,False,True,False,False
all_markets,train,combined,SSE.LSE,2010Q3,0.3183094646063296,False,False,True,False,False,False,False
all_markets,train,recovered_dip,000800.SHE,2010Q4,-0.2623093575610963,False,True,True,False,False,False,False
all_markets,train,combined,000800.SHE,2010Q4,-0.2623093575610963,False,True,True,False,False,False,False
all_markets,train,recovered_dip,000858.SHE,2010Q4,-0.5207349149800717,False,True,True,False,False,False,False
all_markets,train,combined,000858.SHE,2010Q4,-0.5207349149800717,False,True,True,False,False,False,False
all_markets,train,recovered_dip,ABEV3.SA,2010Q4,1.1878170446370286,True,False,False,False,True,False,False
all_markets,train,combined,ABEV3.SA,2010Q4,1.1878170446370286,True,False,False,False,True,False,False
all_markets,train,recovered_dip,BAS.XETRA,2010Q4,0.4291194805907328,False,False,True,False,False,False,False
all_markets,train,combined,BAS.XETRA,2010Q4,0.4291194805907328,False,False,True,False,False,False,False
all_markets,train,recovered_dip,KEMIRA.HE,2010Q4,0.16859569421044918,False,False,True,False,False,False,False
all_markets,train,combined,KEMIRA.HE,2010Q4,0.16859569421044918,False,False,True,False,False,False,False
all_markets,train,recovered_dip,SSE.LSE,2010Q4,0.10761073524423681,False,False,True,False,True,False,False
all_markets,train,combined,SSE.LSE,2010Q4,0.10761073524423681,False,False,True,False,False,False,False
all_markets,train,recovered_dip,000800.SHE,2011Q1,-0.38616926382241845,False,True,True,False,False,False,False
all_markets,train,combined,000800.SHE,2011Q1,-0.38616926382241845,False,True,True,False,False,False,False
all_markets,train,recovered_dip,000858.SHE,2011Q1,-0.4447569972337405,False,True,True,False,False,False,False
all_markets,train,combined,000858.SHE,2011Q1,-0.4447569972337405,False,True,True,False,False,False,False
all_markets,train,recovered_dip,ABEV3.SA,2011Q1,1.3298821527919276,True,False,False,False,True,False,False
all_markets,train,combined,ABEV3.SA,2011Q1,1.3298821527919276,True,False,False,False,True,False,False
all_markets,train,recovered_dip,BAS.XETRA,2011Q1,0.45261042547759045,False,False,False,False,False,False,False
all_markets,train,combined,BAS.XETRA,2011Q1,0.45261042547759045,False,False,False,False,False,False,False
all_markets,train,recovered_dip,D.US,2011Q1,0.7875084067355178,False,False,False,False,False,False,False
all_markets,train,combined,D.US,2011Q1,0.7875084067355178,False,False,False,False,False,False,False
all_markets,train,recovered_dip,INTC.US,2011Q1,0.4597687597724456,False,False,False,False,False,False,False
all_markets,train,combined,INTC.US,2011Q1,0.4597687597724456,False,False,False,False,False,False,False
all_markets,train,recovered_dip,KEMIRA.HE,2011Q1,0.06234387145307241,False,False,True,False,False,False,False
all_markets,train,combined,KEMIRA.HE,2011Q1,0.06234387145307241,False,False,True,False,False,False,False
all_markets,train,recovered_dip,SSE.LSE,2011Q1,0.14603708827295847,False,False,True,False,True,False,False
all_markets,train,combined,SSE.LSE,2011Q1,0.14603708827295847,False,False,True,False,False,False,False
all_markets,train,recovered_dip,D.US,2011Q2,0.6404240613164986,False,False,False,False,False,False,False
all_markets,train,combined,D.US,2011Q2,0.6404240613164986,False,False,False,False,False,False,False
all_markets,train,recovered_dip,INTC.US,2011Q2,0.530801517058169,False,False,False,False,False,False,False
all_markets,train,combined,INTC.US,2011Q2,0.530801517058169,False,False,False,False,False,False,False
all_markets,train,recovered_dip,KEMIRA.HE,2011Q2,0.13545957368039385,False,False,True,False,False,False,False
all_markets,train,combined,KEMIRA.HE,2011Q2,0.13545957368039385,False,False,True,False,False,False,False
all_markets,train,recovered_dip,SSE.LSE,2011Q2,0.1228035166805439,False,False,True,False,True,False,False
all_markets,train,combined,SSE.LSE,2011Q2,0.1228035166805439,False,False,True,False,True,False,False
all_markets,train,recovered_dip,ADI.US,2011Q3,0.7422694394136162,False,False,True,False,False,False,False
all_markets,train,combined,ADI.US,2011Q3,0.7422694394136162,False,False,True,False,False,False,False
all_markets,train,recovered_dip,D.US,2011Q3,0.5554636128239427,False,False,True,False,False,False,False
all_markets,train,combined,D.US,2011Q3,0.5554636128239427,False,False,True,False,False,False,False
all_markets,train,recovered_dip,INTC.US,2011Q3,0.8789781467897031,False,False,False,False,False,False,False
all_markets,train,combined,INTC.US,2011Q3,0.8789781467897031,False,False,False,False,False,False,False
all_markets,train,recovered_dip,KEMIRA.HE,2011Q3,0.46103718970004604,False,False,True,False,False,False,False
all_markets,train,combined,KEMIRA.HE,2011Q3,0.46103718970004604,False,False,True,False,False,False,False
all_markets,train,recovered_dip,SSE.LSE,2011Q3,0.18115386844925663,False,False,True,False,True,False,False
all_markets,train,combined,SSE.LSE,2011Q3,0.18115386844925663,False,False,True,False,True,False,False
all_markets,train,recovered_dip,D.US,2011Q4,0.6411212268666546,False,False,True,False,False,False,False
all_markets,train,combined,D.US,2011Q4,0.6411212268666546,False,False,True,False,False,False,False
all_markets,train,recovered_dip,INTC.US,2011Q4,0.6416909427214066,False,False,True,False,False,False,False
all_markets,train,combined,INTC.US,2011Q4,0.6416909427214066,False,False,True,False,False,False,False
all_markets,train,recovered_dip,KEMIRA.HE,2011Q4,0.22610197114899422,False,False,True,False,False,False,False
all_markets,train,combined,KEMIRA.HE,2011Q4,0.22610197114899422,False,False,True,False,False,False,False
all_markets,train,recovered_dip,SSE.LSE,2011Q4,0.24697121528233623,False,False,True,False,True,False,False
all_markets,train,combined,SSE.LSE,2011Q4,0.24697121528233623,False,False,True,False,True,False,False
all_markets,train,recovered_dip,017670.KO,2012Q1,1.3793736129379588,False,False,False,False,False,False,False
all_markets,train,combined,017670.KO,2012Q1,1.3793736129379588,False,False,False,False,False,False,False
all_markets,train,recovered_dip,KEMIRA.HE,2012Q1,0.3135365371250649,False,False,True,False,False,False,False
all_markets,train,combined,KEMIRA.HE,2012Q1,0.3135365371250649,False,False,True,False,False,False,False
all_markets,train,recovered_dip,LUV.US,2012Q1,4.475580101884466,True,False,False,False,False,False,False
all_markets,train,combined,LUV.US,2012Q1,4.475580101884466,True,False,False,False,False,False,False
all_markets,train,recovered_dip,SSE.LSE,2012Q1,0.1074296174031848,False,False,True,False,True,False,False
all_markets,train,combined,SSE.LSE,2012Q1,0.1074296174031848,False,False,True,False,True,False,False
all_markets,train,recovered_dip,017670.KO,2012Q2,1.438901118663273,False,False,False,False,False,False,False
all_markets,train,combined,017670.KO,2012Q2,1.438901118663273,False,False,False,False,False,False,False
all_markets,train,recovered_dip,KEMIRA.HE,2012Q2,0.24145082599584522,False,False,True,False,False,False,False
all_markets,train,combined,KEMIRA.HE,2012Q2,0.24145082599584522,False,False,True,False,False,False,False
all_markets,train,recovered_dip,LUV.US,2012Q2,2.632017992225732,True,False,False,False,False,False,False
all_markets,train,combined,LUV.US,2012Q2,2.632017992225732,True,False,False,False,False,False,False
all_markets,train,recovered_dip,NTAP.US,2012Q2,0.05379130334030657,False,False,True,False,False,False,False
all_markets,train,combined,NTAP.US,2012Q2,0.05379130334030657,False,False,True,False,False,False,False
all_markets,train,recovered_dip,017670.KO,2012Q3,1.204229887476731,False,False,False,False,False,False,False
all_markets,train,combined,017670.KO,2012Q3,1.204229887476731,False,False,False,False,False,False,False
all_markets,train,recovered_dip,LUV.US,2012Q3,3.390735346978392,True,False,False,False,False,False,False
all_markets,train,combined,LUV.US,2012Q3,3.390735346978392,True,False,False,False,False,False,False
all_markets,train,recovered_dip,MRK.US,2012Q3,0.20778124876835058,False,False,True,False,False,False,False
all_markets,train,combined,MRK.US,2012Q3,0.20778124876835058,False,False,True,False,False,False,False
all_markets,train,recovered_dip,NTAP.US,2012Q3,-0.06604244928223857,False,True,True,False,False,False,False
all_markets,train,combined,NTAP.US,2012Q3,-0.06604244928223857,False,True,True,False,False,False,False
all_markets,train,recovered_dip,SRT3.XETRA,2012Q3,2.394733598596153,True,False,False,False,False,False,False
all_markets,train,combined,SRT3.XETRA,2012Q3,2.394733598596153,True,False,False,False,False,False,False
all_markets,train,recovered_dip,017670.KO,2012Q4,0.7085822110123257,False,False,False,False,False,False,False
all_markets,train,combined,017670.KO,2012Q4,0.7085822110123257,False,False,False,False,False,False,False
all_markets,train,recovered_dip,EZJ.LSE,2012Q4,1.1934179697654446,False,False,False,False,False,False,False
all_markets,train,combined,EZJ.LSE,2012Q4,1.1934179697654446,False,False,False,False,False,False,False
all_markets,train,recovered_dip,LUV.US,2012Q4,3.2077987026948023,True,False,False,False,False,False,False
all_markets,train,combined,LUV.US,2012Q4,3.2077987026948023,True,False,False,False,False,False,False
all_markets,train,recovered_dip,MRK.US,2012Q4,0.41155800490994743,False,False,True,False,False,False,False
all_markets,train,combined,MRK.US,2012Q4,0.41155800490994743,False,False,True,False,False,False,False
all_markets,train,recovered_dip,NTAP.US,2012Q4,-0.19145428480165727,False,True,True,False,False,False,False
all_markets,train,combined,NTAP.US,2012Q4,-0.19145428480165727,False,True,True,False,False,False,False
all_markets,train,recovered_dip,SRT3.XETRA,2012Q4,2.6150369761464054,True,False,False,False,False,False,False
all_markets,train,combined,SRT3.XETRA,2012Q4,2.6150369761464054,True,False,False,False,False,False,False
all_markets,later,recovered_dip,000661.SHE,2016Q1,2.6162575523481513,True,False,False,False,False,False,False
all_markets,later,combined,000661.SHE,2016Q1,2.6162575523481513,True,False,False,False,False,False,False
all_markets,later,recovered_dip,AOS.US,2016Q1,0.423094335799608,False,False,False,False,True,False,False
all_markets,later,combined,AOS.US,2016Q1,0.423094335799608,False,False,False,False,True,False,False
all_markets,later,recovered_dip,HVN.AU,2016Q1,0.1088855826018813,False,False,True,False,False,False,False
all_markets,later,combined,HVN.AU,2016Q1,0.1088855826018813,False,False,True,False,False,False,False
all_markets,later,recovered_dip,KER.PA,2016Q1,2.797929800726258,True,False,False,False,False,False,False
all_markets,later,combined,KER.PA,2016Q1,2.797929800726258,True,False,False,False,False,False,False
all_markets,later,recovered_dip,PSA.US,2016Q1,-0.11761122052322703,False,True,True,False,False,False,False
all_markets,later,combined,PSA.US,2016Q1,-0.11761122052322703,False,True,True,False,False,False,False
all_markets,later,recovered_dip,000661.SHE,2016Q2,2.2865682136706105,True,False,False,False,False,False,False
all_markets,later,combined,000661.SHE,2016Q2,2.2865682136706105,True,False,False,False,False,False,False
all_markets,later,recovered_dip,AOS.US,2016Q2,0.1234945844551647,False,False,True,False,True,False,False
all_markets,later,combined,AOS.US,2016Q2,0.1234945844551647,False,False,True,False,True,False,False
all_markets,later,recovered_dip,HVN.AU,2016Q2,0.122534620574418,False,False,True,False,False,False,False
all_markets,later,combined,HVN.AU,2016Q2,0.122534620574418,False,False,True,False,False,False,False
all_markets,later,recovered_dip,KER.PA,2016Q2,2.9897245289595276,True,False,False,False,False,False,False
all_markets,later,combined,KER.PA,2016Q2,2.9897245289595276,True,False,False,False,False,False,False
all_markets,later,recovered_dip,PSA.US,2016Q2,0.04822699460273361,False,False,True,False,False,False,False
all_markets,later,combined,PSA.US,2016Q2,0.04822699460273361,False,False,True,False,False,False,False
all_markets,later,recovered_dip,000661.SHE,2016Q3,,,,,False,False,False,False
all_markets,later,combined,000661.SHE,2016Q3,,,,,False,False,False,False
all_markets,later,recovered_dip,KER.PA,2016Q3,1.9399089742767264,True,False,False,False,False,False,False
all_markets,later,combined,KER.PA,2016Q3,1.9399089742767264,True,False,False,False,False,False,False
all_markets,later,recovered_dip,PPT.AU,2016Q3,-0.05234943528227798,False,True,True,False,False,False,False
all_markets,later,combined,PPT.AU,2016Q3,-0.05234943528227798,False,True,True,False,False,False,False
all_markets,later,recovered_dip,000661.SHE,2016Q4,3.0110312635850036,True,False,False,False,False,False,False
all_markets,later,combined,000661.SHE,2016Q4,3.0110312635850036,True,False,False,False,False,False,False
all_markets,later,recovered_dip,KER.PA,2016Q4,2.0707882093261523,True,False,False,False,False,False,False
all_markets,later,combined,KER.PA,2016Q4,2.0707882093261523,True,False,False,False,False,False,False
all_markets,later,recovered_dip,PPT.AU,2016Q4,-0.0032773597391630993,False,True,True,False,False,False,False
all_markets,later,combined,PPT.AU,2016Q4,-0.0032773597391630993,False,True,True,False,False,False,False
all_markets,later,recovered_dip,000661.SHE,2017Q1,4.052819450953106,True,False,False,False,False,False,False
all_markets,later,combined,000661.SHE,2017Q1,4.052819450953106,True,False,False,False,False,False,False
all_markets,later,recovered_dip,KER.PA,2017Q1,1.226143804147184,True,False,False,False,False,False,False
all_markets,later,combined,KER.PA,2017Q1,1.226143804147184,True,False,False,False,False,False,False
all_markets,later,recovered_dip,PPT.AU,2017Q1,-0.39193728917032244,False,True,True,False,False,False,False
all_markets,later,combined,PPT.AU,2017Q1,-0.39193728917032244,False,True,True,False,False,False,False
all_markets,later,recovered_dip,002001.SHE,2017Q2,1.6875303532503931,True,False,False,False,False,False,False
all_markets,later,combined,002001.SHE,2017Q2,1.6875303532503931,True,False,False,False,False,False,False
all_markets,later,recovered_dip,600039.SHG,2017Q2,-0.05592475273585962,False,True,True,False,False,False,False
all_markets,later,combined,600039.SHG,2017Q2,-0.05592475273585962,False,True,True,False,False,False,False
all_markets,later,recovered_dip,ALK-B.CO,2017Q2,0.8447917670961231,False,False,False,False,False,False,False
all_markets,later,combined,ALK-B.CO,2017Q2,0.8447917670961231,False,False,False,False,False,False,False
all_markets,later,recovered_dip,NTAP.US,2017Q2,0.20904999226043275,False,False,False,False,False,False,False
all_markets,later,combined,NTAP.US,2017Q2,0.20904999226043275,False,False,False,False,False,False,False
all_markets,later,recovered_dip,PPL.TO,2017Q2,-0.06795570647077809,False,True,True,False,False,False,False
all_markets,later,combined,PPL.TO,2017Q2,-0.06795570647077809,False,True,True,False,False,False,False
all_markets,later,recovered_dip,PPT.AU,2017Q2,-0.35842660774683466,False,True,True,False,False,False,False
all_markets,later,combined,PPT.AU,2017Q2,-0.35842660774683466,False,True,True,False,False,False,False
all_markets,later,recovered_dip,002001.SHE,2017Q3,,,,,False,False,False,False
all_markets,later,combined,002001.SHE,2017Q3,,,,,False,False,False,False
all_markets,later,recovered_dip,600019.SHG,2017Q3,,,,,False,False,False,False
all_markets,later,combined,600019.SHG,2017Q3,,,,,False,False,False,False
all_markets,later,recovered_dip,600039.SHG,2017Q3,,,,,False,False,False,False
all_markets,later,combined,600039.SHG,2017Q3,,,,,False,False,False,False
all_markets,later,recovered_dip,ALK-B.CO,2017Q3,1.0609036556631737,False,False,False,False,False,False,False
all_markets,later,combined,ALK-B.CO,2017Q3,1.0609036556631737,False,False,False,False,False,False,False
all_markets,later,recovered_dip,HVN.AU,2017Q3,0.47211033930446433,False,False,False,False,False,False,False
all_markets,later,combined,HVN.AU,2017Q3,0.47211033930446433,False,False,False,False,False,False,False
all_markets,later,recovered_dip,NTAP.US,2017Q3,0.08075758650956821,False,False,True,False,False,False,False
all_markets,later,combined,NTAP.US,2017Q3,0.08075758650956821,False,False,True,False,False,False,False
all_markets,later,recovered_dip,PPL.TO,2017Q3,-0.23312505316213672,False,True,True,False,False,False,False
all_markets,later,combined,PPL.TO,2017Q3,-0.23312505316213672,False,True,True,False,False,False,False
all_markets,later,recovered_dip,PPT.AU,2017Q3,-0.3639058556932061,False,True,True,False,False,False,False
all_markets,later,combined,PPT.AU,2017Q3,-0.3639058556932061,False,True,True,False,False,False,False
all_markets,later,recovered_dip,002001.SHE,2017Q4,0.5381585171126022,False,False,False,False,False,False,False
all_markets,later,combined,002001.SHE,2017Q4,0.5381585171126022,False,False,False,False,False,False,False
all_markets,later,recovered_dip,600019.SHG,2017Q4,-0.20175129795096824,False,True,True,False,False,False,False
all_markets,later,combined,600019.SHG,2017Q4,-0.20175129795096824,False,True,True,False,False,False,False
all_markets,later,recovered_dip,600039.SHG,2017Q4,0.15312925616762674,False,False,True,False,False,False,False
all_markets,later,combined,600039.SHG,2017Q4,0.15312925616762674,False,False,True,False,False,False,False
all_markets,later,recovered_dip,ALK-B.CO,2017Q4,2.3467203128291505,True,False,False,False,False,False,False
all_markets,later,combined,ALK-B.CO,2017Q4,2.3467203128291505,True,False,False,False,False,False,False
all_markets,later,recovered_dip,HVN.AU,2017Q4,0.44327618380144784,False,False,False,False,False,False,False
all_markets,later,combined,HVN.AU,2017Q4,0.44327618380144784,False,False,False,False,False,False,False
all_markets,later,recovered_dip,NTAP.US,2017Q4,0.30116563278909503,False,False,False,False,False,False,False
all_markets,later,combined,NTAP.US,2017Q4,0.30116563278909503,False,False,False,False,False,False,False
all_markets,later,recovered_dip,PPL.TO,2017Q4,-0.21334677630638865,False,True,True,False,False,False,False
all_markets,later,combined,PPL.TO,2017Q4,-0.21334677630638865,False,True,True,False,False,False,False
all_markets,later,recovered_dip,PPT.AU,2017Q4,-0.1459513197952761,False,True,True,False,False,False,False
all_markets,later,combined,PPT.AU,2017Q4,-0.1459513197952761,False,True,True,False,False,False,False
all_markets,later,recovered_dip,002001.SHE,2018Q1,1.1883235729019512,False,False,False,False,False,False,False
all_markets,later,combined,002001.SHE,2018Q1,1.1883235729019512,False,False,False,False,False,False,False
all_markets,later,recovered_dip,600019.SHG,2018Q1,0.1346628075355989,False,False,True,False,False,False,False
all_markets,later,combined,600019.SHG,2018Q1,0.1346628075355989,False,False,True,False,False,False,False
all_markets,later,recovered_dip,600039.SHG,2018Q1,0.6833800395388643,False,False,False,False,False,False,False
all_markets,later,combined,600039.SHG,2018Q1,0.6833800395388643,False,False,False,False,False,False,False
all_markets,later,recovered_dip,ALK-B.CO,2018Q1,2.2523616319730997,True,False,False,False,False,False,False
all_markets,later,combined,ALK-B.CO,2018Q1,2.2523616319730997,True,False,False,False,False,False,False
all_markets,later,recovered_dip,HVN.AU,2018Q1,1.0271134529716388,False,False,False,False,False,False,False
all_markets,later,combined,HVN.AU,2018Q1,1.0271134529716388,False,False,False,False,False,False,False
all_markets,later,recovered_dip,NTAP.US,2018Q1,0.34605434076596575,False,False,True,False,False,False,False
all_markets,later,combined,NTAP.US,2018Q1,0.34605434076596575,False,False,True,False,False,False,False
all_markets,later,recovered_dip,PPL.TO,2018Q1,0.11163558963227982,False,False,True,False,False,False,False
all_markets,later,combined,PPL.TO,2018Q1,0.11163558963227982,False,False,True,False,False,False,False
all_markets,later,recovered_dip,PPT.AU,2018Q1,-0.14155235529137944,False,True,True,False,False,False,False
all_markets,later,combined,PPT.AU,2018Q1,-0.14155235529137944,False,True,True,False,False,False,False
all_markets,later,recovered_dip,002252.SHE,2018Q2,-0.616323530335172,False,True,True,False,False,False,False
all_markets,later,combined,002252.SHE,2018Q2,-0.616323530335172,False,True,True,False,False,False,False
all_markets,later,recovered_dip,2327.TW,2018Q2,-0.3156782329975204,False,True,True,False,False,False,False
all_markets,later,combined,2327.TW,2018Q2,-0.3156782329975204,False,True,True,False,False,False,False
all_markets,later,recovered_dip,300122.SHE,2018Q2,3.008037391447269,True,False,False,False,False,False,False
all_markets,later,combined,300122.SHE,2018Q2,3.008037391447269,True,False,False,False,False,False,False
all_markets,later,recovered_dip,600039.SHG,2018Q2,1.0476128171264016,False,False,False,False,False,False,False
all_markets,later,combined,600039.SHG,2018Q2,1.0476128171264016,False,False,False,False,False,False,False
all_markets,later,recovered_dip,603993.SHG,2018Q2,-0.12617430223062454,False,True,True,False,False,False,False
all_markets,later,combined,603993.SHG,2018Q2,-0.12617430223062454,False,True,True,False,False,False,False
all_markets,later,recovered_dip,BAER.SW,2018Q2,0.16687490009259376,False,False,True,False,False,False,False
all_markets,later,combined,BAER.SW,2018Q2,0.16687490009259376,False,False,True,False,False,False,False
all_markets,later,recovered_dip,CPLE3.SA,2018Q2,2.2899359512831268,True,False,False,False,False,False,False
all_markets,later,combined,CPLE3.SA,2018Q2,2.2899359512831268,True,False,False,False,False,False,False
all_markets,later,recovered_dip,HVN.AU,2018Q2,1.128636269192643,False,False,False,False,False,False,False
all_markets,later,combined,HVN.AU,2018Q2,1.128636269192643,False,False,False,False,False,False,False
all_markets,later,recovered_dip,PPT.AU,2018Q2,0.11320525209254684,False,False,True,False,False,False,False
all_markets,later,combined,PPT.AU,2018Q2,0.11320525209254684,False,False,True,False,False,False,False
all_markets,later,recovered_dip,TFI.PA,2018Q2,0.07540574128667621,False,False,True,False,False,False,False
all_markets,later,combined,TFI.PA,2018Q2,0.07540574128667621,False,False,True,False,False,False,False
all_markets,later,recovered_dip,005930.KO,2018Q3,0.7617619806261662,False,False,False,False,True,False,False
all_markets,later,combined,005930.KO,2018Q3,0.7617619806261662,False,False,False,False,True,False,False
all_markets,later,recovered_dip,2327.TW,2018Q3,0.1952124565476543,False,False,True,False,False,False,False
all_markets,later,combined,2327.TW,2018Q3,0.1952124565476543,False,False,True,False,False,False,False
all_markets,later,recovered_dip,300122.SHE,2018Q3,,,,,False,False,False,False
all_markets,later,combined,300122.SHE,2018Q3,,,,,False,False,False,False
all_markets,later,recovered_dip,600039.SHG,2018Q3,,,,,False,False,False,False
all_markets,later,combined,600039.SHG,2018Q3,,,,,False,False,False,False
all_markets,later,recovered_dip,603993.SHG,2018Q3,,,,,False,False,False,False
all_markets,later,combined,603993.SHG,2018Q3,,,,,False,False,False,False
all_markets,later,recovered_dip,BAER.SW,2018Q3,0.3997088041792749,False,False,False,False,False,False,False
all_markets,later,combined,BAER.SW,2018Q3,0.3997088041792749,False,False,False,False,False,False,False
all_markets,later,recovered_dip,CPLE3.SA,2018Q3,2.829486615872857,True,False,False,False,False,False,False
all_markets,later,combined,CPLE3.SA,2018Q3,2.829486615872857,True,False,False,False,False,False,False
all_markets,later,recovered_dip,PPT.AU,2018Q3,0.06566702180955586,False,False,True,False,False,False,False
all_markets,later,combined,PPT.AU,2018Q3,0.06566702180955586,False,False,True,False,False,False,False
all_markets,later,recovered_dip,TFI.PA,2018Q3,0.025515817557818066,False,False,True,False,False,False,False
all_markets,later,combined,TFI.PA,2018Q3,0.025515817557818066,False,False,True,False,False,False,False
all_markets,later,recovered_dip,005930.KO,2018Q4,1.2161451741649847,False,False,False,False,True,False,False
all_markets,later,combined,005930.KO,2018Q4,1.2161451741649847,False,False,False,False,True,False,False
all_markets,later,recovered_dip,2327.TW,2018Q4,0.938602082578117,False,False,False,False,False,False,False
all_markets,later,combined,2327.TW,2018Q4,0.938602082578117,False,False,False,False,False,False,False
all_markets,later,recovered_dip,300122.SHE,2018Q4,2.517042640883244,True,False,False,False,False,False,False
all_markets,later,combined,300122.SHE,2018Q4,2.517042640883244,True,False,False,False,False,False,False
all_markets,later,recovered_dip,600039.SHG,2018Q4,2.9052178709192074,True,False,False,False,False,False,False
all_markets,later,combined,600039.SHG,2018Q4,2.9052178709192074,True,False,False,False,False,False,False
all_markets,later,recovered_dip,603993.SHG,2018Q4,0.5731682821198718,False,False,True,False,False,False,False
all_markets,later,combined,603993.SHG,2018Q4,0.5731682821198718,False,False,True,False,False,False,False
all_markets,later,recovered_dip,AOS.US,2018Q4,1.0886053766292525,False,False,False,False,True,False,False
all_markets,later,combined,AOS.US,2018Q4,1.0886053766292525,False,False,False,False,True,False,False
all_markets,later,recovered_dip,BAER.SW,2018Q4,0.9260953356070962,False,False,False,False,False,False,False
all_markets,later,combined,BAER.SW,2018Q4,0.9260953356070962,False,False,False,False,False,False,False
all_markets,later,recovered_dip,CPLE3.SA,2018Q4,1.4510866269416094,False,False,False,False,False,False,False
all_markets,later,combined,CPLE3.SA,2018Q4,1.4510866269416094,False,False,False,False,False,False,False
all_markets,later,recovered_dip,PMV.AU,2018Q4,1.2914407726446169,False,False,False,False,False,False,False
all_markets,later,combined,PMV.AU,2018Q4,1.2914407726446169,False,False,False,False,False,False,False
all_markets,later,recovered_dip,PPT.AU,2018Q4,0.3489699293783337,False,False,True,False,False,False,False
all_markets,later,combined,PPT.AU,2018Q4,0.3489699293783337,False,False,True,False,False,False,False
all_markets,later,recovered_dip,TFI.PA,2018Q4,0.38032472332516676,False,False,True,False,False,False,False
all_markets,later,combined,TFI.PA,2018Q4,0.38032472332516676,False,False,True,False,False,False,False
all_markets,later,recovered_dip,005930.KO,2019Q1,0.6898894988687827,False,False,False,False,True,False,False
all_markets,later,combined,005930.KO,2019Q1,0.6898894988687827,False,False,False,False,True,False,False
all_markets,later,recovered_dip,2327.TW,2019Q1,0.7163837225450411,False,False,False,False,False,False,False
all_markets,later,combined,2327.TW,2019Q1,0.7163837225450411,False,False,False,False,False,False,False
all_markets,later,recovered_dip,300122.SHE,2019Q1,1.722394020013894,True,False,False,False,False,False,False
all_markets,later,combined,300122.SHE,2019Q1,1.722394020013894,True,False,False,False,False,False,False
all_markets,later,recovered_dip,600039.SHG,2019Q1,1.8403108076289145,True,False,False,False,False,False,False
all_markets,later,combined,600039.SHG,2019Q1,1.8403108076289145,True,False,False,False,False,False,False
all_markets,later,recovered_dip,603993.SHG,2019Q1,0.1008990671567167,False,False,True,False,False,False,False
all_markets,later,combined,603993.SHG,2019Q1,0.1008990671567167,False,False,True,False,False,False,False
all_markets,later,recovered_dip,AOS.US,2019Q1,0.25034730246561976,False,False,True,False,True,False,False
all_markets,later,combined,AOS.US,2019Q1,0.25034730246561976,False,False,True,False,True,False,False
all_markets,later,recovered_dip,BAER.SW,2019Q1,0.44688168729284183,False,False,False,False,False,False,False
all_markets,later,combined,BAER.SW,2019Q1,0.44688168729284183,False,False,False,False,False,False,False
all_markets,later,recovered_dip,CPLE3.SA,2019Q1,1.5824385737459,True,False,False,False,False,False,False
all_markets,later,combined,CPLE3.SA,2019Q1,1.5824385737459,True,False,False,False,False,False,False
all_markets,later,recovered_dip,PMV.AU,2019Q1,0.8472155341292267,False,False,False,False,False,False,False
all_markets,later,combined,PMV.AU,2019Q1,0.8472155341292267,False,False,False,False,False,False,False
all_markets,later,recovered_dip,PPT.AU,2019Q1,0.025368716536474878,False,False,True,False,False,False,False
all_markets,later,combined,PPT.AU,2019Q1,0.025368716536474878,False,False,True,False,False,False,False
all_markets,later,recovered_dip,TFI.PA,2019Q1,0.18508752711652554,False,False,True,False,False,False,False
all_markets,later,combined,TFI.PA,2019Q1,0.18508752711652554,False,False,True,False,False,False,False
all_markets,later,recovered_dip,005930.KO,2019Q2,0.3356818655139371,False,False,False,False,False,False,False
all_markets,later,combined,005930.KO,2019Q2,0.3356818655139371,False,False,False,False,False,False,False
all_markets,later,recovered_dip,300122.SHE,2019Q2,1.512435589764078,True,False,False,False,False,False,False
all_markets,later,combined,300122.SHE,2019Q2,1.512435589764078,True,False,False,False,False,False,False
all_markets,later,recovered_dip,600989.SHG,2019Q2,0.3376771136967267,False,False,False,False,False,False,False
all_markets,later,combined,600989.SHG,2019Q2,0.3376771136967267,False,False,False,False,False,False,False
all_markets,later,recovered_dip,AOS.US,2019Q2,0.23172754253266525,False,False,False,False,True,False,False
all_markets,later,combined,AOS.US,2019Q2,0.23172754253266525,False,False,False,False,True,False,False
all_markets,later,recovered_dip,ISAE3.SA,2019Q2,0.4269437737414883,False,False,False,False,False,False,False
all_markets,later,combined,ISAE3.SA,2019Q2,0.4269437737414883,False,False,False,False,False,False,False
all_markets,later,recovered_dip,PMV.AU,2019Q2,0.4077746005712204,False,False,False,False,False,False,False
all_markets,later,combined,PMV.AU,2019Q2,0.4077746005712204,False,False,False,False,False,False,False
all_markets,later,recovered_dip,PPT.AU,2019Q2,-0.21163873022207813,False,True,True,False,False,False,False
all_markets,later,combined,PPT.AU,2019Q2,-0.21163873022207813,False,True,True,False,False,False,False
all_markets,later,recovered_dip,TIETO.HE,2019Q2,-0.014399514003854197,False,True,True,False,True,False,False
all_markets,later,combined,TIETO.HE,2019Q2,-0.014399514003854197,False,True,True,False,True,False,False
all_markets,later,recovered_dip,000895.SHE,2019Q3,,,,,False,True,False,False
all_markets,later,combined,000895.SHE,2019Q3,,,,,False,True,False,False
all_markets,later,recovered_dip,005930.KO,2019Q3,0.1865377948182454,False,False,False,False,False,False,False
all_markets,later,combined,005930.KO,2019Q3,0.1865377948182454,False,False,False,False,False,False,False
all_markets,later,recovered_dip,300122.SHE,2019Q3,,,,,False,False,False,False
all_markets,later,combined,300122.SHE,2019Q3,,,,,False,False,False,False
all_markets,later,recovered_dip,600989.SHG,2019Q3,,,,,False,False,False,False
all_markets,later,combined,600989.SHG,2019Q3,,,,,False,False,False,False
all_markets,later,recovered_dip,DHI.US,2019Q3,0.33733637170300956,False,False,False,False,False,False,False
all_markets,later,combined,DHI.US,2019Q3,0.33733637170300956,False,False,False,False,False,False,False
all_markets,later,recovered_dip,ISAE3.SA,2019Q3,0.39492247994838214,False,False,False,False,False,False,False
all_markets,later,combined,ISAE3.SA,2019Q3,0.39492247994838214,False,False,False,False,False,False,False
all_markets,later,recovered_dip,PMV.AU,2019Q3,0.28168201680689964,False,False,False,False,False,False,False
all_markets,later,combined,PMV.AU,2019Q3,0.28168201680689964,False,False,False,False,False,False,False
all_markets,later,recovered_dip,RAND.AS,2019Q3,0.14880604662202912,False,False,False,False,False,False,False
all_markets,later,combined,RAND.AS,2019Q3,0.14880604662202912,False,False,False,False,False,False,False
all_markets,later,recovered_dip,TIETO.HE,2019Q3,0.09839260052265586,False,False,True,False,True,False,False
all_markets,later,combined,TIETO.HE,2019Q3,0.09839260052265586,False,False,True,False,True,False,False
all_markets,later,recovered_dip,000895.SHE,2019Q4,-0.006197384539126216,False,True,True,False,True,False,False
all_markets,later,combined,000895.SHE,2019Q4,-0.006197384539126216,False,True,True,False,True,False,False
all_markets,later,recovered_dip,005930.KO,2019Q4,0.09335369750048894,False,False,True,False,False,False,False
all_markets,later,combined,005930.KO,2019Q4,0.09335369750048894,False,False,True,False,False,False,False
all_markets,later,recovered_dip,600989.SHG,2019Q4,0.385412914391678,False,False,False,False,False,False,False
all_markets,later,combined,600989.SHG,2019Q4,0.385412914391678,False,False,False,False,False,False,False
all_markets,later,recovered_dip,DHI.US,2019Q4,0.7516638303459169,False,False,False,False,False,False,False
all_markets,later,combined,DHI.US,2019Q4,0.7516638303459169,False,False,False,False,False,False,False
all_markets,later,recovered_dip,ISAE3.SA,2019Q4,0.3012370118858949,False,False,False,False,False,False,False
all_markets,later,combined,ISAE3.SA,2019Q4,0.3012370118858949,False,False,False,False,False,False,False
all_markets,later,recovered_dip,PMV.AU,2019Q4,0.4301278025560511,False,False,False,False,False,False,False
all_markets,later,combined,PMV.AU,2019Q4,0.4301278025560511,False,False,False,False,False,False,False
all_markets,later,recovered_dip,RAND.AS,2019Q4,0.21231350366602642,False,False,False,False,False,False,False
all_markets,later,combined,RAND.AS,2019Q4,0.21231350366602642,False,False,False,False,False,False,False
all_markets,later,recovered_dip,TIETO.HE,2019Q4,0.08601850585565285,False,False,True,False,True,False,False
all_markets,later,combined,TIETO.HE,2019Q4,0.08601850585565285,False,False,True,False,True,False,False
all_markets,later,recovered_dip,000876.SHE,2020Q1,-0.5834995711212536,False,True,True,False,False,False,False
all_markets,later,combined,000876.SHE,2020Q1,-0.5834995711212536,False,True,True,False,False,False,False
all_markets,later,recovered_dip,000895.SHE,2020Q1,-0.2265739351331696,False,True,True,False,True,False,False
all_markets,later,combined,000895.SHE,2020Q1,-0.2265739351331696,False,True,True,False,True,False,False
all_markets,later,recovered_dip,600989.SHG,2020Q1,0.9494237141525961,False,False,False,False,False,False,False
all_markets,later,combined,600989.SHG,2020Q1,0.9494237141525961,False,False,False,False,False,False,False
all_markets,later,recovered_dip,DFIB.LSE,2020Q1,0.024496726017326553,False,False,True,False,False,False,False
all_markets,later,combined,DFIB.LSE,2020Q1,0.024496726017326553,False,False,True,False,False,False,False
all_markets,later,recovered_dip,DHI.US,2020Q1,2.086889573306161,False,False,False,False,False,False,False
all_markets,later,combined,DHI.US,2020Q1,2.086889573306161,False,False,False,False,False,False,False
all_markets,later,recovered_dip,ISAE3.SA,2020Q1,0.5257645900243604,False,False,True,False,False,False,False
all_markets,later,combined,ISAE3.SA,2020Q1,0.5257645900243604,False,False,True,False,False,False,False
all_markets,later,recovered_dip,PMV.AU,2020Q1,1.4825605967102926,False,False,False,False,False,False,False
all_markets,later,combined,PMV.AU,2020Q1,1.4825605967102926,False,False,False,False,False,False,False
all_markets,later,recovered_dip,RAND.AS,2020Q1,1.2677160596603207,False,False,False,False,True,False,False
all_markets,later,combined,RAND.AS,2020Q1,1.2677160596603207,False,False,False,False,True,False,False
all_markets,later,recovered_dip,000876.SHE,2020Q2,-0.6246786659239446,False,True,True,False,False,False,False
all_markets,later,combined,000876.SHE,2020Q2,-0.6246786659239446,False,True,True,False,False,False,False
all_markets,later,recovered_dip,000895.SHE,2020Q2,-0.3932467311307313,False,True,True,False,True,False,False
all_markets,later,combined,000895.SHE,2020Q2,-0.3932467311307313,False,True,True,False,True,False,False
all_markets,later,recovered_dip,600989.SHG,2020Q2,0.6012165953040978,False,False,False,False,False,False,False
all_markets,later,combined,600989.SHG,2020Q2,0.6012165953040978,False,False,False,False,False,False,False
all_markets,later,recovered_dip,DFIB.LSE,2020Q2,0.024496726017326553,False,False,True,False,False,False,False
all_markets,later,combined,DFIB.LSE,2020Q2,0.024496726017326553,False,False,True,False,False,False,False
all_markets,later,recovered_dip,ISAE3.SA,2020Q2,0.5501230099414607,False,False,False,False,False,False,False
all_markets,later,combined,ISAE3.SA,2020Q2,0.5501230099414607,False,False,False,False,False,False,False
all_markets,later,recovered_dip,PMV.AU,2020Q2,0.34853972329085514,False,False,True,False,False,False,False
all_markets,later,combined,PMV.AU,2020Q2,0.34853972329085514,False,False,True,False,False,False,False
all_markets,later,recovered_dip,RAND.AS,2020Q2,0.501807812219792,False,False,False,False,True,False,True
all_markets,later,combined,RAND.AS,2020Q2,0.501807812219792,False,False,False,False,True,False,True
all_markets,later,recovered_dip,600989.SHG,2020Q3,,,,,False,False,False,False
all_markets,later,combined,600989.SHG,2020Q3,,,,,False,False,False,False
all_markets,later,recovered_dip,DFIB.LSE,2020Q3,0.02290964086733105,False,False,True,False,False,False,False
all_markets,later,combined,DFIB.LSE,2020Q3,0.02290964086733105,False,False,True,False,False,False,False
all_markets,later,recovered_dip,ISAE3.SA,2020Q3,0.4295752531195849,False,False,False,False,False,False,False
all_markets,later,combined,ISAE3.SA,2020Q3,0.4295752531195849,False,False,False,False,False,False,False
all_markets,later,recovered_dip,MGR.AU,2020Q3,0.08083719607205708,False,False,True,False,False,False,False
all_markets,later,combined,MGR.AU,2020Q3,0.08083719607205708,False,False,True,False,False,False,False
all_markets,later,recovered_dip,PMV.AU,2020Q3,0.33210674418960306,False,False,False,False,False,False,False
all_markets,later,combined,PMV.AU,2020Q3,0.33210674418960306,False,False,False,False,False,False,False
all_markets,later,recovered_dip,RAND.AS,2020Q3,0.4454550693031565,False,False,False,False,True,False,False
all_markets,later,combined,RAND.AS,2020Q3,0.4454550693031565,False,False,False,False,True,False,False
all_markets,later,recovered_dip,600989.SHG,2020Q4,0.3162724546362481,False,False,False,False,False,False,False
all_markets,later,combined,600989.SHG,2020Q4,0.3162724546362481,False,False,False,False,False,False,False
all_markets,later,recovered_dip,DFIB.LSE,2020Q4,0.02290964086733105,False,False,True,False,False,False,False
all_markets,later,combined,DFIB.LSE,2020Q4,0.02290964086733105,False,False,True,False,False,False,False
all_markets,later,recovered_dip,ISAE3.SA,2020Q4,0.49549356826737667,False,False,False,False,False,False,False
all_markets,later,combined,ISAE3.SA,2020Q4,0.49549356826737667,False,False,False,False,False,False,False
all_markets,later,recovered_dip,MGR.AU,2020Q4,-0.10401466936521075,False,True,True,False,False,False,False
all_markets,later,combined,MGR.AU,2020Q4,-0.10401466936521075,False,True,True,False,False,False,False
all_markets,later,recovered_dip,RAND.AS,2020Q4,0.2856748894903225,False,False,False,False,True,False,False
all_markets,later,combined,RAND.AS,2020Q4,0.2856748894903225,False,False,False,False,True,False,False
all_markets,later,recovered_dip,600989.SHG,2021Q1,0.1181152001448853,False,False,True,False,False,False,False
all_markets,later,combined,600989.SHG,2021Q1,0.1181152001448853,False,False,True,False,False,False,False
all_markets,later,recovered_dip,DFIB.LSE,2021Q1,0.0180698158887449,False,False,True,False,False,False,False
all_markets,later,combined,DFIB.LSE,2021Q1,0.0180698158887449,False,False,True,False,False,False,False
all_markets,later,recovered_dip,ISAE3.SA,2021Q1,0.309138851692754,False,False,False,False,False,False,False
all_markets,later,combined,ISAE3.SA,2021Q1,0.309138851692754,False,False,False,False,False,False,False
all_markets,later,recovered_dip,MGR.AU,2021Q1,0.0854644388432031,False,False,True,False,False,False,False
all_markets,later,combined,MGR.AU,2021Q1,0.0854644388432031,False,False,True,False,False,False,False
all_markets,later,recovered_dip,RAND.AS,2021Q1,0.003215668105338576,False,False,True,False,True,False,False
all_markets,later,combined,RAND.AS,2021Q1,0.003215668105338576,False,False,True,False,True,False,False
all_markets,later,recovered_dip,000876.SHE,2021Q2,-0.36791146851491796,False,True,True,False,False,False,False
all_markets,later,combined,000876.SHE,2021Q2,-0.36791146851491796,False,True,True,False,False,False,False
all_markets,later,recovered_dip,ARG.PA,2021Q2,-0.2291350426924217,False,True,True,False,False,False,False
all_markets,later,combined,ARG.PA,2021Q2,-0.2291350426924217,False,True,True,False,False,False,False
all_markets,later,recovered_dip,EQTL3.SA,2021Q2,0.3362740826155266,False,False,False,False,False,False,False
all_markets,later,combined,EQTL3.SA,2021Q2,0.3362740826155266,False,False,False,False,False,False,False
all_markets,later,recovered_dip,ISAE3.SA,2021Q2,0.2979217169466324,False,False,False,False,False,False,False
all_markets,later,combined,ISAE3.SA,2021Q2,0.2979217169466324,False,False,False,False,False,False,False
all_markets,later,recovered_dip,MCHP.US,2021Q2,0.30493316506138,False,False,False,False,False,False,False
all_markets,later,combined,MCHP.US,2021Q2,0.30493316506138,False,False,False,False,False,False,False
all_markets,later,recovered_dip,MGR.AU,2021Q2,-0.2491757017783438,False,True,True,False,False,False,False
all_markets,later,combined,MGR.AU,2021Q2,-0.2491757017783438,False,True,True,False,False,False,False
all_markets,later,recovered_dip,RAND.AS,2021Q2,-0.1833365819440832,False,True,True,False,False,False,False
all_markets,later,combined,RAND.AS,2021Q2,-0.1833365819440832,False,True,True,False,False,False,False
all_markets,later,recovered_dip,000876.SHE,2021Q3,,,,,False,False,False,False
all_markets,later,combined,000876.SHE,2021Q3,,,,,False,False,False,False
all_markets,later,recovered_dip,ARG.PA,2021Q3,-0.21056589007234816,False,True,True,False,False,False,False
all_markets,later,combined,ARG.PA,2021Q3,-0.21056589007234816,False,True,True,False,False,False,False
all_markets,later,recovered_dip,EQTL3.SA,2021Q3,0.3388906108740135,False,False,False,False,False,False,False
all_markets,later,combined,EQTL3.SA,2021Q3,0.3388906108740135,False,False,False,False,False,False,False
all_markets,later,recovered_dip,ISAE3.SA,2021Q3,0.11729769968644455,False,False,True,False,False,False,False
all_markets,later,combined,ISAE3.SA,2021Q3,0.11729769968644455,False,False,True,False,False,False,False
all_markets,later,recovered_dip,MCHP.US,2021Q3,0.11021274528180558,False,False,True,False,False,False,False
all_markets,later,combined,MCHP.US,2021Q3,0.11021274528180558,False,False,True,False,False,False,False
all_markets,later,recovered_dip,ROVI.MC,2021Q3,0.37530857401480944,False,False,False,False,False,False,False
all_markets,later,combined,ROVI.MC,2021Q3,0.37530857401480944,False,False,False,False,False,False,False
all_markets,later,recovered_dip,300122.SHE,2021Q4,-0.647646524361468,False,True,True,False,False,False,False
all_markets,later,combined,300122.SHE,2021Q4,-0.647646524361468,False,True,True,False,False,False,False
all_markets,later,recovered_dip,600989.SHG,2021Q4,0.044466957630930004,False,False,True,False,False,False,False
all_markets,later,combined,600989.SHG,2021Q4,0.044466957630930004,False,False,True,False,False,False,False
all_markets,later,recovered_dip,ARG.PA,2021Q4,-0.43582139555191424,False,True,True,False,False,False,False
all_markets,later,combined,ARG.PA,2021Q4,-0.43582139555191424,False,True,True,False,False,False,False
all_markets,later,recovered_dip,COF.US,2021Q4,0.2763333036047093,False,False,False,False,False,False,False
all_markets,later,combined,COF.US,2021Q4,0.2763333036047093,False,False,False,False,False,False,False
all_markets,later,recovered_dip,EQTL3.SA,2021Q4,0.31086694373180035,False,False,False,False,False,False,False
all_markets,later,combined,EQTL3.SA,2021Q4,0.31086694373180035,False,False,False,False,False,False,False
all_markets,later,recovered_dip,ISAE3.SA,2021Q4,0.10297383602197607,False,False,False,False,False,False,False
all_markets,later,combined,ISAE3.SA,2021Q4,0.10297383602197607,False,False,False,False,False,False,False
all_markets,later,recovered_dip,MCHP.US,2021Q4,-0.30912951571023284,False,True,True,False,False,False,False
all_markets,later,combined,MCHP.US,2021Q4,-0.30912951571023284,False,True,True,False,False,False,False
all_markets,later,recovered_dip,ROVI.MC,2021Q4,-0.06741407842770775,False,True,True,False,False,False,False
all_markets,later,combined,ROVI.MC,2021Q4,-0.06741407842770775,False,True,True,False,False,False,False
all_markets,later,recovered_dip,300122.SHE,2022Q1,-0.7055240118200758,False,True,True,False,False,False,False
all_markets,later,combined,300122.SHE,2022Q1,-0.7055240118200758,False,True,True,False,False,False,False
all_markets,later,recovered_dip,600989.SHG,2022Q1,0.03412756820672502,False,False,True,False,False,False,False
all_markets,later,combined,600989.SHG,2022Q1,0.03412756820672502,False,False,True,False,False,False,False
all_markets,later,recovered_dip,ARG.PA,2022Q1,-0.37911482135423424,False,True,True,False,False,False,False
all_markets,later,combined,ARG.PA,2022Q1,-0.37911482135423424,False,True,True,False,False,False,False
all_markets,later,recovered_dip,COF.US,2022Q1,0.45321390403990436,False,False,False,False,False,False,False
all_markets,later,combined,COF.US,2022Q1,0.45321390403990436,False,False,False,False,False,False,False
all_markets,later,recovered_dip,EQTL3.SA,2022Q1,0.23224906649637322,False,False,False,False,False,False,False
all_markets,later,combined,EQTL3.SA,2022Q1,0.23224906649637322,False,False,False,False,False,False,False
all_markets,later,recovered_dip,ISAE3.SA,2022Q1,0.09654192809545714,False,False,True,False,False,False,False
all_markets,later,combined,ISAE3.SA,2022Q1,0.09654192809545714,False,False,True,False,False,False,False
all_markets,later,recovered_dip,MCHP.US,2022Q1,-0.30349130822071335,False,True,True,False,False,False,False
all_markets,later,combined,MCHP.US,2022Q1,-0.30349130822071335,False,True,True,False,False,False,False
all_markets,later,recovered_dip,NVDA.US,2022Q1,3.06378140349803,True,False,False,False,False,False,False
all_markets,later,combined,NVDA.US,2022Q1,3.06378140349803,True,False,False,False,False,False,False
all_markets,later,recovered_dip,ROVI.MC,2022Q1,-0.16926261202561932,False,True,True,False,False,False,False
all_markets,later,combined,ROVI.MC,2022Q1,-0.16926261202561932,False,True,True,False,False,False,False
all_markets,later,recovered_dip,COF.US,2022Q2,1.1085722680458567,False,False,False,False,False,False,False
all_markets,later,combined,COF.US,2022Q2,1.1085722680458567,False,False,False,False,False,False,False
all_markets,later,recovered_dip,ELG.XETRA,2022Q2,1.5716016829527488,False,False,False,False,False,False,False
all_markets,later,combined,ELG.XETRA,2022Q2,1.5716016829527488,False,False,False,False,False,False,False
all_markets,later,recovered_dip,EQTL3.SA,2022Q2,0.6393981782363216,False,False,False,False,False,False,False
all_markets,later,combined,EQTL3.SA,2022Q2,0.6393981782363216,False,False,False,False,False,False,False
all_markets,later,recovered_dip,ISAE3.SA,2022Q2,0.20382739597107613,False,False,True,False,False,False,False
all_markets,later,combined,ISAE3.SA,2022Q2,0.20382739597107613,False,False,True,False,False,False,False
all_markets,later,recovered_dip,NVDA.US,2022Q2,9.894297475795742,True,False,False,False,False,False,False
all_markets,later,combined,NVDA.US,2022Q2,9.894297475795742,True,False,False,False,False,False,False
all_markets,later,recovered_dip,PSPN.SW,2022Q2,0.5115887705879458,False,False,False,False,False,False,False
all_markets,later,combined,PSPN.SW,2022Q2,0.5115887705879458,False,False,False,False,False,False,False
all_markets,later,recovered_dip,TFI.PA,2022Q2,0.5716355715300712,False,False,False,False,False,False,False
all_markets,later,combined,TFI.PA,2022Q2,0.5716355715300712,False,False,False,False,False,False,False
all_markets,later,recovered_dip,600019.SHG,2022Q3,,,,,False,False,False,False
all_markets,later,combined,600019.SHG,2022Q3,,,,,False,False,False,False
all_markets,later,recovered_dip,600025.SHG,2022Q3,,,,,False,False,False,False
all_markets,later,combined,600025.SHG,2022Q3,,,,,False,False,False,False
all_markets,later,recovered_dip,COF.US,2022Q3,1.3479426046634462,False,False,False,False,False,False,False
all_markets,later,combined,COF.US,2022Q3,1.3479426046634462,False,False,False,False,False,False,False
all_markets,later,recovered_dip,ELG.XETRA,2022Q3,1.129978418716902,False,False,False,False,False,False,False
all_markets,later,combined,ELG.XETRA,2022Q3,1.129978418716902,False,False,False,False,False,False,False
all_markets,later,recovered_dip,EQTL3.SA,2022Q3,0.3605835783351845,False,False,True,False,False,False,False
all_markets,later,combined,EQTL3.SA,2022Q3,0.3605835783351845,False,False,True,False,False,False,False
all_markets,later,recovered_dip,ISAE3.SA,2022Q3,0.2151827381212128,False,False,True,False,False,False,False
all_markets,later,combined,ISAE3.SA,2022Q3,0.2151827381212128,False,False,True,False,False,False,False
all_markets,later,recovered_dip,KOG.OL,2022Q3,3.97101032076341,True,False,False,False,False,False,False
all_markets,later,combined,KOG.OL,2022Q3,3.97101032076341,True,False,False,False,False,False,False
all_markets,later,recovered_dip,PSPN.SW,2022Q3,0.5107010776702134,False,False,True,False,False,False,False
all_markets,later,combined,PSPN.SW,2022Q3,0.5107010776702134,False,False,True,False,False,False,False
all_markets,later,recovered_dip,600019.SHG,2022Q4,0.4942649912041044,False,False,False,False,False,False,False
all_markets,later,combined,600019.SHG,2022Q4,0.4942649912041044,False,False,False,False,False,False,False
all_markets,later,recovered_dip,600025.SHG,2022Q4,0.4342416637892763,False,False,False,False,False,False,False
all_markets,later,combined,600025.SHG,2022Q4,0.4342416637892763,False,False,False,False,False,False,False
all_markets,later,recovered_dip,COF.US,2022Q4,1.7458556660750135,False,False,False,False,False,False,False
all_markets,later,combined,COF.US,2022Q4,1.7458556660750135,False,False,False,False,False,False,False
all_markets,later,recovered_dip,ELG.XETRA,2022Q4,0.8932015163823612,False,False,False,False,False,False,False
all_markets,later,combined,ELG.XETRA,2022Q4,0.8932015163823612,False,False,False,False,False,False,False
all_markets,later,recovered_dip,EQTL3.SA,2022Q4,0.6142050061009245,False,False,False,False,False,False,False
all_markets,later,combined,EQTL3.SA,2022Q4,0.6142050061009245,False,False,False,False,False,False,False
all_markets,later,recovered_dip,ISAE3.SA,2022Q4,0.39206315036620243,False,False,True,False,False,False,False
all_markets,later,combined,ISAE3.SA,2022Q4,0.39206315036620243,False,False,True,False,False,False,False
all_markets,later,recovered_dip,KOG.OL,2022Q4,2.264711243190085,True,False,False,False,False,False,False
all_markets,later,combined,KOG.OL,2022Q4,2.264711243190085,True,False,False,False,False,False,False
all_markets,later,recovered_dip,PSPN.SW,2022Q4,0.42583595381792705,False,False,False,False,False,False,False
all_markets,later,combined,PSPN.SW,2022Q4,0.42583595381792705,False,False,False,False,False,False,False
all_markets,later,recovered_dip,600019.SHG,2023Q1,0.14645676880084846,False,False,True,False,False,False,False
all_markets,later,combined,600019.SHG,2023Q1,0.14645676880084846,False,False,True,False,False,False,False
all_markets,later,recovered_dip,600025.SHG,2023Q1,0.5224281352479476,False,False,False,False,False,False,False
all_markets,later,combined,600025.SHG,2023Q1,0.5224281352479476,False,False,False,False,False,False,False
all_markets,later,recovered_dip,COF.US,2023Q1,0.9927538295169402,False,False,False,False,False,False,False
all_markets,later,combined,COF.US,2023Q1,0.9927538295169402,False,False,False,False,False,False,False
all_markets,later,recovered_dip,ELG.XETRA,2023Q1,0.6670206783863273,False,False,False,False,False,False,False
all_markets,later,combined,ELG.XETRA,2023Q1,0.6670206783863273,False,False,False,False,False,False,False
all_markets,later,recovered_dip,EQTL3.SA,2023Q1,0.6655011785782075,False,False,False,False,False,False,False
all_markets,later,combined,EQTL3.SA,2023Q1,0.6655011785782075,False,False,False,False,False,False,False
all_markets,later,recovered_dip,ISAE3.SA,2023Q1,0.4798288639062558,False,False,False,False,False,False,False
all_markets,later,combined,ISAE3.SA,2023Q1,0.4798288639062558,False,False,False,False,False,False,False
all_markets,later,recovered_dip,KOG.OL,2023Q1,4.063152218046762,True,False,False,False,False,False,False
all_markets,later,combined,KOG.OL,2023Q1,4.063152218046762,True,False,False,False,False,False,False
all_markets,later,recent_typical_margin,NVDA.US,2023Q1,5.241887649680928,True,False,False,False,False,False,False
all_markets,later,combined,NVDA.US,2023Q1,5.241887649680928,True,False,False,False,False,False,False
all_markets,later,recovered_dip,PSPN.SW,2023Q1,0.6857422452531612,False,False,False,False,False,False,False
all_markets,later,combined,PSPN.SW,2023Q1,0.6857422452531612,False,False,False,False,False,False,False
all_markets,later,recovered_dip,071050.KO,2023Q2,3.7915413576180645,True,False,False,False,False,False,False
all_markets,later,combined,071050.KO,2023Q2,3.7915413576180645,True,False,False,False,False,False,False
all_markets,later,recovered_dip,103140.KO,2023Q2,0.6296437319102419,False,False,False,False,False,False,False
all_markets,later,combined,103140.KO,2023Q2,0.6296437319102419,False,False,False,False,False,False,False
all_markets,later,recovered_dip,600019.SHG,2023Q2,0.07665151369539447,False,False,True,False,False,False,False
all_markets,later,combined,600019.SHG,2023Q2,0.07665151369539447,False,False,True,False,False,False,False
all_markets,later,recovered_dip,600025.SHG,2023Q2,0.3208559298083884,False,False,True,False,False,False,False
all_markets,later,combined,600025.SHG,2023Q2,0.3208559298083884,False,False,True,False,False,False,False
all_markets,later,recovered_dip,603986.SHG,2023Q2,6.693274622942064,True,False,False,False,False,False,False
all_markets,later,combined,603986.SHG,2023Q2,6.693274622942064,True,False,False,False,False,False,False
all_markets,later,recovered_dip,COF.US,2023Q2,0.8958269227193414,False,False,False,False,False,False,False
all_markets,later,combined,COF.US,2023Q2,0.8958269227193414,False,False,False,False,False,False,False
all_markets,later,recent_typical_margin,FFIV.US,2023Q2,1.846701378011136,False,False,False,False,False,False,False
all_markets,later,combined,FFIV.US,2023Q2,1.846701378011136,False,False,False,False,False,False,False
all_markets,later,recent_typical_margin,NVDA.US,2023Q2,3.7268476212240147,True,False,False,False,False,False,False
all_markets,later,combined,NVDA.US,2023Q2,3.7268476212240147,True,False,False,False,False,False,False
all_markets,later,recovered_dip,PSPN.SW,2023Q2,0.5544009333248183,False,False,False,False,False,False,False
all_markets,later,combined,PSPN.SW,2023Q2,0.5544009333248183,False,False,False,False,False,False,False
all_markets,later,recent_typical_margin,QCOM.US,2023Q2,0.6423480988874157,False,False,False,False,False,False,False
all_markets,later,combined,QCOM.US,2023Q2,0.6423480988874157,False,False,False,False,False,False,False
all_markets,later,recovered_dip,TFI.PA,2023Q2,0.29992338408548225,False,False,True,False,False,False,False
all_markets,later,combined,TFI.PA,2023Q2,0.29992338408548225,False,False,True,False,False,False,False
all_markets,later,recent_typical_margin,002007.SHE,2023Q3,,,,,False,False,False,False
all_markets,later,combined,002007.SHE,2023Q3,,,,,False,False,False,False
all_markets,later,recent_typical_margin,002555.SHE,2023Q3,,,,,False,True,False,False
all_markets,later,combined,002555.SHE,2023Q3,,,,,False,True,False,False
all_markets,later,recovered_dip,071050.KO,2023Q3,2.882106045956932,True,False,False,False,False,False,False
all_markets,later,combined,071050.KO,2023Q3,2.882106045956932,True,False,False,False,False,False,False
all_markets,later,recovered_dip,103140.KO,2023Q3,1.6746540793200486,False,False,False,False,False,False,False
all_markets,later,combined,103140.KO,2023Q3,1.6746540793200486,False,False,False,False,False,False,False
all_markets,later,recent_typical_margin,300347.SHE,2023Q3,,,,,False,False,False,False
all_markets,later,combined,300347.SHE,2023Q3,,,,,False,False,False,False
all_markets,later,recovered_dip,600025.SHG,2023Q3,,,,,False,False,False,False
all_markets,later,combined,600025.SHG,2023Q3,,,,,False,False,False,False
all_markets,later,recovered_dip,COF.US,2023Q3,1.1261952882886934,False,False,False,False,False,False,False
all_markets,later,combined,COF.US,2023Q3,1.1261952882886934,False,False,False,False,False,False,False
all_markets,later,recent_typical_margin,ECL.US,2023Q3,0.6968463519622499,False,False,False,False,True,False,False
all_markets,later,combined,ECL.US,2023Q3,0.6968463519622499,False,False,False,False,True,False,False
all_markets,later,recent_typical_margin,FFIV.US,2023Q3,1.7487032243847422,False,False,False,False,False,False,False
all_markets,later,combined,FFIV.US,2023Q3,1.7487032243847422,False,False,False,False,False,False,False
all_markets,later,recovered_dip,GM.US,2023Q3,1.4438562345636523,False,False,False,False,False,False,False
all_markets,later,combined,GM.US,2023Q3,1.4438562345636523,False,False,False,False,False,False,False
all_markets,later,recent_typical_margin,GNRC.US,2023Q3,0.950518378176221,False,False,False,False,True,False,False
all_markets,later,combined,GNRC.US,2023Q3,0.950518378176221,False,False,False,False,True,False,False
all_markets,later,recent_typical_margin,KTY.WAR,2023Q3,1.3652647605933876,False,False,False,False,True,False,False
all_markets,later,combined,KTY.WAR,2023Q3,1.3652647605933876,False,False,False,False,True,False,False
all_markets,later,recovered_dip,LOV.AU,2023Q3,0.41145300870320756,False,False,True,False,False,False,False
all_markets,later,combined,LOV.AU,2023Q3,0.41145300870320756,False,False,True,False,False,False,False
all_markets,later,recent_typical_margin,NVDA.US,2023Q3,4.115048689058579,True,False,False,False,False,False,False
all_markets,later,combined,NVDA.US,2023Q3,4.115048689058579,True,False,False,False,False,False,False
all_markets,later,recovered_dip,PSPN.SW,2023Q3,0.4513718882042994,False,False,True,False,False,False,False
all_markets,later,combined,PSPN.SW,2023Q3,0.4513718882042994,False,False,True,False,False,False,False
all_markets,later,recent_typical_margin,QCOM.US,2023Q3,0.7651622358374806,False,False,False,False,False,False,False
all_markets,later,combined,QCOM.US,2023Q3,0.7651622358374806,False,False,False,False,False,False,False
all_markets,later,recovered_dip,TFI.PA,2023Q3,0.079317699413894,False,False,True,False,False,False,False
all_markets,later,combined,TFI.PA,2023Q3,0.079317699413894,False,False,True,False,False,False,False
