
> superinvestors@0.1.0 test
> vitest run --maxWorkers=1


 RUN  v3.2.7 /mnt/HC_Volume_107024928/value-rules

stdout | tests/unit/value/normalize.test.ts > persists raw data, merges company metadata and refreshes on every rolling pass, including when forced
fundamentals selection: eligible=1; dueMembers=0; selected=1; membersFirst=false

 ❯ tests/unit/value/normalize.test.ts (8 tests | 1 failed) 5137ms
   ✓ EODHD annual normalization > normalizes KO in absolute units with positive spending and ascending fiscal years 58ms
   ✓ EODHD annual normalization > classifies JPM as a bank without requiring gross profit 22ms
   ✓ EODHD annual normalization > preserves the reporting currency for fixture 0 17ms
   ✓ EODHD annual normalization > preserves the reporting currency for fixture 1 21ms
   ✓ EODHD annual normalization > preserves nulls, honors fallback fields, and matches shares by year instead of object key 1ms
   × persists raw data, merges company metadata and refreshes on every rolling pass, including when forced 5014ms
     → Test timed out in 5000ms.
If this is a long-running test, pass a timeout value as the last argument or configure it globally with "testTimeout".
   ✓ does not reset classification when the response has no sector or industry 1ms
   ✓ maps the reported balance identity and normalizes zero share sources to null 1ms
stdout | tests/unit/value/data-stages-round7.test.ts > runs both stages without changing any preexisting corpus bytes and publishes history paths
enrich: {"companies":300,"cached":0,"namesFixed":300,"edinet":0,"eodhd":300,"yahoo":0,"unresolved":0,"logos":0,"eodhdLogos":0,"favicons":0,"about":300,"logoPercent":0,"asOf":"2026-10-06T09:49:05.913Z"}

stdout | tests/unit/value/data-stages-round7.test.ts > runs both stages without changing any preexisting corpus bytes and publishes history paths
enrich: {"companies":300,"cached":300,"namesFixed":300,"edinet":0,"eodhd":300,"yahoo":0,"unresolved":0,"logos":0,"eodhdLogos":0,"favicons":0,"about":300,"logoPercent":0,"asOf":"2026-10-06T09:49:06.005Z"}

stdout | tests/unit/value/data-stages-round7.test.ts > runs both stages without changing any preexisting corpus bytes and publishes history paths
history: 100/300
history: 200/300
history: 300/300
history: {"root":"history-v7/20261006T094906041-b9d7fa3e","companies":300,"quarters":87,"coverage":{"filingDates":600,"fallbackDates":0,"withReturn":600,"withValue":600,"failed":[]}}

stdout | tests/unit/value/data-stages-round7.test.ts > runs both stages without changing any preexisting corpus bytes and publishes history paths
history: 100/300
history: 200/300
history: 300/300
history: {"root":"history-v7/20261006T094908557-00089405","companies":300,"quarters":87,"coverage":{"filingDates":600,"fallbackDates":0,"withReturn":600,"withValue":600,"failed":[]}}

stdout | tests/unit/value/data-stages-round7.test.ts > recovers a transient vendor-logo failure in new files without replacing existing enrichment
{
  total: 1,
  checked: 1,
  cached: 0,
  recovered: 1,
  unavailable: 0,
  sources: { eodhd: 1 }
}

stdout | tests/unit/value/data-stages-round7.test.ts > recovers an English first sentence into a new about cache without changing old enrichment
enrich: {"companies":1,"cached":1,"namesFixed":0,"edinet":0,"eodhd":1,"yahoo":0,"unresolved":0,"logos":0,"eodhdLogos":0,"favicons":0,"about":1,"logoPercent":0,"asOf":"2026-10-06T09:49:14.210Z"}

 ✓ tests/unit/value/data-stages-round7.test.ts (5 tests) 38711ms
   ✓ runs both stages without changing any preexisting corpus bytes and publishes history paths  34647ms
   ✓ recovers a transient vendor-logo failure in new files without replacing existing enrichment  4054ms
stdout | tests/unit/value/ops-integration.test.ts > does not request history for companies without fundamentals
price-history: 0 written
price-history: 0/0 companies failed

stdout | tests/unit/value/ops-integration.test.ts > preserves actual screener closes when publishing and rejects older quotes
price-seed: 2 cached/validated quotes written, 0 unverified seeds removed (local; published by publish)

stderr | tests/unit/value/ops-integration.test.ts > preserves actual screener closes when publishing and rejects older quotes
prices: skipped NEW.US: Unexpected network

stdout | tests/unit/value/ops-integration.test.ts > preserves actual screener closes when publishing and rejects older quotes
prices summary: 0/1 fresh (0.00%); Yahoo 0; failed exchanges none; missing 1; status=partial

stdout | tests/unit/value/ops-integration.test.ts > fetches never-seen history before stale history and observes persisted daily capacity
daily price-history budget reached, resume tomorrow
price-history: 1 written
price-history: 0/1 companies failed

stdout | tests/unit/value/ops-integration.test.ts > fetches never-seen history before stale history and observes persisted daily capacity
daily price-history budget reached, resume tomorrow
daily price-history budget reached, resume tomorrow
price-history: 0 written
price-history: 0/0 companies failed

stdout | tests/unit/value/ops-integration.test.ts > removes rejected legacy seeds locally and on the next publish, retaining actual closes
price-seed: 0 cached/validated quotes written, 1 unverified seeds removed (local; published by publish)

 ❯ tests/unit/value/ops-integration.test.ts (25 tests | 3 failed) 37863ms
   ✓ honors a coverage hard cap even for the normal FX reserve 7ms
   ✓ preserves the nightly 40,000-call reserve for coverage, including FX 2ms
   ✓ persists history quota across invocations, rejects overspend, and resets at UTC midnight 7ms
   ✓ counts retries as paid attempts and prevents a retry past the history cap 7ms
   ✓ does not request history for companies without fundamentals 5ms
   ✓ preserves actual screener closes when publishing and rejects older quotes 13ms
   ✓ counts only universe members and only todays Jev usage 6ms
   ✓ runner stops before any paid or publishing stage below its disk floor 178ms
   ✓ runner publishes available data after analysis or price failures: true  2622ms
   ✓ runner publishes available data after analysis or price failures: false  2645ms
   × runner resumes from the last successful filing day, refreshes it, and advances only after success 5176ms
     → Test timed out in 5000ms.
If this is a long-running test, pass a timeout value as the last argument or configure it globally with "testTimeout".
   ✓ runner retains the pending filing range after Japan is failure  4692ms
   × runner retains the pending filing range after Japan is skipped 5087ms
     → Test timed out in 5000ms.
If this is a long-running test, pass a timeout value as the last argument or configure it globally with "testTimeout".
   × runner retains the pending filing range after Japan is interrupted 5304ms
     → Test timed out in 5000ms.
If this is a long-running test, pass a timeout value as the last argument or configure it globally with "testTimeout".
   ✓ runner retries an existing failed Japan summary from its original start day  2674ms
   ✓ fetches never-seen history before stale history and observes persisted daily capacity 152ms
   ✓ charges five calls for each screener attempt 2ms
   ✓ preserves a clear budget error without attempting a request 2ms
   ✓ runner checks live owner PID before acquiring the lock 163ms
   ✓ runner checks dead owner PID before acquiring the lock  2542ms
   ✓ removes rejected legacy seeds locally and on the next publish, retaining actual closes 5ms
   ✓ runner still publishes when refreshing yields fails  2625ms
   ✓ runner skips acquisition and still analyzes cached inputs when reset waiting fails  1528ms
   ✓ bounds thesis before publication and skips publication on thesis failure  2413ms
   ✓ reserves five calls for news and refuses a request with only four left 3ms
stdout | tests/unit/value/esef.test.ts > routes an EU company with an LEI to ESEF even when it also has a CIK, and resumes
reports: 0/1 companies failed

stdout | tests/unit/value/esef.test.ts > routes an EU company with an LEI to ESEF even when it also has a CIK, and resumes
reports: 0/1 companies failed

stdout | tests/unit/value/esef.test.ts > routes an EU company with an LEI to ESEF even when it also has a CIK, and resumes
reports: 0/1 companies failed

stdout | tests/unit/value/esef.test.ts > falls back to the description for a UK company without a matched report
reports: 0/1 companies failed

stdout | tests/unit/value/esef.test.ts > keeps non-European companies without CIKs on the description path
reports: 0/1 companies failed

stdout | tests/unit/value/esef.test.ts > falls back and clears stale sections after a SEC metadata failure
reports: 1/1 companies failed

stdout | tests/unit/value/esef.test.ts > falls back and clears stale sections after a SEC report failure
reports: 1/1 companies failed

stdout | tests/unit/value/esef.test.ts > falls back and clears stale sections after a ESEF report failure
reports: 1/1 companies failed

stdout | tests/unit/value/esef.test.ts > falls back and clears stale sections after a cached metadata failure
reports: 1/1 companies failed

 ✓ tests/unit/value/esef.test.ts (27 tests) 17838ms
   ✓ returns null for an unmatched LEI and exposes HTTP failures  663ms
   ✓ extracts substantive ASML business, risk and compensation sections  3531ms
   ✓ routes an EU company with an LEI to ESEF even when it also has a CIK, and resumes  7958ms
   ✓ does not label repeated navigation as compensation or an appendix glossary as MD&A  3276ms
   ✓ isolates incomplete ESEF metadata and applies the failure threshold across 5 companies  680ms
   ✓ isolates incomplete ESEF metadata and applies the failure threshold across 4 companies  1000ms
   ✓ falls back and clears stale sections after a ESEF report failure  405ms
stdout | tests/unit/value/publish.test.ts > buildOutput > adds a held nonmember locally while preserving every existing dossier and country row
Private share residual: 0; quality passes: 0
publish: 2 companies written locally to /mnt/HC_Volume_107024928/value-rules/.audit/rules/unit-default/publish-test-CZqFvv/candidate; no commit, push or revalidation

stdout | tests/unit/value/publish.test.ts > buildOutput > ordinary publication consumes coverage scope, freezes baseline and holds incomplete additions
history returns: 0 refreshed, 0 cached, 0 failed

stdout | tests/unit/value/publish.test.ts > buildOutput > ordinary publication consumes coverage scope, freezes baseline and holds incomplete additions
Private share residual: 1; quality passes: 1
publish: 2 companies written locally to /mnt/HC_Volume_107024928/value-rules/.audit/rules/unit-default/publish-test-xScRUY/candidate; no commit, push or revalidation

stdout | tests/unit/value/publish.test.ts > buildOutput > ordinary publication consumes coverage scope, freezes baseline and holds incomplete additions
history returns: 0 refreshed, 0 cached, 0 failed

stdout | tests/unit/value/publish.test.ts > buildOutput > ordinary publication consumes coverage scope, freezes baseline and holds incomplete additions
Private share residual: 1; quality passes: 1

stdout | tests/unit/value/publish.test.ts > buildOutput > uses enriched identities for search and historical identities with the same live since refresh
history returns: 0 refreshed, 1 cached, 0 failed

stdout | tests/unit/value/publish.test.ts > buildOutput > uses enriched identities for search and historical identities with the same live since refresh
Private share residual: 0; quality passes: 0
publish: 1 companies written locally to /mnt/HC_Volume_107024928/value-rules/.audit/rules/unit-default/publish-test-mtcNIB/candidate; no commit, push or revalidation

stdout | tests/unit/value/publish.test.ts > buildOutput > audits newly analysed companies before the first publication exists
{"all":{"flagged":1,"resolved":1,"residual":0},"quality":{"flagged":1,"resolved":1,"residual":0}}

stdout | tests/unit/value/publish.test.ts > buildOutput > stages existing analyses and cached closes without running calibration or touching the cached repository
history returns: 0 refreshed, 0 cached, 0 failed

stdout | tests/unit/value/publish.test.ts > buildOutput > stages existing analyses and cached closes without running calibration or touching the cached repository
Private share residual: 1; quality passes: 1
publish: 1 companies written locally to /mnt/HC_Volume_107024928/value-rules/.audit/rules/unit-default/publish-test-kRU4xb/staging; no commit, push or revalidation

stdout | tests/unit/value/publish.test.ts > buildOutput > stages existing analyses and cached closes without running calibration or touching the cached repository
history returns: 0 refreshed, 0 cached, 0 failed

stdout | tests/unit/value/publish.test.ts > buildOutput > stages existing analyses and cached closes without running calibration or touching the cached repository
Private share residual: 1; quality passes: 1
publish: 1 companies written locally to /mnt/HC_Volume_107024928/value-rules/.audit/rules/unit-default/publish-test-kRU4xb/staging; no commit, push or revalidation

stdout | tests/unit/value/publish.test.ts > buildOutput > refuses publication without index membership and excludes nonmembers
history returns: 0 refreshed, 0 cached, 0 failed

stdout | tests/unit/value/publish.test.ts > buildOutput > refuses publication without index membership and excludes nonmembers
Private share residual: 0; quality passes: 0
publish: 1 companies written locally to /mnt/HC_Volume_107024928/value-rules/.audit/rules/unit-default/publish-test-7peuqq/scoped; no commit, push or revalidation

stdout | tests/unit/value/publish.test.ts > buildOutput > writes a local snapshot without requiring or changing a git repository
Private share residual: 0; quality passes: 0

stdout | tests/unit/value/publish.test.ts > buildOutput > uses cached FX to retain non-USD share-basis verification during publication
Private share residual: 1; quality passes: 1

stdout | tests/unit/value/publish.test.ts > publish repository > stages a partial snapshot but refuses to commit a greater than 1% delisting drop
Private share residual: 0; quality passes: 0

stdout | tests/unit/value/publish.test.ts > prices > keeps a failed Japanese quote while publishing successful quotes
prices summary: 1/2 fresh (50.00%); Yahoo 1; failed exchanges none; missing 1; status=partial

stdout | tests/unit/value/publish.test.ts > prices > writes fetched US prices even when every Japanese quote fails
prices summary: 1/2 fresh (50.00%); Yahoo 0; failed exchanges none; missing 1; status=partial

stderr | tests/unit/value/publish.test.ts > prices > writes fetched US prices even when every Japanese quote fails
prices: skipped 8058.JP: Yahoo HTTP 403

stdout | tests/unit/value/publish.test.ts > prices > routes Japanese companies to Yahoo and separates same-country exchanges
prices summary: 3/3 fresh (100.00%); Yahoo 1; failed exchanges none; missing 0; status=ok

stdout | tests/unit/value/publish.test.ts > prices > refreshes selected companies while preserving newer prices and other countries; repeat is a no-op
prices summary: 1/2 fresh (50.00%); Yahoo 0; failed exchanges none; missing 1; status=partial

stdout | tests/unit/value/publish.test.ts > prices > refreshes selected companies while preserving newer prices and other countries; repeat is a no-op
prices summary: 1/1 fresh (100.00%); Yahoo 0; failed exchanges none; missing 0; status=ok

stdout | tests/unit/value/publish.test.ts > publish rollout safeguards > publishes available analyses and skips missing and unreadable files
Private share residual: 0; quality passes: 0

stdout | tests/unit/value/publish.test.ts > publish rollout safeguards > allows exactly a 20% decline and compares published count rather than universe
Private share residual: 0; quality passes: 0

stdout | tests/unit/value/publish.test.ts > publish rollout safeguards > guards legacy metadata and rejects even a forced empty commit
Private share residual: 0; quality passes: 0

stdout | tests/unit/value/publish.test.ts > publish rollout safeguards > guards a legacy nonempty count drop and permits --force
Private share residual: 0; quality passes: 0

stdout | tests/unit/value/publish.test.ts > joins the corpus monthly history at publish time and preserves it on partial publish
Private share residual: 0; quality passes: 0
Private share residual: 0; quality passes: 0

stdout | tests/unit/value/publish.test.ts > joins new enrichment and completed numeric history when the controller publishes
Private share residual: 0; quality passes: 0

stdout | tests/unit/value/publish.test.ts > uses current universe listings consistently across dossier, index and search on republish
Private share residual: 0; quality passes: 0

stdout | tests/unit/value/publish.test.ts > excludes current nonmembers from current surfaces but retains their historical returns on partial republish
Private share residual: 0; quality passes: 0
Private share residual: 0; quality passes: 0

stdout | tests/unit/value/publish.test.ts > publishes immutable daily records through orphan commits and reads the forward view from snapshots
Private share residual: 0; quality passes: 0
Private share residual: 0; quality passes: 0
Private share residual: 0; quality passes: 0
Private share residual: 0; quality passes: 0

stderr | tests/unit/value/publish.test.ts > publishes immutable daily records through orphan commits and reads the forward view from snapshots
publish: kept existing forward/2026-10-01.json; forward records are immutable

stdout | tests/unit/value/publish.test.ts > makes short histories searchable and browsable without placing them in investment lists
Private share residual: 0; quality passes: 0

stdout | tests/unit/value/publish.test.ts > keeps predecessor-backed test verdicts findable when a different test remains undecided
Private share residual: 0; quality passes: 0

stdout | tests/unit/value/publish.test.ts > freezes the live dossier, every index/history row and search identity in normal and local publication, and unfreezes by removal
Private share residual: 0; quality passes: 0

stdout | tests/unit/value/publish.test.ts > freezes the live dossier, every index/history row and search identity in normal and local publication, and unfreezes by removal
history returns: 0 refreshed, 0 cached, 0 failed

stderr | tests/unit/value/publish.test.ts > freezes the live dossier, every index/history row and search identity in normal and local publication, and unfreezes by removal
publish: kept existing forward/2026-10-06.json; forward records are immutable

stdout | tests/unit/value/publish.test.ts > freezes the live dossier, every index/history row and search identity in normal and local publication, and unfreezes by removal
Private share residual: 0; quality passes: 0
publish: 2 companies written locally to /mnt/HC_Volume_107024928/value-rules/.audit/rules/unit-default/publish-test-ePGBQF/out; no commit, push or revalidation

stdout | tests/unit/value/publish.test.ts > freezes the live dossier, every index/history row and search identity in normal and local publication, and unfreezes by removal
Private share residual: 0; quality passes: 0
Private share residual: 0; quality passes: 0

stderr | tests/unit/value/publish.test.ts > freezes the live dossier, every index/history row and search identity in normal and local publication, and unfreezes by removal
publish: kept existing forward/2026-10-06.json; forward records are immutable
publish: kept existing forward/2026-10-06.json; forward records are immutable

stdout | tests/unit/value/publish.test.ts > uses current issuer shares for the cap check instead of last annual diluted shares
Private share residual: 0; quality passes: 0

stdout | tests/unit/value/publish.test.ts > replaces a dated vendor cap with the current quote times supported issuer shares
Private share residual: 0; quality passes: 0

stdout | tests/unit/value/publish.test.ts > keeps only the live price test through unresolved shares and later quote refreshes
Private share residual: 0; quality passes: 0
Private share residual: 1; quality passes: 1
Private share residual: 1; quality passes: 0

stderr | tests/unit/value/publish.test.ts > keeps only the live price test through unresolved shares and later quote refreshes
publish: kept existing forward/2026-10-06.json; forward records are immutable
publish: kept existing forward/2026-10-06.json; forward records are immutable

stdout | tests/unit/value/publish.test.ts > keeps only the live price test through unresolved shares and later quote refreshes
Private share residual: 0; quality passes: 0

stderr | tests/unit/value/publish.test.ts > keeps only the live price test through unresolved shares and later quote refreshes
publish: kept existing forward/2026-10-06.json; forward records are immutable

stdout | tests/unit/value/publish.test.ts > keeps unresolved ADR or class-share capitalization conflicts guarded
Private share residual: 1; quality passes: 1
Private share residual: 1; quality passes: 1

stdout | tests/unit/value/publish.test.ts > freezes the last live price test when a quote refresh introduces an unresolved ratio
Private share residual: 0; quality passes: 0

stdout | tests/unit/value/publish.test.ts > retains released historical rows omitted by a newer quarterly run
Private share residual: 0; quality passes: 0

stdout | tests/unit/value/publish.test.ts > prices keeps all 87 quarterly views, deferred views, annual views and history bytes
prices summary: 1/1 fresh (100.00%); Yahoo 0; failed exchanges none; missing 0; status=ok

stdout | tests/unit/value/publish.test.ts > coverage additions retired by the issuer registry > binds retired AKBLF.US to ALK-B.CO after reconciliation (commit=false)
Private share residual: 1; quality passes: 1

stdout | tests/unit/value/publish.test.ts > coverage additions retired by the issuer registry > binds retired AKBLF.US to ALK-B.CO after reconciliation (commit=true)
Private share residual: 1; quality passes: 1

stdout | tests/unit/value/publish.test.ts > coverage additions retired by the issuer registry > selects the canonical when only its retired listing appears in release scope
history returns: 0 refreshed, 0 cached, 0 failed

stdout | tests/unit/value/publish.test.ts > coverage additions retired by the issuer registry > selects the canonical when only its retired listing appears in release scope
Private share residual: 1; quality passes: 1
publish: 1 companies written locally to /mnt/HC_Volume_107024928/value-rules/.audit/rules/unit-default/publish-test-TpALsD/canonical-scope; no commit, push or revalidation

stdout | tests/unit/value/publish.test.ts > coverage additions retired by the issuer registry > does not let a retired addition bypass canonical input binding
Private share residual: 1; quality passes: 1

stdout | tests/unit/value/publish.test.ts > coverage additions retired by the issuer registry > binds a retired addition to its preserved canonical research (unchanged baseline)
Private share residual: 1; quality passes: 1

stdout | tests/unit/value/publish.test.ts > coverage additions retired by the issuer registry > binds a retired addition to its preserved canonical research (explicit freeze)
Private share residual: 1; quality passes: 1

stdout | tests/unit/value/publish.test.ts > coverage additions retired by the issuer registry > preserves a reviewed canonical when its private cache lacks new-addition filing inputs
Private share residual: 1; quality passes: 1

stdout | tests/unit/value/publish.test.ts > coverage additions retired by the issuer registry > rejects an invalid preserved canonical rather than treating its alias as complete
Private share residual: 0; quality passes: 0

stdout | tests/unit/value/publish.test.ts > coverage additions retired by the issuer registry > requires complete canonical inputs even when the retired addition has complete inputs
Private share residual: 1; quality passes: 1

 ❯ tests/unit/value/publish.test.ts (91 tests | 1 failed) 16839ms
   ✓ buildOutput > preserves frozen identities and aliases in newly split search children 22ms
   ✓ buildOutput > includes analysed multiple-failure companies in deferred list views 6ms
   ✓ buildOutput > adds a held nonmember locally while preserving every existing dossier and country row  698ms
   ✓ buildOutput > ordinary publication consumes coverage scope, freezes baseline and holds incomplete additions  603ms
   ✓ buildOutput > rejects an obsolete analysis before creating a candidate or refreshing returns 3ms
   ✓ buildOutput > uses enriched identities for search and historical identities with the same live since refresh  359ms
   ✓ buildOutput > does not replace a released filing answer with a computed price-story fallback 3ms
   ✓ buildOutput > keeps completed predecessor years when publication refreshes capital-return series 9ms
   ✓ buildOutput > retains reported NAV when independent share counts reconcile despite a stale market cap 5ms
   ✓ buildOutput > audits newly analysed companies before the first publication exists 55ms
   ✓ buildOutput > does not replace reanalysed inputs with an older backfill memo 2ms
   ✓ buildOutput > keeps published filing memo lines when a new research memo omits them 2ms
   ✓ buildOutput > stages existing analyses and cached closes without running calibration or touching the cached repository  716ms
   ✓ buildOutput > refuses publication without index membership and excludes nonmembers  359ms
   ✓ buildOutput > writes a local snapshot without requiring or changing a git repository 142ms
   ✓ buildOutput > uses cached FX to retain non-USD share-basis verification during publication 148ms
   ✓ buildOutput > publishes only all-pass and exact one-fail scored rows by market cap, and shards dossiers 2ms
   ✓ buildOutput > keeps unresolved quality rows private; excludes na and multiple failures from the default view 1ms
   ✓ buildOutput > only emits trusted confident configured tags and applies the recurring choice rule 2ms
   ✓ buildOutput > joins class-share tickers and explicit US ADR listings without foreign ticker collisions 1ms
   ✓ buildOutput > publishes trading values and computes the sixth test in that currency without storing the quote 2ms
   ✓ buildOutput > converts with USD FX rates including minor units, and leaves missing FX unavailable 2ms
   ✓ buildOutput > caps top.json at 2000 and orders unknown market caps last 213ms
   ✓ publish repository > requires the calibration command to succeed before publishing  364ms
   ✓ publish repository > preserves price bytes, removes obsolete generated files and replaces history with one commit 233ms
   ✓ publish repository > creates an initial snapshot in an empty repository 102ms
   ✓ publish repository > collapses intervening price commits even when the snapshot files are unchanged  329ms
   ✓ publish repository > stages a partial snapshot but refuses to commit a greater than 1% delisting drop  332ms
   ✓ publish repository > loads only active latest-quarter holders from stock shards and resolves investor names 1ms
   ✓ prices > normalizes recorded bulk closes and dates, excluding unknown or invalid rows 5ms
   ✓ prices > reads the recorded Yahoo market price and uses the JST market date 3ms
   ✓ prices > keeps a failed Japanese quote while publishing successful quotes 8ms
   ✓ prices > writes fetched US prices even when every Japanese quote fails 3ms
   ✓ prices > routes Japanese companies to Yahoo and separates same-country exchanges 2ms
   ✓ prices > refreshes selected companies while preserving newer prices and other countries; repeat is a no-op  333ms
   ✓ publish rollout safeguards > publishes available analyses and skips missing and unreadable files 296ms
   ✓ publish rollout safeguards > reports the modal version pair and the count on other versions 2ms
   ✓ publish rollout safeguards > rejects a published count of 0 before changing the prior snapshot 112ms
   ✓ publish rollout safeguards > rejects a published count of 7 before changing the prior snapshot 106ms
   ✓ publish rollout safeguards > allows exactly a 20% decline and compares published count rather than universe  412ms
   ✓ publish rollout safeguards > guards legacy metadata and rejects even a forced empty commit 264ms
   ✓ publish rollout safeguards > guards a legacy nonempty count drop and permits --force  433ms
   ✓ publish rollout safeguards > rejects an empty first publish 34ms
   ✓ publish rollout safeguards > does not release a replacement owner's lock 4ms
   ✓ publish rollout safeguards > resets tracked changes and removes leftover untracked output 105ms
   ✓ publish rollout safeguards > records lock ownership, blocks live owners with the path, and releases 3ms
   ✓ publish rollout safeguards > breaks a expired lock automatically 2ms
   ✓ publish rollout safeguards > breaks a dead lock automatically 2ms
   ✓ Yahoo rate limiting > limits Yahoo requests to two per second 6ms
   ✓ publishes volatility discount, compact ROIC and the added dossier data 2ms
   ✓ loads analysis with a cheap shape check without building output 3ms
   ✓ joins the corpus monthly history at publish time and preserves it on partial publish  762ms
   ✓ pads unavailable ROIC years with nulls without substituting financial-company ROE 2ms
   ✓ C4 publish skips invalid IDs and loads ampersand analyses 5ms
   ✓ preserves an unpushed prices commit when preparing the next publish  324ms
   ✓ published funnel > counts all analyses cumulatively and isolates quality failures independently of price by country 10ms
   ✓ published funnel > publishes zero counts for an empty snapshot 1ms
   ✓ publishes English names, logos, about and story counts consistently 1ms
   ✓ joins new enrichment and completed numeric history when the controller publishes  326ms
   ✓ uses current universe listings consistently across dossier, index and search on republish  338ms
   ✓ refreshes hashed browser views without dropping quotes outside the analysed index 8ms
   ✓ excludes current nonmembers from current surfaces but retains their historical returns on partial republish  678ms
   ✓ withholds investment holdings without NAV from indexes and dossiers, including short history 1ms
   ✓ publishes every alias of decided companies without shadowing a home dossier 1ms
   ✓ retains a neutral dossier when completion crosses seven years but core decade checks remain unresolved 1ms
   ✓ commits regenerated browser views together with refreshed prices 206ms
   ✓ routes a verified NSE symbol to the existing depositary dossier without changing quote units 3ms
   × stamps every published dossier and index row with the live method 23ms
     → expected '3.5.0' to be '3.4.0' // Object.is equality
   ✓ publishes immutable daily records through orphan commits and reads the forward view from snapshots  1394ms
   ✓ records optional dividend levels only for matching quote dates and carries split basis across provider truncation 57ms
   ✓ blocks a previously published member disappearing when refreshed analysis becomes undecided 7ms
   ✓ makes short histories searchable and browsable without placing them in investment lists 216ms
   ✓ keeps predecessor-backed test verdicts findable when a different test remains undecided 191ms
   ✓ freezes the live dossier, every index/history row and search identity in normal and local publication, and unfreezes by removal  1061ms
   ✓ rejects a freeze without its previous live dossier before writing output 1ms
   ✓ uses current issuer shares for the cap check instead of last annual diluted shares 158ms
   ✓ replaces a dated vendor cap with the current quote times supported issuer shares 156ms
   ✓ keeps only the live price test through unresolved shares and later quote refreshes  634ms
   ✓ keeps unresolved ADR or class-share capitalization conflicts guarded 295ms
   ✓ freezes the last live price test when a quote refresh introduces an unresolved ratio 156ms
   ✓ retains released historical rows omitted by a newer quarterly run 156ms
   ✓ prices keeps all 87 quarterly views, deferred views, annual views and history bytes 20ms
   ✓ coverage additions retired by the issuer registry > binds retired AKBLF.US to ALK-B.CO after reconciliation (commit=false) 236ms
   ✓ coverage additions retired by the issuer registry > binds retired AKBLF.US to ALK-B.CO after reconciliation (commit=true)  490ms
   ✓ coverage additions retired by the issuer registry > selects the canonical when only its retired listing appears in release scope  432ms
   ✓ coverage additions retired by the issuer registry > does not let a retired addition bypass canonical input binding 94ms
   ✓ coverage additions retired by the issuer registry > binds a retired addition to its preserved canonical research (unchanged baseline)  443ms
   ✓ coverage additions retired by the issuer registry > binds a retired addition to its preserved canonical research (explicit freeze)  457ms
   ✓ coverage additions retired by the issuer registry > preserves a reviewed canonical when its private cache lacks new-addition filing inputs  453ms
   ✓ coverage additions retired by the issuer registry > rejects an invalid preserved canonical rather than treating its alias as complete 82ms
   ✓ coverage additions retired by the issuer registry > requires complete canonical inputs even when the retired addition has complete inputs 101ms
stderr | tests/unit/value/analyze.test.ts > caches bond yields per day, preserves concurrent countries, and converts FX minor units
yields: US {"version":3,"date":"2026-10-06","yield":0.0425,"source":"EODHD latest","symbol":"US10Y.GBOND","observedAt":"2026-10-06","rawYield":0.0425,"median":null,"secondSource":null,"flags":["insufficient-median-history","second-source-unavailable"]}

stderr | tests/unit/value/analyze.test.ts > caches bond yields per day, preserves concurrent countries, and converts FX minor units
yields: GB {"version":3,"date":"2026-10-06","yield":0.0425,"source":"EODHD latest","symbol":"UK10Y.GBOND","observedAt":"2026-10-06","rawYield":0.0425,"median":null,"secondSource":null,"flags":["symbol-map:GB->UK","insufficient-median-history"]}

stdout | tests/unit/value/analyze.test.ts > writes analysis and resumes, invalidating on text changes and force
analyze: 1 written, 0 unchanged, 0 failed

stdout | tests/unit/value/analyze.test.ts > writes analysis and resumes, invalidating on text changes and force
analyze: 0 written, 1 unchanged, 0 failed

stdout | tests/unit/value/analyze.test.ts > writes analysis and resumes, invalidating on text changes and force
analyze: 1 written, 0 unchanged, 0 failed

stdout | tests/unit/value/analyze.test.ts > writes analysis and resumes, invalidating on text changes and force
analyze: 1 written, 0 unchanged, 0 failed

stdout | tests/unit/value/analyze.test.ts > persists the final split-adjusted statement basis for indexed-company memos
analyze: 1 written, 0 unchanged, 0 failed

stdout | tests/unit/value/analyze.test.ts > rebuilds an obsolete analysis even when a copied fingerprint matches current inputs
analyze: 1 written, 0 unchanged, 0 failed

stdout | tests/unit/value/analyze.test.ts > rebuilds an obsolete analysis even when a copied fingerprint matches current inputs
analyze: 1 written, 0 unchanged, 0 failed

stdout | tests/unit/value/analyze.test.ts > exports up to thirty distinct answers per question with source text
jev-sample: 25 questions, up to 30 answers each

stdout | tests/unit/value/analyze.test.ts > runs paragraph evidence only when no numeric quality test fails
analyze: 1 written, 0 unchanged, 0 failed

stdout | tests/unit/value/analyze.test.ts > runs paragraph evidence only when no numeric quality test fails
analyze: 1 written, 0 unchanged, 0 failed

stdout | tests/unit/value/analyze.test.ts > samples the exact analyzed text after source reports change
analyze: 1 written, 0 unchanged, 0 failed

stdout | tests/unit/value/analyze.test.ts > samples the exact analyzed text after source reports change
jev-sample: 25 questions, up to 30 answers each

stderr | tests/unit/value/analyze.test.ts > reads the newest live-recorded bond close as a fraction and refreshes tomorrow
yields: US {"version":3,"date":"2026-10-06","yield":0.05239,"source":"EODHD latest","symbol":"US10Y.GBOND","observedAt":"2026-10-06","rawYield":0.05239,"median":null,"secondSource":null,"flags":["insufficient-median-history","second-source-unavailable"]}

stderr | tests/unit/value/analyze.test.ts > reads the newest live-recorded bond close as a fraction and refreshes tomorrow
yields: US {"version":3,"date":"2026-10-06","yield":0.05,"source":"EODHD latest","symbol":"US10Y.GBOND","observedAt":"2026-10-06","rawYield":0.05,"median":null,"secondSource":null,"flags":["insufficient-median-history","second-source-unavailable"]}

stdout | tests/unit/value/analyze.test.ts > ignores market cap and unused metadata changes but invalidates analysis inputs
analyze: 1 written, 0 unchanged, 0 failed

stdout | tests/unit/value/analyze.test.ts > ignores market cap and unused metadata changes but invalidates analysis inputs
analyze: 0 written, 1 unchanged, 0 failed

stdout | tests/unit/value/analyze.test.ts > ignores market cap and unused metadata changes but invalidates analysis inputs
analyze: 1 written, 0 unchanged, 0 failed

stderr | tests/unit/value/analyze.test.ts > ignores market cap and unused metadata changes but invalidates analysis inputs
EUR: USD conversion unavailable

stdout | tests/unit/value/analyze.test.ts > ignores market cap and unused metadata changes but invalidates analysis inputs
analyze: 1 written, 0 unchanged, 0 failed

stderr | tests/unit/value/analyze.test.ts > ignores market cap and unused metadata changes but invalidates analysis inputs
EUR: USD conversion unavailable

stdout | tests/unit/value/analyze.test.ts > ignores market cap and unused metadata changes but invalidates analysis inputs
analyze: 1 written, 0 unchanged, 0 failed

stderr | tests/unit/value/analyze.test.ts > ignores market cap and unused metadata changes but invalidates analysis inputs
EUR: USD conversion unavailable

stdout | tests/unit/value/analyze.test.ts > ignores market cap and unused metadata changes but invalidates analysis inputs
analyze: 1 written, 0 unchanged, 0 failed

stderr | tests/unit/value/analyze.test.ts > ignores market cap and unused metadata changes but invalidates analysis inputs
EUR: USD conversion unavailable

stdout | tests/unit/value/analyze.test.ts > ignores market cap and unused metadata changes but invalidates analysis inputs
analyze: 1 written, 0 unchanged, 0 failed

stderr | tests/unit/value/analyze.test.ts > ignores market cap and unused metadata changes but invalidates analysis inputs
EUR: USD conversion unavailable

stdout | tests/unit/value/analyze.test.ts > ignores market cap and unused metadata changes but invalidates analysis inputs
analyze: 1 written, 0 unchanged, 0 failed

stderr | tests/unit/value/analyze.test.ts > ignores market cap and unused metadata changes but invalidates analysis inputs
EUR: USD conversion unavailable

stdout | tests/unit/value/analyze.test.ts > ignores market cap and unused metadata changes but invalidates analysis inputs
analyze: 1 written, 0 unchanged, 0 failed

stderr | tests/unit/value/analyze.test.ts > maps ISO GB to UK10Y while leaving other bond country codes unchanged
yields: GB {"version":3,"date":"2026-10-06","yield":0.0475,"source":"EODHD latest","symbol":"UK10Y.GBOND","observedAt":"2026-10-06","rawYield":0.0475,"median":null,"secondSource":null,"flags":["symbol-map:GB->UK","insufficient-median-history"]}

stderr | tests/unit/value/analyze.test.ts > maps ISO GB to UK10Y while leaving other bond country codes unchanged
yields: DE {"version":3,"date":"2026-10-06","yield":0.025,"source":"EODHD latest","symbol":"DE10Y.GBOND","observedAt":"2026-10-06","rawYield":0.025,"median":null,"secondSource":null,"flags":["insufficient-median-history"]}

stderr | tests/unit/value/analyze.test.ts > leaves value unavailable for a empty local bond series without substituting a foreign yield
yields: ZZ {"version":3,"date":"2026-10-06","yield":null,"source":"unavailable","symbol":"ZZ10Y.GBOND","observedAt":null,"rawYield":null,"median":null,"secondSource":null,"flags":["missing-or-stale-series","outside-plausible-band","insufficient-median-history","no-local-yield"]}

stdout | tests/unit/value/analyze.test.ts > leaves value unavailable for a empty local bond series without substituting a foreign yield
analyze: 1 written, 0 unchanged, 0 failed

stderr | tests/unit/value/analyze.test.ts > leaves value unavailable for a not-found local bond series without substituting a foreign yield
yields: ZZ {"version":3,"date":"2026-10-06","yield":null,"source":"unavailable","symbol":"ZZ10Y.GBOND","observedAt":null,"rawYield":null,"median":null,"secondSource":null,"flags":["eodhd-unavailable","missing-or-stale-series","outside-plausible-band","insufficient-median-history","no-local-yield"]}

stdout | tests/unit/value/analyze.test.ts > leaves value unavailable for a not-found local bond series without substituting a foreign yield
analyze: 1 written, 0 unchanged, 0 failed

stdout | tests/unit/value/analyze.test.ts > logs each failed company's error and still writes successful companies
analyze: 1 written, 0 unchanged, 1 failed

stdout | tests/unit/value/analyze.test.ts > calibrates BHC.US through the BHC.TO primary analysis
analyze: 1 written, 0 unchanged, 0 failed

stdout | tests/unit/value/analyze.test.ts > calibrates BHC.US through the BHC.TO primary analysis
Confusion counts: {"truePositive":0,"trueNegative":1,"falsePositive":0,"falseNegative":0,"unclear":0,"missing":0,"exception":0}

stdout | tests/unit/value/analyze.test.ts > R3 derives the $1 test from fiscal-end monthly closes through the corpus stage
analyze: 1 written, 0 unchanged, 0 failed

stdout | tests/unit/value/analyze.test.ts > R3 derives the $1 test from fiscal-end monthly closes through the corpus stage
analyze: 1 written, 0 unchanged, 0 failed

stdout | tests/unit/value/analyze.test.ts > R3 derives the $1 test from fiscal-end monthly closes through the corpus stage
analyze: 1 written, 0 unchanged, 0 failed

stdout | tests/unit/value/analyze.test.ts > R3 uses the inverse valuation FX for historical market caps, including pence
analyze: 1 written, 0 unchanged, 0 failed

stdout | tests/unit/value/analyze.test.ts > M1 runs the $1 test through the stage with the real KO corpus and 120 monthly closes
analyze: 1 written, 0 unchanged, 0 failed

stdout | tests/unit/value/analyze.test.ts > C5 reclassifies cached Credit Services enrichment with lending assets
analyze: 1 written, 0 unchanged, 0 failed

stdout | tests/unit/value/analyze.test.ts > C4 analyze and jev-sample skip unsafe IDs and process ampersand IDs
analyze: 4 written, 0 unchanged, 0 failed

stdout | tests/unit/value/analyze.test.ts > C4 analyze and jev-sample skip unsafe IDs and process ampersand IDs
jev-sample: 25 questions, up to 30 answers each

stdout | tests/unit/value/analyze.test.ts > C5 clears the stale bank kind of a payment network in saved analysis
analyze: 1 written, 0 unchanged, 0 failed

stdout | tests/unit/value/analyze.test.ts > reanalyzes explicitly selected cached companies outside the universe without repopulating it
analyze: 0 written, 0 unchanged, 0 failed

stdout | tests/unit/value/analyze.test.ts > reanalyzes explicitly selected cached companies outside the universe without repopulating it
analyze: 1 written, 0 unchanged, 0 failed

stdout | tests/unit/value/analyze.test.ts > V3/V4 reads raw valuation inputs for old corpus files and invalidates their fingerprint
analyze: 1 written, 0 unchanged, 0 failed

stdout | tests/unit/value/analyze.test.ts > V3/V4 reads raw valuation inputs for old corpus files and invalidates their fingerprint
analyze: 1 written, 0 unchanged, 0 failed

stdout | tests/unit/value/analyze.test.ts > W3/W5 refreshes cached annual currency and balance mappings from raw periods during analysis
analyze: 1 written, 0 unchanged, 0 failed

stdout | tests/unit/value/analyze.test.ts > W3/W5 refreshes cached annual currency and balance mappings from raw periods during analysis
analyze: 1 written, 0 unchanged, 0 failed

stdout | tests/unit/value/analyze.test.ts > revalues on a 0.1pp yield bucket change, but skips noise in the same bucket
analyze: 1 written, 0 unchanged, 0 failed

stdout | tests/unit/value/analyze.test.ts > revalues on a 0.1pp yield bucket change, but skips noise in the same bucket
analyze: 0 written, 1 unchanged, 0 failed

stdout | tests/unit/value/analyze.test.ts > revalues on a 0.1pp yield bucket change, but skips noise in the same bucket
analyze: 1 written, 0 unchanged, 0 failed

stdout | tests/unit/value/analyze.test.ts > loads statement payloads only for selected jobs, so later files cannot abort a limited run
analyze: 1 written, 0 unchanged, 0 failed

stdout | tests/unit/value/analyze.test.ts > preserves unchanged nonmember evidence inputs when only the analysis clock changes
analyze: 1 written, 0 unchanged, 0 failed

stdout | tests/unit/value/analyze.test.ts > preserves unchanged nonmember evidence inputs when only the analysis clock changes
analyze: 1 written, 0 unchanged, 0 failed

 ✓ tests/unit/value/analyze.test.ts (50 tests) 5909ms
   ✓ ignores market cap and unused metadata changes but invalidates analysis inputs  1191ms
   ✓ maps ISO GB to UK10Y while leaving other bond country codes unchanged  392ms
   ✓ W3/W5 refreshes cached annual currency and balance mappings from raw periods during analysis  366ms
stdout | tests/unit/value/edgar.test.ts > writes filing sections, skips unchanged downloads, and repairs missing outputs
reports: 0/1 companies failed

stdout | tests/unit/value/edgar.test.ts > writes filing sections, skips unchanged downloads, and repairs missing outputs
reports: 0/1 companies failed

stdout | tests/unit/value/edgar.test.ts > writes filing sections, skips unchanged downloads, and repairs missing outputs
reports: 0/1 companies failed

stdout | tests/unit/value/edgar.test.ts > falls back to description, applies filters, and updates changed descriptions
reports: 0/1 companies failed

stdout | tests/unit/value/edgar.test.ts > falls back to description, applies filters, and updates changed descriptions
reports: 0/1 companies failed

stdout | tests/unit/value/edgar.test.ts > fills missing filing business using description or document: Beverage business.
reports: 0/1 companies failed

stdout | tests/unit/value/edgar.test.ts > fills missing filing business using description or document: null
reports: 0/1 companies failed

stdout | tests/unit/value/edgar.test.ts > falls back from an empty EU ESEF search to SAP's EDGAR 20-F via its US listing
reports: 0/1 companies failed

stdout | tests/unit/value/edgar.test.ts > processes SEC and ESEF reports with independent six and three company pools
reports: 0/16 companies failed

stdout | tests/unit/value/edgar.test.ts > retains reviewed full annual inputs while current and retries after the fiscal period changes
reports: 0/1 companies failed

stdout | tests/unit/value/edgar.test.ts > retains reviewed full annual inputs while current and retries after the fiscal period changes
reports: 0/1 companies failed

 ✓ tests/unit/value/edgar.test.ts (25 tests) 6004ms
   ✓ writes filing sections, skips unchanged downloads, and repairs missing outputs  1268ms
   ✓ falls back from an empty EU ESEF search to SAP's EDGAR 20-F via its US listing  721ms
   ✓ retains reviewed full annual inputs while current and retries after the fiscal period changes  1973ms
stdout | tests/unit/value/logo-round-twelve.test.ts > uses the ADR website chain for an ESEF issuer with no enrichment cache
{
  total: 1,
  checked: 1,
  cached: 0,
  recovered: 1,
  unavailable: 0,
  sources: { 'official-icon': 1 }
}

 ✓ tests/unit/value/logo-round-twelve.test.ts (2 tests) 5573ms
   ✓ uses the ADR website chain for an ESEF issuer with no enrichment cache  5567ms
 ✓ tests/unit/value/coverage-lock.test.ts (1 test) 5104ms
   ✓ waits without changing a live nightly lock and releases only its own lock after handoff  5102ms
stdout | tests/unit/value/universe.test.ts > writes sorted companies, excludes OTC ordinary shares, keeps Japanese ADRs and converts caps
universe: 4 companies; counts per country {"US":2,"NL":1,"HK":1}

stdout | tests/unit/value/universe.test.ts > writes sorted companies, excludes OTC ordinary shares, keeps Japanese ADRs and converts caps
universe: 4 companies; counts per country {"US":2,"NL":1,"HK":1}

stdout | tests/unit/value/universe.test.ts > nulls standalone GDR caps and caps above 1.3x the largest US company before sorting
universe: 5 companies; counts per country {"GB":4,"US":1}

stdout | tests/unit/value/universe.test.ts > passes cached class volumes and ADR metadata into collapse and admits Brazilian PN
universe: 4 companies; counts per country {"SE":1,"ES":1,"BR":2}

 ✓ tests/unit/value/universe.test.ts (12 tests) 4158ms
   ✓ reads daily API usage and rejects a missing usage counter  400ms
   ✓ writes sorted companies, excludes OTC ordinary shares, keeps Japanese ADRs and converts caps  2522ms
   ✓ nulls standalone GDR caps and caps above 1.3x the largest US company before sorting  998ms
 ✓ tests/unit/value/download-order.test.ts (8 tests) 3563ms
   ✓ uses a reported Yahoo market cap for ADRs instead of multiplying the ADS price by underlying shares  524ms
   ✓ leaves an unverified ADR share basis unknown when a reported cap is absent  1004ms
   ✓ fetches verified shares even when Yahoo also reports cap, and rejects an ADR basis mismatch  2009ms
 ✓ tests/unit/value/live-check.test.ts (5 tests) 3071ms
   ✓ uses a real browser to step back and load the deep link  310ms
   ✓ rejects a broken step despite a successful page response  628ms
   ✓ rejects a broken deep-link despite a successful page response  662ms
   ✓ rejects a broken rows despite a successful page response  656ms
   ✓ rejects a broken headline despite a successful page response  630ms
 ✓ tests/unit/value/daily-runner.test.ts (10 tests) 3433ms
   ✓ runs and publishes fresh analysis after yields and thesis exhaust their budgets  402ms
   ✓ does not hide a non-budget thesis failure  361ms
   ✓ runs the live check after prices and publish, including a partial prices exit  374ms
   ✓ passes a UTC-cycle-specific ledger to price-story instead of inheriting an old worktree ledger  373ms
   ✓ reserves both fundamentals passes and runs analysis before optional news  383ms
   ✓ retains prior released analysis when analysis itself fails  345ms
   ✓ still analyzes after non-budget yields failures  402ms
   ✓ fetches logos before publication on normal and exhausted-budget cycles  570ms
 ✓ tests/unit/value/nightly-entrypoint.test.ts (1 test) 1971ms
   ✓ the real CLI stops fundamentals at its ceiling and leaves yields and analysis runnable  1970ms
 ✓ tests/unit/value/publish-invariants.test.ts (22 tests) 2768ms
 ✓ tests/unit/value/coverage-release.test.ts (5 tests) 1681ms
   ✓ treats previously released additions as baseline on a later coverage batch  1649ms
 ✓ tests/unit/value/report-transport.test.ts (3 tests) 2045ms
   ✓ ESEF retries a truncated report body before returning a complete buffered response  1030ms
   ✓ SEC retries a truncated report body before returning a complete buffered response  1008ms
stderr | tests/unit/value/post-publish.test.ts > reverts the failed pushed snapshot (orphan=false), republishes and revalidates the prior tree
CRITICAL: live time travel/revalidation failed for 30a49757ea3c687e901b06a7219a3450af7a8b52; reverting last publication

stderr | tests/unit/value/post-publish.test.ts > reverts the failed pushed snapshot (orphan=true), republishes and revalidates the prior tree
CRITICAL: live time travel/revalidation failed for a4eb95a5b152aa7fd259b46c1545d5289d16dc5c; reverting last publication

stdout | tests/unit/value/post-publish.test.ts > checks a successful publication once and clears the durable receipt
live-check: 30a49757ea3c687e901b06a7219a3450af7a8b52 passed quarter-back and 2018Q3

stdout | tests/unit/value/post-publish.test.ts > does not check or revert a failed push
live-check: push did not reach origin; retained prior publication

stderr | tests/unit/value/post-publish.test.ts > rolls back when revalidation fails, without declaring an unvalidated site healthy
CRITICAL: live time travel/revalidation failed for 9eed7144ff9d7140d12825c425c690566a829b07; reverting last publication

stderr | tests/unit/value/post-publish.test.ts > can restore the exact pre-dedupe snapshot if publication verification fails
CRITICAL: live time travel/revalidation failed for 967489408d7e443e8c371619a541975ae4263083; reverting last publication

 ✓ tests/unit/value/post-publish.test.ts (7 tests) 1824ms
   ✓ can restore the exact pre-dedupe snapshot if publication verification fails  351ms
stderr | tests/unit/value/valuation-round-4.test.ts > maps Swiss ISO CH to SW, rejecting an implausible close in favour of the median
yields: CH {"version":3,"date":"2026-10-06","yield":0.01,"source":"EODHD 30-day median","symbol":"SW10Y.GBOND","observedAt":"2026-10-06","rawYield":0.060599999999999994,"median":0.01,"secondSource":null,"flags":["symbol-map:CH->SW","outside-plausible-band","median-outlier"]}

stderr | tests/unit/value/valuation-round-4.test.ts > uses a documented Swiss default when the entire series is broken
yields: CH {"version":3,"date":"2026-10-06","yield":0.01,"source":"country default (2026-09-30)","symbol":"SW10Y.GBOND","observedAt":null,"rawYield":0.060599999999999994,"median":0.060599999999999994,"secondSource":null,"flags":["symbol-map:CH->SW","outside-plausible-band","country-default"]}

stderr | tests/unit/value/valuation-round-4.test.ts > rejects an in-band spike against the 30-day median
yields: DE {"version":3,"date":"2026-10-06","yield":0.03,"source":"EODHD 30-day median","symbol":"DE10Y.GBOND","observedAt":"2026-10-06","rawYield":0.07,"median":0.03,"secondSource":null,"flags":["median-outlier"]}

stderr | tests/unit/value/valuation-round-4.test.ts > cross-checks US with Yahoo TNX in percent, caches daily, and refreshes next day
yields: US {"version":3,"date":"2026-10-06","yield":0.042,"source":"Yahoo ^TNX","symbol":"US10Y.GBOND","observedAt":null,"rawYield":0.053,"median":0.053,"secondSource":0.042,"flags":["second-source-disagreement"]}

stderr | tests/unit/value/valuation-round-4.test.ts > cross-checks US with Yahoo TNX in percent, caches daily, and refreshes next day
yields: US {"version":3,"date":"2026-10-06","yield":0.042,"source":"Yahoo ^TNX","symbol":"US10Y.GBOND","observedAt":null,"rawYield":0.053,"median":0.053,"secondSource":0.042,"flags":["second-source-disagreement"]}

stderr | tests/unit/value/valuation-round-4.test.ts > does not accept stale quotes or invent a local yield for an unsupported country
yields: ZZ {"version":3,"date":"2026-10-06","yield":null,"source":"unavailable","symbol":"ZZ10Y.GBOND","observedAt":null,"rawYield":null,"median":null,"secondSource":null,"flags":["missing-or-stale-series","outside-plausible-band","insufficient-median-history","no-local-yield"]}

 ✓ tests/unit/value/valuation-round-4.test.ts (23 tests) 1829ms
   ✓ cross-checks US with Yahoo TNX in percent, caches daily, and refreshes next day  400ms
 ✓ tests/unit/value/italy-client.test.ts (4 tests) 1689ms
   ✓ follows every filing page, deduplicates filing IDs and orders restatements chronologically  669ms
   ✓ resolves an exact recorded legal name when no ISIN is held  327ms
   ✓ retries an interrupted body without caching a partial response  666ms
 ✓ tests/unit/value/italy-stage.test.ts (4 tests) 1542ms
   ✓ retains a listed company and its prices when no ESEF filing is available  426ms
   ✓ preserves recorded bf history with no usable current quote  511ms
   ✓ preserves recorded illa history with no usable current quote  500ms
stdout | tests/unit/value/buy-consistency.test.ts > refreshes the published flags and funnel in the same price snapshot
prices summary: 1/1 fresh (100.00%); Yahoo 0; failed exchanges none; missing 0; status=ok

 ✓ tests/unit/value/buy-consistency.test.ts (7 tests) 1381ms
   ✓ refreshes the published flags and funnel in the same price snapshot  1288ms
 ✓ tests/unit/value/jev.test.ts (27 tests) 1123ms
 ✓ tests/unit/value/logo-fetch.test.ts (2 tests) 1013ms
   ✓ identifies the bot to Wikimedia and stops sending requests during Retry-After  1009ms
9:51:39 AM [vite] (ssr) warning: invalid import "../../../scripts/value/stages/${name}". A file extension must be included in the static part of the import. For example: import(`./foo/${bar}.js`).
  Plugin: vite:dynamic-import-vars
  File: /mnt/HC_Volume_107024928/value-rules/tests/unit/value/renormalize.test.ts
stdout | tests/unit/value/renormalize.test.ts > rebuilds every raw ID offline, preserves fetchedAt, skips fresh files and leaves no temporary files
renormalize: 2 written, 1 skipped (unchanged, recent or changed raw); 0 failed integrity
integrity failure breakdown (companies; reasons may overlap): {}
split-adjusted: 0 companies []

stdout | tests/unit/value/renormalize.test.ts > skips a raw file replaced during normalization
renormalize: 0 written, 1 skipped (unchanged, recent or changed raw); 0 failed integrity
integrity failure breakdown (companies; reasons may overlap): {}
split-adjusted: 0 companies []

stdout | tests/unit/value/renormalize.test.ts > rebuilds EDINET from raw with cached prices, restoring prior false adjustments offline
renormalize-edinet: 2 written, 1 missing cached issuer years or fundamentals
split-adjusted: 1 companies ["YES.JP"]

stdout | tests/unit/value/renormalize.test.ts > rebuilds EDINET from raw with cached prices, restoring prior false adjustments offline
renormalize-edinet: 2 written, 1 missing cached issuer years or fundamentals
split-adjusted: 1 companies ["YES.JP"]

stdout | tests/unit/value/renormalize.test.ts > rebuilds JP integrity from untruncated EDINET years without using EODHD or the network
renormalize: 1 written, 0 skipped (unchanged, recent or changed raw); 0 failed integrity
integrity failure breakdown (companies; reasons may overlap): {}
split-adjusted: 0 companies []

stdout | tests/unit/value/renormalize.test.ts > preserves existing integrity notes when an older JP checkpoint has no raw years
renormalize: 1 written, 0 skipped (unchanged, recent or changed raw); 0 failed integrity
integrity failure breakdown (companies; reasons may overlap): {}
split-adjusted: 0 companies []

stdout | tests/unit/value/renormalize.test.ts > renormalize applies only price-corroborated EDINET splits and preserves raw years
renormalize: 2 written, 0 skipped (unchanged, recent or changed raw); 1 failed integrity
integrity failure breakdown (companies; reasons may overlap): {"fewer than 7 annual periods":1}
split-adjusted: 1 companies ["YES.JP"]

stdout | tests/unit/value/renormalize.test.ts > renormalize applies only price-corroborated EDINET splits and preserves raw years
renormalize: 0 written, 2 skipped (unchanged, recent or changed raw); 1 failed integrity
integrity failure breakdown (companies; reasons may overlap): {"fewer than 7 annual periods":1}
split-adjusted: 1 companies ["YES.JP"]

stdout | tests/unit/value/renormalize.test.ts > renormalize-edinet applies only price-corroborated EDINET splits and preserves raw years
renormalize-edinet: 2 written, 0 missing cached issuer years or fundamentals
split-adjusted: 1 companies ["YES.JP"]

stdout | tests/unit/value/renormalize.test.ts > renormalize-edinet applies only price-corroborated EDINET splits and preserves raw years
renormalize-edinet: 2 written, 0 missing cached issuer years or fundamentals
split-adjusted: 1 companies ["YES.JP"]

stdout | tests/unit/value/renormalize.test.ts > reparses every cached filing in submission order instead of reusing stale issuer mappings
renormalize-edinet: 1 written, 0 missing cached issuer years or fundamentals
split-adjusted: 0 companies []

stdout | tests/unit/value/renormalize.test.ts > does not overwrite Yahoo fallback fundamentals with an older EODHD cache
renormalize: 0 written, 1 skipped (unchanged, recent or changed raw); 0 failed integrity
integrity failure breakdown (companies; reasons may overlap): {}
split-adjusted: 0 companies []

 ✓ tests/unit/value/renormalize.test.ts (9 tests) 1011ms
   ✓ rebuilds EDINET from raw with cached prices, restoring prior false adjustments offline  314ms
 ✓ tests/unit/value/design-round-twelve.test.ts (5 tests) 852ms
   ✓ hides the about line when a dossier has no real description  562ms
 ✓ tests/unit/value/japan-4.test.ts (14 tests) 796ms
 ✓ tests/unit/value/search.test.ts (19 tests) 687ms
   ✓ adaptive shards > splits recursively, keeps bounded market-cap heads and remaps aliases  553ms
 ✓ tests/unit/value/status-entrypoint.test.ts (2 tests) 615ms
   ✓ runs the status CLI without web-only dependencies ({"conditions":[]})  307ms
   ✓ runs the status CLI without web-only dependencies ({"conditions":["--conditions=react-server"]})  307ms
 ✓ tests/unit/value/design-snapshot.test.ts (1 test) 361ms
   ✓ freezes published data without mixing in local analyses or seed prices  359ms
 ✓ tests/unit/value/reviewed-price-history.test.ts (7 tests) 549ms
   ✓ rejects a second source that also conflicts rather than installing another unreviewed basis  501ms
 ✓ tests/unit/value/japan-stage.test.ts (9 tests) 527ms
   ✓ does not cache API error payloads or leak the API key in errors  337ms
 ✓ tests/unit/value/logo-sources.test.ts (17 tests) 501ms
stdout | tests/unit/value/japan.test.ts > reports preserves EDINET prose even when forced, with no SEC or ESEF requests
reports: 0/1 companies failed

 ✓ tests/unit/value/japan.test.ts (25 tests) 476ms
 ✓ tests/unit/value/enrichment-round7.test.ts (6 tests) 455ms
 ✓ tests/unit/value/japan-full-statements.test.ts (13 tests) 472ms
 ✓ tests/unit/value/esef-css.test.ts (1 test) 197ms
 ✓ tests/unit/value/budget-exit.test.ts (1 test) 508ms
   ✓ the real CLI reports exhausted yields as exit 75 before making an HTTP request  506ms
stdout | tests/unit/value/logo-new-members.test.ts > fetches an unpublished in-scope company and resumes approved assets without network
{
  total: 1,
  checked: 1,
  cached: 0,
  recovered: 1,
  unavailable: 0,
  sources: { manual: 1 }
}

stdout | tests/unit/value/logo-new-members.test.ts > fetches an unpublished in-scope company and resumes approved assets without network
{
  total: 1,
  checked: 0,
  cached: 1,
  recovered: 0,
  unavailable: 0,
  sources: {}
}

 ✓ tests/unit/value/logo-new-members.test.ts (1 test) 341ms
   ✓ fetches an unpublished in-scope company and resumes approved assets without network  339ms
 ✓ tests/unit/value/design-round-6.test.ts (8 tests) 319ms
stdout | tests/unit/value/selected-sources.test.ts > refreshes a weekly mover even when its recent source set is unchanged
price-story 1/1 T.US price=true risk=false pricing=false news=cached

stdout | tests/unit/value/selected-sources.test.ts > refreshes a weekly mover even when its recent source set is unchanged
price-story: 1/1 processed; published universe 1; weekly movers 1

 ✓ tests/unit/value/selected-sources.test.ts (53 tests) 337ms
stdout | tests/unit/value/existing-analysis-publish.test.ts > budget fallback publishes the released tree without loading changed or invalid local analysis
publish: retained existing released analysis after research budget exhaustion

 ✓ tests/unit/value/existing-analysis-publish.test.ts (1 test) 328ms
   ✓ budget fallback publishes the released tree without loading changed or invalid local analysis  327ms
stdout | tests/unit/value/price-history.test.ts > records monthly closes in order with the requested ten-year URL and skips fresh history
price-history: 1 written
price-history: 0/1 companies failed

stdout | tests/unit/value/price-history.test.ts > records monthly closes in order with the requested ten-year URL and skips fresh history
price-history: 0 written
price-history: 0/0 companies failed

stdout | tests/unit/value/price-history.test.ts > records monthly closes in order with the requested ten-year URL and skips fresh history
price-history: 1 written
price-history: 0/1 companies failed

stdout | tests/unit/value/price-history.test.ts > refreshes expired rows, filters before limit, and switches to Yahoo at the shared daily budget
price-history: 2 written
price-history: 0/2 companies failed

stdout | tests/unit/value/price-history.test.ts > uses Japanese local month and Yahoo ten-year monthly closes without EODHD budget calls
price-history: 1 written
price-history: 0/1 companies failed

stdout | tests/unit/value/price-history.test.ts > skips bad provider responses without replacing a cached file
price-history: 0 written
price-history: 1/1 companies failed

stdout | tests/unit/value/price-history.test.ts > continues through all companies despite consecutive failures and rejects above 20%
price-history: 1 written
price-history: 41/42 companies failed

stdout | tests/unit/value/price-history.test.ts > counts failed EODHD attempts against the daily budget
price-history: 0 written
price-history: 2/2 companies failed

stdout | tests/unit/value/price-history.test.ts > skips a failed Yahoo request and writes the next company
price-history: 1 written
price-history: 1/2 companies failed

stdout | tests/unit/value/price-history.test.ts > C7 falls back immediately on an exhausted budget and uses padded HK symbols
price-history: 1 written
price-history: 0/1 companies failed

stdout | tests/unit/value/price-history.test.ts > continues after malformed cached history metadata
price-history: 4 written
price-history: 1/5 companies failed

stderr | tests/unit/value/price-history.test.ts > records unavailable Japanese symbols without starving later history or replacing old prices
MISSING0.JP: Yahoo history unavailable

stderr | tests/unit/value/price-history.test.ts > records unavailable Japanese symbols without starving later history or replacing old prices
MISSING1.JP: Yahoo history unavailable

stderr | tests/unit/value/price-history.test.ts > records unavailable Japanese symbols without starving later history or replacing old prices
MISSING2.JP: Yahoo history unavailable

stderr | tests/unit/value/price-history.test.ts > records unavailable Japanese symbols without starving later history or replacing old prices
MISSING3.JP: Yahoo history unavailable

stderr | tests/unit/value/price-history.test.ts > records unavailable Japanese symbols without starving later history or replacing old prices
MISSING4.JP: Yahoo history unavailable

stderr | tests/unit/value/price-history.test.ts > records unavailable Japanese symbols without starving later history or replacing old prices
MISSING5.JP: Yahoo history unavailable

stderr | tests/unit/value/price-history.test.ts > records unavailable Japanese symbols without starving later history or replacing old prices
MISSING6.JP: Yahoo history unavailable

stderr | tests/unit/value/price-history.test.ts > records unavailable Japanese symbols without starving later history or replacing old prices
MISSING7.JP: Yahoo history unavailable

stderr | tests/unit/value/price-history.test.ts > records unavailable Japanese symbols without starving later history or replacing old prices
MISSING8.JP: Yahoo history unavailable

stderr | tests/unit/value/price-history.test.ts > records unavailable Japanese symbols without starving later history or replacing old prices
MISSING9.JP: Yahoo history unavailable

stderr | tests/unit/value/price-history.test.ts > records unavailable Japanese symbols without starving later history or replacing old prices
MISSING10.JP: Yahoo history unavailable

stderr | tests/unit/value/price-history.test.ts > records unavailable Japanese symbols without starving later history or replacing old prices
MISSING11.JP: Yahoo history unavailable

stderr | tests/unit/value/price-history.test.ts > records unavailable Japanese symbols without starving later history or replacing old prices
MISSING12.JP: Yahoo history unavailable

stderr | tests/unit/value/price-history.test.ts > records unavailable Japanese symbols without starving later history or replacing old prices
MISSING13.JP: Yahoo history unavailable

stderr | tests/unit/value/price-history.test.ts > records unavailable Japanese symbols without starving later history or replacing old prices
MISSING14.JP: Yahoo history unavailable

stderr | tests/unit/value/price-history.test.ts > records unavailable Japanese symbols without starving later history or replacing old prices
MISSING15.JP: Yahoo history unavailable

stderr | tests/unit/value/price-history.test.ts > records unavailable Japanese symbols without starving later history or replacing old prices
MISSING16.JP: Yahoo history unavailable

stderr | tests/unit/value/price-history.test.ts > records unavailable Japanese symbols without starving later history or replacing old prices
MISSING17.JP: Yahoo history unavailable

stderr | tests/unit/value/price-history.test.ts > records unavailable Japanese symbols without starving later history or replacing old prices
MISSING18.JP: Yahoo history unavailable

stderr | tests/unit/value/price-history.test.ts > records unavailable Japanese symbols without starving later history or replacing old prices
MISSING19.JP: Yahoo history unavailable

stderr | tests/unit/value/price-history.test.ts > records unavailable Japanese symbols without starving later history or replacing old prices
MISSING20.JP: Yahoo history unavailable

stdout | tests/unit/value/price-history.test.ts > records unavailable Japanese symbols without starving later history or replacing old prices
price-history: 1 written
price-history: 0/22 companies failed

stdout | tests/unit/value/price-history.test.ts > records unavailable Japanese symbols without starving later history or replacing old prices
price-history: 0 written
price-history: 0/0 companies failed

stdout | tests/unit/value/price-history.test.ts > limits price-history requests after ranking Western access then market cap
price-history: 1 written
price-history: 0/1 companies failed

stdout | tests/unit/value/price-history.test.ts > routes compatibility exchange EXAMPLE.NZ to Yahoo even with the paid history budget exhausted
price-history: 1 written
price-history: 0/1 companies failed

stdout | tests/unit/value/price-history.test.ts > routes compatibility exchange EXAMPLE.MI to Yahoo even with the paid history budget exhausted
price-history: 1 written
price-history: 0/1 companies failed

stdout | tests/unit/value/price-history.test.ts > honors VALUE_NO_EODHD for history without paid usage checks or reservations
price-history: 1 written
price-history: 0/1 companies failed

stdout | tests/unit/value/price-history.test.ts > caches a confirmed compatibility-exchange miss with its reason, preserves prices, and retries after the refresh window
price-history: 0 written
price-history: 0/1 companies failed

stderr | tests/unit/value/price-history.test.ts > caches a confirmed compatibility-exchange miss with its reason, preserves prices, and retries after the refresh window
MISSING.NZ: Yahoo history unavailable

stdout | tests/unit/value/price-history.test.ts > caches a confirmed compatibility-exchange miss with its reason, preserves prices, and retries after the refresh window
price-history: 0 written
price-history: 0/0 companies failed

stdout | tests/unit/value/price-history.test.ts > caches a confirmed compatibility-exchange miss with its reason, preserves prices, and retries after the refresh window
price-history: 1 written
price-history: 0/1 companies failed

stdout | tests/unit/value/price-history.test.ts > does not cache Yahoo HTTP 429 as a permanent miss
price-history: 0 written
price-history: 1/1 companies failed

stdout | tests/unit/value/price-history.test.ts > does not cache Yahoo HTTP 500 as a permanent miss
price-history: 0 written
price-history: 1/1 companies failed

 ✓ tests/unit/value/price-history.test.ts (41 tests) 349ms
stderr | tests/unit/value/fundamentals-stage.test.ts > continues the member backlog after a failed company
fundamentals: BAD.US EODHD 404; falling back to Yahoo annual statements

stderr | tests/unit/value/fundamentals-stage.test.ts > continues the member backlog after a failed company
fundamentals: BAD.US failed; continuing backlog

stderr | tests/unit/value/fundamentals-stage.test.ts > stores Yahoo annual fallback for RELIANCE.NZ with source evidence
fundamentals: RELIANCE.NZ EODHD 404; falling back to Yahoo annual statements

stderr | tests/unit/value/fundamentals-stage.test.ts > does not turn provider authentication failures into Yahoo fallback
fundamentals: BAD.US failed; continuing backlog

stderr | tests/unit/value/fundamentals-stage.test.ts > rejects an incompatible reporting currency refresh before replacing source records
fundamentals: FX.US failed; continuing backlog

 ✓ tests/unit/value/fundamentals-stage.test.ts (21 tests) 333ms
 ✓ tests/unit/value-format-surfaces.test.ts (6 tests) 297ms
 ✓ tests/unit/value-india.test.ts (26 tests) 289ms
 ✓ tests/unit/value/thesis-recorded.test.ts (24 tests) 239ms
stdout | tests/unit/value/japan-4-stage.test.ts > reuses a recorded H1 ZIP through the fetch stage and offline renormalization, preserving annual history on replay
japan-interim: 1 processed, 0 failed

stdout | tests/unit/value/japan-4-stage.test.ts > reuses a recorded H1 ZIP through the fetch stage and offline renormalization, preserving annual history on replay
renormalize-edinet: 1 written, 0 missing cached issuer years or fundamentals
split-adjusted: 0 companies []

stdout | tests/unit/value/japan-4-stage.test.ts > reuses a recorded H1 ZIP through the fetch stage and offline renormalization, preserving annual history on replay
renormalize-edinet: 1 written, 0 missing cached issuer years or fundamentals
split-adjusted: 0 companies []

 ✓ tests/unit/value/japan-4-stage.test.ts (1 test) 273ms
 ✓ tests/unit/value/dossier-currency.test.ts (9 tests) 214ms
 ✓ tests/unit/value/logo-validation.test.ts (6 tests) 220ms
 ✓ tests/unit/value/check-universe.test.ts (29 tests) 233ms
 ✓ tests/unit/value/checking.test.ts (6 tests) 225ms
 ✓ tests/unit/value/judgement.test.ts (17 tests) 183ms
 ✓ tests/unit/value/financial-quality.test.ts (28 tests) 186ms
 ✓ tests/unit/value/italy.test.ts (14 tests) 220ms
 ✓ tests/unit/value/investment-nav.test.ts (21 tests) 203ms
 ✓ tests/unit/value/acquisition-capital.test.ts (11 tests) 162ms
 ✓ tests/unit/value/eodhd-reset.test.ts (6 tests) 130ms
 ✓ tests/unit/value/logo-deep.test.ts (3 tests) 140ms
 ✓ tests/unit/value/valuation-methodology.test.ts (24 tests) 164ms
 ✓ tests/unit/agent-api/client.test.ts (1 test) 133ms
 ✓ tests/unit/value-since-return.test.ts (6 tests) 126ms
 ✓ tests/unit/value/quality-ltm.test.ts (17 tests) 125ms
 ✓ tests/unit/value/thesis-production.test.ts (7 tests) 107ms
 ✓ tests/unit/value/search-round7.test.ts (2 tests) 143ms
 ✓ tests/unit/value/completeness.test.ts (34 tests) 105ms
 ✓ tests/unit/value/story-disk.test.ts (3 tests) 103ms
 ✓ tests/unit/value/design-round-ten-b.test.ts (6 tests) 77ms
 ❯ tests/unit/value-cross-surface.test.ts (17 tests | 1 failed) 115ms
   ✓ cross-surface regression > renders the same excluding-acquisitions ROIC in the tile and drawer 42ms
   ✓ cross-surface regression > publishes annual net cash, includes investments once, and keeps gaps 2ms
   × audit detects drift > accepts matching captured surfaces 18ms
     → expected [Function] to not throw an error but 'AssertionError [ERR_ASSERTION]: AUDIT…' was thrown
   ✓ audit detects drift > rejects series drift 1ms
   ✓ audit detects drift > rejects currency drift 2ms
   ✓ audit detects drift > rejects format drift 1ms
   ✓ audit detects drift > rejects rounding drift 1ms
   ✓ audit detects drift > rejects year drift 1ms
   ✓ audit detects drift > rejects threshold drift 1ms
   ✓ audit detects drift > rejects count drift 1ms
   ✓ primary filing corrections > keeps per-share management numbers instead of substituting a share-count chart 1ms
   ✓ primary filing corrections > excludes Chubb long-term bonds and restricted cash from the cash aggregate 1ms
   ✓ reported annual SEC shares supersede a vendor count but preserve an issuer correction 2ms
   ✓ uses the filing likelihood chart in a drawer when no financial series exists 28ms
   ✓ calls a negative per-share change a decline 1ms
   ✓ checks a drawer-only financial context chart against its published book series 5ms
   ✓ allows older drawer value bands while enforcing the shared quote window 4ms
 ✓ tests/unit/value/integrity.test.ts (30 tests) 82ms
 ✓ tests/unit/value/logo-manual.test.ts (3 tests) 81ms
 ✓ tests/unit/value/esef-share-fallback.test.ts (3 tests) 90ms
 ✓ tests/unit/value/complete-2.test.ts (29 tests) 77ms
 ✓ tests/unit/value/history.test.ts (11 tests) 67ms
 ✓ tests/unit/agent-api/payment.test.ts (10 tests) 82ms
 ✓ tests/unit/value/memo-pdf-order.test.ts (1 test) 68ms
 ✓ tests/unit/inbound.test.ts (12 tests) 65ms
 ✓ tests/unit/value/completion-retention.test.ts (23 tests) 62ms
 ✓ tests/unit/value/coverage-integration.test.ts (1 test) 73ms
 ✓ tests/unit/value/dedupe.test.ts (14 tests) 75ms
 ✓ tests/unit/no-slop.test.ts (16 tests) 57ms
 ✓ tests/unit/value/components.test.ts (3 tests) 71ms
 ✓ tests/unit/value/performance.test.ts (15 tests) 62ms
 ✓ tests/unit/value/fix-round-1.test.ts (21 tests) 54ms
 ✓ tests/unit/value/western.test.ts (37 tests) 59ms
 ✓ tests/unit/value/universe-collapse.test.ts (78 tests) 48ms
 ✓ tests/unit/value/calibration-round-1.test.ts (40 tests) 66ms
 ✓ tests/unit/value/tests.test.ts (36 tests) 65ms
 ❯ tests/unit/value/snapshots-round7.test.ts (10 tests | 2 failed) 63ms
   ✓ code-only fiscal snapshots > uses the filing month, and adds three calendar months without end-of-month overflow 2ms
   ✓ code-only fiscal snapshots > ignores all future fiscal data, current integrity verdict, TTM and input order 31ms
   ✓ code-only fiscal snapshots > reruns the quality tests as of Y rather than copying a current verdict 5ms
   ✓ code-only fiscal snapshots > does not borrow a future/adjacent price and excludes unknown fiscal years 7ms
   × code-only fiscal snapshots > derives buy decisions from the same year value and its own margin of safety 11ms
     → expected 'PFPPP' to be 'PPPPP' // Object.is equality
   ✓ code-only fiscal snapshots > averages finite returns only within the all, quality and buy cohorts 1ms
   ✓ history cohort medians and hit rates > resists outliers and benchmarks every cohort against the whole universe median 0ms
   ✓ history cohort medians and hit rates > averages the middle pair and compares against the unrounded median 0ms
   ✓ history cohort medians and hit rates > excludes missing and nonfinite returns without shrinking total cohort sizes 1ms
   × includes a cash-rich historical company when the same cash flows clear the price and return hurdles 4ms
     → expected false to be true // Object.is equality
 ✓ tests/unit/parsers.test.ts (9 tests) 58ms
 ✓ tests/unit/value/verdict-attribution.test.ts (5 tests) 57ms
 ✓ tests/unit/value/polish.test.ts (12 tests) 53ms
 ✓ tests/unit/value/logo-discovery.test.ts (11 tests) 53ms
 ✓ tests/unit/value/http.test.ts (9 tests) 60ms
 ✓ tests/unit/agent-api/data.test.ts (22 tests) 47ms
stdout | tests/unit/value/thesis-stage.test.ts > makes no provider calls for unchanged inputs, refreshes changed inputs and 31-day-old results
thesis: eligible=1 cached=0 due=1 selected=1 deferred=0 callLimit=240

stdout | tests/unit/value/thesis-stage.test.ts > makes no provider calls for unchanged inputs, refreshes changed inputs and 31-day-old results
thesis TEST.US: ; 0 coverage gaps; 0 identical recorded calls reused

stdout | tests/unit/value/thesis-stage.test.ts > makes no provider calls for unchanged inputs, refreshes changed inputs and 31-day-old results
thesis: Jev calls=1/240; selected=1
thesis: 1 candidates processed; results in thesis/

stdout | tests/unit/value/thesis-stage.test.ts > makes no provider calls for unchanged inputs, refreshes changed inputs and 31-day-old results
thesis: eligible=1 cached=1 due=0 selected=0 deferred=0 callLimit=240

stdout | tests/unit/value/thesis-stage.test.ts > makes no provider calls for unchanged inputs, refreshes changed inputs and 31-day-old results
thesis: Jev calls=0/240; selected=0
thesis: 0 candidates processed; results in thesis/

stdout | tests/unit/value/thesis-stage.test.ts > makes no provider calls for unchanged inputs, refreshes changed inputs and 31-day-old results
thesis: eligible=1 cached=1 due=0 selected=0 deferred=0 callLimit=240

stdout | tests/unit/value/thesis-stage.test.ts > makes no provider calls for unchanged inputs, refreshes changed inputs and 31-day-old results
thesis: Jev calls=0/240; selected=0
thesis: 0 candidates processed; results in thesis/

stdout | tests/unit/value/thesis-stage.test.ts > makes no provider calls for unchanged inputs, refreshes changed inputs and 31-day-old results
thesis: eligible=1 cached=0 due=1 selected=1 deferred=0 callLimit=240

stdout | tests/unit/value/thesis-stage.test.ts > makes no provider calls for unchanged inputs, refreshes changed inputs and 31-day-old results
thesis TEST.US: ; 0 coverage gaps; 0 identical recorded calls reused

stdout | tests/unit/value/thesis-stage.test.ts > makes no provider calls for unchanged inputs, refreshes changed inputs and 31-day-old results
thesis: Jev calls=1/240; selected=1
thesis: 1 candidates processed; results in thesis/

stdout | tests/unit/value/thesis-stage.test.ts > makes no provider calls for unchanged inputs, refreshes changed inputs and 31-day-old results
thesis: eligible=1 cached=0 due=1 selected=1 deferred=0 callLimit=240

stdout | tests/unit/value/thesis-stage.test.ts > makes no provider calls for unchanged inputs, refreshes changed inputs and 31-day-old results
thesis TEST.US: ; 0 coverage gaps; 0 identical recorded calls reused

stdout | tests/unit/value/thesis-stage.test.ts > makes no provider calls for unchanged inputs, refreshes changed inputs and 31-day-old results
thesis: Jev calls=1/240; selected=1
thesis: 1 candidates processed; results in thesis/

stdout | tests/unit/value/thesis-stage.test.ts > filters cached and out-of-scope companies before applying the company limit
thesis: eligible=1 cached=0 due=1 selected=1 deferred=0 callLimit=240

stdout | tests/unit/value/thesis-stage.test.ts > filters cached and out-of-scope companies before applying the company limit
thesis TEST.US: ; 0 coverage gaps; 0 identical recorded calls reused

stdout | tests/unit/value/thesis-stage.test.ts > filters cached and out-of-scope companies before applying the company limit
thesis: Jev calls=1/240; selected=1
thesis: 1 candidates processed; results in thesis/

stdout | tests/unit/value/thesis-stage.test.ts > filters cached and out-of-scope companies before applying the company limit
thesis: eligible=2 cached=1 due=1 selected=1 deferred=0 callLimit=240

stdout | tests/unit/value/thesis-stage.test.ts > filters cached and out-of-scope companies before applying the company limit
thesis NEXT.US: ; 0 coverage gaps; 0 identical recorded calls reused

stdout | tests/unit/value/thesis-stage.test.ts > filters cached and out-of-scope companies before applying the company limit
thesis: Jev calls=1/240; selected=1
thesis: 1 candidates processed; results in thesis/

stdout | tests/unit/value/thesis-stage.test.ts > caps default work at twelve companies and reports the actual call count
thesis: eligible=15 cached=0 due=15 selected=12 deferred=3 callLimit=240

stdout | tests/unit/value/thesis-stage.test.ts > caps default work at twelve companies and reports the actual call count
thesis C0.US: ; 0 coverage gaps; 0 identical recorded calls reused

stdout | tests/unit/value/thesis-stage.test.ts > caps default work at twelve companies and reports the actual call count
thesis C1.US: ; 0 coverage gaps; 0 identical recorded calls reused

stdout | tests/unit/value/thesis-stage.test.ts > caps default work at twelve companies and reports the actual call count
thesis C10.US: ; 0 coverage gaps; 0 identical recorded calls reused

stdout | tests/unit/value/thesis-stage.test.ts > caps default work at twelve companies and reports the actual call count
thesis C11.US: ; 0 coverage gaps; 0 identical recorded calls reused

stdout | tests/unit/value/thesis-stage.test.ts > caps default work at twelve companies and reports the actual call count
thesis C12.US: ; 0 coverage gaps; 0 identical recorded calls reused

stdout | tests/unit/value/thesis-stage.test.ts > caps default work at twelve companies and reports the actual call count
thesis C13.US: ; 0 coverage gaps; 0 identical recorded calls reused

stdout | tests/unit/value/thesis-stage.test.ts > caps default work at twelve companies and reports the actual call count
thesis C14.US: ; 0 coverage gaps; 0 identical recorded calls reused

stdout | tests/unit/value/thesis-stage.test.ts > caps default work at twelve companies and reports the actual call count
thesis C2.US: ; 0 coverage gaps; 0 identical recorded calls reused

stdout | tests/unit/value/thesis-stage.test.ts > caps default work at twelve companies and reports the actual call count
thesis C3.US: ; 0 coverage gaps; 0 identical recorded calls reused

stdout | tests/unit/value/thesis-stage.test.ts > caps default work at twelve companies and reports the actual call count
thesis C4.US: ; 0 coverage gaps; 0 identical recorded calls reused

stdout | tests/unit/value/thesis-stage.test.ts > caps default work at twelve companies and reports the actual call count
thesis C5.US: ; 0 coverage gaps; 0 identical recorded calls reused

stdout | tests/unit/value/thesis-stage.test.ts > caps default work at twelve companies and reports the actual call count
thesis C6.US: ; 0 coverage gaps; 0 identical recorded calls reused

stdout | tests/unit/value/thesis-stage.test.ts > caps default work at twelve companies and reports the actual call count
thesis: Jev calls=12/240; selected=12
thesis: 12 candidates processed; results in thesis/

stdout | tests/unit/value/thesis-stage.test.ts > stops at the Jev call budget without saving a partial thesis
thesis: eligible=1 cached=0 due=1 selected=1 deferred=0 callLimit=240

stdout | tests/unit/value/thesis-stage.test.ts > stops at the Jev call budget without saving a partial thesis
thesis: Jev calls=240/240; selected=1

 ✓ tests/unit/value/thesis-stage.test.ts (4 tests) 48ms
stdout | tests/unit/value/companies.test.ts > writes enriched descriptions to business.txt for description-only reports
reports: 0/1 companies failed

stdout | tests/unit/value/companies.test.ts > C4 shared company loading and reports skip bad IDs and allow ampersands
reports: 0/4 companies failed

stdout | tests/unit/value/companies.test.ts > reports continues with the universe description when company enrichment is malformed
reports: 1/5 companies failed

stdout | tests/unit/value/companies.test.ts > spends a limited report run on Western access first, then market cap
reports: 0/1 companies failed

 ✓ tests/unit/value/companies.test.ts (16 tests) 47ms
 ✓ tests/unit/value/quarterly.test.ts (14 tests) 52ms
 ✓ tests/unit/agent-api/http.test.ts (3 tests) 48ms
 ✓ tests/unit/value/design-round-4.test.ts (5 tests) 48ms
 ✓ tests/unit/value/valuation-round-3.test.ts (17 tests) 62ms
 ✓ tests/unit/value/logo.test.ts (5 tests) 38ms
 ✓ tests/unit/value/final-fixes.test.ts (17 tests) 51ms
 ✓ tests/unit/value/fix-five.test.ts (9 tests) 42ms
 ✓ tests/unit/value/site-round1.test.ts (4 tests) 58ms
stdout | tests/unit/value/blob-publish.test.ts > uploads byte-identical allowed files under a version before switching the pointer
blob publish: 1 files, 13 bytes, version f42ca84c3fb6e9e3dbf9ffadc495ba050fa6e8319f2259e74d853d0c01398582

stdout | tests/unit/value/blob-publish.test.ts > changes version when bytes change and safely resumes an already active snapshot
blob publish: 1 files, 13 bytes, version f42ca84c3fb6e9e3dbf9ffadc495ba050fa6e8319f2259e74d853d0c01398582

stdout | tests/unit/value/blob-publish.test.ts > changes version when bytes change and safely resumes an already active snapshot
blob publish: 1 files, 2 bytes, version 45f058a27b5d735f02499616380526b62cd3d4e7fcfe6bf0d298d9567d725ed0

stdout | tests/unit/value/blob-publish.test.ts > retains hashed files in a shared immutable namespace as well as the versioned snapshot
blob publish: 2 files, 25 bytes, version 45f790d4bae45db957ebe55165a81d47e263deb9797e7127cdadf997419345c2

 ✓ tests/unit/value/blob-publish.test.ts (4 tests) 43ms
stdout | tests/unit/value/index-membership-stage.test.ts > uses the parsed dated fallback without spending beyond the remaining budget
S&P 500: 1/1 mapped; 0 excluded; 0 unmatched
index-membership: 1 companies; complete=true; EODHD ledger=99997

stdout | tests/unit/value/index-membership-stage.test.ts > keeps unmatched evidence and fails the coverage gate
S&P 500: 0/1 mapped; 0 excluded; 1 unmatched
index-membership: 0 companies; complete=false; EODHD ledger=99997

stdout | tests/unit/value/index-membership-stage.test.ts > retains a verified missing listing identity without rewriting the upstream universe
S&P 500: 1/1 mapped; 0 excluded; 0 unmatched
index-membership: 1 companies; complete=true; EODHD ledger=99997

stdout | tests/unit/value/index-membership-stage.test.ts > uses all cached exchanges to identify constituents absent from the home exchange cache
S&P 500: 1/1 mapped; 0 excluded; 0 unmatched
index-membership: 1 companies; complete=true; EODHD ledger=99997

stdout | tests/unit/value/index-membership-stage.test.ts > audits excluded fund rows as resolved while omitting their site memberships
S&P 500: 0/1 mapped; 1 excluded; 0 unmatched
index-membership: 0 companies; complete=true; EODHD ledger=99997

stdout | tests/unit/value/index-membership-stage.test.ts > does not classify an operating issuer using a colliding vendor ETF ticker
S&P 500: 1/1 mapped; 0 excluded; 0 unmatched
index-membership: 1 companies; complete=true; EODHD ledger=99997

stdout | tests/unit/value/index-membership-stage.test.ts > keeps a missing issuer unmatched when its vendor mnemonic collides with an unrelated ETF
S&P 500: 0/1 mapped; 0 excluded; 1 unmatched
index-membership: 0 companies; complete=false; EODHD ledger=99997

 ✓ tests/unit/value/index-membership-stage.test.ts (7 tests) 55ms
 ✓ tests/unit/value/understandable-improvement.test.ts (19 tests) 31ms
 ✓ tests/unit/value/viz.test.ts (7 tests) 38ms
 ✓ tests/unit/unified-format.test.ts (5 tests) 29ms
 ✓ tests/unit/value/predecessor-history.test.ts (11 tests) 34ms
 ✓ tests/unit/value/store.test.ts (5 tests) 31ms
 ✓ tests/unit/value/valuation.test.ts (32 tests) 32ms
 ✓ tests/unit/value/calibration-round-4.test.ts (27 tests) 37ms
 ✓ tests/unit/value/owner-memo.test.ts (25 tests) 37ms
 ✓ tests/unit/value-design-sixteen.test.ts (5 tests) 50ms
 ✓ tests/unit/value/universe-round6.test.ts (42 tests) 40ms
stderr | tests/unit/value/resilient-prices.test.ts > recovers a recorded NSE bulk 404 with Yahoo and continues later exchanges
prices: exchange NSE failed: EODHD HTTP 404; falling back to Yahoo

stdout | tests/unit/value/resilient-prices.test.ts > recovers a recorded NSE bulk 404 with Yahoo and continues later exchanges
prices summary: 2/2 fresh (100.00%); Yahoo 1; failed exchanges NSE; missing 0; status=ok

stdout | tests/unit/value/resilient-prices.test.ts > persists successes and requires >=95 percent fresh closes (1 failed)
prices summary: 19/20 fresh (95.00%); Yahoo 0; failed exchanges none; missing 1; status=ok

stderr | tests/unit/value/resilient-prices.test.ts > persists successes and requires >=95 percent fresh closes (1 failed)
prices: skipped C0.US: unavailable

stderr | tests/unit/value/resilient-prices.test.ts > persists successes and requires >=95 percent fresh closes (2 failed)
prices: skipped C0.US: unavailable

stdout | tests/unit/value/resilient-prices.test.ts > persists successes and requires >=95 percent fresh closes (2 failed)
prices summary: 18/20 fresh (90.00%); Yahoo 0; failed exchanges none; missing 2; status=partial

stderr | tests/unit/value/resilient-prices.test.ts > persists successes and requires >=95 percent fresh closes (2 failed)
prices: skipped C1.US: unavailable

stderr | tests/unit/value/resilient-prices.test.ts > does not count stale/future closes or older responses rejected by the price merge
prices: skipped STALE.US: unavailable

stdout | tests/unit/value/resilient-prices.test.ts > does not count stale/future closes or older responses rejected by the price merge
prices summary: 0/3 fresh (0.00%); Yahoo 0; failed exchanges none; missing 3; status=partial

stderr | tests/unit/value/resilient-prices.test.ts > does not count stale/future closes or older responses rejected by the price merge
prices: skipped FUTURE.US: unavailable

 ✓ tests/unit/value/resilient-prices.test.ts (8 tests) 46ms
 ✓ tests/unit/value/flags-inline.test.ts (4 tests) 38ms
stderr | tests/unit/value/forward.test.ts > forward snapshot > writes once, accepts identical reordered content, and keeps the first record of a day when later content differs
publish: kept existing forward/2026-10-01.json; forward records are immutable

 ❯ tests/unit/value/forward.test.ts (9 tests | 1 failed) 39ms
   × forward snapshot > starts at the live method and records picks, quotes and the complete benchmark 10ms
     → expected '3.5.0' to be '3.4.0' // Object.is equality
   ✓ forward snapshot > writes once, accepts identical reordered content, and keeps the first record of a day when later content differs 9ms
   ✓ forward performance > retains all picks, enters new picks only after their first snapshot and compounds equal weights 13ms
   ✓ forward performance > does not drop missing holdings, seed quotes, currency changes or unknown dividend coverage 2ms
   ✓ forward performance > uses comparable dividend-inclusive levels only, and adjusts price returns for splits 1ms
   ✓ forward performance > hides the home line until 30 recorded days, not wall-clock days 1ms
   ✓ forward performance > rejects duplicate dates and never fabricates missing portfolio returns 1ms
   ✓ leaves dividend-inclusive performance unavailable on the first day without dividend coverage 0ms
   ✓ keeps exited members in the observation set and rejects future or invalid quotes 1ms
 ✓ tests/unit/value/logo-install.test.ts (1 test) 34ms
 ✓ tests/unit/value/design-round-nine.test.ts (2 tests) 36ms
stdout | tests/unit/value-india-write.test.ts > writes only the selected canonical India fundamentals and its single cache; analysis and other issuers remain byte-identical
TCS.NSE: obtained=1, retained=1, balance=1, cashFlow=1, written=true, failures=0

 ✓ tests/unit/value-india-write.test.ts (1 test) 55ms
 ✓ tests/unit/value/thesis-evidence.test.ts (8 tests) 26ms
 ✓ tests/unit/value/brand.test.ts (2 tests) 41ms
stdout | tests/unit/value/prices-stage.test.ts > publishes successful quotes before setting stage outcome at 95 percent (1 missing)
prices summary: 19/20 fresh (95.00%); Yahoo 0; failed exchanges none; missing 1; status=ok

stderr | tests/unit/value/prices-stage.test.ts > publishes successful quotes before setting stage outcome at 95 percent (1 missing)
prices: skipped C0.US: Unavailable

stdout | tests/unit/value/prices-stage.test.ts > publishes successful quotes before setting stage outcome at 95 percent (1 missing)
prices: 20 published companies, unchanged quotes

stderr | tests/unit/value/prices-stage.test.ts > publishes successful quotes before setting stage outcome at 95 percent (2 missing)
prices: skipped C0.US: Unavailable

stdout | tests/unit/value/prices-stage.test.ts > publishes successful quotes before setting stage outcome at 95 percent (2 missing)
prices summary: 18/20 fresh (90.00%); Yahoo 0; failed exchanges none; missing 2; status=partial

stderr | tests/unit/value/prices-stage.test.ts > publishes successful quotes before setting stage outcome at 95 percent (2 missing)
prices: skipped C1.US: Unavailable

stdout | tests/unit/value/prices-stage.test.ts > publishes successful quotes before setting stage outcome at 95 percent (2 missing)
prices: 20 published companies, unchanged quotes

 ✓ tests/unit/value/prices-stage.test.ts (2 tests) 33ms
 ✓ tests/unit/value/forward-view.test.ts (3 tests) 51ms
 ✓ tests/unit/value/return-consistency.test.ts (6 tests) 25ms
 ✓ tests/unit/agents/mcp.test.ts (8 tests) 32ms
 ✓ tests/unit/value/rule-reading.test.ts (9 tests | 1 skipped) 42ms
 ✓ tests/unit/value/design-contract.test.ts (6 tests) 29ms
 ✓ tests/unit/reconstruct.test.ts (7 tests) 19ms
 ✓ tests/unit/bottom-bar-hydration.test.ts (12 tests) 32ms
 ✓ tests/unit/value/reported-facts.test.ts (8 tests) 32ms
 ✓ tests/unit/value/valuation-v2.test.ts (9 tests) 25ms
 ✓ tests/unit/value/refresh-fundamentals.test.ts (9 tests) 28ms
 ✓ tests/unit/value/yahoo-fundamentals.test.ts (3 tests) 25ms
 ✓ tests/unit/value/targeted-story.test.ts (3 tests) 35ms
 ✓ tests/unit/value/design-thirteen.test.ts (4 tests) 21ms
 ✓ tests/unit/agents/discovery.test.ts (4 tests) 31ms
 ✓ tests/unit/value/proxy.test.ts (37 tests) 26ms
 ✓ tests/unit/format.test.ts (3 tests) 22ms
 ✓ tests/unit/value/calibration-round-3.test.ts (11 tests) 29ms
 ✓ tests/unit/value/annual-source-corrections.test.ts (19 tests) 24ms
 ✓ tests/unit/value/calibration-round-2.test.ts (16 tests) 35ms
 ✓ tests/unit/value/integration-review.test.ts (8 tests) 15ms
 ✓ tests/unit/value/nightly-history.test.ts (4 tests) 20ms
 ✓ tests/unit/value/presentation-currency.test.ts (3 tests) 21ms
 ✓ tests/unit/value/flags-materiality.test.ts (11 tests) 24ms
 ✓ tests/unit/value/logo-report.test.ts (1 test) 21ms
 ✓ tests/unit/value/price-history-splits.test.ts (6 tests) 16ms
stdout | tests/unit/value/history-returns-cache-only.test.ts > retains a dated cached return without network or freshness changes (force=false)
history returns: 0 refreshed, 1 cached, 0 failed

stdout | tests/unit/value/history-returns-cache-only.test.ts > retains a dated cached return without network or freshness changes (force=true)
history returns: 0 refreshed, 1 cached, 0 failed

stdout | tests/unit/value/history-returns-cache-only.test.ts > reports missing return caches without attempting any provider
history returns: 0 refreshed, 0 cached, 1 failed

 ✓ tests/unit/value/history-returns-cache-only.test.ts (3 tests) 20ms
 ✓ tests/unit/value/rules-candidates.test.ts (11 tests) 22ms
 ✓ tests/unit/value/buffett-calibration.test.ts (10 tests) 27ms
 ✓ tests/unit/value/logo-publication.test.ts (1 test) 23ms
 ✓ tests/unit/value/memo-plain.test.ts (20 tests) 18ms
 ✓ tests/unit/value/memo-sources.test.ts (2 tests) 14ms
 ✓ tests/unit/value/shard.test.ts (3 tests) 23ms
 ✓ tests/unit/value/source-currency.test.ts (3 tests) 26ms
 ✓ tests/unit/value/financial-v2.test.ts (7 tests) 21ms
 ✓ tests/unit/value/publication-capitalization.test.ts (15 tests) 31ms
 ✓ tests/unit/value/fx.test.ts (4 tests) 28ms
 ✓ tests/unit/value-main-layout.test.ts (4 tests) 20ms
 ✓ tests/unit/value/thesis-amounts.test.ts (11 tests) 14ms
 ✓ tests/unit/value-holder-record.test.ts (3 tests) 17ms
 ✓ tests/unit/value/thesis-v2.test.ts (9 tests) 22ms
 ✓ tests/unit/value/browser-data-route.test.ts (9 tests) 22ms
 ✓ tests/unit/value/private-source.test.ts (7 tests) 23ms
 ✓ tests/unit/value/held-routes.test.ts (3 tests) 16ms
 ✓ tests/unit/value/split-scope.test.ts (4 tests) 11ms
 ✓ tests/unit/value/nightly-budget.test.ts (4 tests) 20ms
 ✓ tests/unit/value/annual-inline.test.ts (4 tests) 13ms
 ✓ tests/unit/unified-search.test.ts (32 tests) 18ms
 ✓ tests/unit/value/memo-reader.test.ts (4 tests) 19ms
 ✓ tests/unit/value/history-split-basis.test.ts (1 test) 15ms
 ✓ tests/unit/value/capital-series-consistency.test.ts (2 tests) 17ms
 ✓ tests/unit/value/issuer-store.test.ts (1 test) 18ms
 ✓ tests/unit/value/cached-calibration.test.ts (1 test) 10ms
 ✓ tests/unit/value/ltm-stability.test.ts (2 tests) 16ms
 ✓ tests/unit/value/business-queue.test.ts (3 tests) 16ms
 ✓ tests/unit/value/predecessor-ui.test.ts (3 tests) 15ms
 ✓ tests/unit/value/issuer-identity.test.ts (5 tests) 8ms
 ✓ tests/unit/agents/representations.test.ts (15 tests) 15ms
 ✓ tests/unit/value/index-membership.test.ts (11 tests) 11ms
 ✓ tests/unit/search-rank.test.ts (4 tests) 10ms
 ✓ tests/unit/value/revalidate.test.ts (4 tests) 12ms
 ✓ tests/unit/value/memo-claims.test.ts (2 tests) 9ms
 ✓ tests/unit/value/business-fit.test.ts (6 tests) 12ms
 ✓ tests/unit/value/held-universe.test.ts (6 tests) 17ms
 ✓ tests/unit/value/flags.test.ts (12 tests) 11ms
 ✓ tests/unit/value/memo-price-reference.test.ts (2 tests) 10ms
 ✓ tests/unit/value/screener.test.ts (2 tests) 10ms
 ✓ tests/unit/newsletter.test.ts (5 tests) 9ms
 ✓ tests/unit/value/memo-typed-facts.test.ts (2 tests) 9ms
 ✓ tests/unit/value/esef-parent-totals.test.ts (3 tests) 10ms
 ✓ tests/unit/value/calibration-freeze.test.ts (1 test) 8ms
 ✓ tests/unit/value/memo-consistency.test.ts (2 tests) 10ms
 ✓ tests/unit/agent-api/proxy.test.ts (1 test) 7ms
 ✓ tests/unit/agents/unified-company.test.ts (3 tests) 9ms
 ✓ tests/unit/value/flags-extract.test.ts (5 tests) 10ms
 ✓ tests/unit/value/bond-fallback.test.ts (2 tests) 12ms
 ✓ tests/unit/value/logo-fill.test.ts (2 tests) 10ms
 ✓ tests/unit/value/fund-exclusion.test.ts (4 tests) 11ms
 ✓ tests/unit/value/round-seven.test.ts (3 tests) 7ms
 ✓ tests/unit/value/protection-routing.test.ts (1 test) 7ms
 ✓ tests/unit/value/reported-periods.test.ts (5 tests) 9ms
 ✓ tests/unit/value/robots.test.ts (3 tests) 12ms
 ✓ tests/unit/value/design-round-ten.test.ts (3 tests) 6ms
 ✓ tests/unit/value/flags-consistency.test.ts (3 tests) 6ms
 ✓ tests/unit/value/memo-facts.test.ts (3 tests) 7ms
 ✓ tests/unit/value/judgement-budget.test.ts (1 test) 7ms
 ✓ tests/unit/value/firewall-policy.test.ts (2 tests) 6ms
 ✓ tests/unit/value-drawers.test.ts (4 tests) 7ms
 ✓ tests/unit/treemap.test.ts (4 tests) 12ms
 ✓ tests/unit/value/ops.test.ts (9 tests) 8ms
 ✓ tests/unit/value/targeted-store.test.ts (4 tests) 6ms
 ✓ tests/unit/value/thesis.test.ts (4 tests) 8ms
 ✓ tests/unit/value/view-filter.test.ts (2 tests) 5ms
 ✓ tests/unit/json-reader.test.ts (1 test) 5ms
 ✓ tests/unit/value/round-eight.test.ts (3 tests) 6ms
 ✓ tests/unit/value/viz-round3.test.ts (4 tests) 5ms
 ✓ tests/unit/value/thesis-refresh.test.ts (4 tests) 6ms
 ✓ tests/unit/checklist-verdict.test.ts (3 tests) 4ms
 ✓ tests/unit/value/us-gaap-text.test.ts (3 tests) 6ms
 ✓ tests/unit/value-description.test.ts (5 tests) 7ms
 ✓ tests/unit/value/retired-issuer-aliases.test.ts (1 test) 4ms
 ✓ tests/unit/value/ltm-evidence.test.ts (1 test) 5ms
 ✓ tests/unit/value/company-holders.test.ts (2 tests) 4ms
 ✓ tests/unit/value/memo-inputs.test.ts (2 tests) 6ms
 ✓ tests/unit/value/rules-completeness.test.ts (1 test) 5ms
 ✓ tests/unit/value/search-shard.test.ts (12 tests) 6ms
 ✓ tests/unit/value-share-basis.test.ts (1 test) 4ms
 ✓ tests/unit/value/design-presentation.test.ts (3 tests) 4ms
 ✓ tests/unit/value-density.test.ts (3 tests) 4ms
 ✓ tests/unit/value-quality.test.ts (3 tests) 4ms
 ✓ tests/unit/value/stable-story.test.ts (1 test) 3ms
 ✓ tests/unit/fingerprint.test.ts (1 test) 5ms
 ✓ tests/unit/value/financial-sic.test.ts (2 tests) 3ms
 ✓ tests/unit/value/business-lines.test.ts (1 test) 3ms

⎯⎯⎯⎯⎯⎯⎯ Failed Tests 9 ⎯⎯⎯⎯⎯⎯⎯

 FAIL  tests/unit/value-cross-surface.test.ts > audit detects drift > accepts matching captured surfaces
AssertionError: expected [Function] to not throw an error but 'AssertionError [ERR_ASSERTION]: AUDIT…' was thrown

- Expected:
undefined

+ Received:
"AssertionError [ERR_ASSERTION]: AUDIT.US moat applied rule: expected ✓ Typical minus recent gross margin 0.0% ≤ 4.0%"

 ❯ tests/unit/value-cross-surface.test.ts:31:110


⎯⎯⎯⎯⎯⎯⎯⎯⎯⎯⎯⎯⎯⎯⎯⎯⎯⎯⎯⎯⎯⎯⎯⎯[1/9]⎯

 FAIL  tests/unit/value/forward.test.ts > forward snapshot > starts at the live method and records picks, quotes and the complete benchmark
AssertionError: expected '3.5.0' to be '3.4.0' // Object.is equality

Expected: "3.4.0"
Received: "3.5.0"

 ❯ tests/unit/value/forward.test.ts:20:26
     18| describe('forward snapshot',()=>{
     19|  it('starts at the live method and records picks, quotes and the compl…
     20|   expect(METHOD_VERSION).toBe('3.4.0');
       |                          ^
     21|   expect(METHOD_CHANGES[0]).toMatchObject({version:'3.4.0',date:'2026-…
     22|   expect(METHOD_CHANGES.at(-1)).toMatchObject({version:'3.0.0',date:'2…

⎯⎯⎯⎯⎯⎯⎯⎯⎯⎯⎯⎯⎯⎯⎯⎯⎯⎯⎯⎯⎯⎯⎯⎯[2/9]⎯

 FAIL  tests/unit/value/normalize.test.ts > persists raw data, merges company metadata and refreshes on every rolling pass, including when forced
Error: Test timed out in 5000ms.
If this is a long-running test, pass a timeout value as the last argument or configure it globally with "testTimeout".
 ❯ tests/unit/value/normalize.test.ts:48:1
     46|     expect(normalizeEodhd(null, "NONE.US").fundamentals.integrity.ok).…
     47|   });
     48| });
       | ^
     49|
     50| it("persists raw data, merges company metadata and refreshes on every …

⎯⎯⎯⎯⎯⎯⎯⎯⎯⎯⎯⎯⎯⎯⎯⎯⎯⎯⎯⎯⎯⎯⎯⎯[3/9]⎯

 FAIL  tests/unit/value/ops-integration.test.ts > runner resumes from the last successful filing day, refreshes it, and advances only after success
Error: Test timed out in 5000ms.
If this is a long-running test, pass a timeout value as the last argument or configure it globally with "testTimeout".
 ❯ tests/unit/value/ops-integration.test.ts:137:1
    135|   expect(calls.filter(([stage]) => ['prices', 'price-history', 'report…
    136| });
    137| it('runner resumes from the last successful filing day, refreshes it, …
       | ^
    138|   const today = new Date().toISOString().slice(0, 10);
    139|   writeCorpusJson('raw/edinet/summary.json', { from: '2024-09-01', to:…

⎯⎯⎯⎯⎯⎯⎯⎯⎯⎯⎯⎯⎯⎯⎯⎯⎯⎯⎯⎯⎯⎯⎯⎯[4/9]⎯

 FAIL  tests/unit/value/ops-integration.test.ts > runner retains the pending filing range after Japan is skipped
 FAIL  tests/unit/value/ops-integration.test.ts > runner retains the pending filing range after Japan is interrupted
Error: Test timed out in 5000ms.
If this is a long-running test, pass a timeout value as the last argument or configure it globally with "testTimeout".
 ❯ tests/unit/value/ops-integration.test.ts:147:46
    145|   expect(stageCalls().filter(([stage]) => stage === 'japan')[1]).toEqu…
    146| });
    147| it.each(['failure', 'skipped', 'interrupted'])('runner retains the pen…
       |                                              ^
    148|   const today = new Date().toISOString().slice(0, 10);
    149|   writeCorpusJson('raw/edinet/summary.json', { from: '2024-09-01', to:…

⎯⎯⎯⎯⎯⎯⎯⎯⎯⎯⎯⎯⎯⎯⎯⎯⎯⎯⎯⎯⎯⎯⎯⎯[5/9]⎯

 FAIL  tests/unit/value/publish.test.ts > stamps every published dossier and index row with the live method
AssertionError: expected '3.5.0' to be '3.4.0' // Object.is equality

Expected: "3.4.0"
Received: "3.5.0"

 ❯ tests/unit/value/publish.test.ts:852:94
    850|  for(const [file,data] of Object.entries(files)){
    851|   if(file.startsWith('dossiers/'))for(const d of Object.values(data as…
    852|   if(file.startsWith('index/'))for(const row of data as IndexRow[])exp…
       |                                                                                              ^
    853|  }
    854| });

⎯⎯⎯⎯⎯⎯⎯⎯⎯⎯⎯⎯⎯⎯⎯⎯⎯⎯⎯⎯⎯⎯⎯⎯[6/9]⎯

 FAIL  tests/unit/value/snapshots-round7.test.ts > code-only fiscal snapshots > derives buy decisions from the same year value and its own margin of safety
AssertionError: expected 'PFPPP' to be 'PPPPP' // Object.is equality

Expected: "PPPPP"
Received: "PFPPP"

 ❯ tests/unit/value/snapshots-round7.test.ts:42:20
     40|     const low = snapshotForYear({...base,fy:2016,prices:[...prices.fil…
     41|     const high = snapshotForYear({...base,fy:2016,prices:[...prices.fi…
     42|     expect(low[1]).toBe('PPPPP'); expect(low[3]).toBe(true);
       |                    ^
     43|     expect(high[3]).toBe(false); expect(high[2]!).toBeCloseTo(low[2]!*…
     44|   });

⎯⎯⎯⎯⎯⎯⎯⎯⎯⎯⎯⎯⎯⎯⎯⎯⎯⎯⎯⎯⎯⎯⎯⎯[7/9]⎯

 FAIL  tests/unit/value/snapshots-round7.test.ts > includes a cash-rich historical company when the same cash flows clear the price and return hurdles
AssertionError: expected false to be true // Object.is equality

- Expected
+ Received

- true
+ false

 ❯ tests/unit/value/snapshots-round7.test.ts:99:18
     97|   // The excess-cash adjustment belongs to both value and the return g…
     98|   expect(row[2]).toBeLessThan(.75);
     99|   expect(row[3]).toBe(true);
       |                  ^
    100| });
    101|

⎯⎯⎯⎯⎯⎯⎯⎯⎯⎯⎯⎯⎯⎯⎯⎯⎯⎯⎯⎯⎯⎯⎯⎯[8/9]⎯


 Test Files  6 failed | 233 passed (239)
      Tests  9 failed | 2326 passed | 1 skipped (2336)
   Start at  09:48:26
   Duration  302.98s (transform 7.65s, setup 0ms, collect 41.42s, tests 191.19s, environment 62ms, prepare 18.82s)
