
> superinvestors@0.1.0 test
> vitest run --maxWorkers=1


 RUN  v3.2.7 /mnt/HC_Volume_107024928/value-rules

stdout | tests/unit/value/publish.test.ts > buildOutput > adds a held nonmember locally while preserving every existing dossier and country row
Private share residual: 0; quality passes: 0
publish: 2 companies written locally to /Users/miki/value-corpus/publish-test-OB4PVR/candidate; no commit, push or revalidation

stdout | tests/unit/value/publish.test.ts > buildOutput > ordinary publication consumes coverage scope, freezes baseline and holds incomplete additions
history returns: 0 refreshed, 0 cached, 0 failed

stdout | tests/unit/value/publish.test.ts > buildOutput > ordinary publication consumes coverage scope, freezes baseline and holds incomplete additions
Private share residual: 1; quality passes: 1
publish: 2 companies written locally to /Users/miki/value-corpus/publish-test-HM0NSg/candidate; no commit, push or revalidation

stdout | tests/unit/value/publish.test.ts > buildOutput > ordinary publication consumes coverage scope, freezes baseline and holds incomplete additions
history returns: 0 refreshed, 0 cached, 0 failed

stdout | tests/unit/value/publish.test.ts > buildOutput > ordinary publication consumes coverage scope, freezes baseline and holds incomplete additions
Private share residual: 1; quality passes: 1

stdout | tests/unit/value/publish.test.ts > buildOutput > uses enriched identities for search and historical identities with the same live since refresh
history returns: 0 refreshed, 1 cached, 0 failed

stdout | tests/unit/value/publish.test.ts > buildOutput > uses enriched identities for search and historical identities with the same live since refresh
Private share residual: 0; quality passes: 0
publish: 1 companies written locally to /Users/miki/value-corpus/publish-test-15dhAD/candidate; no commit, push or revalidation

stdout | tests/unit/value/publish.test.ts > buildOutput > audits newly analysed companies before the first publication exists
{"all":{"flagged":1,"resolved":1,"residual":0},"quality":{"flagged":1,"resolved":1,"residual":0}}

stdout | tests/unit/value/publish.test.ts > buildOutput > stages existing analyses and cached closes without running calibration or touching the cached repository
history returns: 0 refreshed, 0 cached, 0 failed

stdout | tests/unit/value/publish.test.ts > buildOutput > stages existing analyses and cached closes without running calibration or touching the cached repository
Private share residual: 1; quality passes: 1
publish: 1 companies written locally to /Users/miki/value-corpus/publish-test-IelnxM/staging; no commit, push or revalidation

stdout | tests/unit/value/publish.test.ts > buildOutput > stages existing analyses and cached closes without running calibration or touching the cached repository
history returns: 0 refreshed, 0 cached, 0 failed

stdout | tests/unit/value/publish.test.ts > buildOutput > stages existing analyses and cached closes without running calibration or touching the cached repository
Private share residual: 1; quality passes: 1
publish: 1 companies written locally to /Users/miki/value-corpus/publish-test-IelnxM/staging; no commit, push or revalidation

stdout | tests/unit/value/publish.test.ts > buildOutput > refuses publication without index membership and excludes nonmembers
history returns: 0 refreshed, 0 cached, 0 failed

stdout | tests/unit/value/publish.test.ts > buildOutput > refuses publication without index membership and excludes nonmembers
Private share residual: 0; quality passes: 0
publish: 1 companies written locally to /Users/miki/value-corpus/publish-test-4UEQI0/scoped; no commit, push or revalidation

stdout | tests/unit/value/publish.test.ts > buildOutput > writes a local snapshot without requiring or changing a git repository
Private share residual: 0; quality passes: 0

stdout | tests/unit/value/publish.test.ts > buildOutput > uses cached FX to retain non-USD share-basis verification during publication
Private share residual: 1; quality passes: 1

stdout | tests/unit/value/publish.test.ts > publish repository > stages a partial snapshot but refuses to commit a greater than 1% delisting drop
Private share residual: 0; quality passes: 0

stdout | tests/unit/value/publish.test.ts > prices > keeps a failed Japanese quote while publishing successful quotes
prices summary: 1/2 fresh (50.00%); Yahoo 1; failed exchanges none; missing 1; status=partial

stdout | tests/unit/value/publish.test.ts > prices > writes fetched US prices even when every Japanese quote fails
prices summary: 1/2 fresh (50.00%); Yahoo 0; failed exchanges none; missing 1; status=partial

stderr | tests/unit/value/publish.test.ts > prices > writes fetched US prices even when every Japanese quote fails
prices: skipped 8058.JP: Yahoo HTTP 403

stdout | tests/unit/value/publish.test.ts > prices > routes Japanese companies to Yahoo and separates same-country exchanges
prices summary: 3/3 fresh (100.00%); Yahoo 1; failed exchanges none; missing 0; status=ok

stdout | tests/unit/value/publish.test.ts > prices > refreshes selected companies while preserving newer prices and other countries; repeat is a no-op
prices summary: 1/2 fresh (50.00%); Yahoo 0; failed exchanges none; missing 1; status=partial

stdout | tests/unit/value/publish.test.ts > prices > refreshes selected companies while preserving newer prices and other countries; repeat is a no-op
prices summary: 1/1 fresh (100.00%); Yahoo 0; failed exchanges none; missing 0; status=ok

stdout | tests/unit/value/publish.test.ts > publish rollout safeguards > publishes available analyses and skips missing and unreadable files
Private share residual: 0; quality passes: 0

stdout | tests/unit/value/publish.test.ts > publish rollout safeguards > allows exactly a 20% decline and compares published count rather than universe
Private share residual: 0; quality passes: 0

stdout | tests/unit/value/publish.test.ts > publish rollout safeguards > guards legacy metadata and rejects even a forced empty commit
Private share residual: 0; quality passes: 0

stdout | tests/unit/value/publish.test.ts > publish rollout safeguards > guards a legacy nonempty count drop and permits --force
Private share residual: 0; quality passes: 0

stdout | tests/unit/value/publish.test.ts > joins the corpus monthly history at publish time and preserves it on partial publish
Private share residual: 0; quality passes: 0
Private share residual: 0; quality passes: 0

stdout | tests/unit/value/publish.test.ts > joins new enrichment and completed numeric history when the controller publishes
Private share residual: 0; quality passes: 0

stdout | tests/unit/value/publish.test.ts > uses current universe listings consistently across dossier, index and search on republish
Private share residual: 0; quality passes: 0

stdout | tests/unit/value/publish.test.ts > excludes current nonmembers from current surfaces but retains their historical returns on partial republish
Private share residual: 0; quality passes: 0
Private share residual: 0; quality passes: 0

stdout | tests/unit/value/publish.test.ts > publishes immutable daily records through orphan commits and reads the forward view from snapshots
Private share residual: 0; quality passes: 0
Private share residual: 0; quality passes: 0
Private share residual: 0; quality passes: 0
Private share residual: 0; quality passes: 0

stderr | tests/unit/value/publish.test.ts > publishes immutable daily records through orphan commits and reads the forward view from snapshots
publish: kept existing forward/2026-10-01.json; forward records are immutable

stdout | tests/unit/value/publish.test.ts > makes short histories searchable and browsable without placing them in investment lists
Private share residual: 0; quality passes: 0

stdout | tests/unit/value/publish.test.ts > keeps predecessor-backed test verdicts findable when a different test remains undecided
Private share residual: 0; quality passes: 0

stdout | tests/unit/value/publish.test.ts > freezes the live dossier, every index/history row and search identity in normal and local publication, and unfreezes by removal
Private share residual: 0; quality passes: 0

stdout | tests/unit/value/publish.test.ts > freezes the live dossier, every index/history row and search identity in normal and local publication, and unfreezes by removal
history returns: 0 refreshed, 0 cached, 0 failed

stderr | tests/unit/value/publish.test.ts > freezes the live dossier, every index/history row and search identity in normal and local publication, and unfreezes by removal
publish: kept existing forward/2026-10-06.json; forward records are immutable

stdout | tests/unit/value/publish.test.ts > freezes the live dossier, every index/history row and search identity in normal and local publication, and unfreezes by removal
Private share residual: 0; quality passes: 0
publish: 2 companies written locally to /Users/miki/value-corpus/publish-test-cvZXJP/out; no commit, push or revalidation

stdout | tests/unit/value/publish.test.ts > freezes the live dossier, every index/history row and search identity in normal and local publication, and unfreezes by removal
Private share residual: 0; quality passes: 0
Private share residual: 0; quality passes: 0

stderr | tests/unit/value/publish.test.ts > freezes the live dossier, every index/history row and search identity in normal and local publication, and unfreezes by removal
publish: kept existing forward/2026-10-06.json; forward records are immutable
publish: kept existing forward/2026-10-06.json; forward records are immutable

stdout | tests/unit/value/publish.test.ts > uses current issuer shares for the cap check instead of last annual diluted shares
Private share residual: 0; quality passes: 0

stdout | tests/unit/value/publish.test.ts > replaces a dated vendor cap with the current quote times supported issuer shares
Private share residual: 0; quality passes: 0

stdout | tests/unit/value/publish.test.ts > keeps only the live price test through unresolved shares and later quote refreshes
Private share residual: 0; quality passes: 0
Private share residual: 1; quality passes: 1
Private share residual: 1; quality passes: 0

stderr | tests/unit/value/publish.test.ts > keeps only the live price test through unresolved shares and later quote refreshes
publish: kept existing forward/2026-10-06.json; forward records are immutable
publish: kept existing forward/2026-10-06.json; forward records are immutable

stdout | tests/unit/value/publish.test.ts > keeps only the live price test through unresolved shares and later quote refreshes
Private share residual: 0; quality passes: 0

stderr | tests/unit/value/publish.test.ts > keeps only the live price test through unresolved shares and later quote refreshes
publish: kept existing forward/2026-10-06.json; forward records are immutable

stdout | tests/unit/value/publish.test.ts > keeps unresolved ADR or class-share capitalization conflicts guarded
Private share residual: 1; quality passes: 1
Private share residual: 1; quality passes: 1

stdout | tests/unit/value/publish.test.ts > freezes the last live price test when a quote refresh introduces an unresolved ratio
Private share residual: 0; quality passes: 0

stdout | tests/unit/value/publish.test.ts > retains released historical rows omitted by a newer quarterly run
Private share residual: 0; quality passes: 0

stdout | tests/unit/value/publish.test.ts > prices keeps all 87 quarterly views, deferred views, annual views and history bytes
prices summary: 1/1 fresh (100.00%); Yahoo 0; failed exchanges none; missing 0; status=ok

stdout | tests/unit/value/publish.test.ts > coverage additions retired by the issuer registry > binds retired AKBLF.US to ALK-B.CO after reconciliation (commit=false)
Private share residual: 1; quality passes: 1

stdout | tests/unit/value/publish.test.ts > coverage additions retired by the issuer registry > binds retired AKBLF.US to ALK-B.CO after reconciliation (commit=true)
Private share residual: 1; quality passes: 1

stdout | tests/unit/value/publish.test.ts > coverage additions retired by the issuer registry > selects the canonical when only its retired listing appears in release scope
history returns: 0 refreshed, 0 cached, 0 failed

stdout | tests/unit/value/publish.test.ts > coverage additions retired by the issuer registry > selects the canonical when only its retired listing appears in release scope
Private share residual: 1; quality passes: 1
publish: 1 companies written locally to /Users/miki/value-corpus/publish-test-PQaik6/canonical-scope; no commit, push or revalidation

stdout | tests/unit/value/publish.test.ts > coverage additions retired by the issuer registry > does not let a retired addition bypass canonical input binding
Private share residual: 1; quality passes: 1

stdout | tests/unit/value/publish.test.ts > coverage additions retired by the issuer registry > binds a retired addition to its preserved canonical research (unchanged baseline)
Private share residual: 1; quality passes: 1

stdout | tests/unit/value/publish.test.ts > coverage additions retired by the issuer registry > binds a retired addition to its preserved canonical research (explicit freeze)
Private share residual: 1; quality passes: 1

stdout | tests/unit/value/publish.test.ts > coverage additions retired by the issuer registry > preserves a reviewed canonical when its private cache lacks new-addition filing inputs
Private share residual: 1; quality passes: 1

stdout | tests/unit/value/publish.test.ts > coverage additions retired by the issuer registry > rejects an invalid preserved canonical rather than treating its alias as complete
Private share residual: 0; quality passes: 0

stdout | tests/unit/value/publish.test.ts > coverage additions retired by the issuer registry > requires complete canonical inputs even when the retired addition has complete inputs
Private share residual: 1; quality passes: 1

 ✓ tests/unit/value/publish.test.ts (91 tests) 15550ms
   ✓ buildOutput > adds a held nonmember locally while preserving every existing dossier and country row  548ms
   ✓ buildOutput > ordinary publication consumes coverage scope, freezes baseline and holds incomplete additions  530ms
   ✓ buildOutput > uses enriched identities for search and historical identities with the same live since refresh  312ms
   ✓ buildOutput > stages existing analyses and cached closes without running calibration or touching the cached repository  603ms
   ✓ buildOutput > refuses publication without index membership and excludes nonmembers  306ms
   ✓ publish repository > collapses intervening price commits even when the snapshot files are unchanged  319ms
   ✓ publish repository > stages a partial snapshot but refuses to commit a greater than 1% delisting drop  330ms
   ✓ prices > refreshes selected companies while preserving newer prices and other countries; repeat is a no-op  329ms
   ✓ publish rollout safeguards > allows exactly a 20% decline and compares published count rather than universe  417ms
   ✓ publish rollout safeguards > guards a legacy nonempty count drop and permits --force  703ms
   ✓ joins the corpus monthly history at publish time and preserves it on partial publish  669ms
   ✓ preserves an unpushed prices commit when preparing the next publish  329ms
   ✓ joins new enrichment and completed numeric history when the controller publishes  314ms
   ✓ excludes current nonmembers from current surfaces but retains their historical returns on partial republish  637ms
   ✓ publishes immutable daily records through orphan commits and reads the forward view from snapshots  1331ms
   ✓ freezes the live dossier, every index/history row and search identity in normal and local publication, and unfreezes by removal  925ms
   ✓ keeps only the live price test through unresolved shares and later quote refreshes  589ms
   ✓ coverage additions retired by the issuer registry > binds retired AKBLF.US to ALK-B.CO after reconciliation (commit=true)  392ms
   ✓ coverage additions retired by the issuer registry > selects the canonical when only its retired listing appears in release scope  391ms
   ✓ coverage additions retired by the issuer registry > binds a retired addition to its preserved canonical research (unchanged baseline)  466ms
   ✓ coverage additions retired by the issuer registry > binds a retired addition to its preserved canonical research (explicit freeze)  397ms
   ✓ coverage additions retired by the issuer registry > preserves a reviewed canonical when its private cache lacks new-addition filing inputs  433ms
 ✓ tests/unit/value/design-snapshot.test.ts (1 test) 753ms
   ✓ freezes published data without mixing in local analyses or seed prices  752ms
 ✓ tests/unit/value/daily-runner.test.ts (10 tests) 3723ms
   ✓ runs and publishes fresh analysis after yields and thesis exhaust their budgets  460ms
   ✓ does not hide a non-budget thesis failure  366ms
   ✓ runs the live check after prices and publish, including a partial prices exit  405ms
   ✓ passes a UTC-cycle-specific ledger to price-story instead of inheriting an old worktree ledger  386ms
   ✓ reserves both fundamentals passes and runs analysis before optional news  410ms
   ✓ retains prior released analysis when analysis itself fails  433ms
   ✓ still analyzes after non-budget yields failures  412ms
   ✓ fetches logos before publication on normal and exhausted-budget cycles  617ms
 ✓ tests/unit/value/memo-sources.test.ts (2 tests) 15ms
 ✓ tests/unit/value/live-check.test.ts (5 tests) 3740ms
   ✓ uses a real browser to step back and load the deep link  507ms
   ✓ rejects a broken step despite a successful page response  658ms
   ✓ rejects a broken deep-link despite a successful page response  716ms
   ✓ rejects a broken rows despite a successful page response  666ms
   ✓ rejects a broken headline despite a successful page response  667ms
stdout | tests/unit/value/data-stages-round7.test.ts > runs both stages without changing any preexisting corpus bytes and publishes history paths
enrich: {"companies":300,"cached":0,"namesFixed":300,"edinet":0,"eodhd":300,"yahoo":0,"unresolved":0,"logos":0,"eodhdLogos":0,"favicons":0,"about":300,"logoPercent":0,"asOf":"2026-10-06T09:30:32.406Z"}

stdout | tests/unit/value/data-stages-round7.test.ts > runs both stages without changing any preexisting corpus bytes and publishes history paths
enrich: {"companies":300,"cached":300,"namesFixed":300,"edinet":0,"eodhd":300,"yahoo":0,"unresolved":0,"logos":0,"eodhdLogos":0,"favicons":0,"about":300,"logoPercent":0,"asOf":"2026-10-06T09:30:32.620Z"}

stdout | tests/unit/value/data-stages-round7.test.ts > runs both stages without changing any preexisting corpus bytes and publishes history paths
history: 100/300
history: 200/300
history: 300/300
history: {"root":"history-v7/20261006T093032651-29ab778e","companies":300,"quarters":87,"coverage":{"filingDates":600,"fallbackDates":0,"withReturn":600,"withValue":600,"failed":[]}}

stdout | tests/unit/value/data-stages-round7.test.ts > runs both stages without changing any preexisting corpus bytes and publishes history paths
history: 100/300
history: 200/300
history: 300/300
history: {"root":"history-v7/20261006T093035100-f4ae5e14","companies":300,"quarters":87,"coverage":{"filingDates":600,"fallbackDates":0,"withReturn":600,"withValue":600,"failed":[]}}

stdout | tests/unit/value/data-stages-round7.test.ts > recovers a transient vendor-logo failure in new files without replacing existing enrichment
{
  total: 1,
  checked: 1,
  cached: 0,
  recovered: 1,
  unavailable: 0,
  sources: { 'official-icon': 1 }
}

stdout | tests/unit/value/data-stages-round7.test.ts > recovers an English first sentence into a new about cache without changing old enrichment
enrich: {"companies":1,"cached":1,"namesFixed":0,"edinet":0,"eodhd":1,"yahoo":0,"unresolved":0,"logos":0,"eodhdLogos":0,"favicons":0,"about":1,"logoPercent":0,"asOf":"2026-10-06T09:30:41.169Z"}

 ❯ tests/unit/value/data-stages-round7.test.ts (5 tests | 1 failed) 39292ms
   ✓ runs both stages without changing any preexisting corpus bytes and publishes history paths  34938ms
   ✓ uses annual filing dates by period and chooses the earliest valid filing 1ms
   × recovers a transient vendor-logo failure in new files without replacing existing enrichment 4342ms
     → expected 'https://test.com/apple-touch-icon.png' to be 'https://eodhd.com/img/logos/US/test.p…' // Object.is equality
   ✓ never replaces full-universe history with an incomplete or selected-company run 4ms
   ✓ recovers an English first sentence into a new about cache without changing old enrichment 5ms
stdout | tests/unit/value/ops-integration.test.ts > does not request history for companies without fundamentals
price-history: 0 written
price-history: 0/0 companies failed

stdout | tests/unit/value/ops-integration.test.ts > preserves actual screener closes when publishing and rejects older quotes
price-seed: 2 cached/validated quotes written, 0 unverified seeds removed (local; published by publish)

stderr | tests/unit/value/ops-integration.test.ts > preserves actual screener closes when publishing and rejects older quotes
prices: skipped NEW.US: Unexpected network

stdout | tests/unit/value/ops-integration.test.ts > preserves actual screener closes when publishing and rejects older quotes
prices summary: 0/1 fresh (0.00%); Yahoo 0; failed exchanges none; missing 1; status=partial

stderr | tests/unit/value/ops-integration.test.ts > fetches never-seen history before stale history and observes persisted daily capacity
NEW.US: Invalid Yahoo price history

stdout | tests/unit/value/ops-integration.test.ts > fetches never-seen history before stale history and observes persisted daily capacity
price-history: 0 written
price-history: 2/2 companies failed

stderr | tests/unit/value/ops-integration.test.ts > fetches never-seen history before stale history and observes persisted daily capacity
OLD.US: Invalid Yahoo price history
NEW.US: Invalid Yahoo price history
OLD.US: Invalid Yahoo price history

stdout | tests/unit/value/ops-integration.test.ts > removes rejected legacy seeds locally and on the next publish, retaining actual closes
price-seed: 0 cached/validated quotes written, 1 unverified seeds removed (local; published by publish)

 ❯ tests/unit/value/ops-integration.test.ts (25 tests | 3 failed) 30483ms
   ✓ honors a coverage hard cap even for the normal FX reserve 7ms
   ✓ preserves the nightly 40,000-call reserve for coverage, including FX 3ms
   ✓ persists history quota across invocations, rejects overspend, and resets at UTC midnight 13ms
   × counts retries as paid attempts and prevents a retry past the history cap 12ms
     → expected "spy" to be called 1 times, but got 0 times
   ✓ does not request history for companies without fundamentals 6ms
   ✓ preserves actual screener closes when publishing and rejects older quotes 13ms
   ✓ counts only universe members and only todays Jev usage 4ms
   ✓ runner stops before any paid or publishing stage below its disk floor 157ms
   ✓ runner publishes available data after analysis or price failures: true  2445ms
   ✓ runner publishes available data after analysis or price failures: false  2158ms
   ✓ runner resumes from the last successful filing day, refreshes it, and advances only after success  4221ms
   ✓ runner retains the pending filing range after Japan is failure  4038ms
   ✓ runner retains the pending filing range after Japan is skipped  4085ms
   ✓ runner retains the pending filing range after Japan is interrupted  3992ms
   ✓ runner retries an existing failed Japan summary from its original start day  1971ms
   × fetches never-seen history before stale history and observes persisted daily capacity 160ms
     → price-history: more than 20% of attempted companies failed (2/2)
   ✓ charges five calls for each screener attempt 1ms
   × preserves a clear budget error without attempting a request 9ms
     → expected [Function] to throw error including 'daily EODHD budget reached' but got 'EODHD calls disabled for this run'
   ✓ runner checks live owner PID before acquiring the lock 123ms
   ✓ runner checks dead owner PID before acquiring the lock  2015ms
   ✓ removes rejected legacy seeds locally and on the next publish, retaining actual closes 3ms
   ✓ runner still publishes when refreshing yields fails  1946ms
   ✓ runner skips acquisition and still analyzes cached inputs when reset waiting fails  1210ms
   ✓ bounds thesis before publication and skips publication on thesis failure  1885ms
   ✓ reserves five calls for news and refuses a request with only four left 1ms
stdout | tests/unit/value/esef.test.ts > routes an EU company with an LEI to ESEF even when it also has a CIK, and resumes
reports: 0/1 companies failed

stdout | tests/unit/value/esef.test.ts > routes an EU company with an LEI to ESEF even when it also has a CIK, and resumes
reports: 0/1 companies failed

stdout | tests/unit/value/esef.test.ts > routes an EU company with an LEI to ESEF even when it also has a CIK, and resumes
reports: 0/1 companies failed

stdout | tests/unit/value/esef.test.ts > falls back to the description for a UK company without a matched report
reports: 0/1 companies failed

stdout | tests/unit/value/esef.test.ts > keeps non-European companies without CIKs on the description path
reports: 0/1 companies failed

stdout | tests/unit/value/esef.test.ts > falls back and clears stale sections after a SEC metadata failure
reports: 1/1 companies failed

stdout | tests/unit/value/esef.test.ts > falls back and clears stale sections after a SEC report failure
reports: 1/1 companies failed

stdout | tests/unit/value/esef.test.ts > falls back and clears stale sections after a ESEF report failure
reports: 1/1 companies failed

stdout | tests/unit/value/esef.test.ts > falls back and clears stale sections after a cached metadata failure
reports: 1/1 companies failed

 ✓ tests/unit/value/esef.test.ts (27 tests) 17133ms
   ✓ returns null for an unmatched LEI and exposes HTTP failures  662ms
   ✓ extracts substantive ASML business, risk and compensation sections  3402ms
   ✓ routes an EU company with an LEI to ESEF even when it also has a CIK, and resumes  7434ms
   ✓ does not label repeated navigation as compensation or an appendix glossary as MD&A  3246ms
   ✓ isolates incomplete ESEF metadata and applies the failure threshold across 5 companies  674ms
   ✓ isolates incomplete ESEF metadata and applies the failure threshold across 4 companies  999ms
   ✓ falls back and clears stale sections after a ESEF report failure  406ms
stderr | tests/unit/value/analyze.test.ts > caches bond yields per day, preserves concurrent countries, and converts FX minor units
yields: GB {"version":3,"date":"2026-10-06","yield":null,"source":"unavailable","symbol":"UK10Y.GBOND","observedAt":null,"rawYield":null,"median":null,"secondSource":null,"flags":["symbol-map:GB->UK","eodhd-unavailable","missing-or-stale-series","outside-plausible-band","insufficient-median-history","no-local-yield"]}

stderr | tests/unit/value/analyze.test.ts > caches bond yields per day, preserves concurrent countries, and converts FX minor units
yields: US {"version":3,"date":"2026-10-06","yield":null,"source":"unavailable","symbol":"US10Y.GBOND","observedAt":null,"rawYield":null,"median":null,"secondSource":null,"flags":["eodhd-unavailable","missing-or-stale-series","outside-plausible-band","insufficient-median-history","second-source-unavailable","no-local-yield"]}

stdout | tests/unit/value/analyze.test.ts > writes analysis and resumes, invalidating on text changes and force
analyze: 1 written, 0 unchanged, 0 failed

stdout | tests/unit/value/analyze.test.ts > writes analysis and resumes, invalidating on text changes and force
analyze: 0 written, 1 unchanged, 0 failed

stdout | tests/unit/value/analyze.test.ts > writes analysis and resumes, invalidating on text changes and force
analyze: 1 written, 0 unchanged, 0 failed

stdout | tests/unit/value/analyze.test.ts > writes analysis and resumes, invalidating on text changes and force
analyze: 1 written, 0 unchanged, 0 failed

stdout | tests/unit/value/analyze.test.ts > persists the final split-adjusted statement basis for indexed-company memos
analyze: 1 written, 0 unchanged, 0 failed

stdout | tests/unit/value/analyze.test.ts > rebuilds an obsolete analysis even when a copied fingerprint matches current inputs
analyze: 1 written, 0 unchanged, 0 failed

stdout | tests/unit/value/analyze.test.ts > rebuilds an obsolete analysis even when a copied fingerprint matches current inputs
analyze: 1 written, 0 unchanged, 0 failed

stdout | tests/unit/value/analyze.test.ts > exports up to thirty distinct answers per question with source text
jev-sample: 25 questions, up to 30 answers each

stdout | tests/unit/value/analyze.test.ts > runs paragraph evidence only when no numeric quality test fails
analyze: 1 written, 0 unchanged, 0 failed

stdout | tests/unit/value/analyze.test.ts > runs paragraph evidence only when no numeric quality test fails
analyze: 1 written, 0 unchanged, 0 failed

stdout | tests/unit/value/analyze.test.ts > samples the exact analyzed text after source reports change
analyze: 1 written, 0 unchanged, 0 failed

stdout | tests/unit/value/analyze.test.ts > samples the exact analyzed text after source reports change
jev-sample: 25 questions, up to 30 answers each

stderr | tests/unit/value/analyze.test.ts > reads the newest live-recorded bond close as a fraction and refreshes tomorrow
yields: US {"version":3,"date":"2026-10-06","yield":null,"source":"unavailable","symbol":"US10Y.GBOND","observedAt":null,"rawYield":null,"median":null,"secondSource":null,"flags":["eodhd-unavailable","missing-or-stale-series","outside-plausible-band","insufficient-median-history","second-source-unavailable","no-local-yield"]}

stdout | tests/unit/value/analyze.test.ts > ignores market cap and unused metadata changes but invalidates analysis inputs
analyze: 1 written, 0 unchanged, 0 failed

stdout | tests/unit/value/analyze.test.ts > ignores market cap and unused metadata changes but invalidates analysis inputs
analyze: 0 written, 1 unchanged, 0 failed

stdout | tests/unit/value/analyze.test.ts > ignores market cap and unused metadata changes but invalidates analysis inputs
analyze: 1 written, 0 unchanged, 0 failed

stdout | tests/unit/value/analyze.test.ts > ignores market cap and unused metadata changes but invalidates analysis inputs
analyze: 1 written, 0 unchanged, 0 failed

stdout | tests/unit/value/analyze.test.ts > ignores market cap and unused metadata changes but invalidates analysis inputs
analyze: 1 written, 0 unchanged, 0 failed

stdout | tests/unit/value/analyze.test.ts > ignores market cap and unused metadata changes but invalidates analysis inputs
analyze: 1 written, 0 unchanged, 0 failed

stdout | tests/unit/value/analyze.test.ts > ignores market cap and unused metadata changes but invalidates analysis inputs
analyze: 1 written, 0 unchanged, 0 failed

stdout | tests/unit/value/analyze.test.ts > ignores market cap and unused metadata changes but invalidates analysis inputs
analyze: 1 written, 0 unchanged, 0 failed

stdout | tests/unit/value/analyze.test.ts > ignores market cap and unused metadata changes but invalidates analysis inputs
analyze: 1 written, 0 unchanged, 0 failed

stderr | tests/unit/value/analyze.test.ts > maps ISO GB to UK10Y while leaving other bond country codes unchanged
yields: GB {"version":3,"date":"2026-10-06","yield":null,"source":"unavailable","symbol":"UK10Y.GBOND","observedAt":null,"rawYield":null,"median":null,"secondSource":null,"flags":["symbol-map:GB->UK","eodhd-unavailable","missing-or-stale-series","outside-plausible-band","insufficient-median-history","no-local-yield"]}

stderr | tests/unit/value/analyze.test.ts > leaves value unavailable for a empty local bond series without substituting a foreign yield
yields: ZZ {"version":3,"date":"2026-10-06","yield":null,"source":"unavailable","symbol":"ZZ10Y.GBOND","observedAt":null,"rawYield":null,"median":null,"secondSource":null,"flags":["eodhd-unavailable","missing-or-stale-series","outside-plausible-band","insufficient-median-history","no-local-yield"]}

stdout | tests/unit/value/analyze.test.ts > leaves value unavailable for a empty local bond series without substituting a foreign yield
analyze: 1 written, 0 unchanged, 0 failed

stderr | tests/unit/value/analyze.test.ts > leaves value unavailable for a not-found local bond series without substituting a foreign yield
yields: ZZ {"version":3,"date":"2026-10-06","yield":null,"source":"unavailable","symbol":"ZZ10Y.GBOND","observedAt":null,"rawYield":null,"median":null,"secondSource":null,"flags":["eodhd-unavailable","missing-or-stale-series","outside-plausible-band","insufficient-median-history","no-local-yield"]}

stdout | tests/unit/value/analyze.test.ts > leaves value unavailable for a not-found local bond series without substituting a foreign yield
analyze: 1 written, 0 unchanged, 0 failed

stdout | tests/unit/value/analyze.test.ts > logs each failed company's error and still writes successful companies
analyze: 1 written, 0 unchanged, 1 failed

stdout | tests/unit/value/analyze.test.ts > calibrates BHC.US through the BHC.TO primary analysis
analyze: 1 written, 0 unchanged, 0 failed

stdout | tests/unit/value/analyze.test.ts > calibrates BHC.US through the BHC.TO primary analysis
Confusion counts: {"truePositive":0,"trueNegative":1,"falsePositive":0,"falseNegative":0,"unclear":0,"missing":0,"exception":0}

stdout | tests/unit/value/analyze.test.ts > R3 derives the $1 test from fiscal-end monthly closes through the corpus stage
analyze: 1 written, 0 unchanged, 0 failed

stdout | tests/unit/value/analyze.test.ts > R3 derives the $1 test from fiscal-end monthly closes through the corpus stage
analyze: 1 written, 0 unchanged, 0 failed

stdout | tests/unit/value/analyze.test.ts > R3 derives the $1 test from fiscal-end monthly closes through the corpus stage
analyze: 1 written, 0 unchanged, 0 failed

stdout | tests/unit/value/analyze.test.ts > R3 uses the inverse valuation FX for historical market caps, including pence
analyze: 1 written, 0 unchanged, 0 failed

stdout | tests/unit/value/analyze.test.ts > M1 runs the $1 test through the stage with the real KO corpus and 120 monthly closes
analyze: 1 written, 0 unchanged, 0 failed

stdout | tests/unit/value/analyze.test.ts > C5 reclassifies cached Credit Services enrichment with lending assets
analyze: 1 written, 0 unchanged, 0 failed

stdout | tests/unit/value/analyze.test.ts > C4 analyze and jev-sample skip unsafe IDs and process ampersand IDs
analyze: 4 written, 0 unchanged, 0 failed

stdout | tests/unit/value/analyze.test.ts > C4 analyze and jev-sample skip unsafe IDs and process ampersand IDs
jev-sample: 25 questions, up to 30 answers each

stdout | tests/unit/value/analyze.test.ts > C5 clears the stale bank kind of a payment network in saved analysis
analyze: 1 written, 0 unchanged, 0 failed

stdout | tests/unit/value/analyze.test.ts > reanalyzes explicitly selected cached companies outside the universe without repopulating it
analyze: 0 written, 0 unchanged, 0 failed

stdout | tests/unit/value/analyze.test.ts > reanalyzes explicitly selected cached companies outside the universe without repopulating it
analyze: 1 written, 0 unchanged, 0 failed

stdout | tests/unit/value/analyze.test.ts > V3/V4 reads raw valuation inputs for old corpus files and invalidates their fingerprint
analyze: 1 written, 0 unchanged, 0 failed

stdout | tests/unit/value/analyze.test.ts > V3/V4 reads raw valuation inputs for old corpus files and invalidates their fingerprint
analyze: 1 written, 0 unchanged, 0 failed

stdout | tests/unit/value/analyze.test.ts > W3/W5 refreshes cached annual currency and balance mappings from raw periods during analysis
analyze: 1 written, 0 unchanged, 0 failed

stdout | tests/unit/value/analyze.test.ts > W3/W5 refreshes cached annual currency and balance mappings from raw periods during analysis
analyze: 1 written, 0 unchanged, 0 failed

stdout | tests/unit/value/analyze.test.ts > revalues on a 0.1pp yield bucket change, but skips noise in the same bucket
analyze: 1 written, 0 unchanged, 0 failed

stdout | tests/unit/value/analyze.test.ts > revalues on a 0.1pp yield bucket change, but skips noise in the same bucket
analyze: 0 written, 1 unchanged, 0 failed

stdout | tests/unit/value/analyze.test.ts > revalues on a 0.1pp yield bucket change, but skips noise in the same bucket
analyze: 1 written, 0 unchanged, 0 failed

stdout | tests/unit/value/analyze.test.ts > loads statement payloads only for selected jobs, so later files cannot abort a limited run
analyze: 1 written, 0 unchanged, 0 failed

stdout | tests/unit/value/analyze.test.ts > preserves unchanged nonmember evidence inputs when only the analysis clock changes
analyze: 1 written, 0 unchanged, 0 failed

stdout | tests/unit/value/analyze.test.ts > preserves unchanged nonmember evidence inputs when only the analysis clock changes
analyze: 1 written, 0 unchanged, 0 failed

 ❯ tests/unit/value/analyze.test.ts (50 tests | 3 failed) 3910ms
   ✓ scores the recorded KO fundamentals with a moat pass and positive valuation 189ms
   ✓ fails at least one quality test for the recorded DAL fundamentals 81ms
   ✓ preserves integrity reasons without requesting Jev or valuing bad inputs 34ms
   ✓ restricts contradictions to their own test and uses commodity answers for cyclicality 85ms
   × caches bond yields per day, preserves concurrent countries, and converts FX minor units 22ms
     → expected [ null, null ] to deeply equal [ 0.0425, 0.0425 ]
   ✓ writes analysis and resumes, invalidating on text changes and force 235ms
   ✓ persists the final split-adjusted statement basis for indexed-company memos 76ms
   ✓ rebuilds an obsolete analysis even when a copied fingerprint matches current inputs 147ms
   ✓ reports calibration failures, false positives and missing data distinctly 110ms
   ✓ exports up to thirty distinct answers per question with source text 138ms
   ✓ runs paragraph evidence only when no numeric quality test fails 103ms
   ✓ samples the exact analyzed text after source reports change 51ms
   × reads the newest live-recorded bond close as a fraction and refreshes tomorrow 7ms
     → expected null to be 0.05239 // Object.is equality
   ✓ keeps reporting valuation with an explicit assumption when FX is unavailable 45ms
   ✓ ignores market cap and unused metadata changes but invalidates analysis inputs 278ms
   × maps ISO GB to UK10Y while leaving other bond country codes unchanged 2ms
     → expected null to be 0.0475 // Object.is equality
   ✓ leaves value unavailable for a empty local bond series without substituting a foreign yield 43ms
   ✓ leaves value unavailable for a not-found local bond series without substituting a foreign yield 65ms
   ✓ omits valuation when local bond yields are unavailable 33ms
   ✓ converts GBP reporting units to GBX trading units at 100 71ms
   ✓ marks operating margin CV above 0.35 as cyclical without commodity exposure 20ms
   ✓ uses a commodity cutoff independent of the evidence threshold 20ms
   ✓ logs each failed company's error and still writes successful companies 118ms
   ✓ uses aggregated commodity mean 0.5 across conflicting sections 24ms
   ✓ uses aggregated commodity mean 0.7 across conflicting sections 21ms
   ✓ calibrates BHC.US through the BHC.TO primary analysis 81ms
   ✓ scales the required discount for margin variation +0 29ms
   ✓ scales the required discount for margin variation 0.2 22ms
   ✓ scales the required discount for margin variation 0.3 21ms
   ✓ scales the required discount for margin variation 0.35 19ms
   ✓ scales the required discount for margin variation 0.36 22ms
   ✓ requires the volatile discount for commodity exposure and missing CV 27ms
   ✓ values only each fiscal prefix with today's bond yield and FX, retaining ten years 42ms
   ✓ derives per-share series and dated integrity, acquisition and impairment events 32ms
   ✓ R3 derives the $1 test from fiscal-end monthly closes through the corpus stage 110ms
   ✓ R3 uses the inverse valuation FX for historical market caps, including pence 57ms
   ✓ M1 runs the $1 test through the stage with the real KO corpus and 120 monthly closes 65ms
   ✓ R3 keeps year-end market cap unavailable with missing-month 22ms
   ✓ R3 keeps year-end market cap unavailable with missing-shares 21ms
   ✓ R3 keeps year-end market cap unavailable with missing-fx 15ms
   ✓ C5 reclassifies cached Credit Services enrichment with lending assets 43ms
   ✓ C4 analyze and jev-sample skip unsafe IDs and process ampersand IDs 278ms
   ✓ C5 clears the stale bank kind of a payment network in saved analysis 45ms
   ✓ allows missing and insufficient calibration rows while still reporting them 90ms
   ✓ reanalyzes explicitly selected cached companies outside the universe without repopulating it 80ms
   ✓ V3/V4 reads raw valuation inputs for old corpus files and invalidates their fingerprint 71ms
   ✓ W3/W5 refreshes cached annual currency and balance mappings from raw periods during analysis  309ms
   ✓ revalues on a 0.1pp yield bucket change, but skips noise in the same bucket 156ms
   ✓ loads statement payloads only for selected jobs, so later files cannot abort a limited run 107ms
   ✓ preserves unchanged nonmember evidence inputs when only the analysis clock changes 123ms
stdout | tests/unit/value/edgar.test.ts > writes filing sections, skips unchanged downloads, and repairs missing outputs
reports: 0/1 companies failed

stdout | tests/unit/value/edgar.test.ts > writes filing sections, skips unchanged downloads, and repairs missing outputs
reports: 0/1 companies failed

stdout | tests/unit/value/edgar.test.ts > writes filing sections, skips unchanged downloads, and repairs missing outputs
reports: 0/1 companies failed

stdout | tests/unit/value/edgar.test.ts > falls back to description, applies filters, and updates changed descriptions
reports: 0/1 companies failed

stdout | tests/unit/value/edgar.test.ts > falls back to description, applies filters, and updates changed descriptions
reports: 0/1 companies failed

stdout | tests/unit/value/edgar.test.ts > fills missing filing business using description or document: Beverage business.
reports: 0/1 companies failed

stdout | tests/unit/value/edgar.test.ts > fills missing filing business using description or document: null
reports: 0/1 companies failed

stdout | tests/unit/value/edgar.test.ts > falls back from an empty EU ESEF search to SAP's EDGAR 20-F via its US listing
reports: 0/1 companies failed

stdout | tests/unit/value/edgar.test.ts > processes SEC and ESEF reports with independent six and three company pools
reports: 0/16 companies failed

stdout | tests/unit/value/edgar.test.ts > retains reviewed full annual inputs while current and retries after the fiscal period changes
reports: 0/1 companies failed

stdout | tests/unit/value/edgar.test.ts > retains reviewed full annual inputs while current and retries after the fiscal period changes
reports: 0/1 companies failed

 ✓ tests/unit/value/edgar.test.ts (25 tests) 6079ms
   ✓ writes filing sections, skips unchanged downloads, and repairs missing outputs  1335ms
   ✓ falls back from an empty EU ESEF search to SAP's EDGAR 20-F via its US listing  732ms
   ✓ retains reviewed full annual inputs while current and retries after the fiscal period changes  1962ms
stdout | tests/unit/value/logo-round-twelve.test.ts > uses the ADR website chain for an ESEF issuer with no enrichment cache
{
  total: 1,
  checked: 1,
  cached: 0,
  recovered: 1,
  unavailable: 0,
  sources: { 'official-icon': 1 }
}

 ✓ tests/unit/value/logo-round-twelve.test.ts (2 tests) 5452ms
   ✓ uses the ADR website chain for an ESEF issuer with no enrichment cache  5446ms
 ✓ tests/unit/value/coverage-lock.test.ts (1 test) 5094ms
   ✓ waits without changing a live nightly lock and releases only its own lock after handoff  5093ms
stdout | tests/unit/value/universe.test.ts > nulls standalone GDR caps and caps above 1.3x the largest US company before sorting
universe: 5 companies; counts per country {"GB":4,"US":1}

stdout | tests/unit/value/universe.test.ts > passes cached class volumes and ADR metadata into collapse and admits Brazilian PN
universe: 4 companies; counts per country {"SE":1,"ES":1,"BR":2}

 ❯ tests/unit/value/universe.test.ts (12 tests | 3 failed) 731ms
   ✓ universe > keeps common stock and drops fund, ETF, preferred and warrant fixture rows 5ms
   ✓ universe > collapses Alphabet and Berkshire share classes with code-order fallback 21ms
   ✓ universe > prefers the Dutch home exchange regardless of input order 1ms
   ✓ universe > does not merge similarly named issuers from different countries 1ms
   ✓ universe > classifies Banks - Regional 1ms
   ✓ universe > classifies Insurance - Property & Casualty 0ms
   ✓ universe > classifies Beverages - Non-Alcoholic 0ms
   × authenticates and encodes screener filters without exposing credentials on failure 6ms
     → EODHD calls disabled for this run
   × reads daily API usage and rejects a missing usage counter 1ms
     → EODHD calls disabled for this run
   × writes sorted companies, excludes OTC ordinary shares, keeps Japanese ADRs and converts caps 163ms
     → EODHD calls disabled for this run
   ✓ nulls standalone GDR caps and caps above 1.3x the largest US company before sorting  520ms
   ✓ passes cached class volumes and ADR metadata into collapse and admits Brazilian PN 9ms
 ✓ tests/unit/value/download-order.test.ts (8 tests) 3573ms
   ✓ uses a reported Yahoo market cap for ADRs instead of multiplying the ADS price by underlying shares  525ms
   ✓ leaves an unverified ADR share basis unknown when a reported cap is absent  1005ms
   ✓ fetches verified shares even when Yahoo also reports cap, and rejects an ADR basis mismatch  2012ms
 ✓ tests/unit/value/publish-invariants.test.ts (22 tests) 2790ms
stdout | tests/unit/value/normalize.test.ts > persists raw data, merges company metadata and refreshes on every rolling pass, including when forced
fundamentals selection: eligible=1; dueMembers=0; selected=1; membersFirst=false

stderr | tests/unit/value/normalize.test.ts > persists raw data, merges company metadata and refreshes on every rolling pass, including when forced
fundamentals: KO.US failed; continuing backlog

stdout | tests/unit/value/normalize.test.ts > persists raw data, merges company metadata and refreshes on every rolling pass, including when forced
fundamentals summary: selected=1; attempted=1; written=0; yahoo=0; failed=1; deferred=0

 ❯ tests/unit/value/normalize.test.ts (8 tests | 1 failed) 572ms
   ✓ EODHD annual normalization > normalizes KO in absolute units with positive spending and ascending fiscal years 61ms
   ✓ EODHD annual normalization > classifies JPM as a bank without requiring gross profit 28ms
   ✓ EODHD annual normalization > preserves the reporting currency for fixture 0 23ms
   ✓ EODHD annual normalization > preserves the reporting currency for fixture 1 25ms
   ✓ EODHD annual normalization > preserves nulls, honors fallback fields, and matches shares by year instead of object key 1ms
   × persists raw data, merges company metadata and refreshes on every rolling pass, including when forced 430ms
     → expected null to deeply equal { …(13) }
   ✓ does not reset classification when the response has no sector or industry 1ms
   ✓ maps the reported balance identity and normalizes zero share sources to null 1ms
stderr | tests/unit/value/post-publish.test.ts > reverts the failed pushed snapshot (orphan=false), republishes and revalidates the prior tree
CRITICAL: live time travel/revalidation failed for 5a377954be77e98fb2df5a575cd962ce9135d8c2; reverting last publication

stderr | tests/unit/value/post-publish.test.ts > reverts the failed pushed snapshot (orphan=true), republishes and revalidates the prior tree
CRITICAL: live time travel/revalidation failed for b3633d77517cd69f85c572e963da34d158fd29d6; reverting last publication

stdout | tests/unit/value/post-publish.test.ts > checks a successful publication once and clears the durable receipt
live-check: 5a377954be77e98fb2df5a575cd962ce9135d8c2 passed quarter-back and 2018Q3

stdout | tests/unit/value/post-publish.test.ts > does not check or revert a failed push
live-check: push did not reach origin; retained prior publication

stderr | tests/unit/value/post-publish.test.ts > rolls back when revalidation fails, without declaring an unvalidated site healthy
CRITICAL: live time travel/revalidation failed for 0afd6ddc66d16dc230aad26570464e22d65e012d; reverting last publication

stderr | tests/unit/value/post-publish.test.ts > can restore the exact pre-dedupe snapshot if publication verification fails
CRITICAL: live time travel/revalidation failed for d70b37752a0ff0b3c2b53398395db0c3a9ef4607; reverting last publication

 ✓ tests/unit/value/post-publish.test.ts (7 tests) 2102ms
   ✓ reverts the failed pushed snapshot (orphan=false), republishes and revalidates the prior tree  343ms
   ✓ reverts the failed pushed snapshot (orphan=true), republishes and revalidates the prior tree  324ms
   ✓ rolls back when revalidation fails, without declaring an unvalidated site healthy  337ms
   ✓ can restore the exact pre-dedupe snapshot if publication verification fails  412ms
 ✓ tests/unit/value/nightly-entrypoint.test.ts (1 test) 3744ms
   ✓ the real CLI stops fundamentals at its ceiling and leaves yields and analysis runnable  3743ms
 ✓ tests/unit/value/coverage-release.test.ts (5 tests) 2270ms
   ✓ treats previously released additions as baseline on a later coverage batch  2245ms
 ✓ tests/unit/value/report-transport.test.ts (3 tests) 2047ms
   ✓ ESEF retries a truncated report body before returning a complete buffered response  1033ms
   ✓ SEC retries a truncated report body before returning a complete buffered response  1008ms
stderr | tests/unit/value/valuation-round-4.test.ts > maps Swiss ISO CH to SW, rejecting an implausible close in favour of the median
yields: CH {"version":3,"date":"2026-10-06","yield":0.01,"source":"country default (2026-09-30)","symbol":"SW10Y.GBOND","observedAt":null,"rawYield":null,"median":null,"secondSource":null,"flags":["symbol-map:CH->SW","eodhd-unavailable","missing-or-stale-series","outside-plausible-band","insufficient-median-history","country-default"]}

stderr | tests/unit/value/valuation-round-4.test.ts > uses a documented Swiss default when the entire series is broken
yields: CH {"version":3,"date":"2026-10-06","yield":0.01,"source":"country default (2026-09-30)","symbol":"SW10Y.GBOND","observedAt":null,"rawYield":null,"median":null,"secondSource":null,"flags":["symbol-map:CH->SW","eodhd-unavailable","missing-or-stale-series","outside-plausible-band","insufficient-median-history","country-default"]}

stderr | tests/unit/value/valuation-round-4.test.ts > rejects an in-band spike against the 30-day median
yields: DE {"version":3,"date":"2026-10-06","yield":null,"source":"unavailable","symbol":"DE10Y.GBOND","observedAt":null,"rawYield":null,"median":null,"secondSource":null,"flags":["eodhd-unavailable","missing-or-stale-series","outside-plausible-band","insufficient-median-history","no-local-yield"]}

stderr | tests/unit/value/valuation-round-4.test.ts > cross-checks US with Yahoo TNX in percent, caches daily, and refreshes next day
yields: US {"version":3,"date":"2026-10-06","yield":0.042,"source":"Yahoo ^TNX","symbol":"US10Y.GBOND","observedAt":null,"rawYield":null,"median":null,"secondSource":0.042,"flags":["eodhd-unavailable","missing-or-stale-series","outside-plausible-band","insufficient-median-history","second-source-disagreement"]}

stderr | tests/unit/value/valuation-round-4.test.ts > does not accept stale quotes or invent a local yield for an unsupported country
yields: ZZ {"version":3,"date":"2026-10-06","yield":null,"source":"unavailable","symbol":"ZZ10Y.GBOND","observedAt":null,"rawYield":null,"median":null,"secondSource":null,"flags":["eodhd-unavailable","missing-or-stale-series","outside-plausible-band","insufficient-median-history","no-local-yield"]}

stderr | tests/unit/value/valuation-round-4.test.ts > propagates exhausted EODHD budget so the daily runner cannot publish missing yields
yields: US {"version":3,"date":"2026-10-06","yield":0.05311,"source":"Yahoo ^TNX","symbol":"US10Y.GBOND","observedAt":null,"rawYield":null,"median":null,"secondSource":0.05311,"flags":["eodhd-unavailable","missing-or-stale-series","outside-plausible-band","insufficient-median-history","second-source-disagreement"]}

stderr | tests/unit/value/valuation-round-4.test.ts > maps Chile to CH rather than requesting a nonexistent CL series
yields: CL {"version":3,"date":"2026-10-06","yield":null,"source":"unavailable","symbol":"CH10Y.GBOND","observedAt":null,"rawYield":null,"median":null,"secondSource":null,"flags":["symbol-map:CL->CH","eodhd-unavailable","missing-or-stale-series","outside-plausible-band","insufficient-median-history","no-local-yield"]}

stderr | tests/unit/value/valuation-round-4.test.ts > accepts a plausible high-yield local market UG confirmed by its median
yields: UG {"version":3,"date":"2026-10-06","yield":null,"source":"unavailable","symbol":"UG10Y.GBOND","observedAt":null,"rawYield":null,"median":null,"secondSource":null,"flags":["eodhd-unavailable","missing-or-stale-series","outside-plausible-band","insufficient-median-history","no-local-yield"]}

stderr | tests/unit/value/valuation-round-4.test.ts > accepts a plausible high-yield local market ZM confirmed by its median
yields: ZM {"version":3,"date":"2026-10-06","yield":null,"source":"unavailable","symbol":"ZM10Y.GBOND","observedAt":null,"rawYield":null,"median":null,"secondSource":null,"flags":["eodhd-unavailable","missing-or-stale-series","outside-plausible-band","insufficient-median-history","no-local-yield"]}

 ❯ tests/unit/value/valuation-round-4.test.ts (23 tests | 7 failed) 206ms
   ✓ floors the local bond + 4pp at 10% for operating 24ms
   ✓ floors the local bond + 4pp at 10% for bank 1ms
   ✓ floors the local bond + 4pp at 10% for insurer 1ms
   × maps Swiss ISO CH to SW, rejecting an implausible close in favour of the median 22ms
     → expected { Object (version, date, ...) } to match object { source: 'EODHD 30-day median', …(1) }
(8 matching properties omitted from actual)
   ✓ uses a documented Swiss default when the entire series is broken 2ms
   × rejects an in-band spike against the 30-day median 3ms
     → expected null to be 0.03 // Object.is equality
   × cross-checks US with Yahoo TNX in percent, caches daily, and refreshes next day 6ms
     → expected 1 to be 2 // Object.is equality
   ✓ does not accept stale quotes or invent a local yield for an unsupported country 1ms
   ✓ keeps low-rate DCF scenarios finite and ordered even at a zero bond yield 2ms
   ✓ does not invent a discount rate for invalid yield null 1ms
   ✓ does not invent a discount rate for invalid yield NaN 1ms
   ✓ does not invent a discount rate for invalid yield Infinity 1ms
   ✓ uses the live bond + 4pp above the floor for operating 1ms
   ✓ uses the live bond + 4pp above the floor for bank 1ms
   ✓ uses the live bond + 4pp above the floor for insurer 1ms
   ✓ keeps the 10% floor at low yields and the boundary: -0.015 1ms
   ✓ keeps the 10% floor at low yields and the boundary: 0 1ms
   ✓ keeps the 10% floor at low yields and the boundary: 0.06 3ms
   × propagates exhausted EODHD budget so the daily runner cannot publish missing yields 122ms
     → promise resolved "0.05311" instead of rejecting
   × maps Chile to CH rather than requesting a nonexistent CL series 2ms
     → expected null to be close to 0.0614, received difference is 0.0614, but expected 0.005
   × accepts a plausible high-yield local market UG confirmed by its median 2ms
     → expected null to be close to 0.1578, received difference is 0.1578, but expected 0.005
   × accepts a plausible high-yield local market ZM confirmed by its median 3ms
     → expected null to be close to 0.1578, received difference is 0.1578, but expected 0.005
   ✓ keeps a valid cached bond observation across midnight when paid requests are disabled 3ms
 ✓ tests/unit/value/italy-client.test.ts (4 tests) 1684ms
   ✓ follows every filing page, deduplicates filing IDs and orders restatements chronologically  670ms
   ✓ resolves an exact recorded legal name when no ISIN is held  322ms
   ✓ retries an interrupted body without caching a partial response  665ms
 ✓ tests/unit/value/italy-stage.test.ts (4 tests) 1547ms
   ✓ retains a listed company and its prices when no ESEF filing is available  412ms
   ✓ preserves recorded bf history with no usable current quote  507ms
   ✓ preserves recorded illa history with no usable current quote  502ms
stdout | tests/unit/value/buy-consistency.test.ts > refreshes the published flags and funnel in the same price snapshot
prices summary: 1/1 fresh (100.00%); Yahoo 0; failed exchanges none; missing 0; status=ok

 ✓ tests/unit/value/buy-consistency.test.ts (7 tests) 1280ms
   ✓ refreshes the published flags and funnel in the same price snapshot  1185ms
 ✓ tests/unit/value/jev.test.ts (27 tests) 1112ms
9:32:28 AM [vite] (ssr) warning: invalid import "../../../scripts/value/stages/${name}". A file extension must be included in the static part of the import. For example: import(`./foo/${bar}.js`).
  Plugin: vite:dynamic-import-vars
  File: /mnt/HC_Volume_107024928/value-rules/tests/unit/value/renormalize.test.ts
stdout | tests/unit/value/renormalize.test.ts > rebuilds every raw ID offline, preserves fetchedAt, skips fresh files and leaves no temporary files
renormalize: 2 written, 1 skipped (unchanged, recent or changed raw); 0 failed integrity
integrity failure breakdown (companies; reasons may overlap): {}
split-adjusted: 0 companies []

stdout | tests/unit/value/renormalize.test.ts > skips a raw file replaced during normalization
renormalize: 0 written, 1 skipped (unchanged, recent or changed raw); 0 failed integrity
integrity failure breakdown (companies; reasons may overlap): {}
split-adjusted: 0 companies []

stdout | tests/unit/value/renormalize.test.ts > rebuilds EDINET from raw with cached prices, restoring prior false adjustments offline
renormalize-edinet: 2 written, 1 missing cached issuer years or fundamentals
split-adjusted: 1 companies ["YES.JP"]

stdout | tests/unit/value/renormalize.test.ts > rebuilds EDINET from raw with cached prices, restoring prior false adjustments offline
renormalize-edinet: 2 written, 1 missing cached issuer years or fundamentals
split-adjusted: 1 companies ["YES.JP"]

stdout | tests/unit/value/renormalize.test.ts > rebuilds JP integrity from untruncated EDINET years without using EODHD or the network
renormalize: 1 written, 0 skipped (unchanged, recent or changed raw); 0 failed integrity
integrity failure breakdown (companies; reasons may overlap): {}
split-adjusted: 0 companies []

stdout | tests/unit/value/renormalize.test.ts > preserves existing integrity notes when an older JP checkpoint has no raw years
renormalize: 1 written, 0 skipped (unchanged, recent or changed raw); 0 failed integrity
integrity failure breakdown (companies; reasons may overlap): {}
split-adjusted: 0 companies []

stdout | tests/unit/value/renormalize.test.ts > renormalize applies only price-corroborated EDINET splits and preserves raw years
renormalize: 2 written, 0 skipped (unchanged, recent or changed raw); 1 failed integrity
integrity failure breakdown (companies; reasons may overlap): {"fewer than 7 annual periods":1}
split-adjusted: 1 companies ["YES.JP"]

stdout | tests/unit/value/renormalize.test.ts > renormalize applies only price-corroborated EDINET splits and preserves raw years
renormalize: 0 written, 2 skipped (unchanged, recent or changed raw); 1 failed integrity
integrity failure breakdown (companies; reasons may overlap): {"fewer than 7 annual periods":1}
split-adjusted: 1 companies ["YES.JP"]

stdout | tests/unit/value/renormalize.test.ts > renormalize-edinet applies only price-corroborated EDINET splits and preserves raw years
renormalize-edinet: 2 written, 0 missing cached issuer years or fundamentals
split-adjusted: 1 companies ["YES.JP"]

stdout | tests/unit/value/renormalize.test.ts > renormalize-edinet applies only price-corroborated EDINET splits and preserves raw years
renormalize-edinet: 2 written, 0 missing cached issuer years or fundamentals
split-adjusted: 1 companies ["YES.JP"]

stdout | tests/unit/value/renormalize.test.ts > reparses every cached filing in submission order instead of reusing stale issuer mappings
renormalize-edinet: 1 written, 0 missing cached issuer years or fundamentals
split-adjusted: 0 companies []

stdout | tests/unit/value/renormalize.test.ts > does not overwrite Yahoo fallback fundamentals with an older EODHD cache
renormalize: 0 written, 1 skipped (unchanged, recent or changed raw); 0 failed integrity
integrity failure breakdown (companies; reasons may overlap): {}
split-adjusted: 0 companies []

 ✓ tests/unit/value/renormalize.test.ts (9 tests) 977ms
 ✓ tests/unit/value/logo-fetch.test.ts (2 tests) 1011ms
   ✓ identifies the bot to Wikimedia and stops sending requests during Retry-After  1008ms
 ✓ tests/unit/value/design-round-twelve.test.ts (5 tests) 840ms
   ✓ hides the about line when a dossier has no real description  537ms
 ✓ tests/unit/value/japan-4.test.ts (14 tests) 826ms
 ✓ tests/unit/value/status-entrypoint.test.ts (2 tests) 699ms
   ✓ runs the status CLI without web-only dependencies ({"conditions":[]})  339ms
   ✓ runs the status CLI without web-only dependencies ({"conditions":["--conditions=react-server"]})  358ms
 ✓ tests/unit/value/search.test.ts (19 tests) 697ms
   ✓ adaptive shards > splits recursively, keeps bounded market-cap heads and remaps aliases  573ms
stderr | tests/unit/value/fundamentals-stage.test.ts > continues the member backlog after a failed company
fundamentals: BAD.US EODHD 404; falling back to Yahoo annual statements

stderr | tests/unit/value/fundamentals-stage.test.ts > continues the member backlog after a failed company
fundamentals: BAD.US failed; continuing backlog

stderr | tests/unit/value/fundamentals-stage.test.ts > stores Yahoo annual fallback for RELIANCE.NZ with source evidence
fundamentals: RELIANCE.NZ EODHD 404; falling back to Yahoo annual statements

stderr | tests/unit/value/fundamentals-stage.test.ts > does not turn provider authentication failures into Yahoo fallback
fundamentals: BAD.US failed; continuing backlog

stderr | tests/unit/value/fundamentals-stage.test.ts > rejects an incompatible reporting currency refresh before replacing source records
fundamentals: FX.US failed; continuing backlog

 ❯ tests/unit/value/fundamentals-stage.test.ts (21 tests | 5 failed) 338ms
   ✓ orders never-fetched companies in universe order, then oldest fetchedAt, stably 5ms
   ✓ preserves known metadata and bank kind when patches are null or undefined 11ms
   × refreshes cap in USD without using PrimaryTicker or changing listing identity 20ms
     → expected { Object (id, currency, ...) } to match object { id: 'TEST.AS', …(2) }
(1 matching property omitted from actual)
   ✓ applies limit after rolling ordering and refetches recent companies 9ms
   × counts ten calls locally and stops at the daily budget 8ms
     → expected "spy" to be called 1 times, but got 3 times
   × resyncs usage after 200 companies and obeys the updated budget 199ms
     → expected "spy" to be called 200 times, but got 201 times
   ✓ puts overdue index members ahead of fresh members and Western nonmembers, including supplemental identities 5ms
   ✓ continues the member backlog after a failed company 5ms
   ✓ refreshes missing native-source index members without refreshing fresh native filings 3ms
   ✓ treats missing dates and empty financials as due and uses a strict 90-day boundary 1ms
   ✓ stores Yahoo annual fallback for RELIANCE.NSE with source evidence 18ms
   ✓ stores Yahoo annual fallback for RELIANCE.NZ with source evidence 4ms
   ✓ does not turn provider authentication failures into Yahoo fallback 2ms
   ✓ preserves official India history when a routine Yahoo refresh returns only four years 7ms
   ✓ retains same-period prior facts and immutable provenance on a lossy LULU.US refresh 8ms
   ✓ retains same-period prior facts and immutable provenance on a lossy BCP.LS refresh 4ms
   ✓ rejects an incompatible reporting currency refresh before replacing source records 3ms
   ✓ retains an existing company history when a refresh returns no statements 5ms
   ✓ retains source history and rejects a destructive refreshed share jump 7ms
   × nightly fundamentals stop at the reserve ceiling (membersFirst=false) 7ms
     → expected { id: 'B.US', currency: '', …(6) } to be null
   × nightly fundamentals stop at the reserve ceiling (membersFirst=true) 5ms
     → expected { id: 'B.US', currency: '', …(6) } to be null
 ❯ tests/unit/value/logo-sources.test.ts (17 tests | 1 failed) 467ms
   ✓ matches exact identifiers and rejects ambiguous identities and foreign ticker collisions 4ms
   ✓ prefers apple icons then largest declared icons and resolves relative URLs 3ms
   ✓ rejects 32px, truncated rasters, banners, unsafe SVG, and accepts scalable marks 113ms
   ✓ falls through corrupt P154 and undersized official icons to a non-default Google image 65ms
   ✓ uses manifest icons before social cards and rejects photographic social JPEGs 66ms
   ✓ rejects hash-listed Google defaults even when their decoded size is sufficient 5ms
   ✓ decodes a real 64px bitmap ICO and rejects an ICO directory with invented frame dimensions 35ms
   ✓ accepts scalable wordmarks with internal SVG clip references, without loading external images 32ms
   ✓ matches verified exchange IDs and numeric ticker padding without accepting another market 1ms
   ✓ recognizes an explicit brand mark linked to the issuer home page, not customer or partner logos 2ms
   ✓ honors the document base URL for official icons 0ms
   ✓ accepts the first explicitly named site logo on a landing page without a home link 0ms
   ✓ allows a transparent 200px brand wordmark, but never promotes a 32px favicon or wide banner 56ms
   ✓ recognizes a brand link to a localized index page on the same official host 1ms
   ✓ does not treat a fragment or missing link as an issuer home link 0ms
   ✓ tries HTTPS first but preserves an explicitly declared HTTP-only official site 42ms
   × renders white transparent marks with a contrasting background and rejects empty transparent images 37ms
     → Invalid input
 ❯ tests/unit/value/reviewed-price-history.test.ts (7 tests | 1 failed) 522ms
   ✓ ordinary cache reads cannot replace released split-adjusted months with raw vendor closes 7ms
   ✓ retains the reviewed basis while accepting a new month and a current-month move 3ms
   ✓ does not invent adjusted older months from the conflicting source or churn retained values for vendor rounding 2ms
   ✓ accepts a uniformly rebased history after a new split, including its recent closed months 2ms
   ✓ allows an isolated provider correction and fresh history without a released baseline 2ms
   × fetching raw EOD history seeks a compatible Yahoo series before replacing reviewed prices 30ms
     → expected [ 'query1.finance.yahoo.com' ] to deeply equal [ 'eodhd.com', …(1) ]
   ✓ rejects a second source that also conflicts rather than installing another unreviewed basis  475ms
 ✓ tests/unit/value/japan-stage.test.ts (9 tests) 513ms
   ✓ does not cache API error payloads or leak the API key in errors  336ms
 ✓ tests/unit/value/financial-quality.test.ts (28 tests) 294ms
stdout | tests/unit/value/price-history.test.ts > records monthly closes in order with the requested ten-year URL and skips fresh history
price-history: 0 written
price-history: 1/1 companies failed

stderr | tests/unit/value/price-history.test.ts > records monthly closes in order with the requested ten-year URL and skips fresh history
KO.US: expected '/v8/finance/chart/KO' to be '/api/eod/KO.US' // Object.is equality
KO.US: expected '/v8/finance/chart/KO' to be '/api/eod/KO.US' // Object.is equality

stderr | tests/unit/value/price-history.test.ts > refreshes expired rows, filters before limit, and switches to Yahoo at the shared daily budget
KO.US: expected '/v8/finance/chart/KO' to be '/v8/finance/chart/NEXT' // Object.is equality

stdout | tests/unit/value/price-history.test.ts > refreshes expired rows, filters before limit, and switches to Yahoo at the shared daily budget
price-history: 1 written
price-history: 1/2 companies failed

stderr | tests/unit/value/price-history.test.ts > refreshes expired rows, filters before limit, and switches to Yahoo at the shared daily budget
KO.US: expected '/v8/finance/chart/KO' to be '/v8/finance/chart/NEXT' // Object.is equality

stdout | tests/unit/value/price-history.test.ts > uses Japanese local month and Yahoo ten-year monthly closes without EODHD budget calls
price-history: 1 written
price-history: 0/1 companies failed

stdout | tests/unit/value/price-history.test.ts > skips bad provider responses without replacing a cached file
price-history: 0 written
price-history: 1/1 companies failed

stdout | tests/unit/value/price-history.test.ts > continues through all companies despite consecutive failures and rejects above 20%
price-history: 0 written
price-history: 42/42 companies failed

stdout | tests/unit/value/price-history.test.ts > counts failed EODHD attempts against the daily budget
price-history: 0 written
price-history: 2/2 companies failed

stdout | tests/unit/value/price-history.test.ts > skips a failed Yahoo request and writes the next company
price-history: 1 written
price-history: 1/2 companies failed

stdout | tests/unit/value/price-history.test.ts > C7 falls back immediately on an exhausted budget and uses padded HK symbols
price-history: 1 written
price-history: 0/1 companies failed

stdout | tests/unit/value/price-history.test.ts > continues after malformed cached history metadata
price-history: 4 written
price-history: 1/5 companies failed

stderr | tests/unit/value/price-history.test.ts > records unavailable Japanese symbols without starving later history or replacing old prices
MISSING0.JP: Yahoo history unavailable

stderr | tests/unit/value/price-history.test.ts > records unavailable Japanese symbols without starving later history or replacing old prices
MISSING1.JP: Yahoo history unavailable

stderr | tests/unit/value/price-history.test.ts > records unavailable Japanese symbols without starving later history or replacing old prices
MISSING2.JP: Yahoo history unavailable

stderr | tests/unit/value/price-history.test.ts > records unavailable Japanese symbols without starving later history or replacing old prices
MISSING3.JP: Yahoo history unavailable

stderr | tests/unit/value/price-history.test.ts > records unavailable Japanese symbols without starving later history or replacing old prices
MISSING4.JP: Yahoo history unavailable

stderr | tests/unit/value/price-history.test.ts > records unavailable Japanese symbols without starving later history or replacing old prices
MISSING5.JP: Yahoo history unavailable

stderr | tests/unit/value/price-history.test.ts > records unavailable Japanese symbols without starving later history or replacing old prices
MISSING6.JP: Yahoo history unavailable

stderr | tests/unit/value/price-history.test.ts > records unavailable Japanese symbols without starving later history or replacing old prices
MISSING7.JP: Yahoo history unavailable

stderr | tests/unit/value/price-history.test.ts > records unavailable Japanese symbols without starving later history or replacing old prices
MISSING8.JP: Yahoo history unavailable

stderr | tests/unit/value/price-history.test.ts > records unavailable Japanese symbols without starving later history or replacing old prices
MISSING9.JP: Yahoo history unavailable

stderr | tests/unit/value/price-history.test.ts > records unavailable Japanese symbols without starving later history or replacing old prices
MISSING10.JP: Yahoo history unavailable

stderr | tests/unit/value/price-history.test.ts > records unavailable Japanese symbols without starving later history or replacing old prices
MISSING11.JP: Yahoo history unavailable

stderr | tests/unit/value/price-history.test.ts > records unavailable Japanese symbols without starving later history or replacing old prices
MISSING12.JP: Yahoo history unavailable

stderr | tests/unit/value/price-history.test.ts > records unavailable Japanese symbols without starving later history or replacing old prices
MISSING13.JP: Yahoo history unavailable

stderr | tests/unit/value/price-history.test.ts > records unavailable Japanese symbols without starving later history or replacing old prices
MISSING14.JP: Yahoo history unavailable

stderr | tests/unit/value/price-history.test.ts > records unavailable Japanese symbols without starving later history or replacing old prices
MISSING15.JP: Yahoo history unavailable

stderr | tests/unit/value/price-history.test.ts > records unavailable Japanese symbols without starving later history or replacing old prices
MISSING16.JP: Yahoo history unavailable

stderr | tests/unit/value/price-history.test.ts > records unavailable Japanese symbols without starving later history or replacing old prices
MISSING17.JP: Yahoo history unavailable

stderr | tests/unit/value/price-history.test.ts > records unavailable Japanese symbols without starving later history or replacing old prices
MISSING18.JP: Yahoo history unavailable

stderr | tests/unit/value/price-history.test.ts > records unavailable Japanese symbols without starving later history or replacing old prices
MISSING19.JP: Yahoo history unavailable

stderr | tests/unit/value/price-history.test.ts > records unavailable Japanese symbols without starving later history or replacing old prices
MISSING20.JP: Yahoo history unavailable

stdout | tests/unit/value/price-history.test.ts > records unavailable Japanese symbols without starving later history or replacing old prices
price-history: 1 written
price-history: 0/22 companies failed

stdout | tests/unit/value/price-history.test.ts > records unavailable Japanese symbols without starving later history or replacing old prices
price-history: 0 written
price-history: 0/0 companies failed

stdout | tests/unit/value/price-history.test.ts > limits price-history requests after ranking Western access then market cap
price-history: 0 written
price-history: 1/1 companies failed

stderr | tests/unit/value/price-history.test.ts > limits price-history requests after ranking Western access then market cap
ADR.TW: Invalid Yahoo price history
ADR.TW: Invalid Yahoo price history

stdout | tests/unit/value/price-history.test.ts > routes compatibility exchange EXAMPLE.NZ to Yahoo even with the paid history budget exhausted
price-history: 1 written
price-history: 0/1 companies failed

stdout | tests/unit/value/price-history.test.ts > routes compatibility exchange EXAMPLE.MI to Yahoo even with the paid history budget exhausted
price-history: 1 written
price-history: 0/1 companies failed

stdout | tests/unit/value/price-history.test.ts > honors VALUE_NO_EODHD for history without paid usage checks or reservations
price-history: 1 written
price-history: 0/1 companies failed

stdout | tests/unit/value/price-history.test.ts > caches a confirmed compatibility-exchange miss with its reason, preserves prices, and retries after the refresh window
price-history: 0 written
price-history: 0/1 companies failed

stderr | tests/unit/value/price-history.test.ts > caches a confirmed compatibility-exchange miss with its reason, preserves prices, and retries after the refresh window
MISSING.NZ: Yahoo history unavailable

stdout | tests/unit/value/price-history.test.ts > caches a confirmed compatibility-exchange miss with its reason, preserves prices, and retries after the refresh window
price-history: 0 written
price-history: 0/0 companies failed

stdout | tests/unit/value/price-history.test.ts > caches a confirmed compatibility-exchange miss with its reason, preserves prices, and retries after the refresh window
price-history: 1 written
price-history: 0/1 companies failed

stdout | tests/unit/value/price-history.test.ts > does not cache Yahoo HTTP 429 as a permanent miss
price-history: 0 written
price-history: 1/1 companies failed

stdout | tests/unit/value/price-history.test.ts > does not cache Yahoo HTTP 500 as a permanent miss
price-history: 0 written
price-history: 1/1 companies failed

 ❯ tests/unit/value/price-history.test.ts (41 tests | 5 failed) 319ms
   × records monthly closes in order with the requested ten-year URL and skips fresh history 21ms
     → price-history: more than 20% of attempted companies failed (1/1)
   × refreshes expired rows, filters before limit, and switches to Yahoo at the shared daily budget 35ms
     → price-history: more than 20% of attempted companies failed (1/2)
   ✓ uses Japanese local month and Yahoo ten-year monthly closes without EODHD budget calls 7ms
   ✓ skips bad provider responses without replacing a cached file 8ms
   × continues through all companies despite consecutive failures and rejects above 20% 48ms
     → expected null not to be null
   × counts failed EODHD attempts against the daily budget 9ms
     → expected [ '/v8/finance/chart/BAD', …(1) ] to deeply equal [ '/api/eod/BAD.US', …(1) ]
   ✓ skips a failed Yahoo request and writes the next company 8ms
   ✓ C7 falls back immediately on an exhausted budget and uses padded HK symbols 8ms
   ✓ C7 parses recorded live KO.US history with exchange-local month boundaries 4ms
   ✓ C7 parses recorded live NESN.SW history with exchange-local month boundaries 3ms
   ✓ C7 parses recorded live 0700.HK history with exchange-local month boundaries 3ms
   ✓ C7 parses recorded live 2330.TW history with exchange-local month boundaries 3ms
   ✓ C7 parses recorded live VALE3.SA history with exchange-local month boundaries 5ms
   ✓ C7 maps BRK.B on US to Yahoo BRK-B 1ms
   ✓ C7 maps ENI on MI to Yahoo ENI.MI 0ms
   ✓ C7 maps AIR on NZ to Yahoo AIR.NZ 0ms
   ✓ C7 maps SM on PSE to Yahoo SM.PS 0ms
   ✓ C7 maps TLV on RO to Yahoo TLV.RO 0ms
   ✓ C7 maps OTP on BUD to Yahoo OTP.BD 0ms
   ✓ C7 maps COP on HM to Yahoo COP.HM 0ms
   ✓ C7 maps GGAL on BA to Yahoo GGAL.BA 0ms
   ✓ C7 maps CEZ on PR to Yahoo CEZ.PR 0ms
   ✓ C7 maps TW10 on F to Yahoo TW10.F 0ms
   ✓ C7 maps NETZ on NEO to Yahoo NETZ.NE 0ms
   ✓ C7 maps 7203 on JP to Yahoo 7203.T 1ms
   ✓ C7 maps BHP on AU to Yahoo BHP.AX 0ms
   ✓ C7 maps 005930 on KO to Yahoo 005930.KS 0ms
   ✓ C7 rejects unknown exchanges instead of requesting a US namesake 1ms
   ✓ succeeds at exactly 20% failures and does not count fresh skipped companies as attempts 17ms
   ✓ continues after malformed cached history metadata 17ms
   ✓ records unavailable Japanese symbols without starving later history or replacing old prices 43ms
   × limits price-history requests after ranking Western access then market cap 5ms
     → price-history: more than 20% of attempted companies failed (1/1)
   ✓ routes NSE symbols to Yahoo .NS without requesting unsupported EODHD symbols 5ms
   ✓ routes compatibility exchange EXAMPLE.NZ to Yahoo even with the paid history budget exhausted 7ms
   ✓ routes compatibility exchange EXAMPLE.MI to Yahoo even with the paid history budget exhausted 7ms
   ✓ honors VALUE_NO_EODHD for history without paid usage checks or reservations 7ms
   ✓ caches a confirmed compatibility-exchange miss with its reason, preserves prices, and retries after the refresh window 15ms
   ✓ does not cache Yahoo HTTP 429 as a permanent miss 5ms
   ✓ does not cache Yahoo HTTP 500 as a permanent miss 5ms
   ✓ direct history consumers also route the NZ compatibility exchange to Yahoo 5ms
   ✓ direct history consumers also route the MI compatibility exchange to Yahoo 8ms
 ✓ tests/unit/value/enrichment-round7.test.ts (6 tests) 457ms
stdout | tests/unit/value/selected-sources.test.ts > refreshes a weekly mover even when its recent source set is unchanged
price-story 1/1 T.US price=true risk=false pricing=false news=cached

stdout | tests/unit/value/selected-sources.test.ts > refreshes a weekly mover even when its recent source set is unchanged
price-story: 1/1 processed; published universe 1; weekly movers 1

 ✓ tests/unit/value/selected-sources.test.ts (53 tests) 367ms
stdout | tests/unit/value/japan.test.ts > reports preserves EDINET prose even when forced, with no SEC or ESEF requests
reports: 0/1 companies failed

 ✓ tests/unit/value/japan.test.ts (25 tests) 479ms
 ✓ tests/unit/value/japan-full-statements.test.ts (13 tests) 447ms
 ✓ tests/unit/value/budget-exit.test.ts (1 test) 502ms
   ✓ the real CLI reports exhausted yields as exit 75 before making an HTTP request  500ms
stdout | tests/unit/value/logo-new-members.test.ts > fetches an unpublished in-scope company and resumes approved assets without network
{
  total: 1,
  checked: 1,
  cached: 0,
  recovered: 1,
  unavailable: 0,
  sources: { manual: 1 }
}

stdout | tests/unit/value/logo-new-members.test.ts > fetches an unpublished in-scope company and resumes approved assets without network
{
  total: 1,
  checked: 0,
  cached: 1,
  recovered: 0,
  unavailable: 0,
  sources: {}
}

 ✓ tests/unit/value/logo-new-members.test.ts (1 test) 345ms
   ✓ fetches an unpublished in-scope company and resumes approved assets without network  343ms
stdout | tests/unit/value/existing-analysis-publish.test.ts > budget fallback publishes the released tree without loading changed or invalid local analysis
publish: retained existing released analysis after research budget exhaustion

 ✓ tests/unit/value/existing-analysis-publish.test.ts (1 test) 315ms
   ✓ budget fallback publishes the released tree without loading changed or invalid local analysis  313ms
 ✓ tests/unit/value/design-round-6.test.ts (8 tests) 414ms
stdout | tests/unit/value/japan-4-stage.test.ts > reuses a recorded H1 ZIP through the fetch stage and offline renormalization, preserving annual history on replay
japan-interim: 1 processed, 0 failed

stdout | tests/unit/value/japan-4-stage.test.ts > reuses a recorded H1 ZIP through the fetch stage and offline renormalization, preserving annual history on replay
renormalize-edinet: 1 written, 0 missing cached issuer years or fundamentals
split-adjusted: 0 companies []

stdout | tests/unit/value/japan-4-stage.test.ts > reuses a recorded H1 ZIP through the fetch stage and offline renormalization, preserving annual history on replay
renormalize-edinet: 1 written, 0 missing cached issuer years or fundamentals
split-adjusted: 0 companies []

 ✓ tests/unit/value/japan-4-stage.test.ts (1 test) 279ms
 ✓ tests/unit/value/logo-validation.test.ts (6 tests) 234ms
 ✓ tests/unit/value-format-surfaces.test.ts (6 tests) 339ms
 ✓ tests/unit/value/thesis-recorded.test.ts (24 tests) 316ms
 ✓ tests/unit/value/esef-css.test.ts (1 test) 442ms
   ✓ extracts headings promptly when CSS includes large embedded images  440ms
 ✓ tests/unit/value-india.test.ts (26 tests) 230ms
 ✓ tests/unit/value/check-universe.test.ts (29 tests) 228ms
 ✓ tests/unit/value/dossier-currency.test.ts (9 tests) 237ms
 ✓ tests/unit/value/checking.test.ts (6 tests) 226ms
 ✓ tests/unit/value/valuation-methodology.test.ts (24 tests) 162ms
 ✓ tests/unit/value/investment-nav.test.ts (21 tests) 218ms
 ✓ tests/unit/value/judgement.test.ts (17 tests) 223ms
 ✓ tests/unit/value/italy.test.ts (14 tests) 245ms
 ✓ tests/unit/value/logo-deep.test.ts (3 tests) 190ms
 ❯ tests/unit/value/eodhd-reset.test.ts (6 tests | 6 failed) 20126ms
   × waits for both current provider date and fewer than 5000 calls, then replaces the poisoned ledger 45ms
     → expected 99000 to be 99001 // Object.is equality
   × starts immediately after reset and retains valid same-day history reservations 5010ms
     → Test timed out in 5000ms.
If this is a long-running test, pass a timeout value as the last argument or configure it globally with "testTimeout".
   × fails closed after 12 hours without resetting the ledger, counting hourly probes 17ms
     → expected [] to have a length of 72 but got +0
   × makes a cheap data request to expose the new provider day, then immediately rechecks 5013ms
     → Test timed out in 5000ms.
If this is a long-running test, pass a timeout value as the last argument or configure it globally with "testTimeout".
   × retries network failures and malformed counters without accepting them as a reset 5029ms
     → Test timed out in 5000ms.
If this is a long-running test, pass a timeout value as the last argument or configure it globally with "testTimeout".
   × compares the provider date with the current UTC day after midnight 5010ms
     → Test timed out in 5000ms.
If this is a long-running test, pass a timeout value as the last argument or configure it globally with "testTimeout".
 ✓ tests/unit/value-since-return.test.ts (6 tests) 154ms
 ✓ tests/unit/value/acquisition-capital.test.ts (11 tests) 194ms
 ✓ tests/unit/value/search-round7.test.ts (2 tests) 134ms
 ✓ tests/unit/value/dedupe.test.ts (14 tests) 82ms
 ✓ tests/unit/agent-api/client.test.ts (1 test) 110ms
 ✓ tests/unit/value/thesis-production.test.ts (7 tests) 119ms
 ✓ tests/unit/value/completeness.test.ts (34 tests) 112ms
 ✓ tests/unit/value-cross-surface.test.ts (17 tests) 109ms
 ✓ tests/unit/value/story-disk.test.ts (3 tests) 90ms
 ✓ tests/unit/value/quality-ltm.test.ts (17 tests) 122ms
 ✓ tests/unit/value/coverage-integration.test.ts (1 test) 64ms
stdout | tests/unit/value/thesis-stage.test.ts > makes no provider calls for unchanged inputs, refreshes changed inputs and 31-day-old results
thesis: eligible=1 cached=0 due=1 selected=1 deferred=0 callLimit=240

stdout | tests/unit/value/thesis-stage.test.ts > makes no provider calls for unchanged inputs, refreshes changed inputs and 31-day-old results
thesis TEST.US: ; 0 coverage gaps; 0 identical recorded calls reused

stdout | tests/unit/value/thesis-stage.test.ts > makes no provider calls for unchanged inputs, refreshes changed inputs and 31-day-old results
thesis: Jev calls=1/240; selected=1
thesis: 1 candidates processed; results in thesis/

stdout | tests/unit/value/thesis-stage.test.ts > makes no provider calls for unchanged inputs, refreshes changed inputs and 31-day-old results
thesis: eligible=1 cached=1 due=0 selected=0 deferred=0 callLimit=240

stdout | tests/unit/value/thesis-stage.test.ts > makes no provider calls for unchanged inputs, refreshes changed inputs and 31-day-old results
thesis: Jev calls=0/240; selected=0
thesis: 0 candidates processed; results in thesis/

stdout | tests/unit/value/thesis-stage.test.ts > makes no provider calls for unchanged inputs, refreshes changed inputs and 31-day-old results
thesis: eligible=1 cached=1 due=0 selected=0 deferred=0 callLimit=240

stdout | tests/unit/value/thesis-stage.test.ts > makes no provider calls for unchanged inputs, refreshes changed inputs and 31-day-old results
thesis: Jev calls=0/240; selected=0
thesis: 0 candidates processed; results in thesis/

stdout | tests/unit/value/thesis-stage.test.ts > makes no provider calls for unchanged inputs, refreshes changed inputs and 31-day-old results
thesis: eligible=1 cached=0 due=1 selected=1 deferred=0 callLimit=240

stdout | tests/unit/value/thesis-stage.test.ts > makes no provider calls for unchanged inputs, refreshes changed inputs and 31-day-old results
thesis TEST.US: ; 0 coverage gaps; 0 identical recorded calls reused

stdout | tests/unit/value/thesis-stage.test.ts > makes no provider calls for unchanged inputs, refreshes changed inputs and 31-day-old results
thesis: Jev calls=1/240; selected=1
thesis: 1 candidates processed; results in thesis/

stdout | tests/unit/value/thesis-stage.test.ts > makes no provider calls for unchanged inputs, refreshes changed inputs and 31-day-old results
thesis: eligible=1 cached=0 due=1 selected=1 deferred=0 callLimit=240

stdout | tests/unit/value/thesis-stage.test.ts > makes no provider calls for unchanged inputs, refreshes changed inputs and 31-day-old results
thesis TEST.US: ; 0 coverage gaps; 0 identical recorded calls reused

stdout | tests/unit/value/thesis-stage.test.ts > makes no provider calls for unchanged inputs, refreshes changed inputs and 31-day-old results
thesis: Jev calls=1/240; selected=1
thesis: 1 candidates processed; results in thesis/

stdout | tests/unit/value/thesis-stage.test.ts > filters cached and out-of-scope companies before applying the company limit
thesis: eligible=1 cached=0 due=1 selected=1 deferred=0 callLimit=240

stdout | tests/unit/value/thesis-stage.test.ts > filters cached and out-of-scope companies before applying the company limit
thesis TEST.US: ; 0 coverage gaps; 0 identical recorded calls reused

stdout | tests/unit/value/thesis-stage.test.ts > filters cached and out-of-scope companies before applying the company limit
thesis: Jev calls=1/240; selected=1
thesis: 1 candidates processed; results in thesis/

stdout | tests/unit/value/thesis-stage.test.ts > filters cached and out-of-scope companies before applying the company limit
thesis: eligible=2 cached=1 due=1 selected=1 deferred=0 callLimit=240

stdout | tests/unit/value/thesis-stage.test.ts > filters cached and out-of-scope companies before applying the company limit
thesis NEXT.US: ; 0 coverage gaps; 0 identical recorded calls reused

stdout | tests/unit/value/thesis-stage.test.ts > filters cached and out-of-scope companies before applying the company limit
thesis: Jev calls=1/240; selected=1
thesis: 1 candidates processed; results in thesis/

stdout | tests/unit/value/thesis-stage.test.ts > caps default work at twelve companies and reports the actual call count
thesis: eligible=15 cached=0 due=15 selected=12 deferred=3 callLimit=240

stdout | tests/unit/value/thesis-stage.test.ts > caps default work at twelve companies and reports the actual call count
thesis C0.US: ; 0 coverage gaps; 0 identical recorded calls reused

stdout | tests/unit/value/thesis-stage.test.ts > caps default work at twelve companies and reports the actual call count
thesis C1.US: ; 0 coverage gaps; 0 identical recorded calls reused

stdout | tests/unit/value/thesis-stage.test.ts > caps default work at twelve companies and reports the actual call count
thesis C10.US: ; 0 coverage gaps; 0 identical recorded calls reused

stdout | tests/unit/value/thesis-stage.test.ts > caps default work at twelve companies and reports the actual call count
thesis C11.US: ; 0 coverage gaps; 0 identical recorded calls reused

stdout | tests/unit/value/thesis-stage.test.ts > caps default work at twelve companies and reports the actual call count
thesis C12.US: ; 0 coverage gaps; 0 identical recorded calls reused

stdout | tests/unit/value/thesis-stage.test.ts > caps default work at twelve companies and reports the actual call count
thesis C13.US: ; 0 coverage gaps; 0 identical recorded calls reused

stdout | tests/unit/value/thesis-stage.test.ts > caps default work at twelve companies and reports the actual call count
thesis C14.US: ; 0 coverage gaps; 0 identical recorded calls reused

stdout | tests/unit/value/thesis-stage.test.ts > caps default work at twelve companies and reports the actual call count
thesis C2.US: ; 0 coverage gaps; 0 identical recorded calls reused

stdout | tests/unit/value/thesis-stage.test.ts > caps default work at twelve companies and reports the actual call count
thesis C3.US: ; 0 coverage gaps; 0 identical recorded calls reused

stdout | tests/unit/value/thesis-stage.test.ts > caps default work at twelve companies and reports the actual call count
thesis C4.US: ; 0 coverage gaps; 0 identical recorded calls reused

stdout | tests/unit/value/thesis-stage.test.ts > caps default work at twelve companies and reports the actual call count
thesis C5.US: ; 0 coverage gaps; 0 identical recorded calls reused

stdout | tests/unit/value/thesis-stage.test.ts > caps default work at twelve companies and reports the actual call count
thesis C6.US: ; 0 coverage gaps; 0 identical recorded calls reused

stdout | tests/unit/value/thesis-stage.test.ts > caps default work at twelve companies and reports the actual call count
thesis: Jev calls=12/240; selected=12
thesis: 12 candidates processed; results in thesis/

stdout | tests/unit/value/thesis-stage.test.ts > stops at the Jev call budget without saving a partial thesis
thesis: eligible=1 cached=0 due=1 selected=1 deferred=0 callLimit=240

stdout | tests/unit/value/thesis-stage.test.ts > stops at the Jev call budget without saving a partial thesis
thesis: Jev calls=240/240; selected=1

 ✓ tests/unit/value/thesis-stage.test.ts (4 tests) 47ms
 ✓ tests/unit/value/design-round-ten-b.test.ts (6 tests) 78ms
 ✓ tests/unit/value/logo-manual.test.ts (3 tests) 82ms
 ✓ tests/unit/value/memo-pdf-order.test.ts (1 test) 73ms
stdout | tests/unit/value/companies.test.ts > writes enriched descriptions to business.txt for description-only reports
reports: 0/1 companies failed

stdout | tests/unit/value/companies.test.ts > C4 shared company loading and reports skip bad IDs and allow ampersands
reports: 0/4 companies failed

stdout | tests/unit/value/companies.test.ts > reports continues with the universe description when company enrichment is malformed
reports: 1/5 companies failed

stdout | tests/unit/value/companies.test.ts > spends a limited report run on Western access first, then market cap
reports: 0/1 companies failed

 ✓ tests/unit/value/companies.test.ts (16 tests) 53ms
 ✓ tests/unit/value/esef-share-fallback.test.ts (3 tests) 99ms
stdout | tests/unit/value/index-membership-stage.test.ts > uses the parsed dated fallback without spending beyond the remaining budget
S&P 500: 1/1 mapped; 0 excluded; 0 unmatched
index-membership: 1 companies; complete=true; EODHD ledger=99997

stdout | tests/unit/value/index-membership-stage.test.ts > keeps unmatched evidence and fails the coverage gate
S&P 500: 0/1 mapped; 0 excluded; 1 unmatched
index-membership: 0 companies; complete=false; EODHD ledger=99997

stdout | tests/unit/value/index-membership-stage.test.ts > retains a verified missing listing identity without rewriting the upstream universe
S&P 500: 1/1 mapped; 0 excluded; 0 unmatched
index-membership: 1 companies; complete=true; EODHD ledger=99997

stdout | tests/unit/value/index-membership-stage.test.ts > uses all cached exchanges to identify constituents absent from the home exchange cache
S&P 500: 1/1 mapped; 0 excluded; 0 unmatched
index-membership: 1 companies; complete=true; EODHD ledger=99997

stdout | tests/unit/value/index-membership-stage.test.ts > audits excluded fund rows as resolved while omitting their site memberships
S&P 500: 0/1 mapped; 1 excluded; 0 unmatched
index-membership: 0 companies; complete=true; EODHD ledger=99997

stdout | tests/unit/value/index-membership-stage.test.ts > does not classify an operating issuer using a colliding vendor ETF ticker
S&P 500: 1/1 mapped; 0 excluded; 0 unmatched
index-membership: 1 companies; complete=true; EODHD ledger=99997

stdout | tests/unit/value/index-membership-stage.test.ts > keeps a missing issuer unmatched when its vendor mnemonic collides with an unrelated ETF
S&P 500: 0/1 mapped; 0 excluded; 1 unmatched
index-membership: 0 companies; complete=false; EODHD ledger=99997

 ✓ tests/unit/value/index-membership-stage.test.ts (7 tests) 48ms
 ✓ tests/unit/inbound.test.ts (12 tests) 68ms
 ✓ tests/unit/value/polish.test.ts (12 tests) 52ms
 ✓ tests/unit/value/integrity.test.ts (30 tests) 81ms
 ✓ tests/unit/value/calibration-round-1.test.ts (40 tests) 66ms
 ✓ tests/unit/value/history.test.ts (11 tests) 73ms
 ✓ tests/unit/value/complete-2.test.ts (29 tests) 95ms
 ✓ tests/unit/value/completion-retention.test.ts (23 tests) 79ms
 ✓ tests/unit/value/valuation-round-3.test.ts (17 tests) 53ms
 ✓ tests/unit/no-slop.test.ts (16 tests) 57ms
 ✓ tests/unit/value/fix-five.test.ts (9 tests) 59ms
 ✓ tests/unit/value/tests.test.ts (36 tests) 73ms
 ✓ tests/unit/value/western.test.ts (37 tests) 63ms
 ✓ tests/unit/value/http.test.ts (9 tests) 55ms
 ✓ tests/unit/value/components.test.ts (3 tests) 59ms
 ✓ tests/unit/agent-api/payment.test.ts (10 tests) 75ms
 ✓ tests/unit/value/performance.test.ts (15 tests) 61ms
 ✓ tests/unit/value/forward-view.test.ts (3 tests) 52ms
 ✓ tests/unit/value/quarterly.test.ts (14 tests) 58ms
 ✓ tests/unit/agent-api/data.test.ts (22 tests) 47ms
 ✓ tests/unit/value/valuation-v2.test.ts (9 tests) 33ms
 ✓ tests/unit/value/site-round1.test.ts (4 tests) 51ms
 ✓ tests/unit/value/logo-discovery.test.ts (11 tests) 61ms
 ✓ tests/unit/value/logo.test.ts (5 tests) 41ms
 ✓ tests/unit/value/flags-inline.test.ts (4 tests) 55ms
stdout | tests/unit/value-india-write.test.ts > writes only the selected canonical India fundamentals and its single cache; analysis and other issuers remain byte-identical
TCS.NSE: obtained=1, retained=1, balance=1, cashFlow=1, written=true, failures=0

 ✓ tests/unit/value-india-write.test.ts (1 test) 63ms
 ✓ tests/unit/value/snapshots-round7.test.ts (10 tests) 57ms
 ✓ tests/unit/value/fix-round-1.test.ts (21 tests) 66ms
 ✓ tests/unit/parsers.test.ts (9 tests) 54ms
 ✓ tests/unit/value/store.test.ts (5 tests) 46ms
stderr | tests/unit/value/resilient-prices.test.ts > recovers a recorded NSE bulk 404 with Yahoo and continues later exchanges
prices: exchange NSE failed: EODHD HTTP 404; falling back to Yahoo

stdout | tests/unit/value/resilient-prices.test.ts > recovers a recorded NSE bulk 404 with Yahoo and continues later exchanges
prices summary: 2/2 fresh (100.00%); Yahoo 1; failed exchanges NSE; missing 0; status=ok

stdout | tests/unit/value/resilient-prices.test.ts > persists successes and requires >=95 percent fresh closes (1 failed)
prices summary: 19/20 fresh (95.00%); Yahoo 0; failed exchanges none; missing 1; status=ok

stderr | tests/unit/value/resilient-prices.test.ts > persists successes and requires >=95 percent fresh closes (1 failed)
prices: skipped C0.US: unavailable

stderr | tests/unit/value/resilient-prices.test.ts > persists successes and requires >=95 percent fresh closes (2 failed)
prices: skipped C0.US: unavailable

stdout | tests/unit/value/resilient-prices.test.ts > persists successes and requires >=95 percent fresh closes (2 failed)
prices summary: 18/20 fresh (90.00%); Yahoo 0; failed exchanges none; missing 2; status=partial

stderr | tests/unit/value/resilient-prices.test.ts > persists successes and requires >=95 percent fresh closes (2 failed)
prices: skipped C1.US: unavailable

stderr | tests/unit/value/resilient-prices.test.ts > does not count stale/future closes or older responses rejected by the price merge
prices: skipped STALE.US: unavailable

stdout | tests/unit/value/resilient-prices.test.ts > does not count stale/future closes or older responses rejected by the price merge
prices summary: 0/3 fresh (0.00%); Yahoo 0; failed exchanges none; missing 3; status=partial

stderr | tests/unit/value/resilient-prices.test.ts > does not count stale/future closes or older responses rejected by the price merge
prices: skipped FUTURE.US: unavailable

 ✓ tests/unit/value/resilient-prices.test.ts (8 tests) 49ms
 ✓ tests/unit/value-design-sixteen.test.ts (5 tests) 44ms
 ✓ tests/unit/value/verdict-attribution.test.ts (5 tests) 55ms
 ✓ tests/unit/value/design-contract.test.ts (6 tests) 30ms
 ✓ tests/unit/value/calibration-round-3.test.ts (11 tests) 28ms
 ✓ tests/unit/value/universe-collapse.test.ts (78 tests) 49ms
 ✓ tests/unit/value/design-round-4.test.ts (5 tests) 61ms
 ✓ tests/unit/agent-api/http.test.ts (3 tests) 58ms
 ✓ tests/unit/value/final-fixes.test.ts (17 tests) 52ms
 ✓ tests/unit/value/viz.test.ts (7 tests) 44ms
stdout | tests/unit/value/prices-stage.test.ts > publishes successful quotes before setting stage outcome at 95 percent (1 missing)
prices summary: 19/20 fresh (95.00%); Yahoo 0; failed exchanges none; missing 1; status=ok

stderr | tests/unit/value/prices-stage.test.ts > publishes successful quotes before setting stage outcome at 95 percent (1 missing)
prices: skipped C0.US: Unavailable

stdout | tests/unit/value/prices-stage.test.ts > publishes successful quotes before setting stage outcome at 95 percent (1 missing)
prices: 20 published companies, unchanged quotes

stderr | tests/unit/value/prices-stage.test.ts > publishes successful quotes before setting stage outcome at 95 percent (2 missing)
prices: skipped C0.US: Unavailable

stdout | tests/unit/value/prices-stage.test.ts > publishes successful quotes before setting stage outcome at 95 percent (2 missing)
prices summary: 18/20 fresh (90.00%); Yahoo 0; failed exchanges none; missing 2; status=partial

stderr | tests/unit/value/prices-stage.test.ts > publishes successful quotes before setting stage outcome at 95 percent (2 missing)
prices: skipped C1.US: Unavailable

stdout | tests/unit/value/prices-stage.test.ts > publishes successful quotes before setting stage outcome at 95 percent (2 missing)
prices: 20 published companies, unchanged quotes

 ✓ tests/unit/value/prices-stage.test.ts (2 tests) 34ms
 ✓ tests/unit/value/owner-memo.test.ts (25 tests) 41ms
 ✓ tests/unit/value/universe-round6.test.ts (42 tests) 47ms
 ✓ tests/unit/value/valuation.test.ts (32 tests) 33ms
 ✓ tests/unit/value/calibration-round-4.test.ts (27 tests) 44ms
 ✓ tests/unit/value/design-thirteen.test.ts (4 tests) 30ms
 ✓ tests/unit/value/brand.test.ts (2 tests) 41ms
 ✓ tests/unit/value/rule-reading.test.ts (9 tests | 1 skipped) 46ms
 ✓ tests/unit/bottom-bar-hydration.test.ts (12 tests) 37ms
 ✓ tests/unit/value/design-round-nine.test.ts (2 tests) 40ms
 ✓ tests/unit/value/logo-install.test.ts (1 test) 41ms
 ✓ tests/unit/value/predecessor-history.test.ts (11 tests) 36ms
stderr | tests/unit/value/forward.test.ts > forward snapshot > writes once, accepts identical reordered content, and keeps the first record of a day when later content differs
publish: kept existing forward/2026-10-01.json; forward records are immutable

 ✓ tests/unit/value/forward.test.ts (9 tests) 39ms
stdout | tests/unit/value/blob-publish.test.ts > uploads byte-identical allowed files under a version before switching the pointer
blob publish: 1 files, 13 bytes, version f42ca84c3fb6e9e3dbf9ffadc495ba050fa6e8319f2259e74d853d0c01398582

stdout | tests/unit/value/blob-publish.test.ts > changes version when bytes change and safely resumes an already active snapshot
blob publish: 1 files, 13 bytes, version f42ca84c3fb6e9e3dbf9ffadc495ba050fa6e8319f2259e74d853d0c01398582

stdout | tests/unit/value/blob-publish.test.ts > changes version when bytes change and safely resumes an already active snapshot
blob publish: 1 files, 2 bytes, version 45f058a27b5d735f02499616380526b62cd3d4e7fcfe6bf0d298d9567d725ed0

stdout | tests/unit/value/blob-publish.test.ts > retains hashed files in a shared immutable namespace as well as the versioned snapshot
blob publish: 2 files, 25 bytes, version 45f790d4bae45db957ebe55165a81d47e263deb9797e7127cdadf997419345c2

 ✓ tests/unit/value/blob-publish.test.ts (4 tests) 41ms
stdout | tests/unit/value/history-returns-cache-only.test.ts > retains a dated cached return without network or freshness changes (force=false)
history returns: 0 refreshed, 1 cached, 0 failed

stdout | tests/unit/value/history-returns-cache-only.test.ts > retains a dated cached return without network or freshness changes (force=true)
history returns: 0 refreshed, 1 cached, 0 failed

stdout | tests/unit/value/history-returns-cache-only.test.ts > reports missing return caches without attempting any provider
history returns: 0 refreshed, 0 cached, 1 failed

 ✓ tests/unit/value/history-returns-cache-only.test.ts (3 tests) 20ms
 ✓ tests/unit/value/calibration-round-2.test.ts (16 tests) 51ms
 ✓ tests/unit/value/nightly-history.test.ts (4 tests) 25ms
 ✓ tests/unit/value/understandable-improvement.test.ts (19 tests) 31ms
 ✓ tests/unit/unified-format.test.ts (5 tests) 35ms
 ✓ tests/unit/value/return-consistency.test.ts (6 tests) 32ms
 ✓ tests/unit/value/proxy.test.ts (37 tests) 25ms
 ✓ tests/unit/value/targeted-story.test.ts (3 tests) 31ms
 ✓ tests/unit/value/yahoo-fundamentals.test.ts (3 tests) 29ms
 ✓ tests/unit/agents/discovery.test.ts (4 tests) 36ms
 ✓ tests/unit/agents/mcp.test.ts (8 tests) 35ms
 ✓ tests/unit/value/annual-source-corrections.test.ts (19 tests) 30ms
 ❯ tests/unit/value/fx.test.ts (4 tests | 2 failed) 32ms
   ✓ uses the same USD and minor-unit conversions for supplied and cached rates 11ms
   × deduplicates major/minor requests and refreshes when the UTC day changes 13ms
     → expected [ null, null, null ] to deeply equal [ 1.25, 0.0125, 0.0125 ]
   × force bypasses today's corpus cache but reuses the fetched major rate 4ms
     → expected 1.25 to be 1.5 // Object.is equality
   ✓ rejects nonpositive and nonfinite rates in both modes 2ms
 ✓ tests/unit/value/reported-facts.test.ts (8 tests) 33ms
 ✓ tests/unit/value/nightly-budget.test.ts (4 tests) 15ms
 ✓ tests/unit/value/refresh-fundamentals.test.ts (9 tests) 26ms
 ✓ tests/unit/value/thesis-evidence.test.ts (8 tests) 32ms
 ✓ tests/unit/value/buffett-calibration.test.ts (10 tests) 21ms
 ✓ tests/unit/value/history-split-basis.test.ts (1 test) 15ms
 ✓ tests/unit/value/flags-materiality.test.ts (11 tests) 27ms
 ✓ tests/unit/value/held-routes.test.ts (3 tests) 16ms
 ✓ tests/unit/value/financial-v2.test.ts (7 tests) 21ms
 ✓ tests/unit/format.test.ts (3 tests) 23ms
 ✓ tests/unit/value/capital-series-consistency.test.ts (2 tests) 16ms
 ✓ tests/unit/value/browser-data-route.test.ts (9 tests) 29ms
 ✓ tests/unit/value/publication-capitalization.test.ts (15 tests) 25ms
 ✓ tests/unit/value/rules-candidates.test.ts (11 tests) 28ms
 ✓ tests/unit/value/logo-publication.test.ts (1 test) 32ms
 ✓ tests/unit/value/price-history-splits.test.ts (6 tests) 21ms
 ✓ tests/unit/unified-search.test.ts (32 tests) 21ms
 ✓ tests/unit/value/presentation-currency.test.ts (3 tests) 22ms
 ✓ tests/unit/value/source-currency.test.ts (3 tests) 25ms
 ✓ tests/unit/value/shard.test.ts (3 tests) 18ms
 ✓ tests/unit/value/thesis-v2.test.ts (9 tests) 20ms
 ✓ tests/unit/value/memo-plain.test.ts (20 tests) 19ms
 ✓ tests/unit/value-main-layout.test.ts (4 tests) 17ms
 ✓ tests/unit/value/logo-report.test.ts (1 test) 27ms
 ✓ tests/unit/value/private-source.test.ts (7 tests) 20ms
 ✓ tests/unit/value/split-scope.test.ts (4 tests) 10ms
 ✓ tests/unit/value/thesis-amounts.test.ts (11 tests) 14ms
 ✓ tests/unit/value-holder-record.test.ts (3 tests) 17ms
 ✓ tests/unit/value/held-universe.test.ts (6 tests) 10ms
 ✓ tests/unit/value/esef-parent-totals.test.ts (3 tests) 8ms
 ✓ tests/unit/reconstruct.test.ts (7 tests) 16ms
 ✓ tests/unit/value/index-membership.test.ts (11 tests) 10ms
 ✓ tests/unit/value/issuer-store.test.ts (1 test) 14ms
 ✓ tests/unit/value/integration-review.test.ts (8 tests) 18ms
 ✓ tests/unit/value/memo-reader.test.ts (4 tests) 14ms
 ✓ tests/unit/value/predecessor-ui.test.ts (3 tests) 21ms
 ✓ tests/unit/value/robots.test.ts (3 tests) 9ms
 ✓ tests/unit/value/screener.test.ts (2 tests) 14ms
 ✓ tests/unit/value/business-queue.test.ts (3 tests) 13ms
 ✓ tests/unit/value/judgement-budget.test.ts (1 test) 8ms
 ✓ tests/unit/value/ltm-stability.test.ts (2 tests) 14ms
 ✓ tests/unit/search-rank.test.ts (4 tests) 11ms
 ✓ tests/unit/value/memo-typed-facts.test.ts (2 tests) 10ms
 ✓ tests/unit/agents/representations.test.ts (15 tests) 18ms
 ✓ tests/unit/value/fund-exclusion.test.ts (4 tests) 7ms
 ✓ tests/unit/value/flags.test.ts (12 tests) 17ms
 ✓ tests/unit/value/logo-fill.test.ts (2 tests) 8ms
 ✓ tests/unit/value/revalidate.test.ts (4 tests) 13ms
 ✓ tests/unit/agents/unified-company.test.ts (3 tests) 17ms
 ✓ tests/unit/value/annual-inline.test.ts (4 tests) 10ms
 ✓ tests/unit/value/calibration-freeze.test.ts (1 test) 8ms
 ✓ tests/unit/value/business-fit.test.ts (6 tests) 11ms
 ✓ tests/unit/value/round-eight.test.ts (3 tests) 6ms
 ✓ tests/unit/value/memo-consistency.test.ts (2 tests) 12ms
 ✓ tests/unit/value/search-shard.test.ts (12 tests) 7ms
 ✓ tests/unit/value/bond-fallback.test.ts (2 tests) 15ms
 ✓ tests/unit/value/view-filter.test.ts (2 tests) 5ms
 ✓ tests/unit/newsletter.test.ts (5 tests) 9ms
 ✓ tests/unit/value/memo-claims.test.ts (2 tests) 10ms
 ✓ tests/unit/value/reported-periods.test.ts (5 tests) 8ms
 ✓ tests/unit/value/cached-calibration.test.ts (1 test) 9ms
 ✓ tests/unit/value/flags-extract.test.ts (5 tests) 10ms
 ✓ tests/unit/value/memo-price-reference.test.ts (2 tests) 11ms
 ✓ tests/unit/agent-api/proxy.test.ts (1 test) 9ms
 ✓ tests/unit/value/retired-issuer-aliases.test.ts (1 test) 4ms
 ✓ tests/unit/value/issuer-identity.test.ts (5 tests) 7ms
 ✓ tests/unit/value/company-holders.test.ts (2 tests) 4ms
 ✓ tests/unit/value/round-seven.test.ts (3 tests) 8ms
 ✓ tests/unit/treemap.test.ts (4 tests) 6ms
 ✓ tests/unit/value/memo-facts.test.ts (3 tests) 7ms
 ✓ tests/unit/value/flags-consistency.test.ts (3 tests) 6ms
 ✓ tests/unit/value/viz-round3.test.ts (4 tests) 5ms
 ✓ tests/unit/json-reader.test.ts (1 test) 6ms
 ✓ tests/unit/fingerprint.test.ts (1 test) 4ms
 ✓ tests/unit/value-drawers.test.ts (4 tests) 5ms
 ✓ tests/unit/value/ops.test.ts (9 tests) 7ms
 ✓ tests/unit/value/us-gaap-text.test.ts (3 tests) 5ms
 ✓ tests/unit/value/targeted-store.test.ts (4 tests) 6ms
 ✓ tests/unit/value/firewall-policy.test.ts (2 tests) 7ms
 ✓ tests/unit/value/protection-routing.test.ts (1 test) 7ms
 ✓ tests/unit/value/thesis-refresh.test.ts (4 tests) 8ms
 ✓ tests/unit/value/design-round-ten.test.ts (3 tests) 7ms
 ✓ tests/unit/value-description.test.ts (5 tests) 9ms
 ✓ tests/unit/value/thesis.test.ts (4 tests) 6ms
 ✓ tests/unit/value-share-basis.test.ts (1 test) 4ms
 ✓ tests/unit/checklist-verdict.test.ts (3 tests) 4ms
 ✓ tests/unit/value/ltm-evidence.test.ts (1 test) 4ms
 ✓ tests/unit/value/memo-inputs.test.ts (2 tests) 5ms
 ✓ tests/unit/value-quality.test.ts (3 tests) 4ms
 ✓ tests/unit/value-density.test.ts (3 tests) 5ms
 ✓ tests/unit/value/design-presentation.test.ts (3 tests) 4ms
 ✓ tests/unit/value/stable-story.test.ts (1 test) 4ms
 ✓ tests/unit/value/financial-sic.test.ts (2 tests) 3ms
 ✓ tests/unit/value/business-lines.test.ts (1 test) 3ms

⎯⎯⎯⎯⎯⎯ Failed Tests 38 ⎯⎯⎯⎯⎯⎯⎯

 FAIL  tests/unit/value/analyze.test.ts > caches bond yields per day, preserves concurrent countries, and converts FX minor units
AssertionError: expected [ null, null ] to deeply equal [ 0.0425, 0.0425 ]

- Expected
+ Received

  [
-   0.0425,
-   0.0425,
+   null,
+   null,
  ]

 ❯ tests/unit/value/analyze.test.ts:76:65
     74|     return Response.json([{ date: new Date().toISOString().slice(0,10)…
     75|   });
     76|   expect(await Promise.all([bondYield("US"), bondYield("GB")])).toEqua…
       |                                                                 ^
     77|   vi.stubGlobal("fetch", () => { throw new Error("Should be cached"); …
     78|   expect(await bondYield("US")).toBe(0.0425);

⎯⎯⎯⎯⎯⎯⎯⎯⎯⎯⎯⎯⎯⎯⎯⎯⎯⎯⎯⎯⎯⎯⎯[1/38]⎯

 FAIL  tests/unit/value/analyze.test.ts > reads the newest live-recorded bond close as a fraction and refreshes tomorrow
AssertionError: expected null to be 0.05239 // Object.is equality

- Expected:
0.05239

+ Received:
null

 ❯ tests/unit/value/analyze.test.ts:193:33
    191|   const { default: recorded } = await import("../../fixtures/value/ana…
    192|   vi.stubGlobal("fetch", async () => Response.json(recorded.map((row,i…
    193|   expect(await bondYield("US")).toBe(0.05239);
       |                                 ^
    194|   writeCorpusJson("bonds/US.json", { date: "2000-01-01", yield: 0.0523…
    195|   vi.stubGlobal("fetch", async () => Response.json([{ date: new Date()…

⎯⎯⎯⎯⎯⎯⎯⎯⎯⎯⎯⎯⎯⎯⎯⎯⎯⎯⎯⎯⎯⎯⎯[2/38]⎯

 FAIL  tests/unit/value/analyze.test.ts > maps ISO GB to UK10Y while leaving other bond country codes unchanged
AssertionError: expected null to be 0.0475 // Object.is equality

- Expected:
0.0475

+ Received:
null

 ❯ tests/unit/value/analyze.test.ts:244:33
    242|     return new Response("Ticker Not Found", { status: 404 });
    243|   });
    244|   expect(await bondYield("GB")).toBe(0.0475);
       |                                 ^
    245|   expect(await bondYield("DE")).toBe(0.025);
    246| });

⎯⎯⎯⎯⎯⎯⎯⎯⎯⎯⎯⎯⎯⎯⎯⎯⎯⎯⎯⎯⎯⎯⎯[3/38]⎯

 FAIL  tests/unit/value/data-stages-round7.test.ts > recovers a transient vendor-logo failure in new files without replacing existing enrichment
AssertionError: expected 'https://test.com/apple-touch-icon.png' to be 'https://eodhd.com/img/logos/US/test.p…' // Object.is equality

Expected: "https://eodhd.com/img/logos/US/test.png"
Received: "https://test.com/apple-touch-icon.png"

 ❯ tests/unit/value/data-stages-round7.test.ts:78:93
     76|   expect(loadCompanies({})[0].logo).toBeNull();
     77|   expect(readCorpusJson<{pendingLogo:string}>('enrichment-v7/logos/TES…
     78|   expect(readCorpusJson<{sourceUrl:string}>('enrichment-v7/logos/TEST.…
       |                                                                                             ^
     79| });
     80|

⎯⎯⎯⎯⎯⎯⎯⎯⎯⎯⎯⎯⎯⎯⎯⎯⎯⎯⎯⎯⎯⎯⎯[4/38]⎯

 FAIL  tests/unit/value/eodhd-reset.test.ts > waits for both current provider date and fewer than 5000 calls, then replaces the poisoned ledger
AssertionError: expected 99000 to be 99001 // Object.is equality

- Expected
+ Received

- 99001
+ 99000

 ❯ tests/unit/value/eodhd-reset.test.ts:47:30
     45|   const work = waitForEodhdReset({ log: message => logs.push(message) …
     46|   await vi.advanceTimersByTimeAsync(20 * 60_000);
     47|   expect(budgetUsage().used).toBe(99001); // The failed reset probe st…
       |                              ^
     48|   await vi.advanceTimersByTimeAsync(10 * 60_000);
     49|   await work;

⎯⎯⎯⎯⎯⎯⎯⎯⎯⎯⎯⎯⎯⎯⎯⎯⎯⎯⎯⎯⎯⎯⎯[5/38]⎯

 FAIL  tests/unit/value/eodhd-reset.test.ts > starts immediately after reset and retains valid same-day history reservations
Error: Test timed out in 5000ms.
If this is a long-running test, pass a timeout value as the last argument or configure it globally with "testTimeout".
 ❯ tests/unit/value/eodhd-reset.test.ts:56:1
     54|   expect(syncBudget(25)).toBe(35); // Ordinary stage sync stays conser…
     55| });
     56| it('starts immediately after reset and retains valid same-day history …
       | ^
     57|   writeCorpusJson('usage/eodhd-2026-09-30.json', { date: '2026-09-30',…
     58|   userResponses([{ apiRequestsDate: '2026-09-30', apiRequests: 4999 }]…

⎯⎯⎯⎯⎯⎯⎯⎯⎯⎯⎯⎯⎯⎯⎯⎯⎯⎯⎯⎯⎯⎯⎯[6/38]⎯

 FAIL  tests/unit/value/eodhd-reset.test.ts > fails closed after 12 hours without resetting the ledger, counting hourly probes
AssertionError: expected [] to have a length of 72 but got +0

- Expected
+ Received

- 72
+ 0

 ❯ tests/unit/value/eodhd-reset.test.ts:69:20
     67|   await vi.advanceTimersByTimeAsync(12 * 60 * 60_000);
     68|   await work;
     69|   expect(observed).toHaveLength(72);
       |                    ^
     70|   expect(Date.now()).toBe(Date.parse('2026-09-30T15:00:00Z'));
     71|   expect(budgetUsage().used).toBe(99012);

⎯⎯⎯⎯⎯⎯⎯⎯⎯⎯⎯⎯⎯⎯⎯⎯⎯⎯⎯⎯⎯⎯⎯[7/38]⎯

 FAIL  tests/unit/value/eodhd-reset.test.ts > makes a cheap data request to expose the new provider day, then immediately rechecks
Error: Test timed out in 5000ms.
If this is a long-running test, pass a timeout value as the last argument or configure it globally with "testTimeout".
 ❯ tests/unit/value/eodhd-reset.test.ts:73:1
     71|   expect(budgetUsage().used).toBe(99012);
     72| });
     73| it('makes a cheap data request to expose the new provider day, then im…
       | ^
     74|   syncBudget(99000);
     75|   const paths: string[] = [];

⎯⎯⎯⎯⎯⎯⎯⎯⎯⎯⎯⎯⎯⎯⎯⎯⎯⎯⎯⎯⎯⎯⎯[8/38]⎯

 FAIL  tests/unit/value/eodhd-reset.test.ts > retries network failures and malformed counters without accepting them as a reset
Error: Test timed out in 5000ms.
If this is a long-running test, pass a timeout value as the last argument or configure it globally with "testTimeout".
 ❯ tests/unit/value/eodhd-reset.test.ts:93:1
     91|   expect(budgetUsage()).toMatchObject({ used: 1, providerUsed: 1 });
     92| });
     93| it('retries network failures and malformed counters without accepting …
       | ^
     94|   const observed = userResponses([
     95|     new Error('offline'), {}, { apiRequestsDate: '2026-09-30', apiRequ…

⎯⎯⎯⎯⎯⎯⎯⎯⎯⎯⎯⎯⎯⎯⎯⎯⎯⎯⎯⎯⎯⎯⎯[9/38]⎯

 FAIL  tests/unit/value/eodhd-reset.test.ts > compares the provider date with the current UTC day after midnight
Error: Test timed out in 5000ms.
If this is a long-running test, pass a timeout value as the last argument or configure it globally with "testTimeout".
 ❯ tests/unit/value/eodhd-reset.test.ts:105:1
    103|   expect(budgetUsage().used).toBe(0);
    104| });
    105| it('compares the provider date with the current UTC day after midnight…
       | ^
    106|   vi.setSystemTime(new Date('2026-09-30T23:55:00Z'));
    107|   const observed = userResponses([

⎯⎯⎯⎯⎯⎯⎯⎯⎯⎯⎯⎯⎯⎯⎯⎯⎯⎯⎯⎯⎯⎯[10/38]⎯

 FAIL  tests/unit/value/fundamentals-stage.test.ts > refreshes cap in USD without using PrimaryTicker or changing listing identity
AssertionError: expected { Object (id, currency, ...) } to match object { id: 'TEST.AS', …(2) }
(1 matching property omitted from actual)

- Expected
+ Received

  {
    "id": "TEST.AS",
    "listings": [
      "TEST.AS",
    ],
-   "marketCapUsd": 120,
+   "marketCapUsd": 1,
  }

 ❯ tests/unit/value/fundamentals-stage.test.ts:47:52
     45|   vi.mocked(eodhd).mockResolvedValue([{ close: 1.2 }]);
     46|   await stage({});
     47|   expect(readCorpusJson("companies/TEST.AS.json")).toMatchObject({ id:…
       |                                                    ^
     48|   expect(eodhd).toHaveBeenCalledWith("eod/EURUSD.FOREX", { order: "d",…
     49| });

⎯⎯⎯⎯⎯⎯⎯⎯⎯⎯⎯⎯⎯⎯⎯⎯⎯⎯⎯⎯⎯⎯[11/38]⎯

 FAIL  tests/unit/value/fundamentals-stage.test.ts > counts ten calls locally and stops at the daily budget
AssertionError: expected "spy" to be called 1 times, but got 3 times
 ❯ tests/unit/value/fundamentals-stage.test.ts:65:27
     63|   vi.mocked(callsUsedToday).mockResolvedValue(99_990);
     64|   await stage({});
     65|   expect(getFundamentals).toHaveBeenCalledTimes(1);
       |                           ^
     66|   expect(callsUsedToday).toHaveBeenCalledTimes(1);
     67|   expect(console.log).toHaveBeenCalledWith(expect.stringContaining("fu…

⎯⎯⎯⎯⎯⎯⎯⎯⎯⎯⎯⎯⎯⎯⎯⎯⎯⎯⎯⎯⎯⎯[12/38]⎯

 FAIL  tests/unit/value/fundamentals-stage.test.ts > resyncs usage after 200 companies and obeys the updated budget
AssertionError: expected "spy" to be called 200 times, but got 201 times
 ❯ tests/unit/value/fundamentals-stage.test.ts:74:27
     72|   vi.mocked(callsUsedToday).mockResolvedValueOnce(100).mockResolvedVal…
     73|   await stage({});
     74|   expect(getFundamentals).toHaveBeenCalledTimes(200);
       |                           ^
     75|   expect(callsUsedToday).toHaveBeenCalledTimes(2);
     76| });

⎯⎯⎯⎯⎯⎯⎯⎯⎯⎯⎯⎯⎯⎯⎯⎯⎯⎯⎯⎯⎯⎯[13/38]⎯

 FAIL  tests/unit/value/fundamentals-stage.test.ts > nightly fundamentals stop at the reserve ceiling (membersFirst=false)
 FAIL  tests/unit/value/fundamentals-stage.test.ts > nightly fundamentals stop at the reserve ceiling (membersFirst=true)
AssertionError: expected { id: 'B.US', currency: '', …(6) } to be null

- Expected:
null

+ Received:
{
  "currency": "",
  "fetchedAt": "2026-10-06T09:32:36.827Z",
  "id": "B.US",
  "integrity": {
    "notes": [],
    "ok": false,
    "reasons": [
      "fewer than 7 annual periods",
    ],
  },
  "qualityQuarters": [],
  "splits": [],
  "ttm": null,
  "years": [],
}

 ❯ tests/unit/value/fundamentals-stage.test.ts:204:51
    202|  await stage({nightly:true,membersFirst});
    203|  expect(readCorpusJson('fundamentals/A.US.json')).not.toBeNull();
    204|  expect(readCorpusJson('fundamentals/B.US.json')).toBeNull();
       |                                                   ^
    205|  expect(readCorpusJson('fundamentals/C.US.json')).toBeNull();
    206| });

⎯⎯⎯⎯⎯⎯⎯⎯⎯⎯⎯⎯⎯⎯⎯⎯⎯⎯⎯⎯⎯⎯[14/38]⎯

 FAIL  tests/unit/value/fx.test.ts > deduplicates major/minor requests and refreshes when the UTC day changes
AssertionError: expected [ null, null, null ] to deeply equal [ 1.25, 0.0125, 0.0125 ]

- Expected
+ Received

  [
-   1.25,
-   0.0125,
-   0.0125,
+   null,
+   null,
+   null,
  ]

 ❯ tests/unit/value/fx.test.ts:45:70
     43|   vi.mocked(eodhd).mockResolvedValueOnce([{ close: 1.25 }]).mockResolv…
     44|   const rate = createUsdRate();
     45|   expect(await Promise.all([rate("GBP"), rate("GBX"), rate("GBp")])).t…
       |                                                                      ^
     46|   expect(eodhd).toHaveBeenCalledTimes(1);
     47|   vi.setSystemTime(new Date("2026-09-30T00:00:00Z"));

⎯⎯⎯⎯⎯⎯⎯⎯⎯⎯⎯⎯⎯⎯⎯⎯⎯⎯⎯⎯⎯⎯[15/38]⎯

 FAIL  tests/unit/value/fx.test.ts > force bypasses today's corpus cache but reuses the fetched major rate
AssertionError: expected 1.25 to be 1.5 // Object.is equality

- Expected
+ Received

- 1.5
+ 1.25

 ❯ tests/unit/value/fx.test.ts:56:29
     54|   vi.mocked(eodhd).mockResolvedValue([{ close: 1.5 }]);
     55|   const rate = createUsdRate({ force: true });
     56|   expect(await rate("GBP")).toBe(1.5);
       |                             ^
     57|   expect(await rate("GBX")).toBe(0.015);
     58|   expect(eodhd).toHaveBeenCalledTimes(1);

⎯⎯⎯⎯⎯⎯⎯⎯⎯⎯⎯⎯⎯⎯⎯⎯⎯⎯⎯⎯⎯⎯[16/38]⎯

 FAIL  tests/unit/value/logo-sources.test.ts > renders white transparent marks with a contrasting background and rejects empty transparent images
Error: Invalid input
 ❯ Sharp ../../../Users/miki/GitHub/superinvestors-wt/value-daily/node_modules/sharp/lib/constructor.js:214:11
 ❯ tests/unit/value/logo-sources.test.ts:122:21
    120|  const request:typeof fetch=async()=>new Response(svg);
    121|  const result=await resolveCompanyLogo(company,{LogoURL:'https://eodhd…
    122|  const {data}=await sharp(result.bytes!).ensureAlpha().raw().toBuffer(…
       |                     ^
    123|  expect(data[3]).toBe(255);expect(data[0]).toBeLessThan(100);
    124|  expect((await sharp(result.bytes!).metadata()).width).toBe(128);

⎯⎯⎯⎯⎯⎯⎯⎯⎯⎯⎯⎯⎯⎯⎯⎯⎯⎯⎯⎯⎯⎯[17/38]⎯

 FAIL  tests/unit/value/normalize.test.ts > persists raw data, merges company metadata and refreshes on every rolling pass, including when forced
AssertionError: expected null to deeply equal { …(13) }

- Expected:
{
  "AnalystRatings": {
    "Buy": 8,
    "Hold": 3,
    "Rating": 4.3462,
    "Sell": 1,
    "StrongBuy": 14,
    "StrongSell": 0,
    "TargetPrice": 94.6522,
  },
  "ESGScores": {
    "ActivitiesInvolvement": {
      "0": {
        "Activity": "adult",
        "Involvement": "No",
      },
      "1": {
        "Activity": "alcoholic",
        "Involvement": "No",
      },
      "10": {
        "Activity": "nuclear",
        "Involvement": "No",
      },
      "11": {
        "Activity": "pesticides",
        "Involvement": "No",
      },
      "12": {
        "Activity": "palmOil",
        "Involvement": "No",
      },
      "13": {
        "Activity": "coal",
        "Involvement": "No",
      },
      "14": {
        "Activity": "tobacco",
        "Involvement": "No",
      },
      "2": {
        "Activity": "animalTesting",
        "Involvement": "No",
      },
      "3": {
        "Activity": "catholic",
        "Involvement": "No",
      },
      "4": {
        "Activity": "controversialWeapons",
        "Involvement": "No",
      },
      "5": {
        "Activity": "smallArms",
        "Involvement": "No",
      },
      "6": {
        "Activity": "furLeather",
        "Involvement": "No",
      },
      "7": {
        "Activity": "gambling",
        "Involvement": "No",
      },
      "8": {
        "Activity": "gmo",
        "Involvement": "No",
      },
      "9": {
        "Activity": "militaryContract",
        "Involvement": "No",
      },
    },
    "ControversyLevel": 3,
    "Disclaimer": "The ESG data currently in a very early Beta stage and not intended for any production use. It will be removed from the feed on December 31, 2020.",
    "EnvironmentScore": 8.2,
    "EnvironmentScorePercentile": 0,
    "GovernanceScore": 1.57,
    "GovernanceScorePercentile": 0,
    "RatingDate": "2019-01-01",
    "SocialScore": 10.31,
    "SocialScorePercentile": 0,
    "TotalEsg": 21.08,
    "TotalEsgPercentile": 37.48,
  },
  "Earnings": {
    "Annual": {
      "1995-12-31": {
        "date": "1995-12-31",
        "epsActual": 0.29,
      },
      "1996-12-31": {
        "date": "1996-12-31",
        "epsActual": 0.71,
      },
      "1997-12-31": {
        "date": "1997-12-31",
        "epsActual": 0.82,
      },
      "1998-12-31": {
        "date": "1998-12-31",
        "epsActual": 0.71,
      },
      "1999-12-31": {
        "date": "1999-12-31",
        "epsActual": 0.66,
      },
      "2000-12-31": {
        "date": "2000-12-31",
        "epsActual": 0.73,
      },
      "2001-12-31": {
        "date": "2001-12-31",
        "epsActual": 0.81,
      },
      "2002-12-31": {
        "date": "2002-12-31",
        "epsActual": 0.9,
      },
      "2003-12-31": {
        "date": "2003-12-31",
        "epsActual": 0.98,
      },
      "2004-12-31": {
        "date": "2004-12-31",
        "epsActual": 1.03,
      },
      "2005-12-31": {
        "date": "2005-12-31",
        "epsActual": 1.09,
      },
      "2006-12-31": {
        "date": "2006-12-31",
        "epsActual": 1.2,
      },
      "2007-12-31": {
        "date": "2007-12-31",
        "epsActual": 1.36,
      },
      "2008-12-31": {
        "date": "2008-12-31",
        "epsActual": 1.59,
      },
      "2009-12-31": {
        "date": "2009-12-31",
        "epsActual": 1.53,
      },
      "2010-12-31": {
        "date": "2010-12-31",
        "epsActual": 1.75,
      },
      "2011-12-31": {
        "date": "2011-12-31",
        "epsActual": 1.94,
      },
      "2012-12-31": {
        "date": "2012-12-31",
        "epsActual": 2.02,
      },
      "2013-12-31": {
        "date": "2013-12-31",
        "epsActual": 2.08,
      },
      "2014-12-31": {
        "date": "2014-12-31",
        "epsActual": 2.05,
      },
      "2015-12-31": {
        "date": "2015-12-31",
        "epsActual": 2,
      },
      "2016-12-31": {
        "date": "2016-12-31",
        "epsActual": 1.91,
      },
      "2017-12-31": {
        "date": "2017-12-31",
        "epsActual": 1.91,
      },
      "2018-12-31": {
        "date": "2018-12-31",
        "epsActual": 2.09,
      },
      "2019-12-31": {
        "date": "2019-12-31",
        "epsActual": 2.11,
      },
      "2020-12-31": {
        "date": "2020-12-31",
        "epsActual": 1.95,
      },
      "2021-12-31": {
        "date": "2021-12-31",
        "epsActual": 2.33,
      },
      "2022-12-31": {
        "date": "2022-12-31",
        "epsActual": 2.48,
      },
      "2023-12-31": {
        "date": "2023-12-31",
        "epsActual": 2.69,
      },
      "2024-12-31": {
        "date": "2024-12-31",
        "epsActual": 2.88,
      },
      "2025-12-31": {
        "date": "2025-12-31",
        "epsActual": 3,
      },
      "2026-06-30": {
        "date": "2026-06-30",
        "epsActual": 1.83,
      },
    },
    "History": {
      "1995-09-30": {
        "beforeAfterMarket": null,
        "currency": "USD",
        "date": "1995-09-30",
        "epsActual": 0.16,
        "epsDifference": 0,
        "epsEstimate": 0.16,
        "reportDate": "1995-10-18",
        "surprisePercent": 0,
      },
      "1995-12-31": {
        "beforeAfterMarket": null,
        "currency": "USD",
        "date": "1995-12-31",
        "epsActual": 0.13,
        "epsDifference": 0,
        "epsEstimate": 0.13,
        "reportDate": "1996-01-24",
        "surprisePercent": 0,
      },
      "1996-03-31": {
        "beforeAfterMarket": null,
        "currency": "USD",
        "date": "1996-03-31",
        "epsActual": 0.14,
        "epsDifference": 0,
        "epsEstimate": 0.14,
        "reportDate": "1996-04-17",
        "surprisePercent": 0,
      },
      "1996-06-30": {
        "beforeAfterMarket": null,
        "currency": "USD",
        "date": "1996-06-30",
        "epsActual": 0.21,
        "epsDifference": 0,
        "epsEstimate": 0.21,
        "reportDate": "1996-07-15",
        "surprisePercent": 0,
      },
      "1996-09-30": {
        "beforeAfterMarket": null,
        "currency": "USD",
        "date": "1996-09-30",
        "epsActual": 0.2,
        "epsDifference": 0.01,
        "epsEstimate": 0.19,
        "reportDate": "1996-10-15",
        "surprisePercent": 5.2632,
      },
      "1996-12-31": {
        "beforeAfterMarket": null,
        "currency": "USD",
        "date": "1996-12-31",
        "epsActual": 0.16,
        "epsDifference": 0,
        "epsEstimate": 0.16,
        "reportDate": "1997-01-31",
        "surprisePercent": 0,
      },
      "1997-03-31": {
        "beforeAfterMarket": null,
        "currency": "USD",
        "date": "1997-03-31",
        "epsActual": 0.2,
        "epsDifference": 0,
        "epsEstimate": 0.2,
        "reportDate": "1997-04-14",
        "surprisePercent": 0,
      },
      "1997-06-30": {
        "beforeAfterMarket": "BeforeMarket",
        "currency": "USD",
        "date": "1997-06-30",
        "epsActual": 0.24,
        "epsDifference": 0,
        "epsEstimate": 0.24,
        "reportDate": "1997-07-17",
        "surprisePercent": 0,
      },
      "1997-09-30": {
        "beforeAfterMarket": "BeforeMarket",
        "currency": "USD",
        "date": "1997-09-30",
        "epsActual": 0.21,
        "epsDifference": 0,
        "epsEstimate": 0.21,
        "reportDate": "1997-10-16",
        "surprisePercent": 0,
      },
      "1997-12-31": {
        "beforeAfterMarket": "BeforeMarket",
        "currency": "USD",
        "date": "1997-12-31",
        "epsActual": 0.17,
        "epsDifference": 0,
        "epsEstimate": 0.17,
        "reportDate": "1998-01-28",
        "surprisePercent": 0,
      },
      "1998-03-31": {
        "beforeAfterMarket": "BeforeMarket",
        "currency": "USD",
        "date": "1998-03-31",
        "epsActual": 0.17,
        "epsDifference": 0,
        "epsEstimate": 0.17,
        "reportDate": "1998-04-15",
        "surprisePercent": 0,
      },
      "1998-06-30": {
        "beforeAfterMarket": null,
        "currency": "USD",
        "date": "1998-06-30",
        "epsActual": 0.24,
        "epsDifference": 0,
        "epsEstimate": 0.24,
        "reportDate": "1998-07-16",
        "surprisePercent": 0,
      },
      "1998-09-30": {
        "beforeAfterMarket": null,
        "currency": "USD",
        "date": "1998-09-30",
        "epsActual": 0.18,
        "epsDifference": 0,
        "epsEstimate": 0.18,
        "reportDate": "1998-10-15",
        "surprisePercent": 0,
      },
      "1998-12-31": {
        "beforeAfterMarket": null,
        "currency": "USD",
        "date": "1998-12-31",
        "epsActual": 0.12,
        "epsDifference": 0,
        "epsEstimate": 0.12,
        "reportDate": "1999-01-26",
        "surprisePercent": 0,
      },
      "1999-03-31": {
        "beforeAfterMarket": null,
        "currency": "USD",
        "date": "1999-03-31",
        "epsActual": 0.15,
        "epsDifference": 0.01,
        "epsEstimate": 0.14,
        "reportDate": "1999-04-21",
        "surprisePercent": 7.1429,
      },
      "1999-06-30": {
        "beforeAfterMarket": null,
        "currency": "USD",
        "date": "1999-06-30",
        "epsActual": 0.19,
        "epsDifference": 0,
        "epsEstimate": 0.19,
        "reportDate": "1999-07-15",
        "surprisePercent": 0,
      },
      "1999-09-30": {
        "beforeAfterMarket": null,
        "currency": "USD",
        "date": "1999-09-30",
        "epsActual": 0.16,
        "epsDifference": 0,
        "epsEstimate": 0.16,
        "reportDate": "1999-10-21",
        "surprisePercent": 0,
      },
      "1999-12-31": {
        "beforeAfterMarket": null,
        "currency": "USD",
        "date": "1999-12-31",
        "epsActual": 0.16,
        "epsDifference": 0.01,
        "epsEstimate": 0.15,
        "reportDate": "2000-01-26",
        "surprisePercent": 6.6667,
      },
      "2000-03-31": {
        "beforeAfterMarket": null,
        "currency": "USD",
        "date": "2000-03-31",
        "epsActual": 0.11,
        "epsDifference": 0,
        "epsEstimate": 0.11,
        "reportDate": "2000-04-18",
        "surprisePercent": 0,
      },
      "2000-06-30": {
        "beforeAfterMarket": null,
        "currency": "USD",
        "date": "2000-06-30",
        "epsActual": 0.22,
        "epsDifference": 0.01,
        "epsEstimate": 0.21,
        "reportDate": "2000-07-19",
        "surprisePercent": 4.7619,
      },
      "2000-09-30": {
        "beforeAfterMarket": null,
        "currency": "USD",
        "date": "2000-09-30",
        "epsActual": 0.21,
        "epsDifference": 0.01,
        "epsEstimate": 0.2,
        "reportDate": "2000-10-20",
        "surprisePercent": 5,
      },
      "2000-12-31": {
        "beforeAfterMarket": null,
        "currency": "USD",
        "date": "2000-12-31",
        "epsActual": 0.19,
        "epsDifference": 0,
        "epsEstimate": 0.19,
        "reportDate": "2001-01-31",
        "surprisePercent": 0,
      },
      "2001-03-31": {
        "beforeAfterMarket": null,
        "currency": "USD",
        "date": "2001-03-31",
        "epsActual": 0.18,
        "epsDifference": 0.01,
        "epsEstimate": 0.17,
        "reportDate": "2001-04-18",
        "surprisePercent": 5.8824,
      },
      "2001-06-30": {
        "beforeAfterMarket": null,
        "currency": "USD",
        "date": "2001-06-30",
        "epsActual": 0.23,
        "epsDifference": 0.01,
        "epsEstimate": 0.22,
        "reportDate": "2001-07-18",
        "surprisePercent": 4.5455,
      },
      "2001-09-30": {
        "beforeAfterMarket": "BeforeMarket",
        "currency": "USD",
        "date": "2001-09-30",
        "epsActual": 0.21,
        "epsDifference": 0.01,
        "epsEstimate": 0.2,
        "reportDate": "2001-10-18",
        "surprisePercent": 5,
      },
      "2001-12-31": {
        "beforeAfterMarket": "BeforeMarket",
        "currency": "USD",
        "date": "2001-12-31",
        "epsActual": 0.19,
        "epsDifference": 0.01,
        "epsEstimate": 0.18,
        "reportDate": "2002-01-29",
        "surprisePercent": 5.5556,
      },
      "2002-03-31": {
        "beforeAfterMarket": "BeforeMarket",
        "currency": "USD",
        "date": "2002-03-31",
        "epsActual": 0.2,
        "epsDifference": 0.01,
        "epsEstimate": 0.19,
        "reportDate": "2002-04-16",
        "surprisePercent": 5.2632,
      },
      "2002-06-30": {
        "beforeAfterMarket": "BeforeMarket",
        "currency": "USD",
        "date": "2002-06-30",
        "epsActual": 0.26,
        "epsDifference": 0,
        "epsEstimate": 0.26,
        "reportDate": "2002-07-17",
        "surprisePercent": 0,
      },
      "2002-09-30": {
        "beforeAfterMarket": "BeforeMarket",
        "currency": "USD",
        "date": "2002-09-30",
        "epsActual": 0.24,
        "epsDifference": 0,
        "epsEstimate": 0.24,
        "reportDate": "2002-10-16",
        "surprisePercent": 0,
      },
      "2002-12-31": {
        "beforeAfterMarket": null,
        "currency": "USD",
        "date": "2002-12-31",
        "epsActual": 0.2,
        "epsDifference": 0,
        "epsEstimate": 0.2,
        "reportDate": "2003-02-12",
        "surprisePercent": 0,
      },
      "2003-03-31": {
        "beforeAfterMarket": "BeforeMarket",
        "currency": "USD",
        "date": "2003-03-31",
        "epsActual": 0.19,
        "epsDifference": 0,
        "epsEstimate": 0.19,
        "reportDate": "2003-04-16",
        "surprisePercent": 0,
      },
      "2003-06-30": {
        "beforeAfterMarket": "BeforeMarket",
        "currency": "USD",
        "date": "2003-06-30",
        "epsActual": 0.28,
        "epsDifference": 0.01,
        "epsEstimate": 0.27,
        "reportDate": "2003-07-17",
        "surprisePercent": 3.7037,
      },
      "2003-09-30": {
        "beforeAfterMarket": "BeforeMarket",
        "currency": "USD",
        "date": "2003-09-30",
        "epsActual": 0.28,
        "epsDifference": 0.02,
        "epsEstimate": 0.26,
        "reportDate": "2003-10-16",
        "surprisePercent": 7.6923,
      },
      "2003-12-31": {
        "beforeAfterMarket": null,
        "currency": "USD",
        "date": "2003-12-31",
        "epsActual": 0.23,
        "epsDifference": 0.01,
        "epsEstimate": 0.22,
        "reportDate": "2004-02-11",
        "surprisePercent": 4.5455,
      },
      "2004-03-31": {
        "beforeAfterMarket": "BeforeMarket",
        "currency": "USD",
        "date": "2004-03-31",
        "epsActual": 0.23,
        "epsDifference": 0.01,
        "epsEstimate": 0.22,
        "reportDate": "2004-04-21",
        "surprisePercent": 4.5455,
      },
      "2004-06-30": {
        "beforeAfterMarket": "AfterMarket",
        "currency": "USD",
        "date": "2004-06-30",
        "epsActual": 0.32,
        "epsDifference": 0,
        "epsEstimate": 0.32,
        "reportDate": "2004-07-22",
        "surprisePercent": 0,
      },
      "2004-09-30": {
        "beforeAfterMarket": "AfterMarket",
        "currency": "USD",
        "date": "2004-09-30",
        "epsActual": 0.25,
        "epsDifference": 0.02,
        "epsEstimate": 0.23,
        "reportDate": "2004-10-21",
        "surprisePercent": 8.6957,
      },
      "2004-12-31": {
        "beforeAfterMarket": "BeforeMarket",
        "currency": "USD",
        "date": "2004-12-31",
        "epsActual": 0.23,
        "epsDifference": 0.03,
        "epsEstimate": 0.2,
        "reportDate": "2005-02-16",
        "surprisePercent": 15,
      },
      "2005-03-31": {
        "beforeAfterMarket": null,
        "currency": "USD",
        "date": "2005-03-31",
        "epsActual": 0.24,
        "epsDifference": 0.02,
        "epsEstimate": 0.22,
        "reportDate": "2005-04-19",
        "surprisePercent": 9.0909,
      },
      "2005-06-30": {
        "beforeAfterMarket": "BeforeMarket",
        "currency": "USD",
        "date": "2005-06-30",
        "epsActual": 0.34,
        "epsDifference": 0.02,
        "epsEstimate": 0.32,
        "reportDate": "2005-07-21",
        "surprisePercent": 6.25,
      },
      "2005-09-30": {
        "beforeAfterMarket": "BeforeMarket",
        "currency": "USD",
        "date": "2005-09-30",
        "epsActual": 0.28,
        "epsDifference": 0.02,
        "epsEstimate": 0.26,
        "reportDate": "2005-10-20",
        "surprisePercent": 7.6923,
      },
      "2005-12-31": {
        "beforeAfterMarket": null,
        "currency": "USD",
        "date": "2005-12-31",
        "epsActual": 0.23,
        "epsDifference": 0.01,
        "epsEstimate": 0.22,
        "reportDate": "2006-02-07",
        "surprisePercent": 4.5455,
      },
      "2006-03-31": {
        "beforeAfterMarket": "BeforeMarket",
        "currency": "USD",
        "date": "2006-03-31",
        "epsActual": 0.25,
        "epsDifference": 0.01,
        "epsEstimate": 0.24,
        "reportDate": "2006-04-19",
        "surprisePercent": 4.1667,
      },
      "2006-06-30": {
        "beforeAfterMarket": "BeforeMarket",
        "currency": "USD",
        "date": "2006-06-30",
        "epsActual": 0.38,
        "epsDifference": 0.02,
        "epsEstimate": 0.36,
        "reportDate": "2006-07-18",
        "surprisePercent": 5.5556,
      },
      "2006-09-30": {
        "beforeAfterMarket": "BeforeMarket",
        "currency": "USD",
        "date": "2006-09-30",
        "epsActual": 0.31,
        "epsDifference": 0.01,
        "epsEstimate": 0.3,
        "reportDate": "2006-10-19",
        "surprisePercent": 3.3333,
      },
      "2006-12-31": {
        "beforeAfterMarket": null,
        "currency": "USD",
        "date": "2006-12-31",
        "epsActual": 0.26,
        "epsDifference": 0.01,
        "epsEstimate": 0.25,
        "reportDate": "2007-02-14",
        "surprisePercent": 4,
      },
      "2007-03-31": {
        "beforeAfterMarket": "BeforeMarket",
        "currency": "USD",
        "date": "2007-03-31",
        "epsActual": 0.28,
        "epsDifference": 0.01,
        "epsEstimate": 0.27,
        "reportDate": "2007-04-17",
        "surprisePercent": 3.7037,
      },
      "2007-06-30": {
        "beforeAfterMarket": "BeforeMarket",
        "currency": "USD",
        "date": "2007-06-30",
        "epsActual": 0.43,
        "epsDifference": 0.02,
        "epsEstimate": 0.41,
        "reportDate": "2007-07-17",
        "surprisePercent": 4.878,
      },
      "2007-09-30": {
        "beforeAfterMarket": "BeforeMarket",
        "currency": "USD",
        "date": "2007-09-30",
        "epsActual": 0.36,
        "epsDifference": 0.02,
        "epsEstimate": 0.34,
        "reportDate": "2007-10-17",
        "surprisePercent": 5.8824,
      },
      "2007-12-31": {
        "beforeAfterMarket": null,
        "currency": "USD",
        "date": "2007-12-31",
        "epsActual": 0.29,
        "epsDifference": 0.01,
        "epsEstimate": 0.28,
        "reportDate": "2008-02-13",
        "surprisePercent": 3.5714,
      },
      "2008-03-31": {
        "beforeAfterMarket": "BeforeMarket",
        "currency": "USD",
        "date": "2008-03-31",
        "epsActual": 0.34,
        "epsDifference": 0.03,
        "epsEstimate": 0.31,
        "reportDate": "2008-04-16",
        "surprisePercent": 9.6774,
      },
      "2008-06-30": {
        "beforeAfterMarket": "BeforeMarket",
        "currency": "USD",
        "date": "2008-06-30",
        "epsActual": 0.51,
        "epsDifference": 0.03,
        "epsEstimate": 0.48,
        "reportDate": "2008-07-17",
        "surprisePercent": 6.25,
      },
      "2008-09-30": {
        "beforeAfterMarket": "BeforeMarket",
        "currency": "USD",
        "date": "2008-09-30",
        "epsActual": 0.42,
        "epsDifference": 0.04,
        "epsEstimate": 0.38,
        "reportDate": "2008-10-15",
        "surprisePercent": 10.5263,
      },
      "2008-12-31": {
        "beforeAfterMarket": null,
        "currency": "USD",
        "date": "2008-12-31",
        "epsActual": 0.32,
        "epsDifference": 0.01,
        "epsEstimate": 0.31,
        "reportDate": "2009-02-12",
        "surprisePercent": 3.2258,
      },
      "2009-03-31": {
        "beforeAfterMarket": "BeforeMarket",
        "currency": "USD",
        "date": "2009-03-31",
        "epsActual": 0.33,
        "epsDifference": 0.01,
        "epsEstimate": 0.32,
        "reportDate": "2009-04-21",
        "surprisePercent": 3.125,
      },
      "2009-06-30": {
        "beforeAfterMarket": "BeforeMarket",
        "currency": "USD",
        "date": "2009-06-30",
        "epsActual": 0.46,
        "epsDifference": 0.02,
        "epsEstimate": 0.44,
        "reportDate": "2009-07-21",
        "surprisePercent": 4.5455,
      },
      "2009-09-30": {
        "beforeAfterMarket": "BeforeMarket",
        "currency": "USD",
        "date": "2009-09-30",
        "epsActual": 0.41,
        "epsDifference": 0,
        "epsEstimate": 0.41,
        "reportDate": "2009-10-20",
        "surprisePercent": 0,
      },
      "2009-12-31": {
        "beforeAfterMarket": "BeforeMarket",
        "currency": "USD",
        "date": "2009-12-31",
        "epsActual": 0.33,
        "epsDifference": 0,
        "epsEstimate": 0.33,
        "reportDate": "2010-02-09",
        "surprisePercent": 0,
      },
      "2010-03-31": {
        "beforeAfterMarket": null,
        "currency": "USD",
        "date": "2010-03-31",
        "epsActual": 0.4,
        "epsDifference": 0.03,
        "epsEstimate": 0.37,
        "reportDate": "2010-04-20",
        "surprisePercent": 8.1081,
      },
      "2010-06-30": {
        "beforeAfterMarket": "BeforeMarket",
        "currency": "USD",
        "date": "2010-06-30",
        "epsActual": 0.53,
        "epsDifference": 0.02,
        "epsEstimate": 0.51,
        "reportDate": "2010-07-21",
        "surprisePercent": 3.9216,
      },
      "2010-09-30": {
        "beforeAfterMarket": "BeforeMarket",
        "currency": "USD",
        "date": "2010-09-30",
        "epsActual": 0.46,
        "epsDifference": 0.01,
        "epsEstimate": 0.45,
        "reportDate": "2010-10-19",
        "surprisePercent": 2.2222,
      },
      "2010-12-31": {
        "beforeAfterMarket": null,
        "currency": "USD",
        "date": "2010-12-31",
        "epsActual": 0.36,
        "epsDifference": 0,
        "epsEstimate": 0.36,
        "reportDate": "2011-02-09",
        "surprisePercent": 0,
      },
      "2011-03-31": {
        "beforeAfterMarket": "BeforeMarket",
        "currency": "USD",
        "date": "2011-03-31",
        "epsActual": 0.43,
        "epsDifference": 0,
        "epsEstimate": 0.43,
        "reportDate": "2011-04-26",
        "surprisePercent": 0,
      },
      "2011-06-30": {
        "beforeAfterMarket": "BeforeMarket",
        "currency": "USD",
        "date": "2011-06-30",
        "epsActual": 0.59,
        "epsDifference": 0.01,
        "epsEstimate": 0.58,
        "reportDate": "2011-07-19",
        "surprisePercent": 1.7241,
      },
      "2011-09-30": {
        "beforeAfterMarket": "BeforeMarket",
        "currency": "USD",
        "date": "2011-09-30",
        "epsActual": 0.52,
        "epsDifference": 0.01,
        "epsEstimate": 0.51,
        "reportDate": "2011-10-18",
        "surprisePercent": 1.9608,
      },
      "2011-12-31": {
        "beforeAfterMarket": null,
        "currency": "USD",
        "date": "2011-12-31",
        "epsActual": 0.4,
        "epsDifference": 0.01,
        "epsEstimate": 0.39,
        "reportDate": "2012-02-07",
        "surprisePercent": 2.5641,
      },
      "2012-03-31": {
        "beforeAfterMarket": "BeforeMarket",
        "currency": "USD",
        "date": "2012-03-31",
        "epsActual": 0.45,
        "epsDifference": 0.01,
        "epsEstimate": 0.44,
        "reportDate": "2012-04-17",
        "surprisePercent": 2.2727,
      },
      "2012-06-30": {
        "beforeAfterMarket": "BeforeMarket",
        "currency": "USD",
        "date": "2012-06-30",
        "epsActual": 0.61,
        "epsDifference": 0.02,
        "epsEstimate": 0.59,
        "reportDate": "2012-07-17",
        "surprisePercent": 3.3898,
      },
      "2012-09-30": {
        "beforeAfterMarket": "BeforeMarket",
        "currency": "USD",
        "date": "2012-09-30",
        "epsActual": 0.51,
        "epsDifference": 0,
        "epsEstimate": 0.51,
        "reportDate": "2012-10-16",
        "surprisePercent": 0,
      },
      "2012-12-31": {
        "beforeAfterMarket": null,
        "currency": "USD",
        "date": "2012-12-31",
        "epsActual": 0.45,
        "epsDifference": 0.01,
        "epsEstimate": 0.44,
        "reportDate": "2013-02-12",
        "surprisePercent": 2.2727,
      },
      "2013-03-31": {
        "beforeAfterMarket": "BeforeMarket",
        "currency": "USD",
        "date": "2013-03-31",
        "epsActual": 0.46,
        "epsDifference": 0.01,
        "epsEstimate": 0.45,
        "reportDate": "2013-04-16",
        "surprisePercent": 2.2222,
      },
      "2013-06-30": {
        "beforeAfterMarket": "BeforeMarket",
        "currency": "USD",
        "date": "2013-06-30",
        "epsActual": 0.63,
        "epsDifference": 0,
        "epsEstimate": 0.63,
        "reportDate": "2013-07-16",
        "surprisePercent": 0,
      },
      "2013-09-30": {
        "beforeAfterMarket": "BeforeMarket",
        "currency": "USD",
        "date": "2013-09-30",
        "epsActual": 0.53,
        "epsDifference": 0,
        "epsEstimate": 0.53,
        "reportDate": "2013-10-15",
        "surprisePercent": 0,
      },
      "2013-12-31": {
        "beforeAfterMarket": null,
        "currency": "USD",
        "date": "2013-12-31",
        "epsActual": 0.46,
        "epsDifference": 0,
        "epsEstimate": 0.46,
        "reportDate": "2014-02-18",
        "surprisePercent": 0,
      },
      "2014-03-31": {
        "beforeAfterMarket": "BeforeMarket",
        "currency": "USD",
        "date": "2014-03-31",
        "epsActual": 0.44,
        "epsDifference": 0,
        "epsEstimate": 0.44,
        "reportDate": "2014-04-15",
        "surprisePercent": 0,
      },
      "2014-06-30": {
        "beforeAfterMarket": "BeforeMarket",
        "currency": "USD",
        "date": "2014-06-30",
        "epsActual": 0.64,
        "epsDifference": 0.01,
        "epsEstimate": 0.63,
        "reportDate": "2014-07-22",
        "surprisePercent": 1.5873,
      },
      "2014-09-30": {
        "beforeAfterMarket": "BeforeMarket",
        "currency": "USD",
        "date": "2014-09-30",
        "epsActual": 0.53,
        "epsDifference": 0,
        "epsEstimate": 0.53,
        "reportDate": "2014-10-21",
        "surprisePercent": 0,
      },
      "2014-12-31": {
        "beforeAfterMarket": "BeforeMarket",
        "currency": "USD",
        "date": "2014-12-31",
        "epsActual": 0.44,
        "epsDifference": 0.02,
        "epsEstimate": 0.42,
        "reportDate": "2015-02-10",
        "surprisePercent": 4.7619,
      },
      "2015-03-31": {
        "beforeAfterMarket": "BeforeMarket",
        "currency": "USD",
        "date": "2015-03-31",
        "epsActual": 0.48,
        "epsDifference": 0.06,
        "epsEstimate": 0.42,
        "reportDate": "2015-04-22",
        "surprisePercent": 14.2857,
      },
      "2015-06-30": {
        "beforeAfterMarket": "BeforeMarket",
        "currency": "USD",
        "date": "2015-06-30",
        "epsActual": 0.63,
        "epsDifference": 0.03,
        "epsEstimate": 0.6,
        "reportDate": "2015-07-22",
        "surprisePercent": 5,
      },
      "2015-09-30": {
        "beforeAfterMarket": "BeforeMarket",
        "currency": "USD",
        "date": "2015-09-30",
        "epsActual": 0.51,
        "epsDifference": 0.01,
        "epsEstimate": 0.5,
        "reportDate": "2015-10-21",
        "surprisePercent": 2,
      },
      "2015-12-31": {
        "beforeAfterMarket": "BeforeMarket",
        "currency": "USD",
        "date": "2015-12-31",
        "epsActual": 0.38,
        "epsDifference": 0.01,
        "epsEstimate": 0.37,
        "reportDate": "2016-02-09",
        "surprisePercent": 2.7027,
      },
      "2016-03-31": {
        "beforeAfterMarket": "BeforeMarket",
        "currency": "USD",
        "date": "2016-03-31",
        "epsActual": 0.45,
        "epsDifference": 0.01,
        "epsEstimate": 0.44,
        "reportDate": "2016-04-20",
        "surprisePercent": 2.2727,
      },
      "2016-06-30": {
        "beforeAfterMarket": "BeforeMarket",
        "currency": "USD",
        "date": "2016-06-30",
        "epsActual": 0.6,
        "epsDifference": 0.02,
        "epsEstimate": 0.58,
        "reportDate": "2016-07-27",
        "surprisePercent": 3.4483,
      },
      "2016-09-30": {
        "beforeAfterMarket": "BeforeMarket",
        "currency": "USD",
        "date": "2016-09-30",
        "epsActual": 0.49,
        "epsDifference": 0.01,
        "epsEstimate": 0.48,
        "reportDate": "2016-10-26",
        "surprisePercent": 2.0833,
      },
      "2016-12-31": {
        "beforeAfterMarket": "BeforeMarket",
        "currency": "USD",
        "date": "2016-12-31",
        "epsActual": 0.37,
        "epsDifference": 0,
        "epsEstimate": 0.37,
        "reportDate": "2017-02-09",
        "surprisePercent": 0,
      },
      "2017-03-31": {
        "beforeAfterMarket": "BeforeMarket",
        "currency": "USD",
        "date": "2017-03-31",
        "epsActual": 0.43,
        "epsDifference": -0.01,
        "epsEstimate": 0.44,
        "reportDate": "2017-04-25",
        "surprisePercent": -2.2727,
      },
      "2017-06-30": {
        "beforeAfterMarket": "BeforeMarket",
        "currency": "USD",
        "date": "2017-06-30",
        "epsActual": 0.59,
        "epsDifference": 0.02,
        "epsEstimate": 0.57,
        "reportDate": "2017-07-26",
        "surprisePercent": 3.5088,
      },
      "2017-09-30": {
        "beforeAfterMarket": "BeforeMarket",
        "currency": "USD",
        "date": "2017-09-30",
        "epsActual": 0.5,
        "epsDifference": 0.01,
        "epsEstimate": 0.49,
        "reportDate": "2017-10-25",
        "surprisePercent": 2.0408,
      },
      "2017-12-31": {
        "beforeAfterMarket": "BeforeMarket",
        "currency": "USD",
        "date": "2017-12-31",
        "epsActual": 0.39,
        "epsDifference": 0.01,
        "epsEstimate": 0.38,
        "reportDate": "2018-02-16",
        "surprisePercent": 2.6316,
      },
      "2018-03-31": {
        "beforeAfterMarket": "BeforeMarket",
        "currency": "USD",
        "date": "2018-03-31",
        "epsActual": 0.47,
        "epsDifference": 0.01,
        "epsEstimate": 0.46,
        "reportDate": "2018-04-24",
        "surprisePercent": 2.1739,
      },
      "2018-06-30": {
        "beforeAfterMarket": "BeforeMarket",
        "currency": "USD",
        "date": "2018-06-30",
        "epsActual": 0.61,
        "epsDifference": 0.01,
        "epsEstimate": 0.6,
        "reportDate": "2018-07-25",
        "surprisePercent": 1.6667,
      },
      "2018-09-30": {
        "beforeAfterMarket": "BeforeMarket",
        "currency": "USD",
        "date": "2018-09-30",
        "epsActual": 0.58,
        "epsDifference": 0.03,
        "epsEstimate": 0.55,
        "reportDate": "2018-10-30",
        "surprisePercent": 5.4545,
      },
      "2018-12-31": {
        "beforeAfterMarket": "BeforeMarket",
        "currency": "USD",
        "date": "2018-12-31",
        "epsActual": 0.43,
        "epsDifference": 0,
        "epsEstimate": 0.43,
        "reportDate": "2019-02-14",
        "surprisePercent": 0,
      },
      "2019-03-31": {
        "beforeAfterMarket": "BeforeMarket",
        "currency": "USD",
        "date": "2019-03-31",
        "epsActual": 0.48,
        "epsDifference": 0.02,
        "epsEstimate": 0.46,
        "reportDate": "2019-04-23",
        "surprisePercent": 4.3478,
      },
      "2019-06-30": {
        "beforeAfterMarket": "BeforeMarket",
        "currency": "USD",
        "date": "2019-06-30",
        "epsActual": 0.63,
        "epsDifference": 0.02,
        "epsEstimate": 0.61,
        "reportDate": "2019-07-23",
        "surprisePercent": 3.2787,
      },
      "2019-09-30": {
        "beforeAfterMarket": "BeforeMarket",
        "currency": "USD",
        "date": "2019-09-30",
        "epsActual": 0.56,
        "epsDifference": 0,
        "epsEstimate": 0.56,
        "reportDate": "2019-10-18",
        "surprisePercent": 0,
      },
      "2019-12-31": {
        "beforeAfterMarket": "BeforeMarket",
        "currency": "USD",
        "date": "2019-12-31",
        "epsActual": 0.44,
        "epsDifference": 0,
        "epsEstimate": 0.44,
        "reportDate": "2020-01-30",
        "surprisePercent": 0,
      },
      "2020-03-31": {
        "beforeAfterMarket": "BeforeMarket",
        "currency": "USD",
        "date": "2020-03-31",
        "epsActual": 0.51,
        "epsDifference": 0.07,
        "epsEstimate": 0.44,
        "reportDate": "2020-04-21",
        "surprisePercent": 15.9091,
      },
      "2020-06-30": {
        "beforeAfterMarket": "BeforeMarket",
        "currency": "USD",
        "date": "2020-06-30",
        "epsActual": 0.42,
        "epsDifference": 0.01,
        "epsEstimate": 0.41,
        "reportDate": "2020-07-21",
        "surprisePercent": 2.439,
      },
      "2020-09-30": {
        "beforeAfterMarket": "BeforeMarket",
        "currency": "USD",
        "date": "2020-09-30",
        "epsActual": 0.55,
        "epsDifference": 0.09,
        "epsEstimate": 0.46,
        "reportDate": "2020-10-22",
        "surprisePercent": 19.5652,
      },
      "2020-12-31": {
        "beforeAfterMarket": "BeforeMarket",
        "currency": "USD",
        "date": "2020-12-31",
        "epsActual": 0.47,
        "epsDifference": 0.05,
        "epsEstimate": 0.42,
        "reportDate": "2021-02-10",
        "surprisePercent": 11.9048,
      },
      "2021-03-31": {
        "beforeAfterMarket": "BeforeMarket",
        "currency": "USD",
        "date": "2021-03-31",
        "epsActual": 0.55,
        "epsDifference": 0.05,
        "epsEstimate": 0.5,
        "reportDate": "2021-04-19",
        "surprisePercent": 10,
      },
      "2021-06-30": {
        "beforeAfterMarket": "BeforeMarket",
        "currency": "USD",
        "date": "2021-06-30",
        "epsActual": 0.68,
        "epsDifference": 0.12,
        "epsEstimate": 0.56,
        "reportDate": "2021-07-21",
        "surprisePercent": 21.4286,
      },
      "2021-09-30": {
        "beforeAfterMarket": "BeforeMarket",
        "currency": "USD",
        "date": "2021-09-30",
        "epsActual": 0.65,
        "epsDifference": 0.07,
        "epsEstimate": 0.58,
        "reportDate": "2021-10-27",
        "surprisePercent": 12.069,
      },
      "2021-12-31": {
        "beforeAfterMarket": "BeforeMarket",
        "currency": "USD",
        "date": "2021-12-31",
        "epsActual": 0.45,
        "epsDifference": 0.04,
        "epsEstimate": 0.41,
        "reportDate": "2022-02-10",
        "surprisePercent": 9.7561,
      },
      "2022-03-31": {
        "beforeAfterMarket": "BeforeMarket",
        "currency": "USD",
        "date": "2022-03-31",
        "epsActual": 0.64,
        "epsDifference": 0.06,
        "epsEstimate": 0.58,
        "reportDate": "2022-04-25",
        "surprisePercent": 10.3448,
      },
      "2022-06-30": {
        "beforeAfterMarket": "BeforeMarket",
        "currency": "USD",
        "date": "2022-06-30",
        "epsActual": 0.7,
        "epsDifference": 0.03,
        "epsEstimate": 0.67,
        "reportDate": "2022-07-26",
        "surprisePercent": 4.4776,
      },
      "2022-09-30": {
        "beforeAfterMarket": "BeforeMarket",
        "currency": "USD",
        "date": "2022-09-30",
        "epsActual": 0.69,
        "epsDifference": 0.05,
        "epsEstimate": 0.64,
        "reportDate": "2022-10-25",
        "surprisePercent": 7.8125,
      },
      "2022-12-31": {
        "beforeAfterMarket": "BeforeMarket",
        "currency": "USD",
        "date": "2022-12-31",
        "epsActual": 0.45,
        "epsDifference": 0,
        "epsEstimate": 0.45,
        "reportDate": "2023-02-14",
        "surprisePercent": 0,
      },
      "2023-03-31": {
        "beforeAfterMarket": "BeforeMarket",
        "currency": "USD",
        "date": "2023-03-31",
        "epsActual": 0.68,
        "epsDifference": 0.03,
        "epsEstimate": 0.65,
        "reportDate": "2023-04-24",
        "surprisePercent": 4.6154,
      },
      "2023-06-30": {
        "beforeAfterMarket": "BeforeMarket",
        "currency": "USD",
        "date": "2023-06-30",
        "epsActual": 0.78,
        "epsDifference": 0.06,
        "epsEstimate": 0.72,
        "reportDate": "2023-07-26",
        "surprisePercent": 8.3333,
      },
      "2023-09-30": {
        "beforeAfterMarket": "BeforeMarket",
        "currency": "USD",
        "date": "2023-09-30",
        "epsActual": 0.74,
        "epsDifference": 0.05,
        "epsEstimate": 0.69,
        "reportDate": "2023-10-24",
        "surprisePercent": 7.2464,
      },
      "2023-12-31": {
        "beforeAfterMarket": "BeforeMarket",
        "currency": "USD",
        "date": "2023-12-31",
        "epsActual": 0.49,
        "epsDifference": 0,
        "epsEstimate": 0.49,
        "reportDate": "2024-02-13",
        "surprisePercent": 0,
      },
      "2024-03-31": {
        "beforeAfterMarket": "BeforeMarket",
        "currency": "USD",
        "date": "2024-03-31",
        "epsActual": 0.72,
        "epsDifference": 0.02,
        "epsEstimate": 0.7,
        "reportDate": "2024-04-30",
        "surprisePercent": 2.8571,
      },
      "2024-06-30": {
        "beforeAfterMarket": "BeforeMarket",
        "currency": "USD",
        "date": "2024-06-30",
        "epsActual": 0.84,
        "epsDifference": 0.03,
        "epsEstimate": 0.81,
        "reportDate": "2024-07-23",
        "surprisePercent": 3.7037,
      },
      "2024-09-30": {
        "beforeAfterMarket": "BeforeMarket",
        "currency": "USD",
        "date": "2024-09-30",
        "epsActual": 0.77,
        "epsDifference": 0.02,
        "epsEstimate": 0.75,
        "reportDate": "2024-10-23",
        "surprisePercent": 2.6667,
      },
      "2024-12-31": {
        "beforeAfterMarket": "BeforeMarket",
        "currency": "USD",
        "date": "2024-12-31",
        "epsActual": 0.55,
        "epsDifference": 0.03,
        "epsEstimate": 0.52,
        "reportDate": "2025-02-11",
        "surprisePercent": 5.7692,
      },
      "2025-03-31": {
        "beforeAfterMarket": "BeforeMarket",
        "currency": "USD",
        "date": "2025-03-31",
        "epsActual": 0.73,
        "epsDifference": 0.01,
        "epsEstimate": 0.72,
        "reportDate": "2025-04-29",
        "surprisePercent": 1.3889,
      },
      "2025-06-30": {
        "beforeAfterMarket": "BeforeMarket",
        "currency": "USD",
        "date": "2025-06-30",
        "epsActual": 0.87,
        "epsDifference": 0.03,
        "epsEstimate": 0.84,
        "reportDate": "2025-07-22",
        "surprisePercent": 3.5714,
      },
      "2025-09-30": {
        "beforeAfterMarket": "BeforeMarket",
        "currency": "USD",
        "date": "2025-09-30",
        "epsActual": 0.82,
        "epsDifference": 0.04,
        "epsEstimate": 0.78,
        "reportDate": "2025-10-21",
        "surprisePercent": 5.1282,
      },
      "2025-12-31": {
        "beforeAfterMarket": "BeforeMarket",
        "currency": "USD",
        "date": "2025-12-31",
        "epsActual": 0.58,
        "epsDifference": 0.02,
        "epsEstimate": 0.56,
        "reportDate": "2026-02-10",
        "surprisePercent": 3.5714,
      },
      "2026-03-31": {
        "beforeAfterMarket": "BeforeMarket",
        "currency": "USD",
        "date": "2026-03-31",
        "epsActual": 0.86,
        "epsDifference": 0.05,
        "epsEstimate": 0.81,
        "reportDate": "2026-04-28",
        "surprisePercent": 6.1728,
      },
      "2026-06-30": {
        "beforeAfterMarket": "BeforeMarket",
        "currency": "USD",
        "date": "2026-06-30",
        "epsActual": 0.97,
        "epsDifference": 0.05,
        "epsEstimate": 0.92,
        "reportDate": "2026-07-28",
        "surprisePercent": 5.4348,
      },
      "2026-09-30": {
        "beforeAfterMarket": "BeforeMarket",
        "currency": null,
        "date": "2026-09-30",
        "epsActual": null,
        "epsDifference": 0,
        "epsEstimate": 0.87,
        "reportDate": "2026-10-20",
        "surprisePercent": null,
      },
    },
    "Trend": {
      "2017-06-30": {
        "date": "2017-06-30",
        "earningsEstimateAvg": "0.5800",
        "earningsEstimateGrowth": "-0.0330",
        "earningsEstimateHigh": "0.6000",
        "earningsEstimateLow": "0.5400",
        "earningsEstimateNumberOfAnalysts": "21.0000",
        "earningsEstimateYearAgoEps": "0.6000",
        "epsRevisionsDownLast30days": null,
        "epsRevisionsDownLast7days": "2.0000",
        "epsRevisionsUpLast30days": "2.0000",
        "epsRevisionsUpLast7days": "1.0000",
        "epsTrend30daysAgo": "0.5800",
        "epsTrend60daysAgo": "0.5800",
        "epsTrend7daysAgo": "0.5800",
        "epsTrend90daysAgo": "0.5700",
        "epsTrendCurrent": "0.5800",
        "growth": "-0.0330",
        "period": "0q",
        "revenueEstimateAvg": "9651620000.00",
        "revenueEstimateGrowth": "-0.1620",
        "revenueEstimateHigh": "10002000000.00",
        "revenueEstimateLow": "8871000000.00",
        "revenueEstimateNumberOfAnalysts": "17.00",
        "revenueEstimateYearAgoEps": null,
      },
      "2017-09-30": {
        "date": "2017-09-30",
        "earningsEstimateAvg": "0.4900",
        "earningsEstimateGrowth": "0.0000",
        "earningsEstimateHigh": "0.5000",
        "earningsEstimateLow": "0.4600",
        "earningsEstimateNumberOfAnalysts": "22.0000",
        "earningsEstimateYearAgoEps": "0.4900",
        "epsRevisionsDownLast30days": null,
        "epsRevisionsDownLast7days": "2.0000",
        "epsRevisionsUpLast30days": "1.0000",
        "epsRevisionsUpLast7days": "1.0000",
        "epsTrend30daysAgo": "0.4900",
        "epsTrend60daysAgo": "0.4900",
        "epsTrend7daysAgo": "0.4900",
        "epsTrend90daysAgo": "0.4900",
        "epsTrendCurrent": "0.4900",
        "growth": "0.0000",
        "period": "0q",
        "revenueEstimateAvg": "8731000000.00",
        "revenueEstimateGrowth": "-0.1780",
        "revenueEstimateHigh": "9132950000.00",
        "revenueEstimateLow": "8274000000.00",
        "revenueEstimateNumberOfAnalysts": "18.00",
        "revenueEstimateYearAgoEps": null,
      },
      "2017-12-31": {
        "date": "2017-12-31",
        "earningsEstimateAvg": "1.9100",
        "earningsEstimateGrowth": "0.0000",
        "earningsEstimateHigh": "1.9600",
        "earningsEstimateLow": "1.8700",
        "earningsEstimateNumberOfAnalysts": "27.0000",
        "earningsEstimateYearAgoEps": "1.9100",
        "epsRevisionsDownLast30days": null,
        "epsRevisionsDownLast7days": "0.0000",
        "epsRevisionsUpLast30days": "1.0000",
        "epsRevisionsUpLast7days": "1.0000",
        "epsTrend30daysAgo": "1.9100",
        "epsTrend60daysAgo": "1.9100",
        "epsTrend7daysAgo": "1.9100",
        "epsTrend90daysAgo": "1.9000",
        "epsTrendCurrent": "1.9100",
        "growth": "0.0000",
        "period": "0y",
        "revenueEstimateAvg": "35199500000.00",
        "revenueEstimateGrowth": "-0.1590",
        "revenueEstimateHigh": "35817000000.00",
        "revenueEstimateLow": "34161000000.00",
        "revenueEstimateNumberOfAnalysts": "20.00",
        "revenueEstimateYearAgoEps": null,
      },
      "2018-03-31": {
        "date": "2018-03-31",
        "earningsEstimateAvg": "0.4600",
        "earningsEstimateGrowth": "0.0700",
        "earningsEstimateHigh": "0.4800",
        "earningsEstimateLow": "0.4200",
        "earningsEstimateNumberOfAnalysts": "20.0000",
        "earningsEstimateYearAgoEps": "0.4300",
        "epsRevisionsDownLast30days": null,
        "epsRevisionsDownLast7days": "0.0000",
        "epsRevisionsUpLast30days": "0.0000",
        "epsRevisionsUpLast7days": "0.0000",
        "epsTrend30daysAgo": "0.4600",
        "epsTrend60daysAgo": "0.4500",
        "epsTrend7daysAgo": "0.4600",
        "epsTrend90daysAgo": "0.4500",
        "epsTrendCurrent": "0.4600",
        "growth": "0.0700",
        "period": "0q",
        "revenueEstimateAvg": "7309710000.00",
        "revenueEstimateGrowth": "-0.2000",
        "revenueEstimateHigh": "7652700000.00",
        "revenueEstimateLow": "6987000000.00",
        "revenueEstimateNumberOfAnalysts": "16.00",
        "revenueEstimateYearAgoEps": null,
      },
      "2018-06-30": {
        "date": "2018-06-30",
        "earningsEstimateAvg": "0.6000",
        "earningsEstimateGrowth": "0.0170",
        "earningsEstimateHigh": "0.6200",
        "earningsEstimateLow": "0.5300",
        "earningsEstimateNumberOfAnalysts": "20.0000",
        "earningsEstimateYearAgoEps": "0.5900",
        "epsRevisionsDownLast30days": null,
        "epsRevisionsDownLast7days": "2.0000",
        "epsRevisionsUpLast30days": "1.0000",
        "epsRevisionsUpLast7days": "0.0000",
        "epsTrend30daysAgo": "0.6000",
        "epsTrend60daysAgo": "0.6100",
        "epsTrend7daysAgo": "0.6000",
        "epsTrend90daysAgo": "0.6100",
        "epsTrendCurrent": "0.6000",
        "growth": "0.0170",
        "period": "0q",
        "revenueEstimateAvg": "8539070000.00",
        "revenueEstimateGrowth": "-0.1200",
        "revenueEstimateHigh": "8774000000.00",
        "revenueEstimateLow": "8222540000.00",
        "revenueEstimateNumberOfAnalysts": "16.00",
        "revenueEstimateYearAgoEps": null,
      },
      "2018-09-30": {
        "date": "2018-09-30",
        "earningsEstimateAvg": "0.5500",
        "earningsEstimateGrowth": "0.1000",
        "earningsEstimateHigh": "0.6000",
        "earningsEstimateLow": "0.5100",
        "earningsEstimateNumberOfAnalysts": "20.0000",
        "earningsEstimateYearAgoEps": "0.5000",
        "epsRevisionsDownLast30days": null,
        "epsRevisionsDownLast7days": "0.0000",
        "epsRevisionsUpLast30days": "0.0000",
        "epsRevisionsUpLast7days": "0.0000",
        "epsTrend30daysAgo": "0.5500",
        "epsTrend60daysAgo": "0.5500",
        "epsTrend7daysAgo": "0.5500",
        "epsTrend90daysAgo": "0.5500",
        "epsTrendCurrent": "0.5500",
        "growth": "0.1000",
        "period": "0q",
        "revenueEstimateAvg": "8170720000.00",
        "revenueEstimateGrowth": "-0.0980",
        "revenueEstimateHigh": "8512200000.00",
        "revenueEstimateLow": "7850000000.00",
        "revenueEstimateNumberOfAnalysts": "16.00",
        "revenueEstimateYearAgoEps": null,
      },
      "2018-12-31": {
        "date": "2018-12-31",
        "earningsEstimateAvg": "2.0900",
        "earningsEstimateGrowth": "0.0940",
        "earningsEstimateHigh": "2.1300",
        "earningsEstimateLow": "2.0700",
        "earningsEstimateNumberOfAnalysts": "25.0000",
        "earningsEstimateYearAgoEps": "1.9100",
        "epsRevisionsDownLast30days": null,
        "epsRevisionsDownLast7days": "0.0000",
        "epsRevisionsUpLast30days": "2.0000",
        "epsRevisionsUpLast7days": "0.0000",
        "epsTrend30daysAgo": "2.0900",
        "epsTrend60daysAgo": "2.0800",
        "epsTrend7daysAgo": "2.0900",
        "epsTrend90daysAgo": "2.0800",
        "epsTrendCurrent": "2.0900",
        "growth": "0.0940",
        "period": "0y",
        "revenueEstimateAvg": "31874100000.00",
        "revenueEstimateGrowth": "-0.1000",
        "revenueEstimateHigh": "32109000000.00",
        "revenueEstimateLow": "31675000000.00",
        "revenueEstimateNumberOfAnalysts": "20.00",
        "revenueEstimateYearAgoEps": null,
      },
      "2019-03-31": {
        "date": "2019-03-31",
        "earningsEstimateAvg": "0.4600",
        "earningsEstimateGrowth": "-0.0210",
        "earningsEstimateHigh": "0.4700",
        "earningsEstimateLow": "0.4500",
        "earningsEstimateNumberOfAnalysts": "20.0000",
        "earningsEstimateYearAgoEps": "0.4700",
        "epsRevisionsDownLast30days": null,
        "epsRevisionsDownLast7days": "1.0000",
        "epsRevisionsUpLast30days": "1.0000",
        "epsRevisionsUpLast7days": "1.0000",
        "epsTrend30daysAgo": "0.4600",
        "epsTrend60daysAgo": "0.4600",
        "epsTrend7daysAgo": "0.4600",
        "epsTrend90daysAgo": "0.4900",
        "epsTrendCurrent": "0.4600",
        "growth": "-0.0210",
        "period": "0q",
        "revenueEstimateAvg": "7893850000.00",
        "revenueEstimateGrowth": "0.0350",
        "revenueEstimateHigh": "8210000000.00",
        "revenueEstimateLow": "7593000000.00",
        "revenueEstimateNumberOfAnalysts": "16.00",
        "revenueEstimateYearAgoEps": null,
      },
      "2019-06-30": {
        "date": "2019-06-30",
        "earningsEstimateAvg": "0.6100",
        "earningsEstimateGrowth": "0.0170",
        "earningsEstimateHigh": "0.6300",
        "earningsEstimateLow": "0.5800",
        "earningsEstimateNumberOfAnalysts": "17.0000",
        "earningsEstimateYearAgoEps": "0.6000",
        "epsRevisionsDownLast30days": null,
        "epsRevisionsDownLast7days": "4.0000",
        "epsRevisionsUpLast30days": "2.0000",
        "epsRevisionsUpLast7days": "0.0000",
        "epsTrend30daysAgo": "0.6200",
        "epsTrend60daysAgo": "0.6200",
        "epsTrend7daysAgo": "0.6200",
        "epsTrend90daysAgo": "0.6200",
        "epsTrendCurrent": "0.6100",
        "growth": "0.0170",
        "period": "0q",
        "revenueEstimateAvg": "9989960000.00",
        "revenueEstimateGrowth": "0.1220",
        "revenueEstimateHigh": "10171500000.00",
        "revenueEstimateLow": "9799000000.00",
        "revenueEstimateNumberOfAnalysts": "13.00",
        "revenueEstimateYearAgoEps": null,
      },
      "2019-09-30": {
        "date": "2019-09-30",
        "earningsEstimateAvg": "0.5600",
        "earningsEstimateGrowth": "-0.0180",
        "earningsEstimateHigh": "0.5800",
        "earningsEstimateLow": "0.5500",
        "earningsEstimateNumberOfAnalysts": "20.0000",
        "earningsEstimateYearAgoEps": "0.5700",
        "epsRevisionsDownLast30days": null,
        "epsRevisionsDownLast7days": "1.0000",
        "epsRevisionsUpLast30days": "2.0000",
        "epsRevisionsUpLast7days": "2.0000",
        "epsTrend30daysAgo": "0.5600",
        "epsTrend60daysAgo": "0.5600",
        "epsTrend7daysAgo": "0.5600",
        "epsTrend90daysAgo": "0.5800",
        "epsTrendCurrent": "0.5600",
        "growth": "-0.0180",
        "period": "0q",
        "revenueEstimateAvg": "9426660000.00",
        "revenueEstimateGrowth": "0.1410",
        "revenueEstimateHigh": "9610000000.00",
        "revenueEstimateLow": "9159000000.00",
        "revenueEstimateNumberOfAnalysts": "16.00",
        "revenueEstimateYearAgoEps": null,
      },
      "2019-12-31": {
        "date": "2019-12-31",
        "earningsEstimateAvg": "2.1000",
        "earningsEstimateGrowth": "0.0100",
        "earningsEstimateHigh": "2.1200",
        "earningsEstimateLow": "2.0900",
        "earningsEstimateNumberOfAnalysts": "24.0000",
        "earningsEstimateYearAgoEps": "2.0800",
        "epsRevisionsDownLast30days": null,
        "epsRevisionsDownLast7days": "0.0000",
        "epsRevisionsUpLast30days": "0.0000",
        "epsRevisionsUpLast7days": "0.0000",
        "epsTrend30daysAgo": "2.1000",
        "epsTrend60daysAgo": "2.1100",
        "epsTrend7daysAgo": "2.1000",
        "epsTrend90daysAgo": "2.1000",
        "epsTrendCurrent": "2.1000",
        "growth": "0.0100",
        "period": "0y",
        "revenueEstimateAvg": "37091400000.00",
        "revenueEstimateGrowth": "0.1650",
        "revenueEstimateHigh": "37400000000.00",
        "revenueEstimateLow": "36770000000.00",
        "revenueEstimateNumberOfAnalysts": "18.00",
        "revenueEstimateYearAgoEps": null,
      },
      "2020-03-31": {
        "date": "2020-03-31",
        "earningsEstimateAvg": "0.4400",
        "earningsEstimateGrowth": "-0.0830",
        "earningsEstimateHigh": "0.4800",
        "earningsEstimateLow": "0.4100",
        "earningsEstimateNumberOfAnalysts": "17.0000",
        "earningsEstimateYearAgoEps": "0.4800",
        "epsRevisionsDownLast30days": null,
        "epsRevisionsDownLast7days": "1.0000",
        "epsRevisionsUpLast30days": "1.0000",
        "epsRevisionsUpLast7days": "0.0000",
        "epsTrend30daysAgo": "0.4700",
        "epsTrend60daysAgo": "0.4900",
        "epsTrend7daysAgo": "0.4500",
        "epsTrend90daysAgo": "0.5100",
        "epsTrendCurrent": "0.4400",
        "growth": "-0.0830",
        "period": "0q",
        "revenueEstimateAvg": "8281710000.00",
        "revenueEstimateGrowth": "0.0320",
        "revenueEstimateHigh": "8678000000.00",
        "revenueEstimateLow": "7548600000.00",
        "revenueEstimateNumberOfAnalysts": "13.00",
        "revenueEstimateYearAgoEps": null,
      },
      "2020-06-30": {
        "date": "2020-06-30",
        "earningsEstimateAvg": "0.4000",
        "earningsEstimateGrowth": "-0.3650",
        "earningsEstimateHigh": "0.4400",
        "earningsEstimateLow": "0.3300",
        "earningsEstimateNumberOfAnalysts": "17.0000",
        "earningsEstimateYearAgoEps": "0.6300",
        "epsRevisionsDownLast30days": null,
        "epsRevisionsDownLast7days": "1.0000",
        "epsRevisionsUpLast30days": "2.0000",
        "epsRevisionsUpLast7days": "1.0000",
        "epsTrend30daysAgo": "0.4300",
        "epsTrend60daysAgo": "0.4300",
        "epsTrend7daysAgo": "0.4100",
        "epsTrend90daysAgo": "0.5500",
        "epsTrendCurrent": "0.4000",
        "growth": "-0.3650",
        "period": "0q",
        "revenueEstimateAvg": "7183920000.00",
        "revenueEstimateGrowth": "-0.2810",
        "revenueEstimateHigh": "7622400000.00",
        "revenueEstimateLow": "6679000000.00",
        "revenueEstimateNumberOfAnalysts": "13.00",
        "revenueEstimateYearAgoEps": null,
      },
      "2020-09-30": {
        "date": "2020-09-30",
        "earningsEstimateAvg": "0.4600",
        "earningsEstimateGrowth": "-0.1790",
        "earningsEstimateHigh": "0.4900",
        "earningsEstimateLow": "0.4200",
        "earningsEstimateNumberOfAnalysts": "17.0000",
        "earningsEstimateYearAgoEps": "0.5600",
        "epsRevisionsDownLast30days": null,
        "epsRevisionsDownLast7days": "2.0000",
        "epsRevisionsUpLast30days": "3.0000",
        "epsRevisionsUpLast7days": "2.0000",
        "epsTrend30daysAgo": "0.4600",
        "epsTrend60daysAgo": "0.4600",
        "epsTrend7daysAgo": "0.4600",
        "epsTrend90daysAgo": "0.4600",
        "epsTrendCurrent": "0.4600",
        "growth": "-0.1790",
        "period": "0q",
        "revenueEstimateAvg": "8348900000.00",
        "revenueEstimateGrowth": "-0.1210",
        "revenueEstimateHigh": "8649680000.00",
        "revenueEstimateLow": "7972000000.00",
        "revenueEstimateNumberOfAnalysts": "12.00",
        "revenueEstimateYearAgoEps": null,
      },
      "2020-12-31": {
        "date": "2020-12-31",
        "earningsEstimateAvg": "1.9000",
        "earningsEstimateGrowth": "-0.1000",
        "earningsEstimateHigh": "1.9600",
        "earningsEstimateLow": "1.8500",
        "earningsEstimateNumberOfAnalysts": "24.0000",
        "earningsEstimateYearAgoEps": "2.1100",
        "epsRevisionsDownLast30days": null,
        "epsRevisionsDownLast7days": "0.0000",
        "epsRevisionsUpLast30days": "3.0000",
        "epsRevisionsUpLast7days": "1.0000",
        "epsTrend30daysAgo": "1.8900",
        "epsTrend60daysAgo": "1.8900",
        "epsTrend7daysAgo": "1.9000",
        "epsTrend90daysAgo": "1.8900",
        "epsTrendCurrent": "1.9000",
        "growth": "-0.1000",
        "period": "0y",
        "revenueEstimateAvg": "33024600000.00",
        "revenueEstimateGrowth": "-0.1140",
        "revenueEstimateHigh": "33358000000.00",
        "revenueEstimateLow": "32642000000.00",
        "revenueEstimateNumberOfAnalysts": "18.00",
        "revenueEstimateYearAgoEps": null,
      },
      "2021-03-31": {
        "date": "2021-03-31",
        "earningsEstimateAvg": "0.5000",
        "earningsEstimateGrowth": "-0.0200",
        "earningsEstimateHigh": "0.5500",
        "earningsEstimateLow": "0.4700",
        "earningsEstimateNumberOfAnalysts": "19.0000",
        "earningsEstimateYearAgoEps": "0.5100",
        "epsRevisionsDownLast30days": null,
        "epsRevisionsDownLast7days": "0.0000",
        "epsRevisionsUpLast30days": "2.0000",
        "epsRevisionsUpLast7days": "2.0000",
        "epsTrend30daysAgo": "0.5000",
        "epsTrend60daysAgo": "0.5000",
        "epsTrend7daysAgo": "0.5000",
        "epsTrend90daysAgo": "0.5000",
        "epsTrendCurrent": "0.5000",
        "growth": "-0.0200",
        "period": "0q",
        "revenueEstimateAvg": "8605920000.00",
        "revenueEstimateGrowth": "0.0040",
        "revenueEstimateHigh": "8800660000.00",
        "revenueEstimateLow": "8288130000.00",
        "revenueEstimateNumberOfAnalysts": "12.00",
        "revenueEstimateYearAgoEps": null,
      },
      "2021-06-30": {
        "date": "2021-06-30",
        "earningsEstimateAvg": "0.5500",
        "earningsEstimateGrowth": "0.3100",
        "earningsEstimateHigh": "0.5900",
        "earningsEstimateLow": "0.5100",
        "earningsEstimateNumberOfAnalysts": "19.0000",
        "earningsEstimateYearAgoEps": "0.4200",
        "epsRevisionsDownLast30days": null,
        "epsRevisionsDownLast7days": "0.0000",
        "epsRevisionsUpLast30days": "1.0000",
        "epsRevisionsUpLast7days": "1.0000",
        "epsTrend30daysAgo": "0.5500",
        "epsTrend60daysAgo": "0.5500",
        "epsTrend7daysAgo": "0.5500",
        "epsTrend90daysAgo": "0.5600",
        "epsTrendCurrent": "0.5500",
        "growth": "0.3100",
        "period": "0q",
        "revenueEstimateAvg": "9246200000.00",
        "revenueEstimateGrowth": "0.2890",
        "revenueEstimateHigh": "9756000000.00",
        "revenueEstimateLow": "8718660000.00",
        "revenueEstimateNumberOfAnalysts": "14.00",
        "revenueEstimateYearAgoEps": null,
      },
      "2021-09-30": {
        "date": "2021-09-30",
        "earningsEstimateAvg": "0.5800",
        "earningsEstimateGrowth": "0.0550",
        "earningsEstimateHigh": "0.6100",
        "earningsEstimateLow": "0.5600",
        "earningsEstimateNumberOfAnalysts": "19.0000",
        "earningsEstimateYearAgoEps": "0.5500",
        "epsRevisionsDownLast30days": "0.0000",
        "epsRevisionsDownLast7days": "0.0000",
        "epsRevisionsUpLast30days": "0.0000",
        "epsRevisionsUpLast7days": "0.0000",
        "epsTrend30daysAgo": "0.5800",
        "epsTrend60daysAgo": "0.6000",
        "epsTrend7daysAgo": "0.5800",
        "epsTrend90daysAgo": "0.6000",
        "epsTrendCurrent": "0.5800",
        "growth": "0.0550",
        "period": "0q",
        "revenueEstimateAvg": "9803490000.00",
        "revenueEstimateGrowth": "0.1340",
        "revenueEstimateHigh": "10105000000.00",
        "revenueEstimateLow": "9442400000.00",
        "revenueEstimateNumberOfAnalysts": "15.00",
        "revenueEstimateYearAgoEps": null,
      },
      "2021-12-31": {
        "date": "2021-12-31",
        "earningsEstimateAvg": "2.2900",
        "earningsEstimateGrowth": "0.1740",
        "earningsEstimateHigh": "2.3600",
        "earningsEstimateLow": "2.2700",
        "earningsEstimateNumberOfAnalysts": "26.0000",
        "earningsEstimateYearAgoEps": "1.9500",
        "epsRevisionsDownLast30days": "1.0000",
        "epsRevisionsDownLast7days": "0.0000",
        "epsRevisionsUpLast30days": "4.0000",
        "epsRevisionsUpLast7days": "2.0000",
        "epsTrend30daysAgo": "2.2900",
        "epsTrend60daysAgo": "2.2900",
        "epsTrend7daysAgo": "2.2900",
        "epsTrend90daysAgo": "2.2900",
        "epsTrendCurrent": "2.2900",
        "growth": "0.1740",
        "period": "0y",
        "revenueEstimateAvg": "38117700000.00",
        "revenueEstimateGrowth": "0.1550",
        "revenueEstimateHigh": "38791400000.00",
        "revenueEstimateLow": "37700000000.00",
        "revenueEstimateNumberOfAnalysts": "24.00",
        "revenueEstimateYearAgoEps": null,
      },
      "2022-03-31": {
        "date": "2022-03-31",
        "earningsEstimateAvg": "0.5800",
        "earningsEstimateGrowth": "0.0550",
        "earningsEstimateHigh": "0.6100",
        "earningsEstimateLow": "0.5400",
        "earningsEstimateNumberOfAnalysts": "19.0000",
        "earningsEstimateYearAgoEps": "0.5500",
        "epsRevisionsDownLast30days": "1.0000",
        "epsRevisionsDownLast7days": null,
        "epsRevisionsUpLast30days": "3.0000",
        "epsRevisionsUpLast7days": "2.0000",
        "epsTrend30daysAgo": "0.5800",
        "epsTrend60daysAgo": "0.5800",
        "epsTrend7daysAgo": "0.5800",
        "epsTrend90daysAgo": "0.5900",
        "epsTrendCurrent": "0.5800",
        "growth": "0.0550",
        "period": "0q",
        "revenueEstimateAvg": "9830930000.00",
        "revenueEstimateGrowth": "0.0900",
        "revenueEstimateHigh": "10063000000.00",
        "revenueEstimateLow": "9508000000.00",
        "revenueEstimateNumberOfAnalysts": "15.00",
        "revenueEstimateYearAgoEps": null,
      },
      "2022-06-30": {
        "date": "2022-06-30",
        "earningsEstimateAvg": "0.6700",
        "earningsEstimateGrowth": "-0.0150",
        "earningsEstimateHigh": "0.7000",
        "earningsEstimateLow": "0.6100",
        "earningsEstimateNumberOfAnalysts": "19.0000",
        "earningsEstimateYearAgoEps": "0.6800",
        "epsRevisionsDownLast30days": "0.0000",
        "epsRevisionsDownLast7days": null,
        "epsRevisionsUpLast30days": "4.0000",
        "epsRevisionsUpLast7days": "2.0000",
        "epsTrend30daysAgo": "0.6700",
        "epsTrend60daysAgo": "0.6700",
        "epsTrend7daysAgo": "0.6700",
        "epsTrend90daysAgo": "0.6900",
        "epsTrendCurrent": "0.6700",
        "growth": "-0.0150",
        "period": "0q",
        "revenueEstimateAvg": "10550900000.00",
        "revenueEstimateGrowth": "0.1320",
        "revenueEstimateHigh": "11302000000.00",
        "revenueEstimateLow": "9171000000.00",
        "revenueEstimateNumberOfAnalysts": "14.00",
        "revenueEstimateYearAgoEps": null,
      },
      "2022-09-30": {
        "date": "2022-09-30",
        "earningsEstimateAvg": "0.6400",
        "earningsEstimateGrowth": "-0.0150",
        "earningsEstimateHigh": "0.6700",
        "earningsEstimateLow": "0.5900",
        "earningsEstimateNumberOfAnalysts": "18.0000",
        "earningsEstimateYearAgoEps": "0.6500",
        "epsRevisionsDownLast30days": "3.0000",
        "epsRevisionsDownLast7days": null,
        "epsRevisionsUpLast30days": "3.0000",
        "epsRevisionsUpLast7days": "1.0000",
        "epsTrend30daysAgo": "0.6400",
        "epsTrend60daysAgo": "0.6400",
        "epsTrend7daysAgo": "0.6400",
        "epsTrend90daysAgo": "0.6600",
        "epsTrendCurrent": "0.6400",
        "growth": "-0.0150",
        "period": "0q",
        "revenueEstimateAvg": "10519900000.00",
        "revenueEstimateGrowth": "0.0790",
        "revenueEstimateHigh": "11088000000.00",
        "revenueEstimateLow": "10020000000.00",
        "revenueEstimateNumberOfAnalysts": "15.00",
        "revenueEstimateYearAgoEps": null,
      },
      "2022-12-31": {
        "date": "2022-12-31",
        "earningsEstimateAvg": "2.4900",
        "earningsEstimateGrowth": "0.0730",
        "earningsEstimateHigh": "2.5900",
        "earningsEstimateLow": "2.4600",
        "earningsEstimateNumberOfAnalysts": "22.0000",
        "earningsEstimateYearAgoEps": "2.3200",
        "epsRevisionsDownLast30days": "0.0000",
        "epsRevisionsDownLast7days": null,
        "epsRevisionsUpLast30days": "4.0000",
        "epsRevisionsUpLast7days": "0.0000",
        "epsTrend30daysAgo": "2.4900",
        "epsTrend60daysAgo": "2.4800",
        "epsTrend7daysAgo": "2.4900",
        "epsTrend90daysAgo": "2.4800",
        "epsTrendCurrent": "2.4900",
        "growth": "0.0730",
        "period": "0y",
        "revenueEstimateAvg": "42810700000.00",
        "revenueEstimateGrowth": "0.1070",
        "revenueEstimateHigh": "44055000000.00",
        "revenueEstimateLow": "42400000000.00",
        "revenueEstimateNumberOfAnalysts": "20.00",
        "revenueEstimateYearAgoEps": null,
      },
      "2023-03-31": {
        "date": "2023-03-31",
        "earningsEstimateAvg": "0.6400",
        "earningsEstimateGrowth": "0.0000",
        "earningsEstimateHigh": "0.6800",
        "earningsEstimateLow": "0.6200",
        "earningsEstimateNumberOfAnalysts": "18.0000",
        "earningsEstimateYearAgoEps": "0.6400",
        "epsRevisionsDownLast30days": "2.0000",
        "epsRevisionsDownLast7days": null,
        "epsRevisionsUpLast30days": "4.0000",
        "epsRevisionsUpLast7days": "3.0000",
        "epsTrend30daysAgo": "0.6500",
        "epsTrend60daysAgo": "0.6400",
        "epsTrend7daysAgo": "0.6400",
        "epsTrend90daysAgo": "0.6300",
        "epsTrendCurrent": "0.6400",
        "growth": "0.0000",
        "period": "0q",
        "revenueEstimateAvg": "10799500000.00",
        "revenueEstimateGrowth": "0.0280",
        "revenueEstimateHigh": "11190000000.00",
        "revenueEstimateLow": "10436000000.00",
        "revenueEstimateNumberOfAnalysts": "14.00",
        "revenueEstimateYearAgoEps": null,
      },
      "2023-06-30": {
        "date": "2023-06-30",
        "earningsEstimateAvg": "0.6500",
        "earningsEstimateGrowth": "-0.0710",
        "earningsEstimateHigh": "0.6800",
        "earningsEstimateLow": "0.6100",
        "earningsEstimateNumberOfAnalysts": "17.0000",
        "earningsEstimateYearAgoEps": "0.7000",
        "epsRevisionsDownLast30days": "0.0000",
        "epsRevisionsDownLast7days": null,
        "epsRevisionsUpLast30days": "5.0000",
        "epsRevisionsUpLast7days": "3.0000",
        "epsTrend30daysAgo": "0.7200",
        "epsTrend60daysAgo": "0.7200",
        "epsTrend7daysAgo": "0.7200",
        "epsTrend90daysAgo": "0.7200",
        "epsTrendCurrent": "0.6500",
        "growth": "-0.0710",
        "period": "0q",
        "revenueEstimateAvg": "10619200000.00",
        "revenueEstimateGrowth": "-0.0600",
        "revenueEstimateHigh": "10914100000.00",
        "revenueEstimateLow": "10492600000.00",
        "revenueEstimateNumberOfAnalysts": "13.00",
        "revenueEstimateYearAgoEps": null,
      },
      "2023-09-30": {
        "date": "2023-09-30",
        "earningsEstimateAvg": "0.6500",
        "earningsEstimateGrowth": "-0.0580",
        "earningsEstimateHigh": "0.6800",
        "earningsEstimateLow": "0.6200",
        "earningsEstimateNumberOfAnalysts": "16.0000",
        "earningsEstimateYearAgoEps": "0.6900",
        "epsRevisionsDownLast30days": "1.0000",
        "epsRevisionsDownLast7days": null,
        "epsRevisionsUpLast30days": "2.0000",
        "epsRevisionsUpLast7days": "0.0000",
        "epsTrend30daysAgo": "0.6500",
        "epsTrend60daysAgo": "0.7000",
        "epsTrend7daysAgo": "0.6900",
        "epsTrend90daysAgo": "0.6300",
        "epsTrendCurrent": "0.6500",
        "growth": "-0.0580",
        "period": "0q",
        "revenueEstimateAvg": "10790300000.00",
        "revenueEstimateGrowth": "0.0260",
        "revenueEstimateHigh": "10928600000.00",
        "revenueEstimateLow": "10612300000.00",
        "revenueEstimateNumberOfAnalysts": "12.00",
        "revenueEstimateYearAgoEps": null,
      },
      "2023-12-31": {
        "date": "2023-12-31",
        "earningsEstimateAvg": "2.6900",
        "earningsEstimateGrowth": "0.0850",
        "earningsEstimateHigh": "2.7100",
        "earningsEstimateLow": "2.6700",
        "earningsEstimateNumberOfAnalysts": "23.0000",
        "earningsEstimateYearAgoEps": "2.4800",
        "epsRevisionsDownLast30days": "0.0000",
        "epsRevisionsDownLast7days": null,
        "epsRevisionsUpLast30days": "6.0000",
        "epsRevisionsUpLast7days": "2.0000",
        "epsTrend30daysAgo": "2.6800",
        "epsTrend60daysAgo": "2.6800",
        "epsTrend7daysAgo": "2.6900",
        "epsTrend90daysAgo": "2.6800",
        "epsTrendCurrent": "2.6900",
        "growth": "0.0850",
        "period": "0y",
        "revenueEstimateAvg": "45495400000.00",
        "revenueEstimateGrowth": "0.0570",
        "revenueEstimateHigh": "45762000000.00",
        "revenueEstimateLow": "45235000000.00",
        "revenueEstimateNumberOfAnalysts": "19.00",
        "revenueEstimateYearAgoEps": null,
      },
      "2024-03-31": {
        "date": "2024-03-31",
        "earningsEstimateAvg": "0.7000",
        "earningsEstimateGrowth": "0.0290",
        "earningsEstimateHigh": "0.7100",
        "earningsEstimateLow": "0.6800",
        "earningsEstimateNumberOfAnalysts": "17.0000",
        "earningsEstimateYearAgoEps": "0.6800",
        "epsRevisionsDownLast30days": "1.0000",
        "epsRevisionsDownLast7days": null,
        "epsRevisionsUpLast30days": "4.0000",
        "epsRevisionsUpLast7days": "0.0000",
        "epsTrend30daysAgo": "0.6500",
        "epsTrend60daysAgo": "0.7000",
        "epsTrend7daysAgo": "0.6500",
        "epsTrend90daysAgo": "0.7100",
        "epsTrendCurrent": "0.7000",
        "growth": "0.0290",
        "period": "0q",
        "revenueEstimateAvg": "11010500000.00",
        "revenueEstimateGrowth": "0.0050",
        "revenueEstimateHigh": "11275000000.00",
        "revenueEstimateLow": "10782600000.00",
        "revenueEstimateNumberOfAnalysts": "13.00",
        "revenueEstimateYearAgoEps": null,
      },
      "2024-06-30": {
        "date": "2024-06-30",
        "earningsEstimateAvg": "0.8100",
        "earningsEstimateGrowth": "0.0380",
        "earningsEstimateHigh": "0.8200",
        "earningsEstimateLow": "0.7800",
        "earningsEstimateNumberOfAnalysts": "16.0000",
        "earningsEstimateYearAgoEps": "0.7800",
        "epsRevisionsDownLast30days": "0.0000",
        "epsRevisionsDownLast7days": null,
        "epsRevisionsUpLast30days": "3.0000",
        "epsRevisionsUpLast7days": "0.0000",
        "epsTrend30daysAgo": "0.7500",
        "epsTrend60daysAgo": "0.8000",
        "epsTrend7daysAgo": "0.8000",
        "epsTrend90daysAgo": "0.7500",
        "epsTrendCurrent": "0.8100",
        "growth": "0.0380",
        "period": "0q",
        "revenueEstimateAvg": "11762500000.00",
        "revenueEstimateGrowth": "0.0010",
        "revenueEstimateHigh": "12071000000.00",
        "revenueEstimateLow": "11593700000.00",
        "revenueEstimateNumberOfAnalysts": "12.00",
        "revenueEstimateYearAgoEps": null,
      },
      "2024-09-30": {
        "date": "2024-09-30",
        "earningsEstimateAvg": "0.7400",
        "earningsEstimateGrowth": "0.1040",
        "earningsEstimateHigh": "0.7500",
        "earningsEstimateLow": "0.7300",
        "earningsEstimateNumberOfAnalysts": "15.0000",
        "earningsEstimateYearAgoEps": "0.6700",
        "epsRevisionsDownLast30days": "3.0000",
        "epsRevisionsDownLast7days": null,
        "epsRevisionsUpLast30days": "3.0000",
        "epsRevisionsUpLast7days": "1.0000",
        "epsTrend30daysAgo": "0.7500",
        "epsTrend60daysAgo": "0.7500",
        "epsTrend7daysAgo": "0.7400",
        "epsTrend90daysAgo": "0.6900",
        "epsTrendCurrent": "0.7400",
        "growth": "0.1040",
        "period": "0q",
        "revenueEstimateAvg": "11598400000.00",
        "revenueEstimateGrowth": "0.0140",
        "revenueEstimateHigh": "11799900000.00",
        "revenueEstimateLow": "11380000000.00",
        "revenueEstimateNumberOfAnalysts": "11.00",
        "revenueEstimateYearAgoEps": null,
      },
      "2024-12-31": {
        "date": "2024-12-31",
        "earningsEstimateAvg": "2.8531",
        "earningsEstimateGrowth": "0.0606",
        "earningsEstimateHigh": "2.8900",
        "earningsEstimateLow": "2.8400",
        "earningsEstimateNumberOfAnalysts": "25.0000",
        "earningsEstimateYearAgoEps": "2.6900",
        "epsRevisionsDownLast30days": "5.0000",
        "epsRevisionsDownLast7days": null,
        "epsRevisionsUpLast30days": "2.0000",
        "epsRevisionsUpLast7days": "0.0000",
        "epsTrend30daysAgo": "2.8531",
        "epsTrend60daysAgo": "2.8547",
        "epsTrend7daysAgo": "2.8528",
        "epsTrend90daysAgo": "2.8544",
        "epsTrendCurrent": "2.8531",
        "growth": "0.0606",
        "period": "0y",
        "revenueEstimateAvg": "46195675600.00",
        "revenueEstimateGrowth": "0.0090",
        "revenueEstimateHigh": "46470000000.00",
        "revenueEstimateLow": "45984000000.00",
        "revenueEstimateNumberOfAnalysts": "20.00",
        "revenueEstimateYearAgoEps": null,
      },
      "2025-03-31": {
        "date": "2025-03-31",
        "earningsEstimateAvg": "0.7161",
        "earningsEstimateGrowth": "-0.0055",
        "earningsEstimateHigh": "0.7400",
        "earningsEstimateLow": "0.7000",
        "earningsEstimateNumberOfAnalysts": "17.0000",
        "earningsEstimateYearAgoEps": "0.7200",
        "epsRevisionsDownLast30days": "9.0000",
        "epsRevisionsDownLast7days": null,
        "epsRevisionsUpLast30days": "0.0000",
        "epsRevisionsUpLast7days": "0.0000",
        "epsTrend30daysAgo": "0.7224",
        "epsTrend60daysAgo": "0.7224",
        "epsTrend7daysAgo": "0.7171",
        "epsTrend90daysAgo": "0.7314",
        "epsTrendCurrent": "0.7161",
        "growth": "-0.0055",
        "period": "0q",
        "revenueEstimateAvg": "11169803760.00",
        "revenueEstimateGrowth": "-0.0054",
        "revenueEstimateHigh": "11460255000.00",
        "revenueEstimateLow": "10882900000.00",
        "revenueEstimateNumberOfAnalysts": "12.00",
        "revenueEstimateYearAgoEps": null,
      },
      "2025-06-30": {
        "date": "2025-06-30",
        "earningsEstimateAvg": "0.8373",
        "earningsEstimateGrowth": "-0.0032",
        "earningsEstimateHigh": "0.8600",
        "earningsEstimateLow": "0.8200",
        "earningsEstimateNumberOfAnalysts": "18.0000",
        "earningsEstimateYearAgoEps": "0.8400",
        "epsRevisionsDownLast30days": "11.0000",
        "epsRevisionsDownLast7days": null,
        "epsRevisionsUpLast30days": "3.0000",
        "epsRevisionsUpLast7days": "2.0000",
        "epsTrend30daysAgo": "0.8368",
        "epsTrend60daysAgo": "0.8374",
        "epsTrend7daysAgo": "0.8371",
        "epsTrend90daysAgo": "0.8452",
        "epsTrendCurrent": "0.8373",
        "growth": "-0.0032",
        "period": "0q",
        "revenueEstimateAvg": "12553349860.00",
        "revenueEstimateGrowth": "0.0195",
        "revenueEstimateHigh": "12830200000.00",
        "revenueEstimateLow": "12397400000.00",
        "revenueEstimateNumberOfAnalysts": "14.00",
        "revenueEstimateYearAgoEps": null,
      },
      "2025-09-30": {
        "date": "2025-09-30",
        "earningsEstimateAvg": "0.7791",
        "earningsEstimateGrowth": "0.0118",
        "earningsEstimateHigh": "0.7903",
        "earningsEstimateLow": "0.7600",
        "earningsEstimateNumberOfAnalysts": "18.0000",
        "earningsEstimateYearAgoEps": "0.7700",
        "epsRevisionsDownLast30days": "10.0000",
        "epsRevisionsDownLast7days": null,
        "epsRevisionsUpLast30days": "1.0000",
        "epsRevisionsUpLast7days": "0.0000",
        "epsTrend30daysAgo": "0.7847",
        "epsTrend60daysAgo": "0.7875",
        "epsTrend7daysAgo": "0.7791",
        "epsTrend90daysAgo": "0.8041",
        "epsTrendCurrent": "0.7791",
        "growth": "0.0118",
        "period": "0q",
        "revenueEstimateAvg": "12411109880.00",
        "revenueEstimateGrowth": "0.0387",
        "revenueEstimateHigh": "12534081000.00",
        "revenueEstimateLow": "12277790000.00",
        "revenueEstimateNumberOfAnalysts": "16.00",
        "revenueEstimateYearAgoEps": null,
      },
      "2025-12-31": {
        "date": "2025-12-31",
        "earningsEstimateAvg": "2.9894",
        "earningsEstimateGrowth": "0.0380",
        "earningsEstimateHigh": "3.0200",
        "earningsEstimateLow": "2.9700",
        "earningsEstimateNumberOfAnalysts": "23.0000",
        "earningsEstimateYearAgoEps": "2.8800",
        "epsRevisionsDownLast30days": "2.0000",
        "epsRevisionsDownLast7days": null,
        "epsRevisionsUpLast30days": "3.0000",
        "epsRevisionsUpLast7days": "1.0000",
        "epsTrend30daysAgo": "2.9891",
        "epsTrend60daysAgo": "2.9882",
        "epsTrend7daysAgo": "2.9885",
        "epsTrend90daysAgo": "2.9880",
        "epsTrendCurrent": "2.9894",
        "growth": "0.0380",
        "period": "0y",
        "revenueEstimateAvg": "48269073490.00",
        "revenueEstimateGrowth": "0.0293",
        "revenueEstimateHigh": "48636000000.00",
        "revenueEstimateLow": "48037000000.00",
        "revenueEstimateNumberOfAnalysts": "19.00",
        "revenueEstimateYearAgoEps": null,
      },
      "2026-03-31": {
        "date": "2026-03-31",
        "earningsEstimateAvg": "0.8123",
        "earningsEstimateGrowth": "0.1127",
        "earningsEstimateHigh": "0.8248",
        "earningsEstimateLow": "0.7900",
        "earningsEstimateNumberOfAnalysts": "16.0000",
        "earningsEstimateYearAgoEps": "0.7300",
        "epsRevisionsDownLast30days": "5.0000",
        "epsRevisionsDownLast7days": null,
        "epsRevisionsUpLast30days": "1.0000",
        "epsRevisionsUpLast7days": "0.0000",
        "epsTrend30daysAgo": "0.8140",
        "epsTrend60daysAgo": "0.8152",
        "epsTrend7daysAgo": "0.8114",
        "epsTrend90daysAgo": "0.8367",
        "epsTrendCurrent": "0.8123",
        "growth": "0.1127",
        "period": "0q",
        "revenueEstimateAvg": "12230528830.00",
        "revenueEstimateGrowth": "0.0905",
        "revenueEstimateHigh": "12624300000.00",
        "revenueEstimateLow": "12007200000.00",
        "revenueEstimateNumberOfAnalysts": "14.00",
        "revenueEstimateYearAgoEps": null,
      },
      "2026-06-30": {
        "date": "2026-06-30",
        "earningsEstimateAvg": "0.9323",
        "earningsEstimateGrowth": "0.0716",
        "earningsEstimateHigh": "0.9500",
        "earningsEstimateLow": "0.9042",
        "earningsEstimateNumberOfAnalysts": "17.0000",
        "earningsEstimateYearAgoEps": "0.8700",
        "epsRevisionsDownLast30days": "13.0000",
        "epsRevisionsDownLast7days": null,
        "epsRevisionsUpLast30days": "2.0000",
        "epsRevisionsUpLast7days": "0.0000",
        "epsTrend30daysAgo": "0.9347",
        "epsTrend60daysAgo": "0.9325",
        "epsTrend7daysAgo": "0.9333",
        "epsTrend90daysAgo": "0.9393",
        "epsTrendCurrent": "0.9323",
        "growth": "0.0716",
        "period": "0q",
        "revenueEstimateAvg": "13174838260.00",
        "revenueEstimateGrowth": "0.0442",
        "revenueEstimateHigh": "13695000000.00",
        "revenueEstimateLow": "13021231670.00",
        "revenueEstimateNumberOfAnalysts": "15.00",
        "revenueEstimateYearAgoEps": null,
      },
      "2026-09-30": {
        "date": "2026-09-30",
        "earningsEstimateAvg": "0.8789",
        "earningsEstimateGrowth": "0.0719",
        "earningsEstimateHigh": "0.8900",
        "earningsEstimateLow": "0.8508",
        "earningsEstimateNumberOfAnalysts": "18.0000",
        "earningsEstimateYearAgoEps": "0.8200",
        "epsRevisionsDownLast30days": "6.0000",
        "epsRevisionsDownLast7days": null,
        "epsRevisionsUpLast30days": "7.0000",
        "epsRevisionsUpLast7days": "8.0000",
        "epsTrend30daysAgo": "0.8789",
        "epsTrend60daysAgo": "0.8789",
        "epsTrend7daysAgo": "0.8789",
        "epsTrend90daysAgo": "0.8782",
        "epsTrendCurrent": "0.8789",
        "growth": "0.0719",
        "period": "0q",
        "revenueEstimateAvg": "12891953000.00",
        "revenueEstimateGrowth": "0.0387",
        "revenueEstimateHigh": "13031000000.00",
        "revenueEstimateLow": "12813800000.00",
        "revenueEstimateNumberOfAnalysts": "14.00",
        "revenueEstimateYearAgoEps": null,
      },
      "2026-12-31": {
        "date": "2026-12-31",
        "earningsEstimateAvg": "3.3017",
        "earningsEstimateGrowth": "0.1005",
        "earningsEstimateHigh": "3.3396",
        "earningsEstimateLow": "3.2500",
        "earningsEstimateNumberOfAnalysts": "24.0000",
        "earningsEstimateYearAgoEps": "3.0000",
        "epsRevisionsDownLast30days": "0.0000",
        "epsRevisionsDownLast7days": null,
        "epsRevisionsUpLast30days": "21.0000",
        "epsRevisionsUpLast7days": "2.0000",
        "epsTrend30daysAgo": "3.3015",
        "epsTrend60daysAgo": "3.2994",
        "epsTrend7daysAgo": "3.3015",
        "epsTrend90daysAgo": "3.2674",
        "epsTrendCurrent": "3.3017",
        "growth": "0.1005",
        "period": "0y",
        "revenueEstimateAvg": "49718907670.00",
        "revenueEstimateGrowth": "0.0345",
        "revenueEstimateHigh": "50040100000.00",
        "revenueEstimateLow": "49452900000.00",
        "revenueEstimateNumberOfAnalysts": "18.00",
        "revenueEstimateYearAgoEps": null,
      },
      "2027-12-31": {
        "date": "2027-12-31",
        "earningsEstimateAvg": "3.5266",
        "earningsEstimateGrowth": "0.0681",
        "earningsEstimateHigh": "3.6000",
        "earningsEstimateLow": "3.4030",
        "earningsEstimateNumberOfAnalysts": "24.0000",
        "earningsEstimateYearAgoEps": "3.3017",
        "epsRevisionsDownLast30days": "1.0000",
        "epsRevisionsDownLast7days": null,
        "epsRevisionsUpLast30days": "20.0000",
        "epsRevisionsUpLast7days": "1.0000",
        "epsTrend30daysAgo": "3.5264",
        "epsTrend60daysAgo": "3.5243",
        "epsTrend7daysAgo": "3.5264",
        "epsTrend90daysAgo": "3.4835",
        "epsTrendCurrent": "3.5266",
        "growth": "0.0681",
        "period": "+1y",
        "revenueEstimateAvg": "49842795400.00",
        "revenueEstimateGrowth": "0.0025",
        "revenueEstimateHigh": "51248700000.00",
        "revenueEstimateLow": "48882000000.00",
        "revenueEstimateNumberOfAnalysts": "18.00",
        "revenueEstimateYearAgoEps": null,
      },
    },
  },
  "Financials": {
    "Balance_Sheet": {
      "currency_symbol": "USD",
      "quarterly": {
        "1985-09-30": {
          "accountsPayable": null,
          "accumulatedAmortization": null,
          "accumulatedDepreciation": null,
          "accumulatedOtherComprehensiveIncome": null,
          "additionalPaidInCapital": null,
          "capitalLeaseObligations": null,
          "capitalStock": null,
          "capitalSurpluse": null,
          "cash": null,
          "cashAndEquivalents": null,
          "cashAndShortTermInvestments": null,
          "commonStock": null,
          "commonStockSharesOutstanding": "6295648000.00",
          "commonStockTotalEquity": null,
          "currency_symbol": "USD",
          "currentDeferredRevenue": null,
          "date": "1985-09-30",
          "deferredLongTermAssetCharges": null,
          "deferredLongTermLiab": null,
          "earningAssets": null,
          "filing_date": "1985-09-30",
          "goodWill": null,
          "intangibleAssets": null,
          "inventory": null,
          "liabilitiesAndStockholdersEquity": null,
          "longTermDebt": null,
          "longTermDebtTotal": null,
          "longTermInvestments": null,
          "negativeGoodwill": null,
          "netDebt": null,
          "netInvestedCapital": null,
          "netReceivables": null,
          "netTangibleAssets": null,
          "netWorkingCapital": null,
          "nonCurrentAssetsTotal": null,
          "nonCurrentLiabilitiesOther": null,
          "nonCurrentLiabilitiesTotal": null,
          "nonCurrrentAssetsOther": null,
          "noncontrollingInterestInConsolidatedEntity": null,
          "otherAssets": null,
          "otherCurrentAssets": null,
          "otherCurrentLiab": null,
          "otherLiab": null,
          "otherStockholderEquity": null,
          "preferredStockRedeemable": null,
          "preferredStockTotalEquity": null,
          "propertyPlantAndEquipmentGross": null,
          "propertyPlantAndEquipmentNet": null,
          "propertyPlantEquipment": null,
          "retainedEarnings": null,
          "retainedEarningsTotalEquity": null,
          "shortLongTermDebt": null,
          "shortLongTermDebtTotal": null,
          "shortTermDebt": null,
          "shortTermInvestments": null,
          "temporaryEquityRedeemableNoncontrollingInterests": null,
          "totalAssets": null,
          "totalCurrentAssets": null,
          "totalCurrentLiabilities": null,
          "totalLiab": null,
          "totalPermanentEquity": null,
          "totalStockholderEquity": null,
          "treasuryStock": null,
          "warrants": null,
        },
        "1985-12-31": {
          "accountsPayable": null,
          "accumulatedAmortization": null,
          "accumulatedDepreciation": null,
          "accumulatedOtherComprehensiveIncome": null,
          "additionalPaidInCapital": null,
          "capitalLeaseObligations": null,
          "capitalStock": null,
          "capitalSurpluse": null,
          "cash": "865200000.00",
          "cashAndEquivalents": null,
          "cashAndShortTermInvestments": "865200000.00",
          "commonStock": null,
          "commonStockSharesOutstanding": "6295648000.00",
          "commonStockTotalEquity": null,
          "currency_symbol": "USD",
          "currentDeferredRevenue": null,
          "date": "1985-12-31",
          "deferredLongTermAssetCharges": null,
          "deferredLongTermLiab": null,
          "earningAssets": null,
          "filing_date": "1985-12-31",
          "goodWill": null,
          "intangibleAssets": "672400000.00",
          "inventory": "913300000.00",
          "liabilitiesAndStockholdersEquity": "6897700000.00",
          "longTermDebt": null,
          "longTermDebtTotal": null,
          "longTermInvestments": null,
          "negativeGoodwill": null,
          "netDebt": "450100000.00",
          "netInvestedCapital": null,
          "netReceivables": "897200000.00",
          "netTangibleAssets": null,
          "netWorkingCapital": null,
          "nonCurrentAssetsTotal": "3927400000.00",
          "nonCurrentLiabilitiesOther": null,
          "nonCurrentLiabilitiesTotal": "1914800000.00",
          "nonCurrrentAssetsOther": "1371300000.00",
          "noncontrollingInterestInConsolidatedEntity": null,
          "otherAssets": null,
          "otherCurrentAssets": "294600000.00",
          "otherCurrentLiab": "1577700000.00",
          "otherLiab": null,
          "otherStockholderEquity": "-113200000.00",
          "preferredStockRedeemable": null,
          "preferredStockTotalEquity": null,
          "propertyPlantAndEquipmentGross": null,
          "propertyPlantAndEquipmentNet": "1883700000.00",
          "propertyPlantEquipment": null,
          "retainedEarnings": "3092300000.00",
          "retainedEarningsTotalEquity": null,
          "shortLongTermDebt": null,
          "shortLongTermDebtTotal": "1315300000.00",
          "shortTermDebt": "426100000.00",
          "shortTermInvestments": null,
          "temporaryEquityRedeemableNoncontrollingInterests": null,
          "totalAssets": "6897700000.00",
          "totalCurrentAssets": "2970300000.00",
          "totalCurrentLiabilities": "2003800000.00",
          "totalLiab": "3918600000.00",
          "totalPermanentEquity": null,
          "totalStockholderEquity": "2979100000.00",
          "treasuryStock": null,
          "warrants": null,
        },
        "1986-03-31": {
          "accountsPayable": null,
          "accumulatedAmortization": null,
          "accumulatedDepreciation": null,
          "accumulatedOtherComprehensiveIncome": null,
          "additionalPaidInCapital": null,
          "capitalLeaseObligations": null,
          "capitalStock": null,
          "capitalSurpluse": null,
          "cash": null,
          "cashAndEquivalents": null,
          "cashAndShortTermInvestments": null,
          "commonStock": null,
          "commonStockSharesOutstanding": "6284928000.00",
          "commonStockTotalEquity": null,
          "currency_symbol": "USD",
          "currentDeferredRevenue": null,
          "date": "1986-03-31",
          "deferredLongTermAssetCharges": null,
          "deferredLongTermLiab": null,
          "earningAssets": null,
          "filing_date": "1986-03-31",
          "goodWill": null,
          "intangibleAssets": null,
          "inventory": null,
          "liabilitiesAndStockholdersEquity": null,
          "longTermDebt": null,
          "longTermDebtTotal": null,
          "longTermInvestments": null,
          "negativeGoodwill": null,
          "netDebt": null,
          "netInvestedCapital": null,
          "netReceivables": null,
          "netTangibleAssets": null,
          "netWorkingCapital": null,
          "nonCurrentAssetsTotal": null,
          "nonCurrentLiabilitiesOther": null,
          "nonCurrentLiabilitiesTotal": null,
          "nonCurrrentAssetsOther": null,
          "noncontrollingInterestInConsolidatedEntity": null,
          "otherAssets": null,
          "otherCurrentAssets": null,
          "otherCurrentLiab": null,
          "otherLiab": null,
          "otherStockholderEquity": null,
          "preferredStockRedeemable": null,
          "preferredStockTotalEquity": null,
          "propertyPlantAndEquipmentGross": null,
          "propertyPlantAndEquipmentNet": null,
          "propertyPlantEquipment": null,
          "retainedEarnings": null,
          "retainedEarningsTotalEquity": null,
          "shortLongTermDebt": null,
          "shortLongTermDebtTotal": null,
          "shortTermDebt": null,
          "shortTermInvestments": null,
          "temporaryEquityRedeemableNoncontrollingInterests": null,
          "totalAssets": null,
          "totalCurrentAssets": null,
          "totalCurrentLiabilities": null,
          "totalLiab": null,
          "totalPermanentEquity": null,
          "totalStockholderEquity": null,
          "treasuryStock": null,
          "warrants": null,
        },
        "1986-06-30": {
          "accountsPayable": null,
          "accumulatedAmortization": null,
          "accumulatedDepreciation": null,
          "accumulatedOtherComprehensiveIncome": null,
          "additionalPaidInCapital": null,
          "capitalLeaseObligations": null,
          "capitalStock": null,
          "capitalSurpluse": null,
          "cash": null,
          "cashAndEquivalents": null,
          "cashAndShortTermInvestments": null,
          "commonStock": null,
          "commonStockSharesOutstanding": "6186736000.00",
          "commonStockTotalEquity": null,
          "currency_symbol": "USD",
          "currentDeferredRevenue": null,
          "date": "1986-06-30",
          "deferredLongTermAssetCharges": null,
          "deferredLongTermLiab": null,
          "earningAssets": null,
          "filing_date": "1986-06-30",
          "goodWill": null,
          "intangibleAssets": null,
          "inventory": null,
          "liabilitiesAndStockholdersEquity": null,
          "longTermDebt": null,
          "longTermDebtTotal": null,
          "longTermInvestments": null,
          "negativeGoodwill": null,
          "netDebt": null,
          "netInvestedCapital": null,
          "netReceivables": null,
          "netTangibleAssets": null,
          "netWorkingCapital": null,
          "nonCurrentAssetsTotal": null,
          "nonCurrentLiabilitiesOther": null,
          "nonCurrentLiabilitiesTotal": null,
          "nonCurrrentAssetsOther": null,
          "noncontrollingInterestInConsolidatedEntity": null,
          "otherAssets": null,
          "otherCurrentAssets": null,
          "otherCurrentLiab": null,
          "otherLiab": null,
          "otherStockholderEquity": null,
          "preferredStockRedeemable": null,
          "preferredStockTotalEquity": null,
          "propertyPlantAndEquipmentGross": null,
          "propertyPlantAndEquipmentNet": null,
          "propertyPlantEquipment": null,
          "retainedEarnings": null,
          "retainedEarningsTotalEquity": null,
          "shortLongTermDebt": null,
          "shortLongTermDebtTotal": null,
          "shortTermDebt": null,
          "shortTermInvestments": null,
          "temporaryEquityRedeemableNoncontrollingInterests": null,
          "totalAssets": null,
          "totalCurrentAssets": null,
          "totalCurrentLiabilities": null,
          "totalLiab": null,
          "totalPermanentEquity": null,
          "totalStockholderEquity": null,
          "treasuryStock": null,
          "warrants": null,
        },
        "1986-09-30": {
          "accountsPayable": null,
          "accumulatedAmortization": null,
          "accumulatedDepreciation": null,
          "accumulatedOtherComprehensiveIncome": null,
          "additionalPaidInCapital": null,
          "capitalLeaseObligations": null,
          "capitalStock": null,
          "capitalSurpluse": null,
          "cash": null,
          "cashAndEquivalents": null,
          "cashAndShortTermInvestments": null,
          "commonStock": null,
          "commonStockSharesOutstanding": "6190768000.00",
          "commonStockTotalEquity": null,
          "currency_symbol": "USD",
          "currentDeferredRevenue": null,
          "date": "1986-09-30",
          "deferredLongTermAssetCharges": null,
          "deferredLongTermLiab": null,
          "earningAssets": null,
          "filing_date": "1986-09-30",
          "goodWill": null,
          "intangibleAssets": null,
          "inventory": null,
          "liabilitiesAndStockholdersEquity": null,
          "longTermDebt": null,
          "longTermDebtTotal": null,
          "longTermInvestments": null,
          "negativeGoodwill": null,
          "netDebt": null,
          "netInvestedCapital": null,
          "netReceivables": null,
          "netTangibleAssets": null,
          "netWorkingCapital": null,
          "nonCurrentAssetsTotal": null,
          "nonCurrentLiabilitiesOther": null,
          "nonCurrentLiabilitiesTotal": null,
          "nonCurrrentAssetsOther": null,
          "noncontrollingInterestInConsolidatedEntity": null,
          "otherAssets": null,
          "otherCurrentAssets": null,
          "otherCurrentLiab": null,
          "otherLiab": null,
          "otherStockholderEquity": null,
          "preferredStockRedeemable": null,
          "preferredStockTotalEquity": null,
          "propertyPlantAndEquipmentGross": null,
          "propertyPlantAndEquipmentNet": null,
          "propertyPlantEquipment": null,
          "retainedEarnings": null,
          "retainedEarningsTotalEquity": null,
          "shortLongTermDebt": null,
          "shortLongTermDebtTotal": null,
          "shortTermDebt": null,
          "shortTermInvestments": null,
          "temporaryEquityRedeemableNoncontrollingInterests": null,
          "totalAssets": null,
          "totalCurrentAssets": null,
          "totalCurrentLiabilities": null,
          "totalLiab": null,
          "totalPermanentEquity": null,
          "totalStockholderEquity": null,
          "treasuryStock": null,
          "warrants": null,
        },
        "1986-12-31": {
          "accountsPayable": null,
          "accumulatedAmortization": null,
          "accumulatedDepreciation": null,
          "accumulatedOtherComprehensiveIncome": null,
          "additionalPaidInCapital": null,
          "capitalLeaseObligations": null,
          "capitalStock": null,
          "capitalSurpluse": null,
          "cash": "887700000.00",
          "cashAndEquivalents": null,
          "cashAndShortTermInvestments": "887700000.00",
          "commonStock": null,
          "commonStockSharesOutstanding": "6190768000.00",
          "commonStockTotalEquity": null,
          "currency_symbol": "USD",
          "currentDeferredRevenue": null,
          "date": "1986-12-31",
          "deferredLongTermAssetCharges": null,
          "deferredLongTermLiab": null,
          "earningAssets": null,
          "filing_date": "1986-12-31",
          "goodWill": null,
          "intangibleAssets": "659100000.00",
          "inventory": "932600000.00",
          "liabilitiesAndStockholdersEquity": "8373400000.00",
          "longTermDebt": null,
          "longTermDebtTotal": null,
          "longTermInvestments": null,
          "negativeGoodwill": null,
          "netDebt": "848600000.00",
          "netInvestedCapital": null,
          "netReceivables": "1081600000.00",
          "netTangibleAssets": null,
          "netWorkingCapital": null,
          "nonCurrentAssetsTotal": "4634000000.00",
          "nonCurrentLiabilitiesOther": null,
          "nonCurrentLiabilitiesTotal": "2103600000.00",
          "nonCurrrentAssetsOther": "2211200000.00",
          "noncontrollingInterestInConsolidatedEntity": null,
          "otherAssets": null,
          "otherCurrentAssets": "837500000.00",
          "otherCurrentLiab": "2029700000.00",
          "otherLiab": null,
          "otherStockholderEquity": "-109000000.00",
          "preferredStockRedeemable": null,
          "preferredStockTotalEquity": null,
          "propertyPlantAndEquipmentGross": null,
          "propertyPlantAndEquipmentNet": "1763700000.00",
          "propertyPlantEquipment": null,
          "retainedEarnings": "3624000000.00",
          "retainedEarningsTotalEquity": null,
          "shortLongTermDebt": null,
          "shortLongTermDebtTotal": "1736300000.00",
          "shortTermDebt": "725100000.00",
          "shortTermInvestments": null,
          "temporaryEquityRedeemableNoncontrollingInterests": null,
          "totalAssets": "8373400000.00",
          "totalCurrentAssets": "3739400000.00",
          "totalCurrentLiabilities": "2754800000.00",
          "totalLiab": "4858400000.00",
          "totalPermanentEquity": null,
          "totalStockholderEquity": "3515000000.00",
          "treasuryStock": null,
          "warrants": null,
        },
        "1987-03-31": {
          "accountsPayable": null,
          "accumulatedAmortization": null,
          "accumulatedDepreciation": null,
          "accumulatedOtherComprehensiveIncome": null,
          "additionalPaidInCapital": null,
          "capitalLeaseObligations": null,
          "capitalStock": null,
          "capitalSurpluse": null,
          "cash": null,
          "cashAndEquivalents": null,
          "cashAndShortTermInvestments": null,
          "commonStock": null,
          "commonStockSharesOutstanding": "6190768000.00",
          "commonStockTotalEquity": null,
          "currency_symbol": "USD",
          "currentDeferredRevenue": null,
          "date": "1987-03-31",
          "deferredLongTermAssetCharges": null,
          "deferredLongTermLiab": null,
          "earningAssets": null,
          "filing_date": "1987-03-31",
          "goodWill": null,
          "intangibleAssets": null,
          "inventory": null,
          "liabilitiesAndStockholdersEquity": null,
          "longTermDebt": null,
          "longTermDebtTotal": null,
          "longTermInvestments": null,
          "negativeGoodwill": null,
          "netDebt": null,
          "netInvestedCapital": null,
          "netReceivables": null,
          "netTangibleAssets": null,
          "netWorkingCapital": null,
          "nonCurrentAssetsTotal": null,
          "nonCurrentLiabilitiesOther": null,
          "nonCurrentLiabilitiesTotal": null,
          "nonCurrrentAssetsOther": null,
          "noncontrollingInterestInConsolidatedEntity": null,
          "otherAssets": null,
          "otherCurrentAssets": null,
          "otherCurrentLiab": null,
          "otherLiab": null,
          "otherStockholderEquity": null,
          "preferredStockRedeemable": null,
          "preferredStockTotalEquity": null,
         ...

+ Received:
null

 ❯ tests/unit/value/normalize.test.ts:73:52
     71|     writeCorpusJson("companies/KO.US.json", { edinetCode: "preserve" }…
     72|     await stage({ only: ["KO.US"] });
     73|     expect(readCorpusJson("raw/eodhd/KO.US.json")).toEqual(ko);
       |                                                    ^
     74|     expect(readCorpusJson("companies/KO.US.json")).toMatchObject({ id:…
     75|     expect(readCorpusJson("fundamentals/KO.US.json")).toMatchObject({ …

⎯⎯⎯⎯⎯⎯⎯⎯⎯⎯⎯⎯⎯⎯⎯⎯⎯⎯⎯⎯⎯⎯[18/38]⎯

 FAIL  tests/unit/value/ops-integration.test.ts > counts retries as paid attempts and prevents a retry past the history cap
AssertionError: expected "spy" to be called 1 times, but got 0 times
 ❯ tests/unit/value/ops-integration.test.ts:58:17
     56|   vi.stubGlobal('fetch', fetch);
     57|   await expect(eodhd('eod/KO.US', { period: 'm' })).rejects.toThrow();
     58|   expect(fetch).toHaveBeenCalledTimes(1);
       |                 ^
     59|   expect(budgetUsage()).toMatchObject({ used: 101, history: 15000 });
     60| });

⎯⎯⎯⎯⎯⎯⎯⎯⎯⎯⎯⎯⎯⎯⎯⎯⎯⎯⎯⎯⎯⎯[19/38]⎯

 FAIL  tests/unit/value/ops-integration.test.ts > fetches never-seen history before stale history and observes persisted daily capacity
Error: price-history: more than 20% of attempted companies failed (2/2)
 ❯ CompanyFailures.finish scripts/value/company-failures.ts:15:13
     13|     for (const [id, messages] of this.failures) console.error(`${id}: …
     14|     if (this.failures.size > attempted * 0.2) {
     15|       throw new Error(`${stage}: more than 20% of attempted companies …
       |             ^
     16|     }
     17|   }
 ❯ priceHistory scripts/value/stages/price-history.ts:76:12
 ❯ tests/unit/value/ops-integration.test.ts:186:30

⎯⎯⎯⎯⎯⎯⎯⎯⎯⎯⎯⎯⎯⎯⎯⎯⎯⎯⎯⎯⎯⎯[20/38]⎯

 FAIL  tests/unit/value/ops-integration.test.ts > preserves a clear budget error without attempting a request
AssertionError: expected [Function] to throw error including 'daily EODHD budget reached' but got 'EODHD calls disabled for this run'

Expected: "daily EODHD budget reached"
Received: "EODHD calls disabled for this run"

⎯⎯⎯⎯⎯⎯⎯⎯⎯⎯⎯⎯⎯⎯⎯⎯⎯⎯⎯⎯⎯⎯[21/38]⎯

 FAIL  tests/unit/value/price-history.test.ts > records monthly closes in order with the requested ten-year URL and skips fresh history
Error: price-history: more than 20% of attempted companies failed (1/1)
 ❯ CompanyFailures.finish scripts/value/company-failures.ts:15:13
     13|     for (const [id, messages] of this.failures) console.error(`${id}: …
     14|     if (this.failures.size > attempted * 0.2) {
     15|       throw new Error(`${stage}: more than 20% of attempted companies …
       |             ^
     16|     }
     17|   }
 ❯ priceHistory scripts/value/stages/price-history.ts:76:12
 ❯ run tests/unit/value/price-history.test.ts:23:39
 ❯ tests/unit/value/price-history.test.ts:35:3

⎯⎯⎯⎯⎯⎯⎯⎯⎯⎯⎯⎯⎯⎯⎯⎯⎯⎯⎯⎯⎯⎯[22/38]⎯

 FAIL  tests/unit/value/price-history.test.ts > refreshes expired rows, filters before limit, and switches to Yahoo at the shared daily budget
Error: price-history: more than 20% of attempted companies failed (1/2)
 ❯ CompanyFailures.finish scripts/value/company-failures.ts:15:13
     13|     for (const [id, messages] of this.failures) console.error(`${id}: …
     14|     if (this.failures.size > attempted * 0.2) {
     15|       throw new Error(`${stage}: more than 20% of attempted companies …
       |             ^
     16|     }
     17|   }
 ❯ priceHistory scripts/value/stages/price-history.ts:76:12
 ❯ run tests/unit/value/price-history.test.ts:23:39
 ❯ tests/unit/value/price-history.test.ts:53:3

⎯⎯⎯⎯⎯⎯⎯⎯⎯⎯⎯⎯⎯⎯⎯⎯⎯⎯⎯⎯⎯⎯[23/38]⎯

 FAIL  tests/unit/value/price-history.test.ts > continues through all companies despite consecutive failures and rejects above 20%
AssertionError: expected null not to be null
 ❯ tests/unit/value/price-history.test.ts:90:60
     88|   });
     89|   await expect(run()).rejects.toThrow(/more than 20%/);
     90|   expect(readCorpusJson('prices-history/C19.US.json')).not.toBeNull();
       |                                                            ^
     91|   expect(readCorpusJson('prices-history/C0.US.json')).toBeNull();
     92|   expect(requested).toHaveLength(42);

⎯⎯⎯⎯⎯⎯⎯⎯⎯⎯⎯⎯⎯⎯⎯⎯⎯⎯⎯⎯⎯⎯[24/38]⎯

 FAIL  tests/unit/value/price-history.test.ts > counts failed EODHD attempts against the daily budget
AssertionError: expected [ '/v8/finance/chart/BAD', …(1) ] to deeply equal [ '/api/eod/BAD.US', …(1) ]

- Expected
+ Received

  [
-   "/api/eod/BAD.US",
+   "/v8/finance/chart/BAD",
    "/v8/finance/chart/NEXT",
  ]

 ❯ tests/unit/value/price-history.test.ts:105:21
    103|   });
    104|   await expect(run()).rejects.toThrow(/more than 20%/);
    105|   expect(requested).toEqual(['/api/eod/BAD.US', '/v8/finance/chart/NEX…
       |                     ^
    106| });
    107|

⎯⎯⎯⎯⎯⎯⎯⎯⎯⎯⎯⎯⎯⎯⎯⎯⎯⎯⎯⎯⎯⎯[25/38]⎯

 FAIL  tests/unit/value/price-history.test.ts > limits price-history requests after ranking Western access then market cap
Error: price-history: more than 20% of attempted companies failed (1/1)
 ❯ CompanyFailures.finish scripts/value/company-failures.ts:15:13
     13|     for (const [id, messages] of this.failures) console.error(`${id}: …
     14|     if (this.failures.size > attempted * 0.2) {
     15|       throw new Error(`${stage}: more than 20% of attempted companies …
       |             ^
     16|     }
     17|   }
 ❯ priceHistory scripts/value/stages/price-history.ts:76:12
 ❯ run tests/unit/value/price-history.test.ts:23:39
 ❯ tests/unit/value/price-history.test.ts:199:2

⎯⎯⎯⎯⎯⎯⎯⎯⎯⎯⎯⎯⎯⎯⎯⎯⎯⎯⎯⎯⎯⎯[26/38]⎯

 FAIL  tests/unit/value/reviewed-price-history.test.ts > fetching raw EOD history seeks a compatible Yahoo series before replacing reviewed prices
AssertionError: expected [ 'query1.finance.yahoo.com' ] to deeply equal [ 'eodhd.com', …(1) ]

- Expected
+ Received

  [
-   "eodhd.com",
    "query1.finance.yahoo.com",
  ]

 ❯ tests/unit/value/reviewed-price-history.test.ts:46:102
     44|  });
     45|  const company={id,code:'SPLIT',exchange:'US',source:'eodhd'} as any;
     46|  try{expect(await fetchPriceHistory({company,from:'2016-01-01'})).toEq…
       |                                                                                                      ^
     47|  finally{vi.unstubAllGlobals();}
     48| });

⎯⎯⎯⎯⎯⎯⎯⎯⎯⎯⎯⎯⎯⎯⎯⎯⎯⎯⎯⎯⎯⎯[27/38]⎯

 FAIL  tests/unit/value/universe.test.ts > authenticates and encodes screener filters without exposing credentials on failure
Error: EODHD calls disabled for this run
 ❯ eodhd lib/value/eodhd.ts:36:49
     34|
     35| export async function eodhd<T>(path: string, params: Record<string, st…
     36|   if (process.env.VALUE_NO_EODHD === '1') throw new Error('EODHD calls…
       |                                                 ^
     37|   const key = process.env.EODHD_API_KEY;
     38|   if (!key) throw new Error("EODHD_API_KEY is required");
 ❯ screenerPage lib/value/eodhd.ts:68:24
 ❯ tests/unit/value/universe.test.ts:59:9

⎯⎯⎯⎯⎯⎯⎯⎯⎯⎯⎯⎯⎯⎯⎯⎯⎯⎯⎯⎯⎯⎯[28/38]⎯

 FAIL  tests/unit/value/universe.test.ts > reads daily API usage and rejects a missing usage counter
Error: EODHD calls disabled for this run
 ❯ eodhd lib/value/eodhd.ts:36:49
     34|
     35| export async function eodhd<T>(path: string, params: Record<string, st…
     36|   if (process.env.VALUE_NO_EODHD === '1') throw new Error('EODHD calls…
       |                                                 ^
     37|   const key = process.env.EODHD_API_KEY;
     38|   if (!key) throw new Error("EODHD_API_KEY is required");
 ❯ callsUsedToday lib/value/eodhd.ts:77:24
 ❯ tests/unit/value/universe.test.ts:70:16

⎯⎯⎯⎯⎯⎯⎯⎯⎯⎯⎯⎯⎯⎯⎯⎯⎯⎯⎯⎯⎯⎯[29/38]⎯

 FAIL  tests/unit/value/universe.test.ts > writes sorted companies, excludes OTC ordinary shares, keeps Japanese ADRs and converts caps
Error: EODHD calls disabled for this run
 ❯ eodhd lib/value/eodhd.ts:36:49
     34|
     35| export async function eodhd<T>(path: string, params: Record<string, st…
     36|   if (process.env.VALUE_NO_EODHD === '1') throw new Error('EODHD calls…
       |                                                 ^
     37|   const key = process.env.EODHD_API_KEY;
     38|   if (!key) throw new Error("EODHD_API_KEY is required");
 ❯ listExchanges lib/value/eodhd.ts:61:36
 ❯ cached scripts/value/stages/universe.ts:23:24
 ❯ universe scripts/value/stages/universe.ts:27:28
 ❯ tests/unit/value/universe.test.ts:110:11

⎯⎯⎯⎯⎯⎯⎯⎯⎯⎯⎯⎯⎯⎯⎯⎯⎯⎯⎯⎯⎯⎯[30/38]⎯

 FAIL  tests/unit/value/valuation-round-4.test.ts > maps Swiss ISO CH to SW, rejecting an implausible close in favour of the median
AssertionError: expected { Object (version, date, ...) } to match object { source: 'EODHD 30-day median', …(1) }
(8 matching properties omitted from actual)

- Expected
+ Received

  {
    "flags": ArrayContaining [
      "outside-plausible-band",
    ],
-   "source": "EODHD 30-day median",
+   "source": "country default (2026-09-30)",
  }

 ❯ tests/unit/value/valuation-round-4.test.ts:21:47
     19|  vi.stubGlobal('fetch',async(url:string)=>{expect(new URL(url).pathnam…
     20|  expect(await bondYield('CH')).toBe(.01);
     21|  expect(readCorpusJson<any>('bonds/CH.json')).toMatchObject({source:'E…
       |                                               ^
     22| });
     23| it('uses a documented Swiss default when the entire series is broken',…

⎯⎯⎯⎯⎯⎯⎯⎯⎯⎯⎯⎯⎯⎯⎯⎯⎯⎯⎯⎯⎯⎯[31/38]⎯

 FAIL  tests/unit/value/valuation-round-4.test.ts > rejects an in-band spike against the 30-day median
AssertionError: expected null to be 0.03 // Object.is equality

- Expected:
0.03

+ Received:
null

 ❯ tests/unit/value/valuation-round-4.test.ts:30:32
     28| it('rejects an in-band spike against the 30-day median',async()=>{
     29|  vi.stubGlobal('fetch',async()=>Response.json([{date:new Date().toISOS…
     30|  expect(await bondYield('DE')).toBe(.03);
       |                                ^
     31| });
     32| it('cross-checks US with Yahoo TNX in percent, caches daily, and refre…

⎯⎯⎯⎯⎯⎯⎯⎯⎯⎯⎯⎯⎯⎯⎯⎯⎯⎯⎯⎯⎯⎯[32/38]⎯

 FAIL  tests/unit/value/valuation-round-4.test.ts > cross-checks US with Yahoo TNX in percent, caches daily, and refreshes next day
AssertionError: expected 1 to be 2 // Object.is equality

- Expected
+ Received

- 2
+ 1

 ❯ tests/unit/value/valuation-round-4.test.ts:37:16
     35|  expect(await bondYield('US')).toBe(.042);
     36|  expect(await bondYield('US')).toBe(.042);
     37|  expect(calls).toBe(2);
       |                ^
     38|  expect(readCorpusJson<any>('bonds/US.json')).toMatchObject({source:'Y…
     39|  writeCorpusJson('bonds/US.json',{...readCorpusJson<any>('bonds/US.jso…

⎯⎯⎯⎯⎯⎯⎯⎯⎯⎯⎯⎯⎯⎯⎯⎯⎯⎯⎯⎯⎯⎯[33/38]⎯

 FAIL  tests/unit/value/valuation-round-4.test.ts > propagates exhausted EODHD budget so the daily runner cannot publish missing yields
AssertionError: promise resolved "0.05311" instead of rejecting

- Expected:
Error {
  "message": "rejected promise",
}

+ Received:
0.05311

 ❯ tests/unit/value/valuation-round-4.test.ts:67:30
     65|  const date=new Date().toISOString().slice(0,10);
     66|  writeCorpusJson(`usage/eodhd-${date}.json`,{date,used:100000,history:…
     67|  await expect(bondYield('US')).rejects.toThrow('daily EODHD budget rea…
       |                              ^
     68|  expect(readCorpusJson('bonds/US.json')).toBeNull();
     69| });

⎯⎯⎯⎯⎯⎯⎯⎯⎯⎯⎯⎯⎯⎯⎯⎯⎯⎯⎯⎯⎯⎯[34/38]⎯

 FAIL  tests/unit/value/valuation-round-4.test.ts > maps Chile to CH rather than requesting a nonexistent CL series
AssertionError: expected null to be close to 0.0614, received difference is 0.0614, but expected 0.005
 ❯ tests/unit/value/valuation-round-4.test.ts:72:32
     70| it('maps Chile to CH rather than requesting a nonexistent CL series',a…
     71|  vi.stubGlobal('fetch',async(url:string)=>new URL(url).pathname.includ…
     72|  expect(await bondYield('CL')).toBeCloseTo(.0614);
       |                                ^
     73| });
     74| it.each(['UG','ZM'])('accepts a plausible high-yield local market %s c…

⎯⎯⎯⎯⎯⎯⎯⎯⎯⎯⎯⎯⎯⎯⎯⎯⎯⎯⎯⎯⎯⎯[35/38]⎯

 FAIL  tests/unit/value/valuation-round-4.test.ts > accepts a plausible high-yield local market UG confirmed by its median
 FAIL  tests/unit/value/valuation-round-4.test.ts > accepts a plausible high-yield local market ZM confirmed by its median
AssertionError: expected null to be close to 0.1578, received difference is 0.1578, but expected 0.005
 ❯ tests/unit/value/valuation-round-4.test.ts:76:35
     74| it.each(['UG','ZM'])('accepts a plausible high-yield local market %s c…
     75|  vi.stubGlobal('fetch',async()=>Response.json(rows(15.78)));
     76|  expect(await bondYield(country)).toBeCloseTo(.1578);
       |                                   ^
     77| });
     78| it('keeps a valid cached bond observation across midnight when paid re…

⎯⎯⎯⎯⎯⎯⎯⎯⎯⎯⎯⎯⎯⎯⎯⎯⎯⎯⎯⎯⎯⎯[36/38]⎯


 Test Files  12 failed | 226 passed (238)
      Tests  38 failed | 2296 passed | 1 skipped (2335)
   Start at  09:29:29
   Duration  314.09s (transform 8.54s, setup 0ms, collect 45.45s, tests 195.55s, environment 76ms, prepare 19.77s)
